# ************************************************************
# Sequel Pro SQL dump
# Version 4541
#
# http://www.sequelpro.com/
# https://github.com/sequelpro/sequelpro
#
# Host: 127.0.0.1 (MySQL 5.5.60-0+deb7u1-log)
# Database: acamar_web
# Generation Time: 2019-07-01 08:09:45 +0000
# ************************************************************


/*!40101 SET @OLD_CHARACTER_SET_CLIENT=@@CHARACTER_SET_CLIENT */;
/*!40101 SET @OLD_CHARACTER_SET_RESULTS=@@CHARACTER_SET_RESULTS */;
/*!40101 SET @OLD_COLLATION_CONNECTION=@@COLLATION_CONNECTION */;
/*!40101 SET NAMES utf8 */;
/*!40014 SET @OLD_FOREIGN_KEY_CHECKS=@@FOREIGN_KEY_CHECKS, FOREIGN_KEY_CHECKS=0 */;
/*!40101 SET @OLD_SQL_MODE=@@SQL_MODE, SQL_MODE='NO_AUTO_VALUE_ON_ZERO' */;
/*!40111 SET @OLD_SQL_NOTES=@@SQL_NOTES, SQL_NOTES=0 */;


# Dump of table acamar_api_course
# ------------------------------------------------------------

DROP TABLE IF EXISTS `acamar_api_course`;

CREATE TABLE `acamar_api_course` (
  `id` int(11) NOT NULL AUTO_INCREMENT,
  `title` varchar(254) NOT NULL,
  `title_cs` varchar(254) DEFAULT NULL,
  `title_en` varchar(254) DEFAULT NULL,
  `title_ru` varchar(254) DEFAULT NULL,
  `slug` varchar(50) NOT NULL,
  `short_description` longtext NOT NULL,
  `short_description_cs` longtext,
  `short_description_en` longtext,
  `short_description_ru` longtext,
  `place` varchar(254) NOT NULL,
  `place_cs` varchar(254) DEFAULT NULL,
  `place_en` varchar(254) DEFAULT NULL,
  `place_ru` varchar(254) DEFAULT NULL,
  `price` int(10) unsigned DEFAULT NULL,
  `price_cs` int(10) unsigned DEFAULT NULL,
  `price_en` int(10) unsigned DEFAULT NULL,
  `price_ru` int(10) unsigned DEFAULT NULL,
  `duration` varchar(254) NOT NULL,
  `duration_cs` varchar(254) DEFAULT NULL,
  `duration_en` varchar(254) DEFAULT NULL,
  `duration_ru` varchar(254) DEFAULT NULL,
  `content_id` int(11) DEFAULT NULL,
  `meta_keywords` varchar(254) NOT NULL,
  `slug_cs` varchar(50) DEFAULT NULL,
  `slug_en` varchar(50) DEFAULT NULL,
  `slug_ru` varchar(50) DEFAULT NULL,
  `meta_keywords_cs` varchar(254) DEFAULT NULL,
  `meta_keywords_en` varchar(254) DEFAULT NULL,
  `meta_keywords_ru` varchar(254) DEFAULT NULL,
  `main_banner_id` int(11) DEFAULT NULL,
  `deleted` datetime,
  `meta_description` varchar(254) NOT NULL,
  `meta_description_cs` varchar(254),
  `meta_description_en` varchar(254),
  `meta_description_ru` varchar(254),
  `meta_title` varchar(254) NOT NULL,
  `meta_title_cs` varchar(254),
  `meta_title_en` varchar(254),
  `meta_title_ru` varchar(254),
  PRIMARY KEY (`id`),
  KEY `acamar_api_course_e14f02ad` (`content_id`),
  KEY `acamar_api_course_da09953c` (`main_banner_id`),
  CONSTRAINT `acamar_api_cou_content_id_4b9eacc9b0acbe1b_fk_cms_placeholder_id` FOREIGN KEY (`content_id`) REFERENCES `cms_placeholder` (`id`),
  CONSTRAINT `acamar_api_main_banner_id_3f22894856009eca_fk_cms_placeholder_id` FOREIGN KEY (`main_banner_id`) REFERENCES `cms_placeholder` (`id`)
) ENGINE=InnoDB DEFAULT CHARSET=utf8;

LOCK TABLES `acamar_api_course` WRITE;
/*!40000 ALTER TABLE `acamar_api_course` DISABLE KEYS */;

INSERT INTO `acamar_api_course` (`id`, `title`, `title_cs`, `title_en`, `title_ru`, `slug`, `short_description`, `short_description_cs`, `short_description_en`, `short_description_ru`, `place`, `place_cs`, `place_en`, `place_ru`, `price`, `price_cs`, `price_en`, `price_ru`, `duration`, `duration_cs`, `duration_en`, `duration_ru`, `content_id`, `meta_keywords`, `slug_cs`, `slug_en`, `slug_ru`, `meta_keywords_cs`, `meta_keywords_en`, `meta_keywords_ru`, `main_banner_id`, `deleted`, `meta_description`, `meta_description_cs`, `meta_description_en`, `meta_description_ru`, `meta_title`, `meta_title_cs`, `meta_title_en`, `meta_title_ru`)
VALUES
	(1,'Курс Тестинг','Kurz Testing','Testing course','Курс Тестинг','testing','В течение пары часов Вы получите \r\nосновные знания в IT-сфере и тестировании программного обеспечения.\r\nПосле введения в теорию Вы можете на практике попробовать работу тестировщиком.','Během pár hodin dostanete základní úvod do oborů IT a testování. \r\n\r\nPo teoretickém úvodu si práci testera rovnou prakticky vyzkoušíte.','In just a few hours you’ll be introduced\r\nto IT and testing on a basic level.\r\nAnd after covering initial theory, you’ll try the tester’s job in practice.\r\n','В течение пары часов Вы получите \r\nосновные знания в IT-сфере и тестировании программного обеспечения.\r\nПосле введения в теорию Вы можете на практике попробовать работу тестировщиком.','Прага','Praha','Prague','Прага',3000,3000,3000,3000,'2 раза по 4 часа','2 × 4 hod','2 x 4 hours','2 раза по 4 часа',43,'','testing','testing-course','testing','','','',42,NULL,'Nauč se pracovat v IT jako tester. Staň se IT expertem a dělej jednu z nejpoptávanějších pozic na trhu.','Nauč se pracovat v IT jako tester. Staň se IT expertem a dělej jednu z nejpoptávanějších pozic na trhu.','','','Základní kurz na pozici Tester — Acamar','Základní kurz na pozici Tester — Acamar','',''),
	(2,'Курс SQL','Kurz SQL','SQL course','Курс SQL','sql','IT-специальности связаны с большим количеством данных.\r\nМы научим Вас в них разбираться и работать с ними.\r\nВы поработаете с базой данных и получите дополнительное преимущество на рынке труда.','IT obory operují se spoustou dat. Naučíme vás se v nich vyznat a pracovat s nimi. Osaháte si zacházení s databázemi a získáte výhodu oproti jiným testerům.\r\n','IT disciplines work with lots of data.\r\nWe’ll show you how to understand and work with it.\r\nYou’ll have an opportunity to work with databases and gain a competitive edge on the labour market.\r\n','IT-специальности связаны с большим количеством данных.\r\nМы научим Вас в них разбираться и работать с ними.\r\nВы поработаете с базой данных и получите дополнительное преимущество на рынке труда.','Прага','Praha','Prague','Прага',3000,3000,3000,3000,'2 раза по 4 часа','2 × 4 hod','2 x 4 hours','2 раза по 4 часа',45,'','zaklady-sql','sql-course','sql','','','',44,NULL,'Nauč se pracovat v IT jako specialista na data v SQL. Staň se IT expertem a dělej jednu z nejpoptávanějších pozic na trhu.','Nauč se pracovat v IT jako specialista na data v SQL. Staň se IT expertem a dělej jednu z nejpoptávanějších pozic na trhu.','','','Kurz práce s SQL databázemi — Acamar','Kurz práce s SQL databázemi — Acamar','',''),
	(3,'Курс Web Services','Kurz Web Services','Web Services course','Курс Web Services','web-services','В качестве тестировщка Вы быстро найдёте ранообразные веб-сервисы. В программировании они очень популярны. \r\nМы объясним Вам принципы HTTP на примерах и Вы погрузитесь в технологии SoapUI.\r\n','Na webové služby jako tester brzy narazíte. V programování znamenají velký trend. Vysvětlíme vám principy HTTP na příkladech a naučíme vás pracovat s nástrojem SoapUI.\r\n\r\n\r\n','As a tester, you’re bound to come across web services soon. They’re a huge trend in coding.\r\nWe’ll introduce and explain the principles of HTTP with examples and you’ll get familiar with SoapUI technology.\r\n\r\n','В качестве тестировщка Вы быстро найдёте ранообразные веб-сервисы. В программировании они очень популярны. \r\nМы объясним Вам принципы HTTP на примерах и Вы погрузитесь в технологии SoapUI.\r\n','Прага','Praha','Prague','Прага',3000,2000,3000,3000,'2 раза по 4 часа','1 × 4 hod','2 x 4 hours','2 раза по 4 часа',47,'','web-services','web-services-course','web-services','','','',46,NULL,'Nauč se pracovat v IT jako tester webových služeb. Staň se IT expertem a dělej jednu z nejpoptávanějších pozic na trhu.','Nauč se pracovat v IT jako tester webových služeb. Staň se IT expertem a dělej jednu z nejpoptávanějších pozic na trhu.','','','Kurz pro testery webových služeb — Acamar','Kurz pro testery webových služeb — Acamar','',''),
	(4,'Kompletní příprava pro testery','Kompletní příprava pro testery','Complete preparation for testers','Полная подготовка для тестировщиков','kompletni-priprava-pro-testery','Nemáte zatím žádné znalosti o IT? Pro vás je určený zvýhodněný plný balíček. Získáte testerské základy i něco navíc. Jako bonus vás připravíme na pohovor do IT firmy.\r\n\r\n\r\n','Nemáte zatím žádné znalosti o IT? Pro vás je určený zvýhodněný plný balíček. Získáte testerské základy i něco navíc. Jako bonus vás připravíme na pohovor do IT firmy.\r\n\r\n\r\n','You don’t know anything about IT yet? We’ve created a three-part course for you.\r\nMaster testing basics and even a bit more. As a bonus, we’ll prepare you for an interview at an IT company.\r\n','У Вас пока нет знаний в IT-области? Для Вас подойдёт обучение, включающее все 3 курса.\r\nВы получите основные знания о тестировании программного обеспечения и дополнительные знания в этой области. В качестве бонуса мы обеспечиваем подготовку на собеседование в IT-фирму.\r\n','Praha','Praha','Prague','Прага',7000,7000,7000,7000,'6 × 4 hod','6 × 4 hod','2 x 4 hours','2 раза по 4 часа',49,'','kompletni-priprava-pro-testery','complete-preparation-testers','polnaya-podgotovka-dlya-testirovshikov','','','',48,NULL,'Komplexní kurz, který Tě připraví na perspektivní kariéru IT specialisty — testera. Staň se žádným IT expertem.','Komplexní kurz, který Tě připraví na perspektivní kariéru IT specialisty — testera. Staň se žádným IT expertem.','','','Nauč se pracovat jako tester od A do Z — Acamar','Nauč se pracovat jako tester od A do Z — Acamar','',''),
	(5,'Hello there','Hello there','','','hello-there','Hi','Hi','','','','','','',NULL,NULL,NULL,NULL,'','','','',80,'','hello-there','','','','','',79,'2019-01-14 10:22:03','','','','','','','','');

/*!40000 ALTER TABLE `acamar_api_course` ENABLE KEYS */;
UNLOCK TABLES;


# Dump of table acamar_api_courseenroll
# ------------------------------------------------------------

DROP TABLE IF EXISTS `acamar_api_courseenroll`;

CREATE TABLE `acamar_api_courseenroll` (
  `id` int(11) NOT NULL AUTO_INCREMENT,
  `name` varchar(254) NOT NULL,
  `phone` varchar(20) NOT NULL,
  `expectations` longtext NOT NULL,
  `cv` varchar(100) DEFAULT NULL,
  `created` datetime NOT NULL,
  `email` varchar(254) NOT NULL,
  PRIMARY KEY (`id`)
) ENGINE=InnoDB DEFAULT CHARSET=utf8;

LOCK TABLES `acamar_api_courseenroll` WRITE;
/*!40000 ALTER TABLE `acamar_api_courseenroll` DISABLE KEYS */;

INSERT INTO `acamar_api_courseenroll` (`id`, `name`, `phone`, `expectations`, `cv`, `created`, `email`)
VALUES
	(1,'Šárka','721','Verčo/Lucko,\r\ntoto je test zda Vám chodí emaily ohledně kurzů z nového webu Acamaru.\r\nMůžete mi prosím potvrdit, zda jste email obdržely?\r\n\r\nDíky,\r\nŠárka','','2018-08-03 15:05:15',''),
	(2,'test Šárka','721','','','2018-08-14 13:48:41',''),
	(3,'Test','00000000sdfsf','Test','','2018-08-14 17:51:38',''),
	(4,'Šárka','721','Zkouška zda fungujeme','','2018-09-06 23:23:17',''),
	(5,'anna svoboda','773993450','zkouška','','2018-09-07 09:53:36',''),
	(6,'Tereza Jarolímková','737657405','test test','cv/1d5a5f79481a6f3a1348a84628df7b51/foto Tereza maly_hlYnBFJ.pdf','2018-09-07 09:55:28',''),
	(7,'anna svoboda','773993450','test test','','2018-09-07 10:04:09',''),
	(8,'test','123','','','2018-10-08 16:48:09','lucie.stankova@acamar.cz'),
	(9,'TEST','724271755','fda','','2018-11-23 15:21:04','l.batistova@gmail.com'),
	(10,'test test','111222333','','','2018-12-02 09:56:28','test@test.cz'),
	(11,'Lucie Staňková','724271755','','','2019-01-08 13:44:34','lucie.stankova@acamar.cz'),
	(12,'Lucie Staňková','724271755','TEST','','2019-01-15 15:37:00','lucie.stankova@acamar.cz'),
	(13,'Lucie Staňková','724271755','TEST 2','','2019-01-15 15:37:55','lucie.stankova@acamar.cz'),
	(14,'Rustem Salikzhanov','+420777513545','Kvalitní zaškolení a možnost se uplatnit v oboru  IT','cv/aaa7909ad046d073c9d4eb107f7b148a/CV_Rustem.pdf','2019-01-15 17:58:19','rustemsalikzhanov@gmail.com'),
	(15,'zkouška','5678','zkouším. Muhuhehe','','2019-01-16 15:53:48','mamradajidlo@jidlo.cz'),
	(16,'Anna Jelinek','777096343','','cv/75eeb3edbb82ef7b0e995d326e503318/CV Anna Jelinek Tester.pdf','2019-01-18 09:26:32','anna.jelinek@gmail.com'),
	(17,'Ondřej Hais','+420603354712','Velmi mě zajímá testování. Chtěl bych se tedy naučit základy, zjistit co tento obor přesně obnáší a pokud to bude možné, nalézt v tomto odvětví pracovní uplatnění. Doufám, že mi to tento kurz umožní.','cv/b6d90f60ff7895d8293499c576fd9c19/CV Ondřej Hais.pdf','2019-02-04 14:46:26','hais.ondrej@gmail.com'),
	(18,'Anna Stará','+420 777 852 658','Naučím se vše','cv/dad2f3c3b14a86e7682c4fcef302ce44/Zaynutdinov Ayrat_CV_EN.pdf','2019-02-11 15:17:51','jaroslav.vlcek@adastragrp.com'),
	(19,'Antonín Vavruška','+ 420 555 874 698','Naučím se vše','cv/4d2dd697332c424638207d55c6c24cfc/#JanStava_CV.pdf','2019-02-11 15:18:59','jaroslav.vlcek@adastragrp.com'),
	(20,'Jitka Bláhová','+420 741 528 963','Naučím se vše','cv/bcf5cb6f128284c799c76178431bb51c/499683-hudcova-lubica-cv-3-2017 (1).pdf','2019-02-11 15:20:09','jaroslav.vlcek@adastragrp.com'),
	(21,'Nataša Galbavá','+420 587 412 658','Naučím se vše','cv/c1fbd83f976bde3d445cc381e5337cec/Adamec_CVenVI (5).doc','2019-02-11 15:22:14','jiri.vlach@adastragrp.com'),
	(22,'MartičkaKočička','777888999','Dobrou sváču! ','','2019-02-11 15:24:32','marta.maresova@adastragrp.com'),
	(23,'Test','123456789','Blabla','','2019-02-11 15:29:43','luciestanku@gmail.com'),
	(24,'Test','123456789','Blabla','','2019-02-11 15:29:43','luciestanku@gmail.com'),
	(25,'Test','123456789','Blabla','','2019-02-11 15:29:43','luciestanku@gmail.com'),
	(26,'Test','123456789','Blabla','','2019-02-11 15:29:44','luciestanku@gmail.com'),
	(27,'Test','123456789','Blabla','','2019-02-11 15:29:44','luciestanku@gmail.com'),
	(28,'Test','123456789','Blabla','','2019-02-11 15:32:48','luciestanku@gmail.com'),
	(29,'Pavel Zelenka','+420 741 528 963','Očekávám...','cv/ac2d6f25533c1b99a6160225977cae87/Pavel Zelenka CV-EN.pdf','2019-02-12 09:19:58','pavel.zelenka@gmail.com'),
	(30,'Test Test','+420 727 804 606','Hlásím se na všechno :-D','','2019-02-12 09:29:26','katerina.paleckova@acamar.cz'),
	(31,'Test test','123456789','','','2019-02-12 09:58:58','lucie.stankova@acamar.cz'),
	(32,'Test test','123455789','','','2019-02-13 10:29:47','lucie.stankova@acamar.cz'),
	(33,'Anna Nová','+420 147 852 369','Očekávám...','cv/4d2dd697332c424638207d55c6c24cfc/#JanStava_CV_jXe0ONW.pdf','2019-02-13 11:26:29','pavel.zelenka@gmail.com'),
	(34,'Anna Nova','420607271992','Kuk','','2019-02-13 11:29:09','niki@ciki.gmail'),
	(35,'test','123456789','','','2019-02-13 12:53:03','lucie.stankova@acamar.cz'),
	(36,'Vojtěch Mišák','725421061','Od kurzů očekávám vstupenku do IT světa. Rád bych v tomto dynamickém odvětví začal pracovat. Dvakrát jsem se zúčastnil uživatelského testování aplikace pro Creative Dock a nadchlo mě to. S nulovými zkušenostmi se začíná velmi těžko. Po kurzu bych rád našel společnost která by byla ochotná si vychovat testera juniora, který byť nemá praxi, bude mít nadšení a základní přehled o problematice. ','cv/6e4fc0629cb9f29f05ab02e8b731123f/Mišák_CV.pdf','2019-02-13 14:40:15','vojtin.misak@gmail.com'),
	(37,'Test 1','123456789','Internet Explorer','cv/e5d2ecd5c5d99d5c70f404927386d103/CV1.pdf','2019-02-15 10:31:37','lucie.stankova@acamar.cz'),
	(38,'Test 2','123456789','Internet Explorer','cv/002ae87d35b149dccd52a2c8009f3444/CV2.doc','2019-02-15 10:32:11','lucie.stankova@acamar.cz'),
	(39,'Test 3','123456789','Internet Explorer','cv/0c9c82f5caf1da8e301f6323db19d387/CV3.docx','2019-02-15 10:32:51','lucie.stankova@acamar.cz'),
	(40,'Test 1','123456789','Microsoft Edge','cv/e5d2ecd5c5d99d5c70f404927386d103/CV1_Q0tOMad.pdf','2019-02-15 10:35:14','lucie.stankova@acamar.cz'),
	(41,'Test 2','123456789','Microsoft Edge','cv/002ae87d35b149dccd52a2c8009f3444/CV2_kmHtpNH.doc','2019-02-15 10:35:48','lucie.stankova@acamar.cz'),
	(42,'Test 3','123456789','Microsoft Edge','cv/0c9c82f5caf1da8e301f6323db19d387/CV3_xmmFIqF.docx','2019-02-15 10:36:22','lucie.stankova@acamar.cz'),
	(43,'Test 1','123456789','Google Chrome','cv/e5d2ecd5c5d99d5c70f404927386d103/CV1_WnZO7lj.pdf','2019-02-15 10:38:03','lucie.stankova@acamar.cz'),
	(44,'Test 2','123456789','Google Chrome','cv/002ae87d35b149dccd52a2c8009f3444/CV2_1YUDDiv.doc','2019-02-15 10:38:36','lucie.stankova@acamar.cz'),
	(45,'Test 3','123456789','Google Chrome','cv/0c9c82f5caf1da8e301f6323db19d387/CV3_LXf7JUo.docx','2019-02-15 10:39:07','lucie.stankova@acamar.cz'),
	(46,'Marek Putna','773679696','','','2019-02-28 17:36:49','marek.putna@gmail.com'),
	(47,'Marek Putna','773679696','','cv/9437b86a08423f8f021c9f45d18a4f74/Profesní životopis Marek Putna.-.pdf','2019-02-28 17:45:40','marek.putna@gmail.com'),
	(48,'EllGori','81391669449','Prix Vente Xenical Pharmacie Afin Priligy Bon Marche  <a href=http://sildenaf75.com>generic viagra</a> Buy Fluoxetine Orlistat Diet Pill  ','','2019-03-07 17:50:07','ellUnfigo@zmail.website'),
	(49,'Katarina Regrutova','731636868','naucit se SQL, ktory mi moze pomoct pri hledani novej prace a rozsirit si vedomosti. Ziskat vacsi hodnotu na pracovnim trhu. ','cv/57a60b3c789809e713499b1ec5f8fc84/CV_K_Regrutova_ENG.docx','2019-03-11 10:29:06','katarinaregrutova@gmail.com'),
	(50,'EllGori','85857624632','Cialis Pills Shanghai  <a href=http://mdsmeds.com>viagra vs cialis</a> Kamagra Pas Cher Pharmacie Buy Viagra For Female Tabletten Viagra  ','','2019-04-09 03:57:36','ellUnfigo@zmail.website'),
	(51,'MatBype','81516787665','Vardenafil Generique  <a href=http://yafoc.com>propecia fecundacion in vitro</a> Vermox Amazon Generic Viagra Mail Order  ','','2019-04-10 15:52:00','matBlet@wmaill.site'),
	(52,'EllGori','86327241621','Misoprostol How Long Does It Take Cialis Authentique Europe  <a href=http://cialvia.com>buy cialis</a> Cash On Delivery Finasteride 10mg Propecia Dhea Hair Loss In Men Difference Between Amoxicillin And Augmentin  ','','2019-05-04 06:20:00','ellUnfigo@zmail.website'),
	(53,'Jan Maršálek','739853240','','cv/e9b4600cbbcd34121e2809a5f3ca14fc/CV_MarsalekNOVY1.docx','2019-05-04 11:16:20','ramsal1@email.cz'),
	(54,'EllGori','83825537888','Cheap Cialis 20mg Tablets In Australia Can Lasix Be Given Im Is Dog Cephalexin Same As Human  <a href=http://ac-hut.com>cialis vs viagra</a> Generic Propecia Prescription Viagra A Roma  ','','2019-05-11 18:55:20','ellUnfigo@zmail.website'),
	(55,'Olena Mirsha','774158255','Od listopada 2016 jsem na materske a za ten cas jsem si uvedomila, ze chci vyzkouset obor IT. Chci se naucit neco noveho a chtela bych zacit ze zaklady testovani. ','cv/159454d1ac213bb93ed882c5a269fe00/AlenaMirsha (1).pdf','2019-05-15 11:27:48','alenazykova3@gmail.com'),
	(56,'Albína Dekkusheva','+420776059199','','','2019-05-23 06:50:40','albadek07@gmail.com'),
	(57,'Nailya Arameleva','722141096','','','2019-05-23 09:22:58','aram.nelya@gmail.com'),
	(58,'Kateryna Ruban ','777513742','I hope to get new knowledge in the topic of interest','','2019-05-23 16:23:58','kharkamovaeka@gmail.com'),
	(59,'Kateryna Ruban','777513742','','','2019-05-24 15:14:12','Ekacha@bk.ru'),
	(60,'Katka Rubanova','+420 777 513 742','','','2019-05-28 13:11:09','Ekacha@bk.ru'),
	(61,'Alina Rakhaeva','+420 608 252 577','','','2019-05-28 13:13:28','a.rakhaeva@gmail.com'),
	(62,'Afzal ABASKHANOV ','774649400','','','2019-05-28 14:59:06','euroatlantic2@seznam.cz'),
	(63,'Jiří Mikulčák','731647056','Od kurzu očekávám, že mě nakopne k životní změně na profesní úrovni.','cv/c39df4fc8404f76c76a73b36bf7a5321/CV_jiri-mikulcak.pdf','2019-06-05 20:26:37','mikulcak.j@seznam.cz'),
	(64,'Jan  Marsalek','+420 739853240','','','2019-06-23 19:00:31','ramsal1@email.cz');

/*!40000 ALTER TABLE `acamar_api_courseenroll` ENABLE KEYS */;
UNLOCK TABLES;


# Dump of table acamar_api_courseenroll_courses
# ------------------------------------------------------------

DROP TABLE IF EXISTS `acamar_api_courseenroll_courses`;

CREATE TABLE `acamar_api_courseenroll_courses` (
  `id` int(11) NOT NULL AUTO_INCREMENT,
  `courseenroll_id` int(11) NOT NULL,
  `courseterm_id` int(11) NOT NULL,
  PRIMARY KEY (`id`),
  UNIQUE KEY `courseenroll_id` (`courseenroll_id`,`courseterm_id`),
  KEY `acama_courseterm_id_324b9661f2821ccf_fk_acamar_api_courseterm_id` (`courseterm_id`),
  CONSTRAINT `acama_courseterm_id_324b9661f2821ccf_fk_acamar_api_courseterm_id` FOREIGN KEY (`courseterm_id`) REFERENCES `acamar_api_courseterm` (`id`),
  CONSTRAINT `ac_courseenroll_id_8defd959966056b_fk_acamar_api_courseenroll_id` FOREIGN KEY (`courseenroll_id`) REFERENCES `acamar_api_courseenroll` (`id`)
) ENGINE=InnoDB DEFAULT CHARSET=utf8;

LOCK TABLES `acamar_api_courseenroll_courses` WRITE;
/*!40000 ALTER TABLE `acamar_api_courseenroll_courses` DISABLE KEYS */;

INSERT INTO `acamar_api_courseenroll_courses` (`id`, `courseenroll_id`, `courseterm_id`)
VALUES
	(1,1,1),
	(2,2,5),
	(3,3,3),
	(4,3,5),
	(5,4,2),
	(6,4,4),
	(7,5,5),
	(8,6,1),
	(9,7,3),
	(10,8,2),
	(11,9,5),
	(12,10,6),
	(13,11,4),
	(14,12,6),
	(15,13,7),
	(16,14,4),
	(17,15,11),
	(18,15,12),
	(19,16,6),
	(20,16,7),
	(21,17,13),
	(22,18,13),
	(23,19,10),
	(24,20,11),
	(25,21,12),
	(26,22,13),
	(27,23,10),
	(28,24,10),
	(29,25,10),
	(30,26,10),
	(31,27,10),
	(32,28,10),
	(33,29,10),
	(34,30,13),
	(35,31,10),
	(36,31,13),
	(37,32,13),
	(38,33,10),
	(39,34,13),
	(40,35,10),
	(41,36,13),
	(42,37,13),
	(43,38,13),
	(44,39,12),
	(45,40,10),
	(46,41,11),
	(47,42,11),
	(48,43,13),
	(49,44,11),
	(50,45,12),
	(51,46,13),
	(52,47,13),
	(53,48,12),
	(54,49,11),
	(55,50,16),
	(56,51,17),
	(57,52,16),
	(58,53,15),
	(59,54,17),
	(60,55,14),
	(61,56,17),
	(62,57,17),
	(63,58,17),
	(64,59,17),
	(65,60,17),
	(66,61,17),
	(67,62,17),
	(69,63,15),
	(68,63,16),
	(70,64,21);

/*!40000 ALTER TABLE `acamar_api_courseenroll_courses` ENABLE KEYS */;
UNLOCK TABLES;


# Dump of table acamar_api_courseterm
# ------------------------------------------------------------

DROP TABLE IF EXISTS `acamar_api_courseterm`;

CREATE TABLE `acamar_api_courseterm` (
  `id` int(11) NOT NULL AUTO_INCREMENT,
  `course_id` int(11) NOT NULL,
  `deleted` datetime,
  PRIMARY KEY (`id`),
  KEY `acamar_api_co_course_id_7cc66cca2c7b7612_fk_acamar_api_course_id` (`course_id`),
  CONSTRAINT `acamar_api_co_course_id_7cc66cca2c7b7612_fk_acamar_api_course_id` FOREIGN KEY (`course_id`) REFERENCES `acamar_api_course` (`id`)
) ENGINE=InnoDB DEFAULT CHARSET=utf8;

LOCK TABLES `acamar_api_courseterm` WRITE;
/*!40000 ALTER TABLE `acamar_api_courseterm` DISABLE KEYS */;

INSERT INTO `acamar_api_courseterm` (`id`, `course_id`, `deleted`)
VALUES
	(1,2,NULL),
	(2,3,'2019-01-16 15:21:52'),
	(3,1,NULL),
	(4,4,'2019-01-16 13:17:17'),
	(5,1,NULL),
	(6,2,NULL),
	(7,3,NULL),
	(8,3,NULL),
	(9,4,NULL),
	(10,1,NULL),
	(11,2,NULL),
	(12,3,NULL),
	(13,4,NULL),
	(14,1,NULL),
	(15,2,NULL),
	(16,3,NULL),
	(17,4,NULL),
	(18,1,NULL),
	(19,2,NULL),
	(20,3,NULL),
	(21,4,NULL);

/*!40000 ALTER TABLE `acamar_api_courseterm` ENABLE KEYS */;
UNLOCK TABLES;


# Dump of table acamar_api_coursetermitem
# ------------------------------------------------------------

DROP TABLE IF EXISTS `acamar_api_coursetermitem`;

CREATE TABLE `acamar_api_coursetermitem` (
  `id` int(11) NOT NULL AUTO_INCREMENT,
  `date` date NOT NULL,
  `start_time` time NOT NULL,
  `end_time` time DEFAULT NULL,
  `address` varchar(254) NOT NULL,
  `address_cs` varchar(254) DEFAULT NULL,
  `address_en` varchar(254) DEFAULT NULL,
  `address_ru` varchar(254) DEFAULT NULL,
  `description` varchar(254) NOT NULL,
  `description_cs` varchar(254) DEFAULT NULL,
  `description_en` varchar(254) DEFAULT NULL,
  `description_ru` varchar(254) DEFAULT NULL,
  `parent_id` int(11) NOT NULL,
  PRIMARY KEY (`id`),
  KEY `acamar_api_coursetermitem_6be37982` (`parent_id`),
  CONSTRAINT `acamar_ap_parent_id_30ae347d5a951ef8_fk_acamar_api_courseterm_id` FOREIGN KEY (`parent_id`) REFERENCES `acamar_api_courseterm` (`id`)
) ENGINE=InnoDB DEFAULT CHARSET=utf8;

LOCK TABLES `acamar_api_coursetermitem` WRITE;
/*!40000 ALTER TABLE `acamar_api_coursetermitem` DISABLE KEYS */;

INSERT INTO `acamar_api_coursetermitem` (`id`, `date`, `start_time`, `end_time`, `address`, `address_cs`, `address_en`, `address_ru`, `description`, `description_cs`, `description_en`, `description_ru`, `parent_id`)
VALUES
	(1,'2018-10-01','15:00:00','19:00:00','Karolinská 661/4, 186 00 Praha 8','Karolinská 661/4, 186 00 Praha 8','','','1. část','1. část','','',1),
	(2,'2018-10-04','15:00:00','19:00:00','Karolinská 661/4, 186 00 Praha 8','Karolinská 661/4, 186 00 Praha 8','','','2. část','2. část','','',1),
	(5,'2018-09-24','15:00:00','19:00:00','Karolinská 661/4, 186 00 Praha 8','Karolinská 661/4, 186 00 Praha 8','','','1. část','1. část','','',3),
	(6,'2018-09-27','15:00:00','19:00:00','Karolinská 661/4, 186 00 Praha 8','Karolinská 661/4, 186 00 Praha 8','','','2. část','2. část','','',3),
	(7,'2019-01-31','15:00:00','19:00:00','Karolinská 661/4, 186 00 Praha 8','Karolinská 661/4, 186 00 Praha 8','','','Příprava na IT pohovor - workshop','Příprava na IT pohovor - workshop','','',4),
	(8,'2019-01-14','15:00:00','19:00:00','Karolinská 661/4, 186 00 Praha 8','Karolinská 661/4, 186 00 Praha 8','','','1. část','1. část','','',5),
	(9,'2019-01-17','15:00:00','19:00:00','Karolinská 661/4, 186 00 Praha 8','Karolinská 661/4, 186 00 Praha 8','','','2. část','2. část','','',5),
	(10,'2019-01-21','15:00:00','19:00:00','Karolinská 661/4, 186 00 Praha 8','Karolinská 661/4, 186 00 Praha 8','','','1. část','1. část','','',6),
	(11,'2019-01-24','15:00:00','19:00:00','Karolinská 661/4, 186 00 Praha 8','Karolinská 661/4, 186 00 Praha 8','','','2. část','2. část','','',6),
	(12,'2019-01-28','15:00:00','19:00:00','Karolinská 661/4, 186 00 Praha 8','Karolinská 661/4, 186 00 Praha 8','','','','','','',7),
	(13,'2018-10-08','15:00:00','19:00:00','Karolinská 661/4, 186 00 Praha 8','Karolinská 661/4, 186 00 Praha 8','','','','','','',8),
	(14,'2019-01-14','15:00:00','19:00:00','Karolinská 661/4, 186 00 Praha 8','Karolinská 661/4, 186 00 Praha 8','','','Příprava na IT pohovor - workshop','Příprava na IT pohovor - workshop','','',9),
	(15,'2019-03-11','15:00:00','19:00:00','Karolinská 661/4, 186 00 Praha 8','Karolinská 661/4, 186 00 Praha 8','','','1. část','1. část','','',10),
	(16,'2019-03-14','15:00:00','19:00:00','Karolinská 661/4, 186 00 Praha 8','Karolinská 661/4, 186 00 Praha 8','','','2. část','2. část','','',10),
	(17,'2019-03-18','15:00:00','19:00:00','Karolinská 661/4, 186 00 Praha 8','Karolinská 661/4, 186 00 Praha 8','','','1. část','1. část','','',11),
	(18,'2019-03-21','15:00:00','19:00:00','Karolinská 661/4, 186 00 Praha 8','Karolinská 661/4, 186 00 Praha 8','','','2. část','2. část','','',11),
	(19,'2019-03-25','15:00:00','19:00:00','Karolinská 661/4, 186 00 Praha 8','Karolinská 661/4, 186 00 Praha 8','','','','','','',12),
	(21,'2019-03-11','15:00:00','19:00:00','Karolinská 661/4, 186 00 Praha 8','Karolinská 661/4, 186 00 Praha 8','','','Testing - 1. část','Testing - 1. část','','',13),
	(22,'2019-03-14','15:00:00','19:00:00','Karolinská 661/4, 186 00 Praha 8','Karolinská 661/4, 186 00 Praha 8','','','Testing - 2. část','Testing - 2. část','','',13),
	(23,'2019-03-18','15:00:00','19:00:00','Karolinská 661/4, 186 00 Praha 8','Karolinská 661/4, 186 00 Praha 8','','','Základy SQL - 1. část','Základy SQL - 1. část','','',13),
	(24,'2019-03-21','15:00:00','19:00:00','Karolinská 661/4, 186 00 Praha 8','Karolinská 661/4, 186 00 Praha 8','','','Základy SQL - 2. část','Základy SQL - 2. část','','',13),
	(25,'2019-03-25','15:00:00','19:00:00','Karolinská 661/4, 186 00 Praha 8','Karolinská 661/4, 186 00 Praha 8','','','Web Services','Web Services','','',13),
	(26,'2019-03-28','15:00:00','19:00:00','Karolinská 661/4, 186 00 Praha 8','Karolinská 661/4, 186 00 Praha 8','','','Workshop + Příprava na IT pohovor','Workshop + Příprava na IT pohovor','','',13),
	(27,'2019-06-03','15:00:00','19:00:00','Karolinská 654/2, 186 00 Praha','Karolinská 654/2, 186 00 Praha','','','1. část','1. část','','',14),
	(28,'2019-06-06','15:00:00','19:00:00','Karolinská 654/2, 186 00 Praha','Karolinská 654/2, 186 00 Praha','','','2. část','2. část','','',14),
	(29,'2019-06-10','15:00:00','19:00:00','Karolinská 654/2, 186 00 Praha','Karolinská 654/2, 186 00 Praha','','','1. část','1. část','','',15),
	(30,'2019-06-13','15:00:00','19:00:00','Karolinská 654/2, 186 00 Praha','Karolinská 654/2, 186 00 Praha','','','2. část','2. část','','',15),
	(31,'2019-06-17','15:00:00','19:00:00','Karolinská 654/2, 186 00 Praha','Karolinská 654/2, 186 00 Praha','','','1. část','1. část','','',16),
	(32,'2019-06-03','15:00:00','19:00:00','Karolinská 654/2, 186 00 Praha','Karolinská 654/2, 186 00 Praha','','','Testing - 1. část','Testing - 1. část','','',17),
	(33,'2019-06-06','15:00:00','19:00:00','Karolinská 654/2, 186 00 Praha','Karolinská 654/2, 186 00 Praha','','','Testing - 2. část','Testing - 2. část','','',17),
	(34,'2019-06-10','15:00:00','19:00:00','Karolinská 654/2, 186 00 Praha','Karolinská 654/2, 186 00 Praha','','','Základy SQL - 1. část','Základy SQL - 1. část','','',17),
	(35,'2019-06-13','15:00:00','19:00:00','Karolinská 654/2, 186 00 Praha','Karolinská 654/2, 186 00 Praha','','','Základy SQL - 2. část','Základy SQL - 2. část','','',17),
	(36,'2019-06-17','15:00:00','19:00:00','Karolinská 654/2, 186 00 Praha','Karolinská 654/2, 186 00 Praha','','','Web Services','Web Services','','',17),
	(37,'2019-06-20','15:00:00','19:00:00','Karolinská 654/2, 186 00 Praha','Karolinská 654/2, 186 00 Praha','','','Workshop + Příprava na IT pohovor','Workshop + Příprava na IT pohovor','','',17),
	(38,'2019-09-16','15:00:00','19:00:00','Karolinská 654/2, Praha 8, 186 00','Karolinská 654/2, Praha 8, 186 00','','','1. část','1. část','','',18),
	(39,'2019-09-19','15:00:00','19:00:00','Karolinská 654/2, Praha 8, 186 00','Karolinská 654/2, Praha 8, 186 00','','','2. část','2. část','','',18),
	(40,'2019-09-23','15:00:00','19:00:00','Karolinská 654/2, Praha 8, 186 00','Karolinská 654/2, Praha 8, 186 00','','','1. část','1. část','','',19),
	(41,'2019-09-26','15:00:00','19:00:00','Karolinská 654/2, Praha 8, 186 00','Karolinská 654/2, Praha 8, 186 00','','','2. část','2. část','','',19),
	(42,'2019-09-30','15:00:00','19:00:00','Karolinská 654/2, Praha 8, 186 00','Karolinská 654/2, Praha 8, 186 00','','','','','','',20),
	(43,'2019-09-16','15:00:00','19:00:00','Karolinská 654/2, Praha 8, 186 00','Karolinská 654/2, Praha 8, 186 00','','','Testing - 1. část','Testing - 1. část','','',21),
	(44,'2019-09-19','15:00:00','19:00:00','Karolinská 654/2, Praha 8, 186 00','Karolinská 654/2, Praha 8, 186 00','','','Testing - 2. část','Testing - 2. část','','',21),
	(45,'2019-09-23','15:00:00','19:00:00','Karolinská 654/2, Praha 8, 186 00','Karolinská 654/2, Praha 8, 186 00','','','Základy SQL - 1. část','Základy SQL - 1. část','','',21),
	(46,'2019-09-26','15:00:00','19:00:00','Karolinská 654/2, Praha 8, 186 00','Karolinská 654/2, Praha 8, 186 00','','','Základy SQL - 2. část','Základy SQL - 2. část','','',21),
	(47,'2019-09-30','15:00:00','19:00:00','Karolinská 654/2, Praha 8, 186 00','Karolinská 654/2, Praha 8, 186 00','','','Web Services','Web Services','','',21),
	(48,'2019-10-03','15:00:00','19:00:00','Karolinská 654/2, Praha 8, 186 00','Karolinská 654/2, Praha 8, 186 00','','','Workshop + Příprava na IT pohovor','Workshop + Příprava na IT pohovor','','',21);

/*!40000 ALTER TABLE `acamar_api_coursetermitem` ENABLE KEYS */;
UNLOCK TABLES;


# Dump of table acamar_api_position
# ------------------------------------------------------------

DROP TABLE IF EXISTS `acamar_api_position`;

CREATE TABLE `acamar_api_position` (
  `id` int(11) NOT NULL AUTO_INCREMENT,
  `date` datetime NOT NULL,
  `place` varchar(254) NOT NULL,
  `start` varchar(254) NOT NULL,
  `name` varchar(254) NOT NULL,
  `introduction` longtext NOT NULL,
  `title1` varchar(254) NOT NULL,
  `text1` longtext NOT NULL,
  `title2` varchar(254) NOT NULL,
  `text2` longtext NOT NULL,
  `title3` varchar(254) NOT NULL,
  `text3` longtext NOT NULL,
  `title4` varchar(254) NOT NULL,
  `text4` longtext NOT NULL,
  `title5` varchar(254) NOT NULL,
  `text5` longtext NOT NULL,
  `title6` varchar(254) NOT NULL,
  `text6` longtext NOT NULL,
  `user_email` varchar(254) NOT NULL,
  `user_first_name` varchar(254) NOT NULL,
  `user_second_name` varchar(254) NOT NULL,
  `user_image` varchar(254) NOT NULL,
  `user_image_url` varchar(254) NOT NULL,
  `user_phone` varchar(254) NOT NULL,
  `user_position` varchar(254) NOT NULL,
  `category_id` int(11) NOT NULL,
  `lang` varchar(3) NOT NULL,
  `slug` varchar(120) NOT NULL,
  `internal_id` int(10) unsigned NOT NULL,
  PRIMARY KEY (`id`),
  UNIQUE KEY `acamar_api_position_lang_5a8c5da28edc976f_uniq` (`lang`,`internal_id`),
  KEY `a_category_id_165aabf1515a1195_fk_acamar_api_positioncategory_id` (`category_id`),
  KEY `acamar_api_position_7572559c` (`lang`),
  KEY `acamar_api_position_2dbcba41` (`slug`),
  KEY `acamar_api_position_3fae0a75` (`internal_id`),
  CONSTRAINT `a_category_id_165aabf1515a1195_fk_acamar_api_positioncategory_id` FOREIGN KEY (`category_id`) REFERENCES `acamar_api_positioncategory` (`id`)
) ENGINE=InnoDB DEFAULT CHARSET=utf8;

LOCK TABLES `acamar_api_position` WRITE;
/*!40000 ALTER TABLE `acamar_api_position` DISABLE KEYS */;

INSERT INTO `acamar_api_position` (`id`, `date`, `place`, `start`, `name`, `introduction`, `title1`, `text1`, `title2`, `text2`, `title3`, `text3`, `title4`, `text4`, `title5`, `text5`, `title6`, `text6`, `user_email`, `user_first_name`, `user_second_name`, `user_image`, `user_image_url`, `user_phone`, `user_position`, `category_id`, `lang`, `slug`, `internal_id`)
VALUES
	(836,'2019-01-16 16:17:25','Brno','Dle domluvy','Java Integration Developer','<p>Our client is a company,&nbsp;which is Europe\'s leading specialist, electrical and telecommunications retailer and services company. We are looking for Java developer to join their team!</p>','About the team:','<ul>\r\n<li>The Brno Integration team provides end-to-end development, support and testing services across all the company&rsquo;s IT departments. Our production system processes 100s million messages yearly and our daily work only adds to this number</li>\r\n<li>The main purpose of our Integration systems is to create reusable services for all internal and some external systems to allow much needed data exchange in a vast enterprise network</li>\r\n<li>We&rsquo;re now planning to extend our skillset to take over different challenges using other integration platforms our company uses</li>\r\n</ul>','What will be your main responsibilities?','<ul>\r\n<li>Work directly with various Integration platforms and develop services in Java SE using Maven, Git, Artifactory, Jenkins, Linux, Oracle DB, Jira, Confluence + other tools</li>\r\n<li>Be in touch with different enterprise systems (eCommerce, Retail, HR, etc.) and integration technologies (REST, SOAP, JMS, JDBC, SFTP etc.)</li>\r\n<li>Play a key role in developing standards for automation and testing</li>\r\n<li>Cooperate closely with other team members and share successes and blockers</li>\r\n<li>Communicate with our colleagues from different parts of the world</li>\r\n</ul>','What can you achieve in our team?','<ul>\r\n<li>Be a part of enterprise integration</li>\r\n<li>Develop Integration interfaces using Java SE and Agile principles</li>\r\n<li>Get experience in SAP Process Integration, Google Apigee, Apache Kafka, TIBCO Enterprise Message Service and TIBCO BusinessWorks</li>\r\n<li>Get into the integration architecture, concepts and standards</li>\r\n<li>Ownership over interesting and evolving projects/products</li>\r\n</ul>','What we expect from you?','<ul>\r\n<li>2 &ndash; 3 years of experience with Java and object-oriented programming</li>\r\n<li>Experience with XML/XSDs, CSV, JSON standard formats</li>\r\n<li>Experience with versioning systems and build automation</li>\r\n<li>Agile development experience is a big advantage</li>\r\n<li>Development experience with Node.JS is a big advantage</li>\r\n<li>Development experience with Scala language is an advantage</li>\r\n<li>Service Oriented Architecture (SOA) knowledge is an advantage</li>\r\n<li>Apigee development experience is an advantage</li>\r\n<li>TIBCO integration development experience would be appreciated</li>\r\n<li>You need to be willing to learn new things and solve technical problems</li>\r\n<li>You should have an inquiring mind and the ability to do a good research</li>\r\n<li>Ability to express ideas/requirements clearly within the team and across different teams and departments</li>\r\n<li>Your English is sufficient for communication with our overseas colleagues (B2 and higher)</li>\r\n</ul>','','','','','Lucie.Stankova@acamar.cz','Lucie','Staňková','1534404927_Staňková_Lucie.png','https://old2018.acamar.cz/admin/users/images/1534404927_Staňková_Lucie.png','+420 724 271 755','Senior Recruiter',1,'cs','java-integration-developer',828),
	(839,'2018-12-21 11:29:13','Praha','ASAP','Python Developer','<p>Pro na&scaron;eho klienta Proboston Creative hled&aacute;me zku&scaron;en&eacute;ho/nad&scaron;en&eacute;ho Python v&yacute;voj&aacute;ře, kter&yacute; by se pod&iacute;lel na tvorbě mnoha zaj&iacute;mav&yacute;ch projektů.</p>','Představení klienta:','<p>Jsme kreativn&iacute; agentura. Věnujeme se a vyv&iacute;j&iacute;me online aplikace, webov&aacute; ře&scaron;en&iacute;, nějak&yacute; ten intranet nebo cokoli n&aacute;s napadne. Snaž&iacute;me se, aby pr&aacute;ce byla pestr&aacute;. Jsme prim&aacute;rně kreativn&iacute; agentura a stejn&yacute;m principem věnujeme p&eacute;či na&scaron;emu teamu v&yacute;vojařů. Mezi na&scaron;e dlouhodob&eacute; klienty patř&iacute; např. T-Mobile, D.A.S, ALO Diamonds, Vojensk&eacute; lesy a statky, Kofola a jej&iacute; dal&scaron;&iacute; brandy nebo Akademie m&uacute;zick&yacute;ch uměn&iacute; v Praze. V roadmapě m&aacute;me velk&eacute; množstv&iacute; zaj&iacute;mav&yacute;ch projektů, se kter&yacute;mi potřebujeme pomoct.&nbsp;</p>','Koho hledáme a co požadujeme?','<ul>\r\n<li>kolegu, kter&yacute; r&aacute;d chod&iacute; do pr&aacute;ce mezi kolektiv</li>\r\n<li>m&aacute; selsk&yacute; rozum, um&iacute; si poradit a je samostatn&yacute;</li>\r\n<li>um&iacute; m&aacute;knout, když je potřeba protože klient v&scaron;echno před koncem deadlinu změn&iacute; :)</li>\r\n<li>chce pracovat s Djangem / Pythonem&nbsp;a chce m&iacute;t jistotu př&iacute;jmu na full-time</li>\r\n<li>teoretick&eacute; znalosti jako jsou navrhov&eacute; vzory, n&aacute;vrh UI, teoretick&eacute; věci kolem webů</li>\r\n<li>aktivn&iacute; pr&aacute;ce s python a znalost frameworku Django</li>\r\n<li>znalost pr&aacute;ce a principu libovoln&eacute;ho ORM</li>\r\n<li>znalost datab&aacute;ze (ide&aacute;lně MySQL)</li>\r\n<li>z&aacute;kladn&iacute; znalost linuxu, bashe, pr&aacute;ce s přikazovou ř&aacute;dkou</li>\r\n</ul>','Mohlo by se Vám hodit:','<ul>\r\n<li>z&aacute;kladn&iacute; kod&eacute;rsk&eacute; dovednosti (html, css, js)&nbsp;</li>\r\n<li>znalost front-end developmentu jako je React, Vue.js, Angular</li>\r\n<li>zku&scaron;enosti s CSS preprocesoringem&nbsp;</li>\r\n<li>zku&scaron;enost s Gruntem / Gulpem nebo jin&yacute;m podobn&yacute;m n&aacute;strojem</li>\r\n<li>zku&scaron;enosti s GIT a SVN</li>\r\n<li>znalost JS, př&iacute;padn&eacute; nadstavby (ES6, Babel)</li>\r\n</ul>','A co za to?','<ul>\r\n<li>velice agiln&iacute; a friendly v&yacute;voj&aacute;řsk&yacute; team</li>\r\n<li>preferujeme fixn&iacute; pracovn&iacute; dobu, protože je dobr&eacute; m&iacute;t ř&aacute;d a potom klid na soukrom&yacute; život</li>\r\n<li>odpov&iacute;daj&iacute;c&iacute; platov&eacute; ohodnocen&iacute;</li>\r\n<li>čerstv&eacute; ovoce</li>\r\n<li>team, kter&yacute; t&aacute;hne za jeden provaz</li>\r\n<li>nejsme korporace</li>\r\n<li>chceme, aby se u n&aacute;s lid&eacute; c&iacute;tili dobře. I když to může zn&iacute;t jako velk&eacute; kli&scaron;&eacute;, tak pro n&aacute;s je důležit&eacute; aby u n&aacute;s lid&eacute; vydrželi a zůstali</li>\r\n</ul>','Zaujali jsme Vás?','<p>Nev&aacute;hejte se n&aacute;m ozvat. Ide&aacute;lně za&scaron;lete Va&scaron;e aktu&aacute;ln&iacute; CV a my se s V&aacute;mi spoj&iacute;me a domluv&iacute;me detaily.</p>\r\n<p>Tě&scaron;&iacute;me se na V&aacute;s!</p>','','','veronika.benackova@acamar.cz','Veronika','Benáčková','1529585987_Adastra_2018-770.png','https://old2018.acamar.cz/admin/users/images/1529585987_Adastra_2018-770.png','+420 776 254 627','Recruiter',1,'cs','python-developer',822),
	(840,'2018-11-15 00:00:00','Prague','ASAP','Java Fullstack Developer with Angular','<p>Our client is one of the biggest German banks, a global banking and financial services company. The bank offers its clients&nbsp;<strong>retail</strong>&nbsp;and commercial financing services,<strong>&nbsp;investment banking</strong>&nbsp;services, asset management &amp; private banking services.</p>\r\n<p>Currently we are looking for experienced&nbsp;Fullstack Java Developer&nbsp;to extend out Prague team.</p>','Main purpose of the role:','<p>Development of new features and audit requirements on system consisting of web client and backend systems. It is questionnaire/approval workflow tool consisting of 2 parts: Anti Money Laundering Workflow and Account Setup Request Workflow. The AML is the gatekeeper for client interaction and provides a questionnaire to determine who the client is and whether or not is allowed to do business with the client. Output is set up of COKIS or trading system accounts for clients we may interact with.</p>','Requirements:','<p>Must have:</p>\r\n<ul>\r\n<li>Java</li>\r\n<li>UX design focus (PrimeFaces / Angular)</li>\r\n<li>Spring (IoC)</li>\r\n<li>REST, SOAP</li>\r\n<li>Oracle SQL</li>\r\n<li>Hibernate</li>\r\n<li>Maven</li>\r\n<li>Able to understand and maintain really complex system</li>\r\n<li>Independent logical and analytical thinking</li>\r\n<li>Team player, open minded, proactive and good communication skills</li>\r\n<li>English</li>\r\n</ul>\r\n<p>&nbsp;</p>\r\n<p>Nice to have:</p>\r\n<ul>\r\n<li>Spring Boot</li>\r\n<li>Selenium</li>\r\n<li>Scrum</li>\r\n<li>Linux</li>\r\n</ul>','','','','','','','','','tereza.jarolimkova@acamar.cz','Tereza','Jarolímková','1547127338_teranasirku.png','https://old2018.acamar.cz/admin/users/images/1547127338_teranasirku.png','+420 725 512 351','Senior Recruiter',1,'cs','java-fullstack-developer-with-angular',765),
	(842,'2018-10-19 13:39:21','Pilsen','ASAP','Java Developer – IoT Solutions','<p>Our customer develops solutions for vehicle connectivity, smart mobility and/or remote diagnostics that are used in buses, trucks and passenger cars. Besides that, it develops open and individual concepts that provide intelligent connectivity solutions in telematics, asset tracking, entertainment, diagnostics and engineering.</p>\r\n<p>We seek both Junior and Mid/Senior Java Developers willing to build software solutions in modern technologies within a friendly atmosphere. These software solutions are used worldwide &ndash; from Germany to Hong-Kong and Australia to Sweden.&nbsp;</p>','Responsibilities:','<ul>\r\n<li>Requirement analysis</li>\r\n<li>Solution design and programming</li>\r\n<li>Participation in all phases of development lifecycle</li>\r\n<li>Writing documentation and keeping it up-to-date</li>\r\n</ul>','Required experience:','<ul>\r\n<li>Java SE/2EE</li>\r\n<li>Spring Boot, Hibernate, Docker Swarm</li>\r\n<li>Microsoft Azure, Microservice Architecture, REST API Services</li>\r\n<li>Maven, GIT, Nexus, Jenkins, Jira, SCRUM, Confluence</li>\r\n<li>SQL knowledge</li>\r\n<li>Good English</li>\r\n</ul>','What we would appreciate:','<ul>\r\n<li>NoSQL databases experience</li>\r\n<li>Kubernetes&nbsp;</li>\r\n<li>Active Directory</li>\r\n<li>IoT experience</li>\r\n</ul>','','','','','','','tereza.jarolimkova@acamar.cz','Tereza','Jarolímková','1547127338_teranasirku.png','https://old2018.acamar.cz/admin/users/images/1547127338_teranasirku.png','+420 725 512 351','Senior Recruiter',1,'cs','java-developer-iot-solutions',811),
	(843,'2018-05-02 00:00:00','Praha/Mladá Bolesav','Dle domluvy','','','','','','','','','','','','','','','Predrag.Kulic@adastragrp.com','Predrag','Kulić','1529565057_pedja.png','https://old2018.acamar.cz/admin/users/images/1529565057_pedja.png','+420 777 433 053','Senior Recruiter',1,'cs','',750),
	(847,'2018-10-10 11:15:32','Praha','Dle domluvy','','','','','','','','','','','','','','','Marta.maresova@adastragrp.com','Marta','Marešová','1529658364_KopeckáMartafotonašířku.png','https://old2018.acamar.cz/admin/users/images/1529658364_KopeckáMartafotonašířku.png','+420 601 103 135','Recruiter',4,'cs','',806),
	(848,'2018-05-03 10:41:40','Praha','Dle domluvy','','','','','','','','','','','','','','','Predrag.Kulic@adastragrp.com','Predrag','Kulić','1529565057_pedja.png','https://old2018.acamar.cz/admin/users/images/1529565057_pedja.png','+420 777 433 053','Senior Recruiter',4,'cs','',756),
	(849,'2018-04-20 15:51:20','Praha','Dle domluvy','','','','','','','','','','','','','','','Marta.maresova@adastragrp.com','Marta','Marešová','1529658364_KopeckáMartafotonašířku.png','https://old2018.acamar.cz/admin/users/images/1529658364_KopeckáMartafotonašířku.png','+420 601 103 135','Recruiter',4,'cs','',744),
	(859,'2018-05-02 00:00:00','','','','','','','','','','','','','','','','','Predrag.Kulic@adastragrp.com','Predrag','Kulić','1529565057_pedja.png','https://old2018.acamar.cz/admin/users/images/1529565057_pedja.png','+420 777 433 053','Senior Recruiter',1,'en','',750),
	(860,'2018-05-03 10:41:40','','','','','','','','','','','','','','','','','Predrag.Kulic@adastragrp.com','Predrag','Kulić','1529565057_pedja.png','https://old2018.acamar.cz/admin/users/images/1529565057_pedja.png','+420 777 433 053','Senior Recruiter',4,'en','',756),
	(873,'2019-02-28 11:29:01','Brno','dle domluvy','BI Report Builder','<p>We are looking for candidates to join client\'s BI team in Brno.&nbsp;This role plays a key role in enabling client to meet customer expectations for Business Intelligence solutions, and helps to ensure that new solutions can deliver benefit to their&nbsp;business.</p>','About the team:','<ul>\r\n<li>Our Business Intelligence team is working on comprehensive Microsoft BI/DW solutions, which makes us exceptional on the market with regards to company size, the number of source systems, volume of data and extent of projects.</li>\r\n<li>BI team is mainly working on projects that help to define, implement and hand over to end users - i.e. ticket processing is not what we do!</li>\r\n<li>Within our team you will cooperate with designers, testers, data architects, ETL analysts and two colleagues at the same position</li>\r\n<li>Overall our team in Brno has approx. 20 colleagues</li>\r\n<li>Part of our BI Team is also located in the United Kingdom (business analysts and project manager), so occasional trips to UK are included.</li>\r\n</ul>','What will you do?','<ul>\r\n<li>Develop reports within Microsoft BI Suite</li>\r\n<li>3rd Line support for reporting solution</li>\r\n<li>Provide guidance and expertise in the design of reporting solutions</li>\r\n<li>Become an expert in Microsoft BI reporting toolset</li>\r\n<li>Identify and highlight opportunities to improve reporting and services within the business</li>\r\n</ul>','How do we imagine you?','<ul>\r\n<li>Analytical mind</li>\r\n<li>Strong Microsoft BI experience:<br />-&nbsp; &nbsp; SSAS, SSRS, Power BI<br />-&nbsp; &nbsp; MDX, SQL (must) and DAX (nice to have)<br />-&nbsp; &nbsp; Or long-term experience with other reporting tools</li>\r\n<li>Able to prioritize a varied workload</li>\r\n<li>Customer-focused</li>\r\n<li>Good communication skills in English</li>\r\n<li>Flexibility in working hours to meet project deadlines</li>\r\n</ul>','','','','','','','Lucie.Stankova@acamar.cz','Lucie','Staňková','1534404927_Staňková_Lucie.png','https://old2018.acamar.cz/admin/users/images/1534404927_Staňková_Lucie.png','+420 724 271 755','Senior Recruiter',4,'cs','bi-report-builder',840),
	(876,'2019-01-16 16:17:25','Brno','starting date will be agreed','Java Integration Developer','<p>Our client is a company,&nbsp;which is Europe\'s leading specialist, electrical and telecommunications retailer and services company. We are looking for Java developer to join their team!</p>','About the team:','<ul>\r\n<li>The Brno Integration team provides end-to-end development, support and testing services across all the company&rsquo;s IT departments. Our production system processes 100s million messages yearly and our daily work only adds to this number</li>\r\n<li>The main purpose of our Integration systems is to create reusable services for all internal and some external systems to allow much needed data exchange in a vast enterprise network</li>\r\n<li>We&rsquo;re now planning to extend our skillset to take over different challenges using other integration platforms our company uses</li>\r\n</ul>','What will be your main responsibilities?','<ul>\r\n<li>Work directly with various Integration platforms and develop services in Java SE using Maven, Git, Artifactory, Jenkins, Linux, Oracle DB, Jira, Confluence + other tools</li>\r\n<li>Be in touch with different enterprise systems (eCommerce, Retail, HR, etc.) and integration technologies (REST, SOAP, JMS, JDBC, SFTP etc.)</li>\r\n<li>Play a key role in developing standards for automation and testing</li>\r\n<li>Cooperate closely with other team members and share successes and blockers</li>\r\n<li>Communicate with our colleagues from different parts of the world</li>\r\n</ul>','What can you achieve in our team?','<ul>\r\n<li>Be a part of enterprise integration</li>\r\n<li>Develop Integration interfaces using Java SE and Agile principles</li>\r\n<li>Get experience in SAP Process Integration, Google Apigee, Apache Kafka, TIBCO Enterprise Message Service and TIBCO BusinessWorks</li>\r\n<li>Get into the integration architecture, concepts and standards</li>\r\n<li>Ownership over interesting and evolving projects/products</li>\r\n</ul>','What we expect from you?','<ul>\r\n<li>2 &ndash; 3 years of experience with Java and object-oriented programming</li>\r\n<li>Experience with XML/XSDs, CSV, JSON standard formats</li>\r\n<li>Experience with versioning systems and build automation</li>\r\n<li>Agile development experience is a big advantage</li>\r\n<li>Development experience with Node.JS is a big advantage</li>\r\n<li>Development experience with Scala language is an advantage</li>\r\n<li>Service Oriented Architecture (SOA) knowledge is an advantage</li>\r\n<li>Apigee development experience is an advantage</li>\r\n<li>TIBCO integration development experience would be appreciated</li>\r\n<li>You need to be willing to learn new things and solve technical problems</li>\r\n<li>You should have an inquiring mind and the ability to do a good research</li>\r\n<li>Ability to express ideas/requirements clearly within the team and across different teams and departments</li>\r\n<li>Your English is sufficient for communication with our overseas colleagues (B2 and higher)</li>\r\n</ul>','','','','','Lucie.Stankova@acamar.cz','Lucie','Staňková','1534404927_Staňková_Lucie.png','https://old2018.acamar.cz/admin/users/images/1534404927_Staňková_Lucie.png','+420 724 271 755','Senior Recruiter',1,'en','java-integration-developer',828),
	(877,'2019-02-28 11:29:01','Brno','starting date will be agreed','BI Report Builder','<p>We are looking for candidates to join client\'s BI team in Brno.&nbsp;This role plays a key role in enabling client to meet customer expectations for Business Intelligence solutions, and helps to ensure that new solutions can deliver benefit to their&nbsp;business.</p>','About the team:','<ul>\r\n<li>Our Business Intelligence team is working on comprehensive Microsoft BI/DW solutions, which makes us exceptional on the market with regards to company size, the number of source systems, volume of data and extent of projects.</li>\r\n<li>BI team is mainly working on projects that help to define, implement and hand over to end users - i.e. ticket processing is not what we do!</li>\r\n<li>Within our team you will cooperate with designers, testers, data architects, ETL analysts and two colleagues at the same position</li>\r\n<li>Overall our team in Brno has approx. 20 colleagues</li>\r\n<li>Part of our BI Team is also located in the United Kingdom (business analysts and project manager), so occasional trips to UK are included.</li>\r\n</ul>','What will you do?','<ul>\r\n<li>Develop reports within Microsoft BI Suite</li>\r\n<li>3rd Line support for reporting solution</li>\r\n<li>Provide guidance and expertise in the design of reporting solutions</li>\r\n<li>Become an expert in Microsoft BI reporting toolset</li>\r\n<li>Identify and highlight opportunities to improve reporting and services within the business</li>\r\n</ul>','How do we imagine you?','<ul>\r\n<li>Analytical mind</li>\r\n<li>Strong Microsoft BI experience:<br />-&nbsp; &nbsp; SSAS, SSRS, Power BI<br />-&nbsp; &nbsp; MDX, SQL (must) and DAX (nice to have)<br />-&nbsp; &nbsp; Or long-term experience with other reporting tools</li>\r\n<li>Able to prioritize a varied workload</li>\r\n<li>Customer-focused</li>\r\n<li>Good communication skills in English</li>\r\n<li>Flexibility in working hours to meet project deadlines</li>\r\n</ul>','','','','','','','Lucie.Stankova@acamar.cz','Lucie','Staňková','1534404927_Staňková_Lucie.png','https://old2018.acamar.cz/admin/users/images/1534404927_Staňková_Lucie.png','+420 724 271 755','Senior Recruiter',4,'en','bi-report-builder',840),
	(882,'2019-03-19 13:18:30','Brno','ASAP','DevOps Engineer','<p>Do you want to become part of a retail company that operates in several European markets under different brands? We are looking for DevOps Engineer who will work on one of the largest e-commerce platforms in Europe. The new team member will be responsible not only for continuous integration/delivery tools, developing a maintaining tooling which development teams are using, but also for other activities.</p>','Project description:','<ul>\r\n<li>our team is mainly responsible for continuous integration/delivery tools which ship our code from multiple Git repositories to testing, staging and production environments</li>\r\n<li>another responsibility lies in developing a maintaining tooling which development teams are using on daily basis to speed-up theirs work</li>\r\n<li>we also enable teams to use new technologies that involves exploring, learning, prototyping and sharing the knowledge<br /> - for example, we are currently investigating possibilities of moving our e-commerce platform to the cloud including containerization of components, infrastructure as a code and CI/CD pipelines</li>\r\n</ul>','What we expect:','<ul>\r\n<li>knowledge of Continuous Integration/Delivery patterns in multi-project environment (code + database + configuration). Usage and setup of CI tools &ndash; Bamboo, Jenkins, Team City</li>\r\n<li>DevOps mindset is a plus &ndash; cooperation, knowledge sharing, tools</li>\r\n<li>experience with virtualized environment &ndash; Docker</li>\r\n<li>experience with any cloud solution is a plus &ndash; AWS, Azure, GCP</li>\r\n<li>knowledge of any programming language (preferably PHP/Python), OOP principles</li>\r\n<li>knowledge of Atlassian tools is a plus &ndash; Bamboo, Stash, Jira, Confluence</li>\r\n<li>English spoken and written</li>\r\n</ul>','Job description:','<ul>\r\n<li>automation and enhancement of all aspects of the current release process</li>\r\n<li>enhancement and further integration of automated testing process into the release process</li>\r\n<li>helping introduction of new technologies to the platform from application point of view (PHP upgrade, migration and virtualization of both production and non-production environments)</li>\r\n</ul>','What we offer:','<ul>\r\n<li>modern office right in the city centre with an amazing terrace</li>\r\n<li>chill out space (Playstation 3,4; Wii &hellip;), relax room, table football</li>\r\n<li>home office (usually 2 days per months, always depends on agreenment)</li>\r\n<li>plenty of social events and charity activities (boat party, regular volleyball session, runners club, summer BBQ, Halloween concert and much more)</li>\r\n</ul>\r\n<p>Do you think your experience match this position? Or do you miss something that we require but still would be very interested? Let&rsquo;s get in touch and see if it could work out&hellip;</p>','','','','','tereza.jarolimkova@acamar.cz','Tereza','Jarolímková','1547127338_teranasirku.png','https://old2018.acamar.cz/admin/users/images/1547127338_teranasirku.png','+420 725 512 351','Senior Recruiter',8,'cs','devops-engineer',846),
	(883,'2019-03-19 13:18:30','Brno','ASAP','DevOps Engineer','<p>Do you want to become part of a retail company that operates in several European markets under different brands? We are looking for DevOps Engineer who will work on one of the largest e-commerce platforms in Europe. The new team member will be responsible not only for continuous integration/delivery tools, developing a maintaining tooling which development teams are using, but also for other activities.</p>','Project description:','<ul>\r\n<li>our team is mainly responsible for continuous integration/delivery tools which ship our code from multiple Git repositories to testing, staging and production environments</li>\r\n<li>another responsibility lies in developing a maintaining tooling which development teams are using on daily basis to speed-up theirs work</li>\r\n<li>we also enable teams to use new technologies that involves exploring, learning, prototyping and sharing the knowledge<br /> - for example, we are currently investigating possibilities of moving our e-commerce platform to the cloud including containerization of components, infrastructure as a code and CI/CD pipelines</li>\r\n</ul>','What we expect:','<ul>\r\n<li>knowledge of Continuous Integration/Delivery patterns in multi-project environment (code + database + configuration). Usage and setup of CI tools &ndash; Bamboo, Jenkins, Team City, &hellip;</li>\r\n<li>DevOps mindset is a plus &ndash; cooperation, knowledge sharing, tools, &hellip;</li>\r\n<li>experience with virtualized environment &ndash; Docker, &hellip;.</li>\r\n<li>experience with any cloud solution is a plus &ndash; AWS, Azure, GCP</li>\r\n<li>knowledge of any programming language (preferably PHP/Python), OOP principles</li>\r\n<li>knowledge of Atlassian tools is a plus &ndash; Bamboo, Stash, Jira, Confluence</li>\r\n<li>English spoken and written</li>\r\n</ul>','Job description:','<ul>\r\n<li>automation and enhancement of all aspects of the current release process</li>\r\n<li>enhancement and further integration of automated testing process into the release process</li>\r\n<li>helping introduction of new technologies to the platform from application point of view (PHP upgrade, migration and virtualization of both production and non-production environments)</li>\r\n</ul>','What we offer:','<ul>\r\n<li>modern office right in the city centre with an amazing terrace</li>\r\n<li>chill out space (Playstation 3,4; Wii &hellip;), relax room, table football</li>\r\n<li>home office (usually 2 days per months, always depends on agreenment)</li>\r\n<li>plenty of social events and charity activities (boat party, regular volleyball session, runners club, summer BBQ, Halloween concert and much more)</li>\r\n</ul>\r\n<p>Do you think your experience match this position? Or do you miss something that we require but still would be very interested? Let&rsquo;s get in touch and see if it could work out&hellip;</p>','','','','','tereza.jarolimkova@acamar.cz','Tereza','Jarolímková','1547127338_teranasirku.png','https://old2018.acamar.cz/admin/users/images/1547127338_teranasirku.png','+420 725 512 351','Senior Recruiter',8,'en','project-description',846),
	(884,'2019-03-21 17:08:56','Prague','starting date will be agreed','Recruiter for Russian-speaking markets','<p>We&rsquo;re not a corporation tied up by rules. But we&rsquo;re not a bunch of hipsters having dogs and swings all over the place either. <strong>We are a small team based in the Czech Republic working for international companies.</strong></p>','THE RECRUITER WE ARE LOOKING FOR:','<ul>\r\n<li>It&rsquo;s a person natural at dealing with people that knows various human characters, <strong>doesn\'t drag emotions into the dealings</strong> and is persistent in achieving goals.</li>\r\n<li>It&rsquo;s a mindful and organized professional who knows that <strong>matching the requirements of our clients with the needs of the professionals isn&rsquo;t a job done on hourly basis</strong>.</li>\r\n<li>He or she also knows that<strong> being kind to everybody always pays off</strong> because there is little people in the world who meet and recommend each other all the time.</li>\r\n<li>Last but not least, a recruiter of our kind <strong>always attempts to find a reasonable solution</strong> to any problematic situation.&nbsp;</li>\r\n</ul>\r\n<p><strong>There are 2 typical profiles we are looking for&hellip;</strong>&nbsp;</p>\r\n<ul>\r\n<li><strong>Seasoned Recruiter</strong>, preferably someone who knows the ins and outs about the Russian-speaking market reaching beyond just Moscow. We operate in Russia from Novosibirsk to Kaliningrad as well as in other countries such as Belarus, Kazakhstan and others &ndash; except Ukraine. We&rsquo;re ready to relocate such a pro to Prague. But we are open to discuss a form of cooperation based on a shuttle system as well.</li>\r\n<li><strong>Open-minded type without previous experience in recruiting</strong>, as long as he/she is knowledgeable of the market. We are more than well suited for passing on the craft. All we need is someone with a humble personality, urge to absorb information and attentiveness to detail.</li>\r\n</ul>','WHO WE ARE AND WHAT TO EXPECT FROM US:','<ul>\r\n<li>With less than a dozen of employees, who are mostly not formally educated Recruiters, we&rsquo;ve managed to break through international borders.<strong> We\'re based in the Czech Republic but work for large corporations, helping them to set up R&amp;D centers</strong> in areas related to Industry 4.0, Automotive, IoT or Banking.</li>\r\n<li><strong>We find and relocate Eastern European Developers, Analysts and QA Specialists </strong>who can boast with the best education, background, experience and problem-solving attitude.</li>\r\n<li>Yet we don&rsquo;t perceive the specialists to be a <em>resource</em>. <strong>We care deeply about their needs as well as professional ambitions and offer them only matching opportunities.</strong> Quite often getting involved in the relocation beyond the professional essentials.</li>\r\n</ul>','WHAT SHOULD YOU KNOW ABOUT US:','<ul>\r\n<li>We don&rsquo;t have fixed working hours&hellip; or material benefits.</li>\r\n<li>We genuinely enjoy working together, meeting every day in our office located in the most sought-after part of the city.</li>\r\n<li>We value having our work done on time and spending the rest of the day on our own.</li>\r\n<li>We cherish a culture where everybody can participate and develop the company.</li>\r\n<li>We all drink alcohol and eat meat. We are not against non-drinkers, vegetarians or vegans. We&rsquo;re just not sure they would be happy around us.</li>\r\n</ul>','WHAT WE OFFER:','<ul>\r\n<li>An opportunity to make a decent living while realizing one&rsquo;s potential by operating in a demanding field.<strong> The remuneration is pretty straightforward:</strong>\r\n<ul>\r\n<li><strong>The basic salary</strong> that enables us to pay the bills and save something off for less fortunate times that might come.</li>\r\n<li><strong>A bonus</strong> when we deserve it. It depends on the number of candidates we manage to deliver on our projects and the engagement in the internal operational or developmental activities.</li>\r\n</ul>\r\n</li>\r\n<li>This approach is fully transparent and aligns with our effort to move the company forward by ourselves. Because we are the ones who know the company best, right?</li>\r\n</ul>\r\n<p><strong>Sounds like an interesting opportunity to you?&nbsp;</strong><strong>Get in touch with us and let&rsquo;s discuss the details.</strong></p>','WHAT ARE THE NEXT STEPS:','<ul>\r\n<li>We will meet in person several times.</li>\r\n<li>In between, we might ask you to complete some assignments.</li>\r\n<li>We will also test your professional and language skills as well as problem solving capabilities.</li>\r\n<li>In case you&rsquo;re located abroad, you&rsquo;ll need to take a trip or two to Prague &ndash; that we will assist you with arranging, of course.</li>\r\n</ul>','','','tereza.jarolimkova@acamar.cz','Tereza','Jarolímková','1547127338_teranasirku.png','https://old2018.acamar.cz/admin/users/images/1547127338_teranasirku.png','+420 725 512 351','Senior Recruiter',8,'cs','recruiter-for-russian-speaking-markets',847),
	(885,'2019-03-21 17:08:56','Prague','starting date will be agreed','Recruiter for Russian-speaking markets','<p>We&rsquo;re not a corporation tied up by rules. But we&rsquo;re not a bunch of hipsters having dogs and swings all over the place either.&nbsp;<strong>We are a small team based in the Czech Republic working for international companies.</strong></p>','THE RECRUITER WE ARE LOOKING FOR:','<ul>\r\n<li>It&rsquo;s a person natural at dealing with people that knows various human characters,&nbsp;<strong>doesn\'t drag emotions into the dealings</strong>&nbsp;and is persistent in achieving goals.</li>\r\n<li>It&rsquo;s a mindful and organized professional who knows that&nbsp;<strong>matching the requirements of our clients with the needs of the professionals isn&rsquo;t a job done on hourly basis</strong>.</li>\r\n<li>He or she also knows that<strong>&nbsp;being kind to everybody always pays off</strong>&nbsp;because there is little people in the world who meet and recommend each other all the time.</li>\r\n<li>Last but not least, a recruiter of our kind&nbsp;<strong>always attempts to find a reasonable solution</strong>&nbsp;to any problematic situation.&nbsp;</li>\r\n</ul>\r\n<p><strong>There are 2 typical profiles we are looking for&hellip;</strong>&nbsp;</p>\r\n<ul>\r\n<li><strong>Seasoned Recruiter</strong>, preferably someone who knows the ins and outs about the Russian-speaking market reaching beyond just Moscow. We operate in Russia from Novosibirsk to Kaliningrad as well as in other countries such as Belarus, Kazakhstan and others &ndash; except Ukraine. We&rsquo;re ready to relocate such a pro to Prague. But we are open to discuss a form of cooperation based on a shuttle system as well.</li>\r\n<li><strong>Open-minded type without previous experience in recruiting</strong>, as long as he/she is knowledgeable of the market. We are more than well suited for passing on the craft. All we need is someone with a humble personality, urge to absorb information and attentiveness to detail.</li>\r\n</ul>','WHO WE ARE AND WHAT TO EXPECT FROM US:','<ul>\r\n<li>With less than a dozen of employees, who are mostly not formally educated Recruiters, we&rsquo;ve managed to break through international borders.<strong>&nbsp;We\'re based in the Czech Republic but work for large corporations, helping them to set up R&amp;D centers</strong>&nbsp;in areas related to Industry 4.0, Automotive, IoT or Banking.</li>\r\n<li><strong>We find and relocate Eastern European Developers, Analysts and QA Specialists&nbsp;</strong>who can boast with the best education, background, experience and problem-solving attitude.</li>\r\n<li>Yet we don&rsquo;t perceive the specialists to be a&nbsp;<em>resource</em>.&nbsp;<strong>We care deeply about their needs as well as professional ambitions and offer them only matching opportunities.</strong>&nbsp;Quite often getting involved in the relocation beyond the professional essentials.</li>\r\n</ul>','WHAT SHOULD YOU KNOW ABOUT US:','<ul>\r\n<li>We don&rsquo;t have fixed working hours&hellip; or material benefits.</li>\r\n<li>We genuinely enjoy working together, meeting every day in our office located in the most sought-after part of the city.</li>\r\n<li>We value having our work done on time and spending the rest of the day on our own.</li>\r\n<li>We cherish a culture where everybody can participate and develop the company.</li>\r\n<li>We all drink alcohol and eat meat. We are not against non-drinkers, vegetarians or vegans. We&rsquo;re just not sure they would be happy around us.</li>\r\n</ul>','WHAT WE OFFER:','<ul>\r\n<li>An opportunity to make a decent living while realizing one&rsquo;s potential by operating in a demanding field.<strong>&nbsp;The remuneration is pretty straightforward:</strong>\r\n<ul>\r\n<li><strong>The basic salary</strong>&nbsp;that enables us to pay the bills and save something off for less fortunate times that might come.</li>\r\n<li><strong>A bonus</strong>&nbsp;when we deserve it. It depends on the number of candidates we manage to deliver on our projects and the engagement in the internal operational or developmental activities.</li>\r\n</ul>\r\n</li>\r\n<li>This approach is fully transparent and aligns with our effort to move the company forward by ourselves. Because we are the ones who know the company best, right?</li>\r\n</ul>\r\n<p><strong>Sounds like an interesting opportunity to you?&nbsp;</strong><strong>Get in touch with us and let&rsquo;s discuss the details.</strong></p>','WHAT ARE THE NEXT STEPS:','<ul>\r\n<li>We will meet in person several times.</li>\r\n<li>In between, we might ask you to complete some assignments.</li>\r\n<li>We will also test your professional and language skills as well as problem solving capabilities.</li>\r\n<li>In case you&rsquo;re located abroad, you&rsquo;ll need to take a trip or two to Prague &ndash; that we will assist you with arranging, of course.</li>\r\n</ul>','','','tereza.jarolimkova@acamar.cz','Tereza','Jarolímková','1547127338_teranasirku.png','https://old2018.acamar.cz/admin/users/images/1547127338_teranasirku.png','+420 725 512 351','Senior Recruiter',8,'en','recruiter-for-russian-speaking-markets',847),
	(886,'2019-03-25 15:00:35','Praha - Karlín ','Dle dohody','React developer ','<p>Na&scaron;e mateřsk&aacute; společnost Adastra je mezin&aacute;rodn&iacute; technologicko-konzultačn&iacute; společnost, kter&aacute; vyrostla na dod&aacute;v&aacute;n&iacute; DWH a BI ře&scaron;en&iacute;. Do skl&aacute;dačky kompetenc&iacute; ale postupně přibyly dal&scaron;&iacute; oblasti jako aplikačn&iacute; v&yacute;voj, uměl&aacute; inteligence, machine learnig nebo IoT.</p>\r\n<p>V současnosti roz&scaron;iřuje t&yacute;m SW factory, kter&yacute; se věnuje pr&aacute;vě aplikačn&iacute;mu v&yacute;voji a hled&aacute; React developera na různ&eacute; projekty.</p>','Co budete mít na starosti:','<p>SW factory pracuje na různ&yacute;ch projektech pro tuzemsk&eacute; i zahraničn&iacute; z&aacute;kazn&iacute;ky zejm&eacute;na v asijsk&yacute;ch zem&iacute;ch. Ve va&scaron;em př&iacute;padě se bude jednat hlavně o v&yacute;voj front-endu webov&yacute;ch aplikac&iacute; v React, Redux.</p>\r\n<p>Čemu se např&iacute;klad nyn&iacute; v SW factory věnuj&iacute;?&nbsp;Klientovi z oblasti automotive např&iacute;klad pom&aacute;haj&iacute; s n&aacute;strojem pro pl&aacute;nov&aacute;n&iacute; v&yacute;roby v r&aacute;mci dodržen&iacute; legislativn&iacute;ch emisn&iacute;ch norem. Pro zahraničn&iacute; finančn&iacute; instituce zase pom&aacute;haj&iacute; s customizac&iacute; a implementac&iacute; onboardingov&eacute; platformy.</p>','Tato role je pro vás, pokud: ','<ul>\r\n<li>R&aacute;di programujete v technologi&iacute;ch JavaScript, React.js, Redux, TypeScript...</li>\r\n<li>Pracujete s Jira, Git, Bitbucket.</li>\r\n<li>Se bez probl&eacute;mu domluv&iacute;te v angličtině jak s kolegy, tak se z&aacute;kazn&iacute;kem.</li>\r\n<li>Upřednostňujete agiln&iacute; př&iacute;stup a pr&aacute;ci v men&scaron;&iacute;ch t&yacute;mech.</li>\r\n</ul>','Zaujali jsme vás?  ','<p>Nev&aacute;hejte a po&scaron;lete n&aacute;m Va&scaron;e CV nebo odkaz na LI. Spoj&iacute;me se s V&aacute;mi a domluv&iacute;me se na dal&scaron;&iacute;m postupu.&nbsp;</p>','','','','','','','Marta.maresova@adastragrp.com','Marta','Marešová','1529658364_KopeckáMartafotonašířku.png','https://old2018.acamar.cz/admin/users/images/1529658364_KopeckáMartafotonašířku.png','+420 601 103 135','Recruiter',1,'cs','react-developer',848),
	(888,'2019-04-01 15:57:44','Praha','Dle dohody','','','','','','','','','','','','','','','Marta.maresova@adastragrp.com','Marta','Marešová','1529658364_KopeckáMartafotonašířku.png','https://old2018.acamar.cz/admin/users/images/1529658364_KopeckáMartafotonašířku.png','+420 601 103 135','Recruiter',4,'cs','',850),
	(899,'2019-05-09 17:42:53','Praha','Dle dohody','','','','','','','','','','','','','','','Marta.maresova@adastragrp.com','Marta','Marešová','1529658364_KopeckáMartafotonašířku.png','https://old2018.acamar.cz/admin/users/images/1529658364_KopeckáMartafotonašířku.png','+420 601 103 135','Recruiter',1,'cs','',858),
	(900,'2019-05-09 17:36:38','Praha','Dle dohody','','','','','','','','','','','','','','','Marta.maresova@adastragrp.com','Marta','Marešová','1529658364_KopeckáMartafotonašířku.png','https://old2018.acamar.cz/admin/users/images/1529658364_KopeckáMartafotonašířku.png','+420 601 103 135','Recruiter',5,'cs','',857),
	(901,'2019-05-14 09:55:09','Praha','Dle dohody','','','','','','','','','','','','','','','Marta.maresova@adastragrp.com','Marta','Marešová','1529658364_KopeckáMartafotonašířku.png','https://old2018.acamar.cz/admin/users/images/1529658364_KopeckáMartafotonašířku.png','+420 601 103 135','Recruiter',7,'cs','',859),
	(903,'2019-05-15 00:00:00','Praha 2 - Karlovo náměstí','ASAP','BI Consultant','<p>Chtěl by ses pod&iacute;let na rozvoji, &uacute;držbě a aktualizaci reportů u jednoho z&nbsp;na&scaron;ich z&aacute;kazn&iacute;ků? Jestliže m&aacute;&scaron; znalost pokročil&eacute;ho reportingu v&nbsp;excelu, nejsou ti ciz&iacute; ani reportingov&eacute; n&aacute;stroje a v&iacute;&scaron; o problematice OLAP kostek, pak to pojď s&nbsp;n&aacute;mi zkusit&hellip;</p>','Popis projektu:','<ul>\r\n<li>&uacute;držba, aktualizace a rozvoj reportů naprogramovan&yacute;ch v&nbsp;excelu</li>\r\n<li>n&aacute;vrh automatizace těchto reportů a n&aacute;sledn&eacute; převeden&iacute; do vizu&aacute;ln&iacute; podoby pomoc&iacute; vhodn&eacute;ho n&aacute;stroje</li>\r\n</ul>','Co očekáváme: ','<ul>\r\n<li>dobr&aacute; znalost pr&aacute;ce v&nbsp;excelu</li>\r\n<li>znalost pokročil&eacute;ho reportingu v excelu</li>\r\n<li>znalost reportingov&yacute;ch n&aacute;strojů v&yacute;hodou</li>\r\n<li>znalost problematiky OLAP kostek v&yacute;hodou</li>\r\n<li>znalost česk&eacute;ho jazyka, angličtina alespoň na &uacute;rovni psan&eacute; a čten&eacute; dokumentace</li>\r\n</ul>','Náplň práce:','<ul>\r\n<li>tvorba a &uacute;prava reportů v&nbsp;excelu, kter&eacute; jsou napojeny na OLAP kostky</li>\r\n<li>pod&iacute;len&iacute; se na ostatn&iacute;ch činnostech DWH BI teamu</li>\r\n</ul>\r\n<p>Nev&aacute;hej n&aacute;m zaslat svůj aktualizovan&yacute; životopis, r&aacute;di si s&nbsp;tebou zavol&aacute;me, potk&aacute;me se a popov&iacute;d&aacute;me o detailech.</p>','','','','','','','Lucie.Stankova@acamar.cz','Lucie','Staňková','1534404927_Staňková_Lucie.png','https://old2018.acamar.cz/admin/users/images/1534404927_Staňková_Lucie.png','+420 724 271 755','Senior Recruiter',4,'cs','bi-consultant',841),
	(905,'2019-05-20 19:15:41','Praha','ideálně ASAP','Oracle admin','<p>Do men&scaron;&iacute;ho IT t&yacute;mu zdravotnick&eacute;ho zař&iacute;zen&iacute; hled&aacute;me Oracle administr&aacute;tora!&nbsp;</p>','Zodpovědnosti a náplň práce:','<ul>\r\n<li>Spr&aacute;va datab&aacute;z&iacute; Oracle 12 &ndash; monitorov&aacute;n&iacute; v&yacute;konu, &uacute;držba parametrů, laděn&iacute; dotazů, spr&aacute;va indexů, &uacute;držba velikosti tabulek</li>\r\n<li>Pomoc při laděn&iacute; PL/SQL scriptů</li>\r\n<li>Ře&scaron;en&iacute;, identifikov&aacute;n&iacute; a odstraňov&aacute;n&iacute; vznikl&yacute;ch probl&eacute;mů a nedostatků</li>\r\n<li>Spolupr&aacute;ce při nasazov&aacute;n&iacute; nov&yacute;ch verz&iacute; aplikace &ndash; jednor&aacute;zov&eacute; &uacute;držby datab&aacute;ze, zv&yacute;&scaron;en&yacute; dohled</li>\r\n<li>Instalace, &uacute;držba a aktualizace SW pro v&yacute;voj i produkčn&iacute; prostřed&iacute;</li>\r\n<li>Definice a spr&aacute;va př&iacute;stupov&yacute;ch pr&aacute;v (př&iacute;stupy na disky, př&iacute;stupy do datab&aacute;ze)</li>\r\n<li>&Uacute;držba dat na disku</li>\r\n</ul>','','','','','','','','','','','Lucie.Stankova@acamar.cz','Lucie','Staňková','1534404927_Staňková_Lucie.png','https://old2018.acamar.cz/admin/users/images/1534404927_Staňková_Lucie.png','+420 724 271 755','Senior Recruiter',6,'cs','oracle-admin',861),
	(906,'2019-05-23 17:00:09','Prague','ASAP','Software Engineering - Java Developer','<p>We are looking for Java Developer to join a Bizz Dev Ops team responsible for a bunch of IT applications dealing with the securities process: starting with the securities order from our clients to different exchanges over settlement to execution. Also, Asset Services as corporates actions, dividend payments, tax issues etc. are part of&nbsp;the new agile Securities Process Cluster.</p>\r\n<p>Your tasks for the first 9 month are focused on implementing requirements for the IT application COAC. This application receives notification of Corporate Action and Income events from Data providers (currently Bloomberg, Telekurs, SWIFT and, indirectly through KVneu/ZIKADE, WM Data). COAC creates a Master copy of the event and provides this information to various front office systems.</p>','What will be your main responsibilities?','<ul>\r\n<li>You are developing new functionality based on the requirements from Project SIRIUS in the existing COAC application</li>\r\n<li>You will support incident resolution and bug fixing and support the test and development team</li>\r\n<li>You will be working in a agile team setup, meaning the team includes business domain colleagues, business analysts, architects, developers and operating.</li>\r\n<li>Participate in scrum ceremonies (Daily, Planning, Review, Retro) using VidCo/Telco or &ndash; exceptionally &ndash; in person.</li>\r\n</ul>','What we expect from you?','<ul>\r\n<li>Good analytic thinking with attention to details to solve problems</li>\r\n<li>Proactively driving projects and tasks to deliver results</li>\r\n<li>Customer orientation and ownership attitude for the assigned responsibilities to deliver results in time and in line with the clients need</li>\r\n<li>Excellent collaboration and communication skills</li>\r\n<li>High flexibility and adaptability to fast changing environment</li>\r\n<li>Good team player with high ability to work in cross-locational and international teams</li>\r\n</ul>','Technologies:','<ul>\r\n<li>JAVA 5 &ndash; 8</li>\r\n<li>Struts 1.3</li>\r\n<li>Openadaptor</li>\r\n<li>JSP</li>\r\n<li>JDBC</li>\r\n<li>EclipseLink</li>\r\n<li>PrimeFaces</li>\r\n<li>Web Services</li>\r\n<li>Database (Sybase ASE Version 15 and 16, SQL, Transact-SQL)</li>\r\n</ul>','','','','','','','Lucie.Stankova@acamar.cz','Lucie','Staňková','1534404927_Staňková_Lucie.png','https://old2018.acamar.cz/admin/users/images/1534404927_Staňková_Lucie.png','+420 724 271 755','Senior Recruiter',1,'cs','software-engineering-java-developer',862),
	(907,'2019-05-23 17:00:09','Prague','ASAP','Software Engineering - Java Developer','<p>We are looking for Java Developer to join a Bizz Dev Ops team responsible for a bunch of IT applications dealing with the securities process: starting with the securities order from our clients to different exchanges over settlement to execution. Also, Asset Services as corporates actions, dividend payments, tax issues etc. are part of&nbsp;the new agile Securities Process Cluster.</p>\r\n<p>Your tasks for the first 9 month are focused on implementing requirements for the It application COAC. This application receives notification of Corporate Action and Income events from Data providers (currently Bloomberg, Telekurs, SWIFT and, indirectly through KVneu/ZIKADE, WM Data). COAC creates a Master copy of the event and provides this information to various front office systems.</p>','What will be your main responsibilities?','<ul>\r\n<li>You are developing new functionality based on the requirements from Project SIRIUS in the existing COAC application</li>\r\n<li>You will support incident resolution and bug fixing and support the test and development team</li>\r\n<li>You will be working in a agile team setup, meaning the team includes business domain colleagues, business analysts, architects, developers and operating.</li>\r\n<li>Participate in scrum ceremonies (Daily, Planning, Review, Retro) using VidCo/Telco or &ndash; exceptionally &ndash; in person.</li>\r\n</ul>','What we expect from you?','<ul>\r\n<li>Good analytic thinking with attention to details to solve problems</li>\r\n<li>Proactively driving projects and tasks to deliver results</li>\r\n<li>Customer orientation and ownership attitude for the assigned responsibilities to deliver results in time and in line with the clients need</li>\r\n<li>Excellent collaboration and communication skills</li>\r\n<li>High flexibility and adaptability to fast changing environment</li>\r\n<li>Good team player with high ability to work in cross-locational and international teams</li>\r\n</ul>','Technologies:','<ul>\r\n<li>JAVA 5 &ndash; 8</li>\r\n<li>Struts 1.3</li>\r\n<li>Openadaptor</li>\r\n<li>JSP</li>\r\n<li>JDBC</li>\r\n<li>EclipseLink</li>\r\n<li>PrimeFaces</li>\r\n<li>Web Services</li>\r\n<li>Database (Sybase ASE Version 15 and 16, SQL, Transact-SQL)</li>\r\n</ul>','','','','','','','Lucie.Stankova@acamar.cz','Lucie','Staňková','1534404927_Staňková_Lucie.png','https://old2018.acamar.cz/admin/users/images/1534404927_Staňková_Lucie.png','+420 724 271 755','Senior Recruiter',1,'en','software-engineering-java-developer',862),
	(910,'2019-06-05 15:39:09','Praha - Karlín','Dohodou','','','','','','','','','','','','','','','nicole.wiedermannova@adastragrp.com','Nicole','Wiedermannová','1559812167_Nicole.Wiedermannová.png','https://old2018.acamar.cz/admin/users/images/1559812167_Nicole.Wiedermannová.png','+420 702 248 987 ','Recruiter',8,'cs','',864),
	(911,'2019-06-13 12:59:40','Praha','Dle dohody','','','','','','','','','','','','','','','Marta.maresova@adastragrp.com','Marta','Marešová','1529658364_KopeckáMartafotonašířku.png','https://old2018.acamar.cz/admin/users/images/1529658364_KopeckáMartafotonašířku.png','+420 601 103 135','Recruiter',8,'cs','',865),
	(912,'2019-06-17 18:14:12','Praha','1.7.2019','Tester','<p>Pro na&scaron;eho klienta z oblasti telco aktu&aacute;lně hled&aacute;me testera do Online agiln&iacute;ho t&yacute;mu!</p>','Co od tebe očekáváme?','<ul>\r\n<li>Zku&scaron;enosti s testov&aacute;n&iacute;m v online světě</li>\r\n<li>Zku&scaron;enosti s agile</li>\r\n<li>Javascript, React, PHP</li>\r\n<li>SOAP UI, SQL basics</li>\r\n<li>Samostatnost, zodpovědn&yacute; př&iacute;stup</li>\r\n<li>Znalost anglick&eacute;ho jazyka</li>\r\n</ul>','Bylo by bezva, kdybys měl/a...','<ul>\r\n<li>Zku&scaron;enosti s automatizac&iacute; (Java, Selenium)&nbsp;</li>\r\n<li>UX zku&scaron;enosti</li>\r\n<li>Zku&scaron;enosti s integračn&iacute;mi testy&nbsp;</li>\r\n</ul>','','','','','','','','','Lucie.Stankova@acamar.cz','Lucie','Staňková','1534404927_Staňková_Lucie.png','https://old2018.acamar.cz/admin/users/images/1534404927_Staňková_Lucie.png','+420 724 271 755','Senior Recruiter',5,'cs','tester',866),
	(915,'2019-06-21 15:17:09','Brno','starting date will be agreed','PHP Developer','<p>For our client, we are looking for a PHP developer to join multicultural development team working on an SOA e-commerce platform which serves as basis for one of the most popular online shops with electronics in UK. The platform handles more than 7,000,000 unique visitors per day and processes 8 orders per second during the most busy season.<br />They are continuously improving the platform and looking for new challenges. Currently they are working on complete automation of checkout process, they focus on test automation improvements and they are preparing for next steps in continuous integration.<br />They are agile with the vision of becoming a multichannel leader on the EU market.</p>','What will your job be about?','<ul>\r\n<li>You will work on one of the biggest e-commerce platforms in Europe</li>\r\n<li>Facing a lot of interesting business and technical tasks will be your daily job, we are in a close touch with out UK colleagues</li>\r\n<li>Agile environment &ndash; Scrum and Kanban</li>\r\n<li>Possibility to use PhpStorm IDE</li>\r\n<li>You can shine in technologies: PHP, PL/SQL, JS, CSS, Varnish, RabbitMQ, Couchbase,..</li>\r\n<li>Frameworks and libraries: Symphony, CodeIgniter, Reacr&amp;Redux,...</li>\r\n<li>Tools we use: AppDynamics, Jira, Confluence, Bamboo, Stash,...</li>\r\n</ul>','How do we imagine you?','<ul>\r\n<li>You have experience with PHP, OOP and any of PHP frameworks</li>\r\n<li>You have met with SVN/GIT and use framework (Nette, CodeIgniter)</li>\r\n<li>MySQL or Oracle experience</li>\r\n<li>You are experienced also in other web technologies (HTML, CSS, JS)</li>\r\n<li>You will take part in our occasional hackatons, play the Playstation or relax in the chill-out room</li>\r\n<li>Your English is proper for communication with our foreign colleagues</li>\r\n</ul>','Extra mile for us:','<ul>\r\n<li>Experience with Atlassian tools (Jira, Stash, Bamboo, Confluence)</li>\r\n<li>You have experience or knowledge of design patterns</li>\r\n<li>You can met also Couchbase, RabbitMQ, Varnish</li>\r\n<li>Linux/Unix and Bash scripting is familiar to you</li>\r\n<li>You are experienced in test automation (unit testing and function testing as well)</li>\r\n</ul>','','','','','','','Lucie.Stankova@acamar.cz','Lucie','Staňková','1534404927_Staňková_Lucie.png','https://old2018.acamar.cz/admin/users/images/1534404927_Staňková_Lucie.png','+420 724 271 755','Senior Recruiter',1,'cs','php-developer',869),
	(916,'2019-06-26 14:42:23','Brno','starting date will be agreed','JavaScript Developer','<p>For our client, we are looking for a JavaScript developer to join multicultural development team working on an SOA e-commerce platform which serves as basis for one of the most popular online shops with electronics in UK. The platform handles more than 7,000,000 unique visitors per day and processes 8 orders per second during the most busy season.<br />They are continuously improving the platform and looking for new challenges. Currently they are working on complete automation of checkout process, they focus on test automation improvements and they are preparing for next steps in continuous integration.<br />They are agile with the vision of becoming a multichannel leader on the EU market.</p>','What will your job be about?','<p>▪ Development and maintenance of high quality performant Front End of one of the largest e-commerce platform in Europe<br />▪ Responsibility for technical design, analysis and delivery of UI parts of the projects<br />▪ Close collaboration with UX, PHP, testing and infrastructure teams<br />▪ L3 production support (incident resolution &amp; support requests resolution)<br />▪ Participation on a platform upgrade project, bringing new technologies to life</p>','How do we imagine you?','<p>▪ Expert knowledge of JS/CSS/HTML<br />▪ Strong experience with one of the following frameworks / libraries: React, Vue.js, Angular, RxJS<br />▪ Familiarity with responsive and cross-browser webdesign<br />▪ Knowledge of Front End Tooling &ndash; Node.js, npm, Webpack<br />▪ Knowledge of version control system (preferably GIT)<br />▪ Ability to communicate in English<br />▪ Awareness of agile principles and tools (SCRUM)<br />▪ Proactive approach and willingness to learn new technologies</p>','Bonus points for you may be:','<p>▪ E-commerce platform development experience<br />▪ Junior experience with PHP / Python (or any other scripting/procedural) language and object-oriented programming<br />▪ Knowledge of scaled web applications (CDN, caching, reverse proxies,&hellip;)<br />▪ Experience on big production/high traffic website (ideally a transactional retail website)<br />▪ Experience of working with teams in multiple countries</p>','','','','','','','Gabriela.Skalova@acamar.cz','Gabriela','Skálová','1534405240_Gabriela_Skalova.png','https://old2018.acamar.cz/admin/users/images/1534405240_Gabriela_Skalova.png','+420 775 368 490','Senior recruiter',1,'cs','javascript-developer',870),
	(917,'2019-06-27 10:16:29','Praha - Karlín','Dohodou','','','','','','','','','','','','','','','nicole.wiedermannova@adastragrp.com','Nicole','Wiedermannová','1559812167_Nicole.Wiedermannová.png','https://old2018.acamar.cz/admin/users/images/1559812167_Nicole.Wiedermannová.png','+420 702 248 987 ','Recruiter',8,'cs','',871);

/*!40000 ALTER TABLE `acamar_api_position` ENABLE KEYS */;
UNLOCK TABLES;


# Dump of table acamar_api_position_pacts
# ------------------------------------------------------------

DROP TABLE IF EXISTS `acamar_api_position_pacts`;

CREATE TABLE `acamar_api_position_pacts` (
  `id` int(11) NOT NULL AUTO_INCREMENT,
  `position_id` int(11) NOT NULL,
  `positionpact_id` int(11) NOT NULL,
  PRIMARY KEY (`id`),
  UNIQUE KEY `position_id` (`position_id`,`positionpact_id`),
  KEY `a_positionpact_id_545492e012ad9294_fk_acamar_api_positionpact_id` (`positionpact_id`),
  CONSTRAINT `acamar_ap_position_id_690652512541dbb4_fk_acamar_api_position_id` FOREIGN KEY (`position_id`) REFERENCES `acamar_api_position` (`id`),
  CONSTRAINT `a_positionpact_id_545492e012ad9294_fk_acamar_api_positionpact_id` FOREIGN KEY (`positionpact_id`) REFERENCES `acamar_api_positionpact` (`id`)
) ENGINE=InnoDB DEFAULT CHARSET=utf8;

LOCK TABLES `acamar_api_position_pacts` WRITE;
/*!40000 ALTER TABLE `acamar_api_position_pacts` DISABLE KEYS */;

INSERT INTO `acamar_api_position_pacts` (`id`, `position_id`, `positionpact_id`)
VALUES
	(278406,836,1),
	(278407,839,1),
	(278408,840,1),
	(278409,842,1),
	(278410,843,1),
	(278411,843,3),
	(278418,847,1),
	(278419,847,3),
	(278420,849,1),
	(278421,849,3),
	(278436,859,1),
	(278437,859,3),
	(278416,873,1),
	(278417,873,3),
	(278435,876,1),
	(278438,877,1),
	(278439,877,3),
	(278432,882,1),
	(278433,882,3),
	(278441,883,1),
	(278442,883,3),
	(278431,884,3),
	(278440,885,3),
	(278404,886,1),
	(278405,886,3),
	(278414,888,1),
	(278415,888,3),
	(278402,899,1),
	(278403,899,3),
	(278423,900,1),
	(278424,900,3),
	(278426,901,1),
	(278427,901,3),
	(278412,903,1),
	(278413,903,3),
	(278425,905,3),
	(278401,906,1),
	(278434,907,1),
	(278430,910,3),
	(278429,911,3),
	(278422,912,1),
	(278400,915,1),
	(278399,916,1),
	(278428,917,3);

/*!40000 ALTER TABLE `acamar_api_position_pacts` ENABLE KEYS */;
UNLOCK TABLES;


# Dump of table acamar_api_position_technologies
# ------------------------------------------------------------

DROP TABLE IF EXISTS `acamar_api_position_technologies`;

CREATE TABLE `acamar_api_position_technologies` (
  `id` int(11) NOT NULL AUTO_INCREMENT,
  `position_id` int(11) NOT NULL,
  `positiontechnology_id` int(11) NOT NULL,
  PRIMARY KEY (`id`),
  UNIQUE KEY `position_id` (`position_id`,`positiontechnology_id`),
  KEY `D54b4ef7d80f5126e3d73609a3d9576d` (`positiontechnology_id`),
  CONSTRAINT `acamar_api_position_id_f91281a3ce317fa_fk_acamar_api_position_id` FOREIGN KEY (`position_id`) REFERENCES `acamar_api_position` (`id`),
  CONSTRAINT `D54b4ef7d80f5126e3d73609a3d9576d` FOREIGN KEY (`positiontechnology_id`) REFERENCES `acamar_api_positiontechnology` (`id`)
) ENGINE=InnoDB DEFAULT CHARSET=utf8;

LOCK TABLES `acamar_api_position_technologies` WRITE;
/*!40000 ALTER TABLE `acamar_api_position_technologies` DISABLE KEYS */;

INSERT INTO `acamar_api_position_technologies` (`id`, `position_id`, `positiontechnology_id`)
VALUES
	(818930,836,5),
	(818931,836,8),
	(818926,836,14),
	(818927,836,54),
	(818928,836,60),
	(818933,836,84),
	(818934,836,85),
	(818932,836,86),
	(818929,836,88),
	(818935,839,11),
	(818936,839,14),
	(818937,839,70),
	(818938,840,5),
	(818939,840,29),
	(818941,842,3),
	(818942,842,5),
	(818940,842,9),
	(818943,843,2),
	(818944,843,37),
	(818963,847,2),
	(818962,847,3),
	(818964,847,8),
	(818958,847,33),
	(818959,847,36),
	(818961,847,76),
	(818960,847,77),
	(818965,848,1),
	(818967,848,2),
	(818966,848,3),
	(818973,849,1),
	(818975,849,2),
	(818974,849,3),
	(818977,849,6),
	(818976,849,7),
	(818978,849,8),
	(818968,849,25),
	(818970,849,32),
	(818969,849,33),
	(818972,849,35),
	(818971,849,36),
	(819015,859,2),
	(819016,859,37),
	(819022,860,1),
	(819024,860,2),
	(819023,860,3),
	(818953,873,2),
	(818955,873,94),
	(818954,873,95),
	(818957,873,96),
	(818956,873,97),
	(819010,876,5),
	(819011,876,8),
	(819006,876,14),
	(819007,876,54),
	(819008,876,60),
	(819013,876,84),
	(819014,876,85),
	(819012,876,86),
	(819009,876,88),
	(819017,877,2),
	(819019,877,94),
	(819018,877,95),
	(819021,877,96),
	(819020,877,97),
	(818989,882,42),
	(818988,882,58),
	(818991,882,60),
	(818992,882,62),
	(818993,882,82),
	(818990,882,88),
	(819026,883,42),
	(819025,883,58),
	(819028,883,60),
	(819029,883,62),
	(819030,883,82),
	(819027,883,88),
	(818925,886,30),
	(818922,886,31),
	(818924,886,42),
	(818923,886,89),
	(818950,888,2),
	(818947,888,46),
	(818948,888,54),
	(818952,888,70),
	(818951,888,111),
	(818949,888,112),
	(818921,899,113),
	(818920,899,114),
	(818982,900,2),
	(818981,900,19),
	(818983,900,84),
	(818987,901,3),
	(818986,901,115),
	(818945,903,3),
	(818946,903,7),
	(818984,905,8),
	(818985,905,79),
	(818915,906,2),
	(818916,906,5),
	(818909,906,41),
	(818919,906,78),
	(818914,906,116),
	(818912,906,117),
	(818918,906,118),
	(818917,906,119),
	(818910,906,120),
	(818911,906,121),
	(818908,906,122),
	(818913,906,123),
	(819001,907,2),
	(819002,907,5),
	(818995,907,41),
	(819005,907,78),
	(819000,907,116),
	(818998,907,117),
	(819004,907,118),
	(819003,907,119),
	(818996,907,120),
	(818997,907,121),
	(818994,907,122),
	(818999,907,123),
	(818980,912,2),
	(818979,912,55),
	(818900,915,20),
	(818902,915,31),
	(818903,915,42),
	(818901,915,47),
	(818904,915,60),
	(818907,915,79),
	(818906,915,103),
	(818905,915,125),
	(818897,916,19),
	(818899,916,20),
	(818898,916,31);

/*!40000 ALTER TABLE `acamar_api_position_technologies` ENABLE KEYS */;
UNLOCK TABLES;


# Dump of table acamar_api_positionapply
# ------------------------------------------------------------

DROP TABLE IF EXISTS `acamar_api_positionapply`;

CREATE TABLE `acamar_api_positionapply` (
  `id` int(11) NOT NULL AUTO_INCREMENT,
  `position_name` varchar(254) NOT NULL,
  `position_user_name` varchar(254) NOT NULL,
  `position_user_email` varchar(254) NOT NULL,
  `first_name` varchar(254) NOT NULL,
  `last_name` varchar(254) NOT NULL,
  `email` varchar(254) NOT NULL,
  `phone` varchar(20) NOT NULL,
  `cv` varchar(100) DEFAULT NULL,
  `linkedin` varchar(254) NOT NULL,
  `text` longtext NOT NULL,
  `created` datetime NOT NULL,
  `position_id` int(11) DEFAULT NULL,
  PRIMARY KEY (`id`),
  KEY `acamar_ap_position_id_769f40880da2642f_fk_acamar_api_position_id` (`position_id`),
  CONSTRAINT `acamar_ap_position_id_769f40880da2642f_fk_acamar_api_position_id` FOREIGN KEY (`position_id`) REFERENCES `acamar_api_position` (`id`)
) ENGINE=InnoDB DEFAULT CHARSET=utf8;

LOCK TABLES `acamar_api_positionapply` WRITE;
/*!40000 ALTER TABLE `acamar_api_positionapply` DISABLE KEYS */;

INSERT INTO `acamar_api_positionapply` (`id`, `position_name`, `position_user_name`, `position_user_email`, `first_name`, `last_name`, `email`, `phone`, `cv`, `linkedin`, `text`, `created`, `position_id`)
VALUES
	(1,'FE Developer pro rozvoj e-shopů','Michala Klapalová','michala.klapalova@acamar.cz','asdas','asdas','filip@proboston.net','506939495','cv/ea698cab7fb8c6e592ac56964399b075/adastra E15 prezentace.pdf','','asdasda','2018-08-01 14:42:33',NULL),
	(2,'Java Fullstack Developer with Angular','Tereza Jarolímková','tereza.jarolimkova@acamar.cz','Šárka','Bláhovcová','blahovcovas@gmail.com','721954799','','https://www.linkedin.com/in/kate%C5%99ina-koutov%C3%A1-94324315a/','Téro test - přišlo?','2018-08-02 12:19:24',NULL),
	(3,'Java Fullstack Developer with Angular','Tereza Jarolímková','tereza.jarolimkova@acamar.cz','Šárka','Bláhovcová','blahovcovas@gmail.com','721954799','','https://www.linkedin.com/in/kate%C5%99ina-koutov%C3%A1-94324315a/','Téro test - přišlo?','2018-08-02 12:21:49',NULL),
	(4,'PHP developer, který bude nadšený do e-commerce','Michala Klapalová','michala.klapalova@acamar.cz','David','Klapal','klapal@seznam.cz','728218200','cv/9f03ab0c8565e81c940c9468b6bec0fb/Dobrý den.docx','https://www.linkedin.com/in/david-klapal-2110986/','Ahoj, testuji jak divá','2018-08-03 07:50:23',NULL),
	(5,'Data scientists/engineer','Michala Klapalová','michala.klapalova@acamar.cz','Test M','Test M','valovamisa@seznam.cz','728 218 200','cv/456a3c65b5ff0ce816737d5494010411/Test .net.pdf','','Test M','2018-08-03 08:02:09',NULL),
	(6,'PHP developer, který bude nadšený do e-commerce','Michala Klapalová','michala.klapalova@acamar.cz','Michala test','Klapalová test','valovamisa@seznam.cz','728218200','cv/456a3c65b5ff0ce816737d5494010411/Test .net_TrJDkp2.pdf','https://www.linkedin.com/in/michalavalova/','test','2018-08-03 09:05:31',NULL),
	(7,'Java Fullstack Developer with Angular','Tereza Jarolímková','tereza.jarolimkova@acamar.cz','Tereza','Jarolímková','tereza.jarolimkova@acamar.cz','+420123456789','cv/e7fa2f4464b3a8c2044ba2e374dc6732/Testujeme testujeme testujeme.docx','','Já jsem tester a testuju ráda.','2018-08-03 09:16:50',NULL),
	(8,'Java Fullstack Developer with Angular','Tereza Jarolímková','tereza.jarolimkova@acamar.cz','Šárka','Bláhovcová','blahovcovas@gmail.com','721','','','Téro, zkouška jo!\r\nOdpověz, že OK','2018-08-03 14:35:14',NULL),
	(9,'Java Fullstack Developer with Angular','Tereza Jarolímková','tereza.jarolimkova@acamar.cz','Šároslav','Dort','ja@ja.com','721','','https://www.linkedin.com/in/kate%C5%99ina-koutov%C3%A1-94324315a/','Zkouška spojení, ukaž mi, zda dorazilo a jak to vypadá...\r\nThanks\r\n\r\nodesláno v 11:59','2018-08-09 09:58:17',NULL),
	(10,'Java Fullstack Developer with Angular','Tereza Jarolímková','tereza.jarolimkova@acamar.cz','Šárka','Bláhovcová','blahovcovas@gmail.com','+420721954799','cv/ec8a739511e33c5cb2cbf4d994f40bb0/cheesecake zdravý Simona.docx','','Zkouška signálu!\r\nŘekni, zda funguje vše jak má!\r\nDíky dík\r\nŠÁRKA ','2018-09-05 11:07:44',NULL),
	(11,'Java Fullstack Developer with Angular','Tereza Jarolímková','tereza.jarolimkova@acamar.cz','Anna','Vacíková','Anna.Vacikova@acamar.cz','773993450','','','zkouš zkouška ','2018-09-05 12:22:02',NULL),
	(12,'Senior Tester with the knowledge of test automation','Anna Vacíková','anna.vacikova@acamar.cz','Šárka','Bláhovcová','blahovcovas@gmail.com','721','cv/d7845727ca817243af6bda82678eeed6/Adastra_zeny v ADA_Pabeni_0.3.docx','','Test Andulko','2018-09-05 12:45:40',NULL),
	(13,'Senior Tester with the knowledge of test automation','Anna Vacíková','anna.vacikova@acamar.cz','Šárka','Bláhovcová','blahovcovas@gmail.com','721','cv/d7845727ca817243af6bda82678eeed6/Adastra_zeny v ADA_Pabeni_0.3_tStIXOG.docx','','Test Andulko','2018-09-05 12:45:55',NULL),
	(14,'Senior Tester with the knowledge of test automation','Anna Vacíková','anna.vacikova@acamar.cz','Šárka','Bláhovcová','blahovcovas@gmail.com','721','cv/ec8a739511e33c5cb2cbf4d994f40bb0/cheesecake zdravý Simona_8Wm5qaA.docx','https://www.linkedin.com/','Andulko,\r\ntoto je test. Přikládám odkaz na homepage LinkedInu a recept na koláč místo CV. Reportuj, zda to přišlo tak, jak mělo :) Přepošli asi Peťě.\r\n\r\nDíky,\r\nŠárka','2018-09-06 23:44:13',NULL),
	(15,'Java BE Developer','Michala Klapalová','michala.klapalova@acamar.cz','Michala','Testovací','valovamisa@seznam.cz','728218200','cv/aa1bebf91db75cfdc2288a2899658702/Přihláška 2016.pdf','https://www.linkedin.com/feed/','Test test test','2018-09-07 06:51:57',NULL),
	(16,'Java BE Developer','Michala Klapalová','michala.klapalova@acamar.cz','Michala','Testovací IE','valovamisa@seznam.cz','728218200','cv/cf996ff7f316b022700aefff532fd5bb/Manual_IT_ACZ.pdf','','test test v IE','2018-09-07 08:20:27',NULL),
	(17,'Java Fullstack Developer with Angular','Tereza Jarolímková','tereza.jarolimkova@acamar.cz','fdsg','gsfs','info@prague-airport-transfers.co.uk','+420737657405','cv/1d5a5f79481a6f3a1348a84628df7b51/foto Tereza maly.pdf','','jžrjhsy','2018-09-07 08:40:17',NULL),
	(18,'Java Fullstack Developer with Angular','Tereza Jarolímková','tereza.jarolimkova@acamar.cz','xx','asd','jan.sehnoutka@proboston.net','123456789','','','','2018-09-12 08:21:02',NULL),
	(19,'Java Fullstack Developer with Angular','Tereza Jarolímková','tereza.jarolimkova@acamar.cz','Šárka','Bláhovcová','blahovcovas@gmail.com','+420721954799','cv/eff9ee404af5ba7cd63145d7f0984f5d/hodnpraxe.docx','','Ahoh,\r\ntoto je test a měl by přijít s přílohou!\r\nDěkuji a konec hlášení\r\nŠárinka','2018-10-08 14:48:09',NULL),
	(20,'Business Analyst (Connectivity and Telematics) Solutions','Tereza Jarolímková','tereza.jarolimkova@acamar.cz','Šárka','Bláhovcová','sarka.blahovcova@adastragrp.com','721','cv/951429bfa04194c83f53041a98fa3685/JD_Big_Data_administrator.pdf','https://www.linkedin.com/in/charbel-sarkis-45a26b11a/','Ahoj terunko,\r\ntoto je test i s přílohou.\r\nZkus plís a dej mi věděgt.\r\n\r\njust in case - znáš to... ','2018-10-30 09:15:03',NULL),
	(21,'Java Developer – IoT Solutions','Tereza Jarolímková','tereza.jarolimkova@acamar.cz','test','test','tereza.jarolimkova@gmail.com','test','cv/841b28bb406f470cfa6f2d0255d26165/Nameplate N815062.pdf','','testuj testuj','2018-11-01 15:11:25',NULL),
	(22,'DevOps Automation Engineer','Michala Klapalová','michala.klapalova@acamar.cz','Test Michala','Test Valova','valovamisa@seznam.cz','7','cv/095cd728062bd60f7ab163091200948d/Time sheet.pdf','https://www.linkedin.com/in/ruslan-nikolov-737401b9/','test test','2018-11-02 08:57:03',NULL),
	(23,'DevOps Automation Engineer','Michala Klapalová','michala.klapalova@acamar.cz','Test Michala2','Test Valova2','valovamisa@seznam.cz','7','cv/b7734c9427c9f2d348d28955d17722a6/DB Test Kočí mpdf.pdf','https://www.linkedin.com/in/ruslan-nikolov-737401b9/','test test 2','2018-11-02 10:50:28',NULL),
	(24,'Angular 2+/Python Developer','Kateřina Palečková','Katerina.Paleckova@acamar.cz','Šárka','Bláhovcová','blahovcovas@gmail.com','+420721954799','cv/80315d25f28fa970df0e32d35c959f87/A5-inzerat-FORMULAR.pdf','https://www.linkedin.com/in/charbel-sarkis-45a26b11a/','Ahoj Kačko,\r\ntohle je test - odpověz mi prosím zpět :) Zkus jestli funguje odkaz i příloha.\r\n\r\nDíky,\r\nŠárka\r\n','2018-11-06 15:07:16',NULL),
	(25,'DevOps Automation Engineer','Michala Klapalová','michala.klapalova@acamar.cz','Vojtěch','Kozelka','v.kozelka@seznam.cz','724270390','cv/699a01b3627b315a5451619677cfc878/CV_en.pdf','','','2018-11-07 06:55:28',NULL),
	(26,'Technical Test Engineer','Michala Klapalová','michala.klapalova@acamar.cz','Michala test','Klapalová Test','valovamisa@seznam.cz','555','cv/095cd728062bd60f7ab163091200948d/Time sheet_K32WoJh.pdf','','test','2018-11-07 13:41:54',NULL),
	(27,'DWH Analytik/Consultant','Kateřina Palečková','Katerina.Paleckova@acamar.cz','Ladislav','Čarnoky','ladislav.carnoky@gmail.com','725579914','cv/e21832dc5d432f87d6895c8f7155a3be/Carnoky.Ladislav.pdf','https://www.linkedin.com/in/ladislav-%C4%8Darnoky-0738613/','Dobrý deň.\r\nKončí mi kontrakt DWH Analytika a chcem sa tejto oblasti venovať aj na ďalšom mieste, preto ma zaujala táto pozícia. Verím že využijem svoje skúsenosti a získam ďalšie na uvedenej pozícii.\r\nS pozdravem\r\nČarnoky Ladislav','2018-11-28 13:54:45',NULL),
	(28,'Java Fullstack Developer with Angular','Tereza Jarolímková','tereza.jarolimkova@acamar.cz','test','test','test@test.cz','111222333','','','test','2018-12-05 12:43:21',NULL),
	(29,'Software Tester','Michala Klapalová','michala.klapalova@acamar.cz','Michala test','Klapalová','michala.klapalova@acamar.cz','7643564367467365','cv/087b386b1a6df9964dc9229357eb1b98/Software Tester (002).pdf','','test test ','2018-12-05 15:16:59',NULL),
	(30,'IT Project Manager pro oblast datových skladů a BI','Lucie Staňková','Lucie.Stankova@acamar.cz','Lucie','Staňková','lucie.stankova@acamar.cz','724271755','','','TEST','2019-01-08 17:22:23',NULL),
	(31,'DevOps Automation Engineer','Michala Klapalová','michala.klapalova@acamar.cz','Marek','Henzl','henzlmarek@gmail.com','608944719','cv/614149b4a22e332a9ba556435adbccf1/CV_Henzl_2018_EN.pdf','https://www.linkedin.com/in/marek-henzl-518aaba7','','2019-01-09 16:44:33',NULL),
	(32,'Software Tester','Michala Klapalová','michala.klapalova@acamar.cz','Marek','Henzl','henzlmarek@gmail.com','608944719','cv/614149b4a22e332a9ba556435adbccf1/CV_Henzl_2018_EN_CHxpUbo.pdf','https://www.linkedin.com/in/marek-henzl-518aaba7','','2019-01-09 16:47:00',NULL),
	(33,'Software Tester','Michala Klapalová','michala.klapalova@acamar.cz','Šárka','Bláhovcová','blahovcovas@gmail.com','+420721954799','cv/993a23c4e954ab8dcf074b1693e57c63/vpp-2018-organizacni-informace (2).doc','https://www.linkedin.com/in/nicolas-brito-889ba576','Ahoj Míšo,\r\nprosím potvrď mi přijetí tohoto emailu :) Zkoušeka sirén. \r\nDíky moc,\r\nŠárka','2019-01-10 12:59:17',NULL),
	(34,'Office Assistant','Veronika Benáčková','veronika.benackova@acamar.cz','Klára','Kolaříková','kolarikovaklara1@gmail.com','+420724685206','cv/62f108c6102d6512023c2c1791e1b74c/ŽIVOTOPIS.docx','','Vážená paní Benáčková,\r\n\r\nse zájmem o pozici Office Assistant, jsem se rozhodla zareagovat na Váš inzerát, který splňuje mojí představu o pestrém, dlouhodobém a stabilním zaměstnání, s možností dalšího osobního rozvoje.\r\nVelice ráda bych zde uplatnila své, převážně administrativní a komunikační dovednosti, ať už v českém, tak i v anglickém jazyce. Jinak preferuji samostatnou organizaci jednotlivých úkonů, vyplývající z pracovní náplně.\r\nMomentálně pracuji na Dohodu, v rámci jednoho vzdělávacího projektu a snažím se aktivně hledat ideální pracovní příležitost.\r\nV příloze zasílám svůj životopis k nahlédnutí.\r\n\r\nPředem děkuji za Vaší odpověď.\r\n\r\nS pozdravem a přáním krásného dne\r\nKlára Kolaříková','2019-02-14 10:51:14',NULL),
	(35,'BI Report Builder','Lucie Staňková','Lucie.Stankova@acamar.cz','BuySEOTools.Org','BuySEOTools.Org','hello@buyseotools.org','0688 684 54 76','','','Hello,\r\n\r\nHow are you dear?\r\n\r\nI am just contacting to you because you are in the field of digital marketing.\r\n\r\nYou may know or need Ahrefs tool?\r\n\r\nWe provide it at just $10/month: https://buyseotools.org\r\n\r\nIf you have any question just contact us;\r\n\r\nEmail: buyseotools.org@gmail.com\r\nSkype: live:buyseotools.org\r\n\r\nRegards,\r\nBuySEOTools Team\r\nhttps://www.buyseotools.org','2019-03-19 22:18:57',877),
	(36,'Senior MS Dynamics CRM Developer','Michala Klapalová','michala.klapalova@acamar.cz','Paige Field','Paige Field','paige.field@googlemail.com','09201 50 44 56','','','www.cmspojie.com - CMS破解站提供世界顶级设计师的无限网站模板，Wordpress主题，Opencart主题,Magento主题,Prestashop主题，Shopify主题，HTML网站模板，各种CMS模板资源尽在CMS破解站!\r\n高端网站设计\r\nwordpress模板\r\nmagento\r\nmagento模板\r\nshopify插件','2019-04-09 16:11:35',NULL),
	(37,'Recruiter for Russian-speaking markets','Lucie Staňková','Lucie.Stankova@acamar.cz','Fidan','Zohrabova','fidan.zohrabova@gmail.com','+994515222772','cv/81748c2969521f4191766a779b580f77/Fidan ZOHRABOVA\'s Resume.pdf','https://www.linkedin.com/in/fidan-zohrabova-95b454131/','Dear Ms. Staňková ,\r\n\r\nGood afternoon!\r\n\r\nI would like to introduce myself as a perfect candidate for Recruiter for Russian-speaking markets position in your company with professional attitude and fluent English, native Russian skills. With my education and work experience, I am confident in my ability and very motivated to be beneficial for you and be a great part of Acamar family.\r\n\r\nAt my previous role, I was part of the Operations Secretariat Team at the Baku Expo 2025 Azerbaijan (World Expo Candidate city) project. I effectively performed tasks such as organizing meetings of VIP customers’ with Task Force Members and Executive Director on behalf of Expo 2025, as well as paperwork, filing, managing all incoming calls and emails, drafting of documents and their archiving, scheduling events, organizing dinners and luncheons on governmental level, setting up catering and rooms for company events, update of events calendar and contacts of delegates worldwide, ordering supplies such as collateral, backdrops, VIP gifts for Expo delegates.\r\n\r\nI graduated from Università della Svizzera Italiana (Switzerland, Ticino, Lugano city) and holding a Master degree in Management. I also have a Bachelor degree in Business Administration. The nature of my degree course has prepared me for this position. I am a conscientious person who works hard and pays attention to detail. I am flexible, quick to pick up new skills and eager to learn from others. As well as I am able to take on the responsibility of this position immediately, and have the enthusiasm and determination to ensure that I make a\r\nsuccess of it.\r\n\r\nCurrently, I am working at Formula 1 and Azerbaijan Grand Prix (Baku City Circuit Operations Company) as a Corporate Sales Supervisor and will be done with my job at the end of April. I am in charge of working with VIP guests: providing tickets on Paddock Club, Crystal Hall Sky Boxes and VIP Corporate Boxes, VIP Lounge. Additionally, accommodation of celebrities and VIP guests in the Hotels, meeting their needs, solving problems upon receipts, as well as meeting and greeting on event dates.\r\n\r\nI also had an amazing opportunity to have 3 months Internship Program in the Marketing Department in Vicenza, Italy at luxury Jewelry Company called Roberto Coin S.p.A. I was working with personal project and was in charge of preparing Presentation (including financial report) of the new concept of the store for future clients.\r\n\r\nThank you for your time and consideration.\r\n\r\nI look forward to hearing from you.\r\n\r\nSincerely,\r\n\r\nFidan ZOHRABOVA.','2019-04-13 08:05:22',885),
	(38,'Account Manager/Project Manager','Veronika Benáčková','veronika.benackova@acamar.cz','Blanka','Rubišová','blanka.rubisova@gmail.com','725945457','','','test ohledne gdpr','2019-05-02 19:05:34',NULL),
	(39,'Recruiter for Russian-speaking markets','Tereza Jarolímková','tereza.jarolimkova@acamar.cz','Sabine','Volkova','sabine.15.09.v@gmail.com','+37127307571','cv/b7514b4d364dd297c60a1b71a1be40f0/cv111.docx','','','2019-05-19 10:29:16',885),
	(40,'Recruiter for Russian-speaking markets','Tereza Jarolímková','tereza.jarolimkova@acamar.cz','Andrey','Murintsev','andrey.murintsev@gmail.com','776101840','cv/b9e3675f0a82d6aaea12b49136f492b2/CV Andrey Murintsev.pdf','','','2019-06-09 18:33:07',884),
	(41,'Recruiter for Russian-speaking markets','Tereza Jarolímková','tereza.jarolimkova@acamar.cz','Saya','Sergebayeva','sergebayeva.s@gmail.com','+420 775 524 150','cv/a2c4ecc7341bfc9342d2d339e30453ce/CV Eng..pdf','','\r\n','2019-06-15 10:52:23',884),
	(42,'JavaScript Developer','Gabriela Skálová','Gabriela.Skalova@acamar.cz','Šárka','Bláhovcová','blahovcovas@gmail.com','721','','','Ahoj Gábi,\r\ntohle je zkouška spojení - dej mi vědět prosím, jestli Ti přišla...\r\nDíky,\r\nŠárka','2019-06-26 13:26:08',916);

/*!40000 ALTER TABLE `acamar_api_positionapply` ENABLE KEYS */;
UNLOCK TABLES;


# Dump of table acamar_api_positioncategory
# ------------------------------------------------------------

DROP TABLE IF EXISTS `acamar_api_positioncategory`;

CREATE TABLE `acamar_api_positioncategory` (
  `id` int(11) NOT NULL AUTO_INCREMENT,
  `name` varchar(254) NOT NULL,
  `name_cs` varchar(254) DEFAULT NULL,
  `name_en` varchar(254) DEFAULT NULL,
  `name_ru` varchar(254) DEFAULT NULL,
  PRIMARY KEY (`id`)
) ENGINE=InnoDB DEFAULT CHARSET=utf8;

LOCK TABLES `acamar_api_positioncategory` WRITE;
/*!40000 ALTER TABLE `acamar_api_positioncategory` DISABLE KEYS */;

INSERT INTO `acamar_api_positioncategory` (`id`, `name`, `name_cs`, `name_en`, `name_ru`)
VALUES
	(1,'Vývoj a databáze','Vývoj a databáze','Vývoj a databáze','Vývoj a databáze'),
	(2,'Analýza','Analýza','Analýza','Analýza'),
	(3,'Front-end design','Front-end design','Front-end design','Front-end design'),
	(4,'BI, DWH, Big Data','BI, DWH, Big Data','BI, DWH, Big Data','BI, DWH, Big Data'),
	(5,'Testing','Testing','Testing','Testing'),
	(6,'Systémová administrace','Systémová administrace','Systémová administrace','Systémová administrace'),
	(7,'Projektový management & PMO','Projektový management & PMO','Projektový management & PMO','Projektový management & PMO'),
	(8,'Others','Others','Others','Others');

/*!40000 ALTER TABLE `acamar_api_positioncategory` ENABLE KEYS */;
UNLOCK TABLES;


# Dump of table acamar_api_positionpact
# ------------------------------------------------------------

DROP TABLE IF EXISTS `acamar_api_positionpact`;

CREATE TABLE `acamar_api_positionpact` (
  `id` int(11) NOT NULL AUTO_INCREMENT,
  `name` varchar(254) NOT NULL,
  `name_cs` varchar(254) DEFAULT NULL,
  `name_en` varchar(254) DEFAULT NULL,
  `name_ru` varchar(254) DEFAULT NULL,
  PRIMARY KEY (`id`)
) ENGINE=InnoDB DEFAULT CHARSET=utf8;

LOCK TABLES `acamar_api_positionpact` WRITE;
/*!40000 ALTER TABLE `acamar_api_positionpact` DISABLE KEYS */;

INSERT INTO `acamar_api_positionpact` (`id`, `name`, `name_cs`, `name_en`, `name_ru`)
VALUES
	(1,'IČO','IČO','IČO','IČO'),
	(2,'DPP','DPP','DPP','DPP'),
	(3,'HPP','HPP','HPP','HPP');

/*!40000 ALTER TABLE `acamar_api_positionpact` ENABLE KEYS */;
UNLOCK TABLES;


# Dump of table acamar_api_positiontechnology
# ------------------------------------------------------------

DROP TABLE IF EXISTS `acamar_api_positiontechnology`;

CREATE TABLE `acamar_api_positiontechnology` (
  `id` int(11) NOT NULL AUTO_INCREMENT,
  `name` varchar(254) NOT NULL,
  `name_cs` varchar(254) DEFAULT NULL,
  `name_en` varchar(254) DEFAULT NULL,
  `name_ru` varchar(254) DEFAULT NULL,
  PRIMARY KEY (`id`)
) ENGINE=InnoDB DEFAULT CHARSET=utf8;

LOCK TABLES `acamar_api_positiontechnology` WRITE;
/*!40000 ALTER TABLE `acamar_api_positiontechnology` DISABLE KEYS */;

INSERT INTO `acamar_api_positiontechnology` (`id`, `name`, `name_cs`, `name_en`, `name_ru`)
VALUES
	(1,'DWH','DWH','DWH','DWH'),
	(2,'SQL','SQL','SQL','SQL'),
	(3,'BI','BI','BI','BI'),
	(5,'Java','Java','Java','Java'),
	(6,'ETL','ETL','ETL','ETL'),
	(7,'OLAP','OLAP','OLAP','OLAP'),
	(8,'Oracle','Oracle','Oracle','Oracle'),
	(9,'Spring','Spring','Spring','Spring'),
	(11,'SVN','SVN','SVN','SVN'),
	(14,'Git','Git','Git','Git'),
	(18,'ASP.NET','ASP.NET','ASP.NET','ASP.NET'),
	(19,'HTML','HTML','HTML','HTML'),
	(20,'CSS','CSS','CSS','CSS'),
	(25,'MS SQL','MS SQL','MS SQL','MS SQL'),
	(28,'C#','C#','C#','C#'),
	(29,'Angular','Angular','Angular','Angular'),
	(30,'React','React','React','React'),
	(31,'JavaScript','JavaScript','JavaScript','JavaScript'),
	(32,'UML','UML','UML','UML'),
	(33,'EA','EA','EA','EA'),
	(34,'NodeJS','NodeJS','NodeJS','NodeJS'),
	(35,'MS SQL Server','MS SQL Server','MS SQL Server','MS SQL Server'),
	(36,'PowerDesigner','PowerDesigner','PowerDesigner','PowerDesigner'),
	(37,'PRINCE2','PRINCE2','PRINCE2','PRINCE2'),
	(38,'PMI','PMI','PMI','PMI'),
	(39,'ITIL','ITIL','ITIL','ITIL'),
	(40,'Scrum','Scrum','Scrum','Scrum'),
	(41,'Tomcat','Tomcat','Tomcat','Tomcat'),
	(42,'JIRA','JIRA','JIRA','JIRA'),
	(43,'Android','Android','Android','Android'),
	(45,'iOS','iOS','iOS','iOS'),
	(46,'Hadoop','Hadoop','Hadoop','Hadoop'),
	(47,'PHP','PHP','PHP','PHP'),
	(48,'Selenium','Selenium','Selenium','Selenium'),
	(53,'Shell-scripting','Shell-scripting','Shell-scripting','Shell-scripting'),
	(54,'Linux','Linux','Linux','Linux'),
	(55,'SoapUI','SoapUI','SoapUI','SoapUI'),
	(56,'SubVersion','SubVersion','SubVersion','SubVersion'),
	(57,'Vue.js','Vue.js','Vue.js','Vue.js'),
	(58,'TeamCity','TeamCity','TeamCity','TeamCity'),
	(59,'ClearCase','ClearCase','ClearCase','ClearCase'),
	(60,'Confluence','Confluence','Confluence','Confluence'),
	(61,'SonarQube','SonarQube','SonarQube','SonarQube'),
	(62,'DevOps','DevOps','DevOps','DevOps'),
	(63,'REST','REST','REST','REST'),
	(64,'MVVM','MVVM','MVVM','MVVM'),
	(65,'Fastlane','Fastlane','Fastlane','Fastlane'),
	(66,'Swift','Swift','Swift','Swift'),
	(67,'CocoaPods','CocoaPods','CocoaPods','CocoaPods'),
	(70,'Python','Python','Python','Python'),
	(71,'Angular 2+','Angular 2+','Angular 2+','Angular 2+'),
	(76,'IBM Cognos TM1','IBM Cognos TM1','IBM Cognos TM1','IBM Cognos TM1'),
	(77,'IBM Cognos Planning','IBM Cognos Planning','IBM Cognos Planning','IBM Cognos Planning'),
	(78,'Unix','Unix','Unix','Unix'),
	(79,'PL/SQL','PL/SQL','PL/SQL','PL/SQL'),
	(80,'Linux','Linux','Linux','Linux'),
	(81,'Debian','Debian','Debian','Debian'),
	(82,'Docker','Docker','Docker','Docker'),
	(83,'jUnit','jUnit','jUnit','jUnit'),
	(84,'XML','XML','XML','XML'),
	(85,'JSON','JSON','JSON','JSON'),
	(86,'Maven','Maven','Maven','Maven'),
	(87,'Gradle','Gradle','Gradle','Gradle'),
	(88,'Jenkins','Jenkins','Jenkins','Jenkins'),
	(89,'Redux','Redux','Redux','Redux'),
	(90,'Kotlin','Kotlin','Kotlin','Kotlin'),
	(91,'Spring Boot','Spring Boot','Spring Boot','Spring Boot'),
	(92,'.NET','.NET','.NET','.NET'),
	(93,'Angular','Angular','Angular','Angular'),
	(94,'Power BI','Power BI','Power BI','Power BI'),
	(95,'SSAS','SSAS','SSAS','SSAS'),
	(96,'SSRS','SSRS','SSRS','SSRS'),
	(97,'MDX','MDX','MDX','MDX'),
	(98,'NGINX','NGINX','NGINX','NGINX'),
	(101,'Redis','Redis','Redis','Redis'),
	(102,'ELK','ELK','ELK','ELK'),
	(103,'RabbitMQ','RabbitMQ','RabbitMQ','RabbitMQ'),
	(104,'MySQL','MySQL','MySQL','MySQL'),
	(105,'SOAP','SOAP','SOAP','SOAP'),
	(107,'NoSQL databases','NoSQL databases','NoSQL databases','NoSQL databases'),
	(108,'Grafana','Grafana','Grafana','Grafana'),
	(109,'Containers','Containers','Containers','Containers'),
	(110,'Bitbucket','Bitbucket','Bitbucket','Bitbucket'),
	(111,'Spark','Spark','Spark','Spark'),
	(112,'Scala','Scala','Scala','Scala'),
	(113,'JSON','JSON','JSON','JSON'),
	(114,'SharePoint','SharePoint','SharePoint','SharePoint'),
	(115,'HW','HW','HW','HW'),
	(116,'Eclipse','Eclipse','Eclipse','Eclipse'),
	(117,'Struts','Struts','Struts','Struts'),
	(118,'JSP','JSP','JSP','JSP'),
	(119,'JDBC','JDBC','JDBC','JDBC'),
	(120,'Openadaptor','Openadaptor','Openadaptor','Openadaptor'),
	(121,'Web Services','Web Services','Web Services','Web Services'),
	(122,'PrimeFaces','PrimeFaces','PrimeFaces','PrimeFaces'),
	(123,'Perl','Perl','Perl','Perl'),
	(124,'jQuery','jQuery','jQuery','jQuery'),
	(125,'Symphony','Symphony','Symphony','Symphony');

/*!40000 ALTER TABLE `acamar_api_positiontechnology` ENABLE KEYS */;
UNLOCK TABLES;


# Dump of table acamar_api_recruiter
# ------------------------------------------------------------

DROP TABLE IF EXISTS `acamar_api_recruiter`;

CREATE TABLE `acamar_api_recruiter` (
  `id` int(11) NOT NULL AUTO_INCREMENT,
  `first_name` varchar(255) NOT NULL,
  `second_name` varchar(255) NOT NULL,
  `image_id` int(11) NOT NULL,
  PRIMARY KEY (`id`),
  UNIQUE KEY `acamar_api_recruiter_first_name_15fecf9018256a47_uniq` (`first_name`,`second_name`),
  KEY `acamar_api_recruiter_f33175e6` (`image_id`),
  CONSTRAINT `acamar_api__image_id_667011ec735f2f70_fk_filer_image_file_ptr_id` FOREIGN KEY (`image_id`) REFERENCES `filer_image` (`file_ptr_id`)
) ENGINE=InnoDB DEFAULT CHARSET=utf8;

LOCK TABLES `acamar_api_recruiter` WRITE;
/*!40000 ALTER TABLE `acamar_api_recruiter` DISABLE KEYS */;

INSERT INTO `acamar_api_recruiter` (`id`, `first_name`, `second_name`, `image_id`)
VALUES
	(1,'Michala','Klapalová',139),
	(2,'Tereza','Jarolímková',142),
	(3,'Lucie','Staňková',135),
	(4,'Anna','Vacíková',127),
	(5,'Veronika','Benáčková',143);

/*!40000 ALTER TABLE `acamar_api_recruiter` ENABLE KEYS */;
UNLOCK TABLES;


# Dump of table acamar_web_acafriendcard
# ------------------------------------------------------------

DROP TABLE IF EXISTS `acamar_web_acafriendcard`;

CREATE TABLE `acamar_web_acafriendcard` (
  `cmsplugin_ptr_id` int(11) NOT NULL,
  `author` varchar(254) NOT NULL,
  `author_position` varchar(254) NOT NULL,
  `text` longtext NOT NULL,
  `image_id` int(11) NOT NULL,
  PRIMARY KEY (`cmsplugin_ptr_id`),
  KEY `acamar_web_acafriendcard_f33175e6` (`image_id`),
  CONSTRAINT `acamar_web_cmsplugin_ptr_id_3b0bb48435be214c_fk_cms_cmsplugin_id` FOREIGN KEY (`cmsplugin_ptr_id`) REFERENCES `cms_cmsplugin` (`id`),
  CONSTRAINT `acamar_web__image_id_687d43e63eab06a2_fk_filer_image_file_ptr_id` FOREIGN KEY (`image_id`) REFERENCES `filer_image` (`file_ptr_id`)
) ENGINE=InnoDB DEFAULT CHARSET=utf8;

LOCK TABLES `acamar_web_acafriendcard` WRITE;
/*!40000 ALTER TABLE `acamar_web_acafriendcard` DISABLE KEYS */;

INSERT INTO `acamar_web_acafriendcard` (`cmsplugin_ptr_id`, `author`, `author_position`, `text`, `image_id`)
VALUES
	(137,'Vojtěch Kotous','Business Analyst','„S Acamarem spolupracuji, protože vím, že se na ně mohu spolehnout. Vše začalo výběrem prvního projektu, jehož náplň mě zaujala. Vždy platí v termínu a plní dohody i jen na základě podání ruky. Kdo vám takový individuální servis dnes poskytne? I proto s Acamarem spolupracuji již od roku 2013.“',120),
	(138,'Tomaš Grošup','Business Analyst / Senior .NET Developer','„S Acamarem spolupracuji 3,5 roku a nemohu si vynachválit bezproblémovou spolupráci a perfektní dodržování termínů. Navíc hlídají i mé povinnosti a já mám tak o starost méně.“',119),
	(139,'Andrei Sokolov','Java Developer','„Acamar has given me a great opportunity to move to the Czech Republic. They took care of all the paperwork and accompanied the whole process of relocation with the necessary documents and clear instructions. Many great specialists work with Acamar out-staffing different projects, we meet regularly in a friendly atmosphere. It is really nice to live and work here.“',121),
	(272,'Marek Novák','CRM Data Analyst v Air Bank','\"Kurzy byly super, předčily má očekávání. Byly dělané hravou formou, teorii jsme čerpali z praxe a zkušeností naší skvělé lektorky. Byl jsem v této oblasti naprostý začátečník. Díky kurzu jsem si našel práci, která mě baví a našel jsem v ní své druhé já.\"',118),
	(273,'Alžběta Žembová','Testerka v Adastře','\"Školenia ma naučili písať test case, čo je vlastne bug,  a taktiež aj pracovať so systémom Jira alebo SoapUI. Lektorka je veľmi milá a dokáže učivo kvalitne vysvetliť aj úplným začiatočníkom v oblasti IT. Nakoniec mi spoločnosť Acamar našla skvelú prácu na pozícii testera, kde som veľmi spokojná.\"',117),
	(1187,'Vojtěch Kotous','Business Analyst','\"We cooperate with Acamar because I know we can rely on them. It all began with selecting the first project that I was interested in. They always pay on time and fulfil agreements even if they are only based on a handshake. Who provides you with such service nowadays? This is also why we have been cooperating with Acamar since 2013.\"',120),
	(1188,'Tomaš Grošup','Business Analyst / Senior .NET Developer','\"I have been cooperating with Acamar for 3.5 years and I couldn\'t be happier with our cooperation. They meet deadlines perfectly. They also look after my obligations, so that is one less thing for me to worry about.\"',119),
	(1189,'Andrei Sokolov','Java Developer','\"Acamar has given me a great opportunity to move to the Czech Republic. They took care of all the paperwork and accompanied the whole process of relocation with the necessary documents and clear instructions. Many great specialists work with Acamar out-staffing different projects, we meet regularly in a friendly atmosphere. It is really nice to live and work here.\"',121),
	(1232,'Karek Novák','CRM Data Analyst v Air Bank','Kurzy byly super, předčily má očekávání. Byly dělané hravou formou, teorii jsme čerpali z praxe a zkušeností naší skvělé lektorky. Byl jsem v této oblasti naprostý začátečník. Díky kurzu jsem si našel práci, která mě baví a našel jsem v ní své druhé já.',118),
	(1233,'Alžběta Žembová','Testerka v Adastře','Školenia ma naučili písať test case, čo je vlastne bug,  a taktiež aj pracovať so systémom Jira alebo SoupUi. Lektorka je veľmi milá a dokáže učivo kvalitne vysvetliť aj úplným začiatočníkom v oblasti IT. Nakoniec mi spoločnosť Acamar našla skvelú prácu na pozícii testera, kde som veľmi spokojná.',117),
	(1282,'Войтех Котоус','Бизнес-аналитик','«С компанией «Acamar» я сотрудничаю, так как знаю, что на них можно положиться. Все началось при выборе первого проекта, содержание которого меня заинтересовало. Компания выполняет все договоренности, включая неформальные, счета оплачивает в срок. Кто вам в настоящее время предоставит такой сервис? И поэтому я сотрудничаю с компанией Acamar уже с 2013 года».',120),
	(1283,'Томаш Грошуп','Бизнес-аналитик / Старший .NET разработчик','«С компанией Аcamar я сотрудничаю уже 3,5 года и очень доволен безупречным сотрудничеством и соблюдением сроков. Компания, кроме прочего, следит и за выполнением моих обязанностей, освобождая меня от лишних забот».',119),
	(1284,'Андрей Соколов','Java Developer','\"Acamar has given me a great opportunity to move to the Czech Republic. They took care of all the paperwork and accompanied the whole process of relocation with the necessary documents and clear instructions. Many great specialists work with Acamar out-staffing different projects, we meet regularly in a friendly atmosphere. It is really nice to live and work here.\"',121),
	(1327,'Марек Новак','CRM Data Analyst - Air Bank','«Курсы были супер, превзошли все мои ожидания. Были сделаны игровой формой, теорию мы получали из практики и опыта нашего великолепного лектора. Я был в этой сфере абсолютный новичок. Благодаря курсу я нашел работу, которая мне нравится, и я нашел в ней свое второе я.»',118),
	(1328,'Алжбета Жембова','Tестировщик - Adastra','«Тренинг научил меня писать тестовый кейс, который на самом деле является багом, а также работать с системой Jira, или SoapUI. Лектор очень добр и способен хорошо объяснить учебу даже полноценному новичку в сфере IT. Наконец, мне компания Acamar нашла отличную работу на посту тестировщика, где я очень довольная.»',117),
	(4130,'Karek Novák','CRM Data Analyst v Air Bank','Kurzy byly super, předčily má očekávání. Byly dělané hravou formou, teorii jsme čerpali z praxe a zkušeností naší skvělé lektorky. Byl jsem v této oblasti naprostý začátečník. Díky kurzu jsem si našel práci, která mě baví a našel jsem v ní své druhé já.',118),
	(4131,'Alžběta Žembová','Testerka v Adastře','Školenia ma naučili písať test case, čo je vlastne bug,  a taktiež aj pracovať so systémom Jira alebo SoupUi. Lektorka je veľmi milá a dokáže učivo kvalitne vysvetliť aj úplným začiatočníkom v oblasti IT. Nakoniec mi spoločnosť Acamar našla skvelú prácu na pozícii testera, kde som veľmi spokojná.',117),
	(4647,'Марек Новак','CRM Data Analyst - Air Bank','«Курсы были супер, превзошли все мои ожидания. Были сделаны игровой формой, теорию мы получали из практики и опыта нашего великолепного лектора. Я был в этой сфере абсолютный новичок. Благодаря курсу я нашел работу, которая мне нравится, и я нашел в ней свое второе я.»',118),
	(4648,'Алжбета Жембова','Tестировщик - Adastra','«Тренинг научил меня писать тестовый кейс, который на самом деле является багом, а также работать с системой Jira, или SoapUI. Лектор очень добр и способен хорошо объяснить учебу даже полноценному новичку в сфере IT. Наконец, мне компания Acamar нашла отличную работу на посту тестировщика, где я очень довольная.»',117),
	(4824,'Vojtěch Kotous','Business Analyst','„S Acamarem spolupracuji, protože vím, že se na ně mohu spolehnout. Vše začalo výběrem prvního projektu, jehož náplň mě zaujala. Vždy platí v termínu a plní dohody i jen na základě podání ruky. Kdo vám takový individuální servis dnes poskytne? I proto s Acamarem spolupracuji již od roku 2013.“',120),
	(4825,'Tomaš Grošup','Business Analyst / Senior .NET Developer','„S Acamarem spolupracuji 3,5 roku a nemohu si vynachválit bezproblémovou spolupráci a perfektní dodržování termínů. Navíc hlídají i mé povinnosti a já mám tak o starost méně.“',119),
	(4826,'Andrei Sokolov','Java Developer','„Acamar has given me a great opportunity to move to the Czech Republic. They took care of all the paperwork and accompanied the whole process of relocation with the necessary documents and clear instructions. Many great specialists work with Acamar out-staffing different projects, we meet regularly in a friendly atmosphere. It is really nice to live and work here.“',121),
	(4846,'Vojtěch Kotous','Business Analyst','\"We cooperate with Acamar because I know we can rely on them. It all began with selecting the first project that I was interested in. They always pay on time and fulfil agreements even if they are only based on a handshake. Who provides you with such service nowadays? This is also why we have been cooperating with Acamar since 2013.\"',120),
	(4847,'Tomaš Grošup','Business Analyst / Senior .NET Developer','\"I have been cooperating with Acamar for 3.5 years and I couldn\'t be happier with our cooperation. They meet deadlines perfectly. They also look after my obligations, so that is one less thing for me to worry about.\"',119),
	(4848,'Andrei Sokolov','Java Developer','\"Acamar has given me a great opportunity to move to the Czech Republic. They took care of all the paperwork and accompanied the whole process of relocation with the necessary documents and clear instructions. Many great specialists work with Acamar out-staffing different projects, we meet regularly in a friendly atmosphere. It is really nice to live and work here.\"',121),
	(4909,'Marek Novák','CRM Data Analyst v Air Bank','\"Kurzy byly super, předčily má očekávání. Byly dělané hravou formou, teorii jsme čerpali z praxe a zkušeností naší skvělé lektorky. Byl jsem v této oblasti naprostý začátečník. Díky kurzu jsem si našel práci, která mě baví a našel jsem v ní své druhé já.\"',118),
	(4910,'Alžběta Žembová','Testerka v Adastře','\"Školenia ma naučili písať test case, čo je vlastne bug,  a taktiež aj pracovať so systémom Jira alebo SoapUI. Lektorka je veľmi milá a dokáže učivo kvalitne vysvetliť aj úplným začiatočníkom v oblasti IT. Nakoniec mi spoločnosť Acamar našla skvelú prácu na pozícii testera, kde som veľmi spokojná.\"',117),
	(4967,'Войтех Котоус','Бизнес-аналитик','«С компанией «Acamar» я сотрудничаю, так как знаю, что на них можно положиться. Все началось при выборе первого проекта, содержание которого меня заинтересовало. Компания выполняет все договоренности, включая неформальные, счета оплачивает в срок. Кто вам в настоящее время предоставит такой сервис? И поэтому я сотрудничаю с компанией Acamar уже с 2013 года».',120),
	(4968,'Томаш Грошуп','Бизнес-аналитик / Старший .NET разработчик','«С компанией Аcamar я сотрудничаю уже 3,5 года и очень доволен безупречным сотрудничеством и соблюдением сроков. Компания, кроме прочего, следит и за выполнением моих обязанностей, освобождая меня от лишних забот».',119),
	(4969,'Андрей Соколов','Java Developer','\"Acamar has given me a great opportunity to move to the Czech Republic. They took care of all the paperwork and accompanied the whole process of relocation with the necessary documents and clear instructions. Many great specialists work with Acamar out-staffing different projects, we meet regularly in a friendly atmosphere. It is really nice to live and work here.\"',121);

/*!40000 ALTER TABLE `acamar_web_acafriendcard` ENABLE KEYS */;
UNLOCK TABLES;


# Dump of table acamar_web_acafriendpanel
# ------------------------------------------------------------

DROP TABLE IF EXISTS `acamar_web_acafriendpanel`;

CREATE TABLE `acamar_web_acafriendpanel` (
  `cmsplugin_ptr_id` int(11) NOT NULL,
  `title` varchar(254) NOT NULL,
  PRIMARY KEY (`cmsplugin_ptr_id`),
  CONSTRAINT `acamar_web_cmsplugin_ptr_id_4e1d0f2805d21605_fk_cms_cmsplugin_id` FOREIGN KEY (`cmsplugin_ptr_id`) REFERENCES `cms_cmsplugin` (`id`)
) ENGINE=InnoDB DEFAULT CHARSET=utf8;

LOCK TABLES `acamar_web_acafriendpanel` WRITE;
/*!40000 ALTER TABLE `acamar_web_acafriendpanel` DISABLE KEYS */;

INSERT INTO `acamar_web_acafriendpanel` (`cmsplugin_ptr_id`, `title`)
VALUES
	(136,' Naši Acamarádi'),
	(271,'Kdo s námi odstartoval kariéru v IT'),
	(1186,'Our Acamarians'),
	(1231,'Kdo s námi odstartoval kariéru v IT'),
	(1281,'Сотрудничество с фирмой «Акамар»: '),
	(1326,'Кто с нами начал карьеру в IT'),
	(4129,'Kdo s námi odstartoval kariéru v IT'),
	(4646,'Кто с нами начал карьеру в IT'),
	(4823,' Naši Acamarádi'),
	(4845,'Our Acamarians'),
	(4908,'Kdo s námi odstartoval kariéru v IT'),
	(4966,'Сотрудничество с фирмой «Акамар»: ');

/*!40000 ALTER TABLE `acamar_web_acafriendpanel` ENABLE KEYS */;
UNLOCK TABLES;


# Dump of table acamar_web_acardbenefits
# ------------------------------------------------------------

DROP TABLE IF EXISTS `acamar_web_acardbenefits`;

CREATE TABLE `acamar_web_acardbenefits` (
  `cmsplugin_ptr_id` int(11) NOT NULL,
  `title` varchar(254) NOT NULL,
  `subtitle` varchar(254) NOT NULL,
  `text` longtext NOT NULL,
  PRIMARY KEY (`cmsplugin_ptr_id`),
  CONSTRAINT `acamar_web_cmsplugin_ptr_id_72e45c3fda5e8d70_fk_cms_cmsplugin_id` FOREIGN KEY (`cmsplugin_ptr_id`) REFERENCES `cms_cmsplugin` (`id`)
) ENGINE=InnoDB DEFAULT CHARSET=utf8;

LOCK TABLES `acamar_web_acardbenefits` WRITE;
/*!40000 ALTER TABLE `acamar_web_acardbenefits` DISABLE KEYS */;

INSERT INTO `acamar_web_acardbenefits` (`cmsplugin_ptr_id`, `title`, `subtitle`, `text`)
VALUES
	(263,'Svým kontraktorům jsme vyjednali slevy','na kávu i služby profesionálů','<p><big>K získání slevy vám stačí nahlásit u vybraného poskytovatele služby své jméno a číslo Acarty. Jen při nákupu kávy je potřeba předložit kartu fyzicky.</big></p>\n'),
	(860,'Svým kontraktorům jsme vyjednali slevy','na kávu i služby profesionálů','<p><big>K získání slevy vám stačí nahlásit u vybraného poskytovatele služby své jméno a číslo Acarty. Jen při nákupu kávy je potřeba předložit kartu fyzicky.</big></p>\n'),
	(1242,'Svým kontraktorům jsme vyjednali slevy','na kávu i služby profesionálů','<p><big>K získání slevy vám stačí nahlásit u vybraného poskytovatele služby své jméno a číslo Acarty. Jen při nákupu kávy je potřeba předložit kartu fyzicky.</big></p>\n'),
	(1337,'Svým kontraktorům jsme vyjednali slevy','na kávu i služby profesionálů','<p><big>K získání slevy vám stačí nahlásit u vybraného poskytovatele služby své jméno a číslo Acarty. Jen při nákupu kávy je potřeba předložit kartu fyzicky.</big></p>\n');

/*!40000 ALTER TABLE `acamar_web_acardbenefits` ENABLE KEYS */;
UNLOCK TABLES;


# Dump of table acamar_web_acardbenefitsitem
# ------------------------------------------------------------

DROP TABLE IF EXISTS `acamar_web_acardbenefitsitem`;

CREATE TABLE `acamar_web_acardbenefitsitem` (
  `cmsplugin_ptr_id` int(11) NOT NULL,
  `title` varchar(254) NOT NULL,
  `subtitle` longtext NOT NULL,
  `text` longtext NOT NULL,
  `icon_id` int(11) NOT NULL,
  PRIMARY KEY (`cmsplugin_ptr_id`),
  KEY `acamar_web_acardbenefitsitem_fe6647e8` (`icon_id`),
  CONSTRAINT `acamar_web_a_icon_id_3747428b8d7a673a_fk_filer_image_file_ptr_id` FOREIGN KEY (`icon_id`) REFERENCES `filer_image` (`file_ptr_id`),
  CONSTRAINT `acamar_web_cmsplugin_ptr_id_433974863f72d76f_fk_cms_cmsplugin_id` FOREIGN KEY (`cmsplugin_ptr_id`) REFERENCES `cms_cmsplugin` (`id`)
) ENGINE=InnoDB DEFAULT CHARSET=utf8;

LOCK TABLES `acamar_web_acardbenefitsitem` WRITE;
/*!40000 ALTER TABLE `acamar_web_acardbenefitsitem` DISABLE KEYS */;

INSERT INTO `acamar_web_acardbenefitsitem` (`cmsplugin_ptr_id`, `title`, `subtitle`, `text`, `icon_id`)
VALUES
	(264,' Účetnictví','Petra Řeháčková perfektně rozumí účetnictví a má trpělivost na komunikaci s úřady.','<p><b>Kdo to je:</b></p>\n\n<ul>\n	<li class=\"MsoNoSpacing\" style=\"\"><span style=\"font-size: 11pt;\"><span style=\"font-family: Arial,sans-serif;\">Účetní a účetní poradce, který ví o daních vše a rád se o tebe postará i v zastupování s úřady.</span></span></li>\n</ul>\n\n<p><b>Co nabízí a za kolik:</b></p>\n\n<ul>\n	<li style=\"margin: 0cm;\">Kompletní vedení a správu účetnictví, zastupování před úřady -  jak pro fyzické, tak i pro právnické osoby. To vše s 30% slevou.</li>\n</ul>\n\n<p style=\"\"><span style=\"font-size: 11pt;\"><span style=\"line-height: normal;\"><span style=\"font-family: Calibri, sans-serif;\"><span style=\"\"><span style=\"color: #000000;\"><span style=\"font-style: normal;\"><span style=\"\"><span style=\"font-weight: normal;\"><span style=\"letter-spacing: normal;\"><span style=\"\"><span style=\"\"><span style=\"white-space: normal;\"><span style=\"\"><span style=\"\"><span style=\"\"><span style=\"text-decoration: none;\"><span style=\"background-color: white;\"><span style=\"\"><span style=\"\"><b><span lang=\"EN-US\" style=\"font-size: 10.5pt;\"><span style=\"font-family: Helvetica;\"><span style=\"color: #333333;\">Email:</span></span></span></b><span lang=\"EN-US\" style=\"font-size: 10.5pt;\"><span style=\"font-family: Helvetica;\"><span style=\"color: #333333;\"> rehackova.petra@seznam.cz</span></span></span></span></span></span></span></span></span></span></span></span></span></span></span></span></span></span></span></span></span></span></p>\n\n<p style=\"\"><span style=\"font-size: 11pt;\"><span style=\"line-height: normal;\"><span style=\"font-family: Calibri, sans-serif;\"><span style=\"\"><span style=\"color: #000000;\"><span style=\"font-style: normal;\"><span style=\"\"><span style=\"font-weight: normal;\"><span style=\"letter-spacing: normal;\"><span style=\"\"><span style=\"\"><span style=\"white-space: normal;\"><span style=\"\"><span style=\"\"><span style=\"\"><span style=\"text-decoration: none;\"><span style=\"background-color: white;\"><span style=\"\"><span style=\"\"><b><span lang=\"EN-US\" style=\"font-size: 10.5pt;\"><span style=\"font-family: Helvetica;\"><span style=\"color: #333333;\">Tel:</span></span></span></b><span lang=\"EN-US\" style=\"font-size: 10.5pt;\"><span style=\"font-family: Helvetica;\"><span style=\"color: #333333;\"> +420 602 160 068</span></span></span></span></span></span></span></span></span></span></span></span></span></span></span></span></span></span></span></span></span></span></p>\n\n<p style=\"\"> </p>\n',22),
	(265,'Právní služby','Přemek opravdu ví. Umí vyřešit cokoliv. Osobně jsme to vyzkoušeli.','<p class=\"MsoNoSpacing\" style=\"\"><span style=\"font-size: 11pt;\"><span style=\"font-family: Arial, sans-serif;\"><span style=\"\"><span style=\"color: #000000;\"><span style=\"font-style: normal;\"><span style=\"\"><span style=\"font-weight: normal;\"><span style=\"letter-spacing: normal;\"><span style=\"\"><span style=\"\"><span style=\"white-space: normal;\"><span style=\"\"><span style=\"\"><span style=\"\"><span style=\"text-decoration: none;\"><b>Kdo to je:</b></span></span></span></span></span></span></span></span></span></span></span></span></span></span></span></p>\n\n<ul>\n	<li class=\"MsoNoSpacing\" style=\"\"><span style=\"font-size: 11pt;\"><span style=\"font-family: Arial,sans-serif;\">Přemek Líbal pomáhal s uzavíráním smluv s dodavateli a zákazníky na všech kontinentech. S výjimkou Antarktidy. Zatím!</span></span></li>\n</ul>\n\n<p class=\"MsoNoSpacing\" style=\"\"><span style=\"font-size: 11pt;\"><span style=\"font-family: Arial, sans-serif;\"><span style=\"\"><span style=\"color: #000000;\"><span style=\"font-style: normal;\"><span style=\"\"><span style=\"font-weight: normal;\"><span style=\"letter-spacing: normal;\"><span style=\"\"><span style=\"\"><span style=\"white-space: normal;\"><span style=\"\"><span style=\"\"><span style=\"\"><span style=\"text-decoration: none;\"><b>Co nabízí a za kolik: </b></span></span></span></span></span></span></span></span></span></span></span></span></span></span></span></p>\n\n<ul>\n	<li class=\"MsoNoSpacing\" style=\"\"><span style=\"font-size: 11pt;\"><span style=\"font-family: Arial,sans-serif;\">Ve spolupráci s partnerskými advokáty a advokátními kancelářemi zajistí komplexní právní podporu ve všech oblastech života.</span></span></li>\n	<li class=\"MsoNoSpacing\" style=\"\"><span style=\"font-size: 11pt;\"><span style=\"font-family: Arial,sans-serif;\">Obchodní, osobní, trestní, nemovitosti, rodina spolupracuje.</span></span></li>\n	<li class=\"MsoNoSpacing\" style=\"\"><span style=\"font-size: 11pt;\"><span style=\"font-family: Arial,sans-serif;\">Ceny dohodou s tím, že držité ACArty budou zvýhodněni proti běžným klientům.</span></span></li>\n</ul>\n\n<p class=\"MsoNoSpacing\" style=\"\"><span style=\"font-size: 11pt;\"><span style=\"font-family: Arial, sans-serif;\"><span style=\"\"><span style=\"color: #000000;\"><span style=\"font-style: normal;\"><span style=\"\"><span style=\"font-weight: normal;\"><span style=\"letter-spacing: normal;\"><span style=\"\"><span style=\"\"><span style=\"white-space: normal;\"><span style=\"\"><span style=\"\"><span style=\"\"><span style=\"text-decoration: none;\"><b>Odkaz:</b> http://www.proboston.com</span></span></span></span></span></span></span></span></span></span></span></span></span></span></span></p>\n\n<p class=\"MsoNoSpacing\" style=\"\"><span style=\"font-size: 11pt;\"><span style=\"font-family: Arial, sans-serif;\"><span style=\"\"><span style=\"color: #000000;\"><span style=\"font-style: normal;\"><span style=\"\"><span style=\"font-weight: normal;\"><span style=\"letter-spacing: normal;\"><span style=\"\"><span style=\"\"><span style=\"white-space: normal;\"><span style=\"\"><span style=\"\"><span style=\"\"><span style=\"text-decoration: none;\"><b>Email:</b> premysl.libal@proboston.com</span></span></span></span></span></span></span></span></span></span></span></span></span></span></span></p>\n\n<p class=\"MsoNoSpacing\" style=\"\"><span style=\"font-size: 11pt;\"><span style=\"font-family: Arial, sans-serif;\"><span style=\"\"><span style=\"color: #000000;\"><span style=\"font-style: normal;\"><span style=\"\"><span style=\"font-weight: normal;\"><span style=\"letter-spacing: normal;\"><span style=\"\"><span style=\"\"><span style=\"white-space: normal;\"><span style=\"\"><span style=\"\"><span style=\"\"><span style=\"text-decoration: none;\"><b>Tel:</b> +420 739 026 260</span></span></span></span></span></span></span></span></span></span></span></span></span></span></span></p>\n\n<p class=\"MsoNoSpacing\" style=\"\"> </p>\n',85),
	(497,'Letuška.cz','Až budete řešit dovolenou, tady najdete letenky a ubytování za skvělé ceny.','<p class=\"MsoNoSpacing\" style=\"\"><span style=\"font-size: 11pt;\"><span style=\"font-family: Arial, sans-serif;\"><span style=\"\"><span style=\"color: #000000;\"><span style=\"font-style: normal;\"><span style=\"\"><span style=\"font-weight: normal;\"><span style=\"letter-spacing: normal;\"><span style=\"\"><span style=\"\"><span style=\"white-space: normal;\"><span style=\"\"><span style=\"\"><span style=\"\"><span style=\"text-decoration: none;\"><b>Kdo to je:</b></span></span></span></span></span></span></span></span></span></span></span></span></span></span></span></p>\n\n<ul>\n	<li class=\"MsoNoSpacing\" style=\"\"><span style=\"font-size: 11pt;\"><span style=\"font-family: Arial,sans-serif;\">Na Letušce si můžete rezervovat letenky a objednávat veškeré možné služby spojené s cestováním po celém světě.</span></span></li>\n</ul>\n\n<p class=\"MsoNoSpacing\" style=\"\"><span style=\"font-size: 11pt;\"><span style=\"font-family: Arial, sans-serif;\"><span style=\"\"><span style=\"color: #000000;\"><span style=\"font-style: normal;\"><span style=\"\"><span style=\"font-weight: normal;\"><span style=\"letter-spacing: normal;\"><span style=\"\"><span style=\"\"><span style=\"white-space: normal;\"><span style=\"\"><span style=\"\"><span style=\"\"><span style=\"text-decoration: none;\"><b>Co nabízí a za kolik:</b></span></span></span></span></span></span></span></span></span></span></span></span></span></span></span></p>\n\n<ul>\n	<li class=\"MsoNoSpacing\" style=\"\"><span style=\"font-size: 11pt;\"><span style=\"font-family: Arial,sans-serif;\">Jako benefit jsme pro vás sjednali slevu <b>490,- Kč</b>, kterou získáte formou promo kódu.</span></span></li>\n	<li class=\"MsoNoSpacing\" style=\"\"><span style=\"font-size: 11pt;\"><span style=\"font-family: Arial,sans-serif;\">Promo kód je: <b>ACAMAR_016540</b>, je jednotný pro všechny, platný do 31.12.2018 a počet jeho použití je neomezen.</span></span></li>\n	<li class=\"MsoNoSpacing\" style=\"\"><span style=\"font-size: 11pt;\"><span style=\"font-family: Arial,sans-serif;\">Zadáte ho rovnou při hledání - pole na zadání je pod tlačitkem \"upřesnit\" na main page.</span></span></li>\n</ul>\n\n<p class=\"MsoNoSpacing\" style=\"\"><span style=\"font-size: 11pt;\"><span style=\"line-height: normal;\"><span style=\"font-family: Calibri, sans-serif;\"><span style=\"\"><span style=\"color: #000000;\"><span style=\"font-style: normal;\"><span style=\"\"><span style=\"font-weight: normal;\"><span style=\"letter-spacing: normal;\"><span style=\"\"><span style=\"\"><span style=\"white-space: normal;\"><span style=\"\"><span style=\"\"><span style=\"\"><span style=\"text-decoration: none;\"><span style=\"background-color: white;\"><span style=\"\"><span style=\"\"><b><span lang=\"EN-US\" style=\"font-size: 10.5pt;\"><span style=\"font-family: Helvetica;\"><span style=\"color: #333333;\">Odkaz:</span></span></span></b><span lang=\"EN-US\" style=\"font-size: 10.5pt;\"><span style=\"font-family: Helvetica;\"><span style=\"color: #333333;\"> https://www.letuska.cz</span></span></span></span></span></span></span></span></span></span></span></span></span></span></span></span></span></span></span></span></span></span></p>\n\n<p style=\"\"> </p>\n',14),
	(548,'Kávový klub','Pro dobrou kávu zamiřte sem. Chlapci a dívky z kávového klubu o ní vědí vše!','<p class=\"MsoNoSpacing\" style=\"\"><span style=\"font-size: 11pt;\"><span style=\"font-family: Arial, sans-serif;\"><span style=\"\"><span style=\"color: #000000;\"><span style=\"font-style: normal;\"><span style=\"\"><span style=\"font-weight: normal;\"><span style=\"letter-spacing: normal;\"><span style=\"\"><span style=\"\"><span style=\"white-space: normal;\"><span style=\"\"><span style=\"\"><span style=\"\"><span style=\"text-decoration: none;\"><b>Kdo to je:</b></span></span></span></span></span></span></span></span></span></span></span></span></span></span></span></p>\n\n<ul>\n	<li class=\"MsoNoSpacing\" style=\"\"><span style=\"font-size: 11pt;\"><span style=\"font-family: Arial,sans-serif;\">Baristi, kteří opravdu rozuměji svému řemeslu a umí pěkně kreslit do mléčné pěny.</span></span></li>\n</ul>\n\n<p class=\"MsoNoSpacing\" style=\"\"><span style=\"font-size: 11pt;\"><span style=\"font-family: Arial, sans-serif;\"><span style=\"\"><span style=\"color: #000000;\"><span style=\"font-style: normal;\"><span style=\"\"><span style=\"font-weight: normal;\"><span style=\"letter-spacing: normal;\"><span style=\"\"><span style=\"\"><span style=\"white-space: normal;\"><span style=\"\"><span style=\"\"><span style=\"\"><span style=\"text-decoration: none;\"><b>Co nabízí a za kolik:</b></span></span></span></span></span></span></span></span></span></span></span></span></span></span></span></p>\n\n<ul>\n	<li class=\"MsoNoSpacing\" style=\"\"><span style=\"font-size: 11pt;\"><span style=\"font-family: Arial,sans-serif;\">Slevu 10 % na kompletní sortiment kávových nápojů a zrnkové kávy na svých pobočkách včetně trhů. Info o lokalitách na jejich webu.</span></span></li>\n</ul>\n\n<p style=\"\"><span style=\"font-size: 11pt;\"><span style=\"line-height: normal;\"><span style=\"font-family: Calibri, sans-serif;\"><span style=\"\"><span style=\"color: #000000;\"><span style=\"font-style: normal;\"><span style=\"\"><span style=\"font-weight: normal;\"><span style=\"letter-spacing: normal;\"><span style=\"\"><span style=\"\"><span style=\"white-space: normal;\"><span style=\"\"><span style=\"\"><span style=\"\"><span style=\"text-decoration: none;\"><span style=\"background-color: white;\"><span style=\"\"><span style=\"\"><b><span lang=\"EN-US\" style=\"font-size: 10.5pt;\"><span style=\"font-family: Helvetica;\"><span style=\"color: #333333;\">Odkaz:</span></span></span></b><span lang=\"EN-US\" style=\"font-size: 10.5pt;\"><span style=\"font-family: Helvetica;\"><span style=\"color: #333333;\"> https://www.kavovyklub.cz</span></span></span></span></span></span></span></span></span></span></span></span></span></span></span></span></span></span></span></span></span></span></p>\n\n<p style=\"\"><span style=\"font-size: 11pt;\"><span style=\"line-height: normal;\"><span style=\"font-family: Calibri, sans-serif;\"><span style=\"\"><span style=\"color: #000000;\"><span style=\"font-style: normal;\"><span style=\"\"><span style=\"font-weight: normal;\"><span style=\"letter-spacing: normal;\"><span style=\"\"><span style=\"\"><span style=\"white-space: normal;\"><span style=\"\"><span style=\"\"><span style=\"\"><span style=\"text-decoration: none;\"><span style=\"background-color: white;\"><span style=\"\"><span style=\"\"><b><span lang=\"EN-US\" style=\"font-size: 10.5pt;\"><span style=\"font-family: Helvetica;\"><span style=\"color: #333333;\">Email:</span></span></span></b><span lang=\"EN-US\" style=\"font-size: 10.5pt;\"><span style=\"font-family: Helvetica;\"><span style=\"color: #333333;\"> adam@kavovyklub.cz</span></span></span></span></span></span></span></span></span></span></span></span></span></span></span></span></span></span></span></span></span></span></p>\n\n<p style=\"\"><span style=\"font-size: 11pt;\"><span style=\"line-height: normal;\"><span style=\"font-family: Calibri, sans-serif;\"><span style=\"\"><span style=\"color: #000000;\"><span style=\"font-style: normal;\"><span style=\"\"><span style=\"font-weight: normal;\"><span style=\"letter-spacing: normal;\"><span style=\"\"><span style=\"\"><span style=\"white-space: normal;\"><span style=\"\"><span style=\"\"><span style=\"\"><span style=\"text-decoration: none;\"><span style=\"background-color: white;\"><span style=\"\"><span style=\"\"><b><span lang=\"EN-US\" style=\"font-size: 10.5pt;\"><span style=\"font-family: Helvetica;\"><span style=\"color: #333333;\">Tel:</span></span></span></b><span lang=\"EN-US\" style=\"font-size: 10.5pt;\"><span style=\"font-family: Helvetica;\"><span style=\"color: #333333;\"> +420 777 052 326</span></span></span></span></span></span></span></span></span></span></span></span></span></span></span></span></span></span></span></span></span></span></p>\n',185),
	(549,'Realitní služby','Michal Pospíšil je skutečný profesionál, na kterého se můžete spolehnout. ','<p class=\"MsoNoSpacing\" style=\"\"><span style=\"font-size: 11pt;\"><span style=\"font-family: Arial, sans-serif;\"><span style=\"\"><span style=\"color: #000000;\"><span style=\"font-style: normal;\"><span style=\"\"><span style=\"font-weight: normal;\"><span style=\"letter-spacing: normal;\"><span style=\"\"><span style=\"\"><span style=\"white-space: normal;\"><span style=\"\"><span style=\"\"><span style=\"\"><span style=\"text-decoration: none;\"><b>Kdo to je:</b></span></span></span></span></span></span></span></span></span></span></span></span></span></span></span></p>\n\n<ul>\n	<li class=\"MsoNoSpacing\" style=\"\"><span style=\"font-size: 11pt;\"><span style=\"font-family: Arial,sans-serif;\">Komplexní realitní kancelář - zařídí nákup, prodej, pronájem všech typů nemovitostí (byt, dům, iglú, týpí...).</span></span></li>\n</ul>\n\n<p class=\"MsoNoSpacing\" style=\"\"><span style=\"font-size: 11pt;\"><span style=\"font-family: Arial, sans-serif;\"><span style=\"\"><span style=\"color: #000000;\"><span style=\"font-style: normal;\"><span style=\"\"><span style=\"font-weight: normal;\"><span style=\"letter-spacing: normal;\"><span style=\"\"><span style=\"\"><span style=\"white-space: normal;\"><span style=\"\"><span style=\"\"><span style=\"\"><span style=\"text-decoration: none;\"><b>Co nabízí a za kolik:</b></span></span></span></span></span></span></span></span></span></span></span></span></span></span></span></p>\n\n<ul>\n	<li class=\"MsoNoSpacing\" style=\"\"><span style=\"font-size: 11pt;\"><span style=\"font-family: Arial,sans-serif;\">Komplexní poradenství v oblasti prodejů i pronájmů.</span></span></li>\n	<li class=\"MsoNoSpacing\" style=\"\"><span style=\"font-size: 11pt;\"><span style=\"font-family: Arial,sans-serif;\">Zprostředkování pronájmů a prodejů nemovitostí.</span></span></li>\n	<li class=\"MsoNoSpacing\" style=\"\"><span style=\"font-size: 11pt;\"><span style=\"font-family: Arial,sans-serif;\">Sleva 10 % z provize.</span></span></li>\n</ul>\n\n<p style=\"\"><span style=\"font-size: 11pt;\"><span style=\"line-height: normal;\"><span style=\"font-family: Calibri, sans-serif;\"><span style=\"\"><span style=\"color: #000000;\"><span style=\"font-style: normal;\"><span style=\"\"><span style=\"font-weight: normal;\"><span style=\"letter-spacing: normal;\"><span style=\"\"><span style=\"\"><span style=\"white-space: normal;\"><span style=\"\"><span style=\"\"><span style=\"\"><span style=\"text-decoration: none;\"><span style=\"background-color: white;\"><span style=\"\"><span style=\"\"><b><span lang=\"EN-US\" style=\"font-size: 10.5pt;\"><span style=\"font-family: Helvetica;\"><span style=\"color: #333333;\">Odkaz:</span></span></span></b><span lang=\"EN-US\" style=\"font-size: 10.5pt;\"><span style=\"font-family: Helvetica;\"><span style=\"color: #333333;\"> http://era-reality.cz/era-inspirace/michal-pospisil</span></span></span></span></span></span></span></span></span></span></span></span></span></span></span></span></span></span></span></span></span></span></p>\n\n<p style=\"\"><span style=\"font-size: 11pt;\"><span style=\"line-height: normal;\"><span style=\"font-family: Calibri, sans-serif;\"><span style=\"\"><span style=\"color: #000000;\"><span style=\"font-style: normal;\"><span style=\"\"><span style=\"font-weight: normal;\"><span style=\"letter-spacing: normal;\"><span style=\"\"><span style=\"\"><span style=\"white-space: normal;\"><span style=\"\"><span style=\"\"><span style=\"\"><span style=\"text-decoration: none;\"><span style=\"background-color: white;\"><span style=\"\"><span style=\"\"><b><span lang=\"EN-US\" style=\"font-size: 10.5pt;\"><span style=\"font-family: Helvetica;\"><span style=\"color: #333333;\">Email:</span></span></span></b><span lang=\"EN-US\" style=\"font-size: 10.5pt;\"><span style=\"font-family: Helvetica;\"><span style=\"color: #333333;\"> michal.pospisil@era-reality.cz</span></span></span></span></span></span></span></span></span></span></span></span></span></span></span></span></span></span></span></span></span></span></p>\n\n<p style=\"\"><span style=\"font-size: 11pt;\"><span style=\"line-height: normal;\"><span style=\"font-family: Calibri, sans-serif;\"><span style=\"\"><span style=\"color: #000000;\"><span style=\"font-style: normal;\"><span style=\"\"><span style=\"font-weight: normal;\"><span style=\"letter-spacing: normal;\"><span style=\"\"><span style=\"\"><span style=\"white-space: normal;\"><span style=\"\"><span style=\"\"><span style=\"\"><span style=\"text-decoration: none;\"><span style=\"background-color: white;\"><span style=\"\"><span style=\"\"><b><span lang=\"EN-US\" style=\"font-size: 10.5pt;\"><span style=\"font-family: Helvetica;\"><span style=\"color: #333333;\">Tel:</span></span></span></b><span lang=\"EN-US\" style=\"font-size: 10.5pt;\"><span style=\"font-family: Helvetica;\"><span style=\"color: #333333;\"> +420 775 109 676</span></span></span></span></span></span></span></span></span></span></span></span></span></span></span></span></span></span></span></span></span></span></p>\n',41),
	(550,'Kweku','Nejlepší stavební firma na trhu. Rozumějí stavbám a drží slovo.','<p class=\"MsoNoSpacing\" style=\"\"><span style=\"font-size: 11pt;\"><span style=\"font-family: Arial, sans-serif;\"><span style=\"\"><span style=\"color: #000000;\"><span style=\"font-style: normal;\"><span style=\"\"><span style=\"font-weight: normal;\"><span style=\"letter-spacing: normal;\"><span style=\"\"><span style=\"\"><span style=\"white-space: normal;\"><span style=\"\"><span style=\"\"><span style=\"\"><span style=\"text-decoration: none;\"><b>Kdo to je:</b></span></span></span></span></span></span></span></span></span></span></span></span></span></span></span></p>\n\n<ul>\n	<li class=\"MsoNoSpacing\" style=\"\"><span style=\"font-size: 11pt;\"><span style=\"font-family: Arial,sans-serif;\">Komplexní dodavatel staveb na klíč, rekonstrukcí a poradenství.</span></span></li>\n</ul>\n\n<p class=\"MsoNoSpacing\" style=\"\"><span style=\"font-size: 11pt;\"><span style=\"font-family: Arial, sans-serif;\"><span style=\"\"><span style=\"color: #000000;\"><span style=\"font-style: normal;\"><span style=\"\"><span style=\"font-weight: normal;\"><span style=\"letter-spacing: normal;\"><span style=\"\"><span style=\"\"><span style=\"white-space: normal;\"><span style=\"\"><span style=\"\"><span style=\"\"><span style=\"text-decoration: none;\"><b>Co nabízí a za kolik: </b></span></span></span></span></span></span></span></span></span></span></span></span></span></span></span></p>\n\n<ul>\n	<li class=\"MsoNoSpacing\" style=\"\"><span style=\"font-size: 11pt;\"><span style=\"font-family: Arial,sans-serif;\">Kompletní dodávky stavebních a interiérových prací včetně ingeneeringu staveb.</span></span></li>\n	<li class=\"MsoNoSpacing\" style=\"\"><span style=\"font-size: 11pt;\"><span style=\"font-family: Arial,sans-serif;\">Rekonstrukce bytů nebo domů včetně veškerého papírování.</span></span></li>\n	<li class=\"MsoNoSpacing\" style=\"\"><span style=\"font-size: 11pt;\"><span style=\"font-family: Arial,sans-serif;\">Ceny individuálně.</span></span></li>\n</ul>\n\n<p style=\"\"><span style=\"font-size: 11pt;\"><span style=\"line-height: normal;\"><span style=\"font-family: Calibri, sans-serif;\"><span style=\"\"><span style=\"color: #000000;\"><span style=\"font-style: normal;\"><span style=\"\"><span style=\"font-weight: normal;\"><span style=\"letter-spacing: normal;\"><span style=\"\"><span style=\"\"><span style=\"white-space: normal;\"><span style=\"\"><span style=\"\"><span style=\"\"><span style=\"text-decoration: none;\"><span style=\"background-color: white;\"><span style=\"\"><span style=\"\"><b><span lang=\"EN-US\" style=\"font-size: 10.5pt;\"><span style=\"font-family: Helvetica;\"><span style=\"color: #333333;\">Odkaz:</span></span></span></b><span lang=\"EN-US\" style=\"font-size: 10.5pt;\"><span style=\"font-family: Helvetica;\"><span style=\"color: #333333;\"> http://www.kweku.cz</span></span></span></span></span></span></span></span></span></span></span></span></span></span></span></span></span></span></span></span></span></span></p>\n\n<p style=\"\"><span style=\"font-size: 11pt;\"><span style=\"line-height: normal;\"><span style=\"font-family: Calibri, sans-serif;\"><span style=\"\"><span style=\"color: #000000;\"><span style=\"font-style: normal;\"><span style=\"\"><span style=\"font-weight: normal;\"><span style=\"letter-spacing: normal;\"><span style=\"\"><span style=\"\"><span style=\"white-space: normal;\"><span style=\"\"><span style=\"\"><span style=\"\"><span style=\"text-decoration: none;\"><span style=\"background-color: white;\"><span style=\"\"><span style=\"\"><b><span lang=\"EN-US\" style=\"font-size: 10.5pt;\"><span style=\"font-family: Helvetica;\"><span style=\"color: #333333;\">Email:</span></span></span></b><span lang=\"EN-US\" style=\"font-size: 10.5pt;\"><span style=\"font-family: Helvetica;\"><span style=\"color: #333333;\"> info@kweku.cz</span></span></span></span></span></span></span></span></span></span></span></span></span></span></span></span></span></span></span></span></span></span></p>\n\n<p style=\"\"><span style=\"font-size: 11pt;\"><span style=\"line-height: normal;\"><span style=\"font-family: Calibri, sans-serif;\"><span style=\"\"><span style=\"color: #000000;\"><span style=\"font-style: normal;\"><span style=\"\"><span style=\"font-weight: normal;\"><span style=\"letter-spacing: normal;\"><span style=\"\"><span style=\"\"><span style=\"white-space: normal;\"><span style=\"\"><span style=\"\"><span style=\"\"><span style=\"text-decoration: none;\"><span style=\"background-color: white;\"><span style=\"\"><span style=\"\"><b><span lang=\"EN-US\" style=\"font-size: 10.5pt;\"><span style=\"font-family: Helvetica;\"><span style=\"color: #333333;\">Tel:</span></span></span></b><span lang=\"EN-US\" style=\"font-size: 10.5pt;\"><span style=\"font-family: Helvetica;\"><span style=\"color: #333333;\"> +420 602 454 627</span></span></span></span></span></span></span></span></span></span></span></span></span></span></span></span></span></span></span></span></span></span></p>\n',40),
	(861,' Účetnictví','Petra Řeháčková perfektně rozumí účetnictví a má trpělivost na komunikaci s úřady.','<p><b>Kdo to je:</b></p>\n\n<ul>\n	<li class=\"MsoNoSpacing\" style=\"\"><span style=\"font-size: 11pt;\"><span style=\"font-family: Arial,sans-serif;\">Účetní a účetní poradce, který ví o daních vše a rád se o tebe postará i v zastupování s úřady.</span></span></li>\n</ul>\n\n<p><b>Co nabízí a za kolik:</b></p>\n\n<ul>\n	<li style=\"margin: 0cm;\">Kompletní vedení a správu účetnictví, zastupování před úřady -  jak pro fyzické, tak i pro právnické osoby. To vše s 30% slevou.</li>\n</ul>\n\n<p style=\"\"><span style=\"font-size: 11pt;\"><span style=\"line-height: normal;\"><span style=\"font-family: Calibri, sans-serif;\"><span style=\"\"><span style=\"color: #000000;\"><span style=\"font-style: normal;\"><span style=\"\"><span style=\"font-weight: normal;\"><span style=\"letter-spacing: normal;\"><span style=\"\"><span style=\"\"><span style=\"white-space: normal;\"><span style=\"\"><span style=\"\"><span style=\"\"><span style=\"text-decoration: none;\"><span style=\"background-color: white;\"><span style=\"\"><span style=\"\"><b><span lang=\"EN-US\" style=\"font-size: 10.5pt;\"><span style=\"font-family: Helvetica;\"><span style=\"color: #333333;\">Email:</span></span></span></b><span lang=\"EN-US\" style=\"font-size: 10.5pt;\"><span style=\"font-family: Helvetica;\"><span style=\"color: #333333;\"> rehackova.petra@seznam.cz</span></span></span></span></span></span></span></span></span></span></span></span></span></span></span></span></span></span></span></span></span></span></p>\n\n<p style=\"\"><span style=\"font-size: 11pt;\"><span style=\"line-height: normal;\"><span style=\"font-family: Calibri, sans-serif;\"><span style=\"\"><span style=\"color: #000000;\"><span style=\"font-style: normal;\"><span style=\"\"><span style=\"font-weight: normal;\"><span style=\"letter-spacing: normal;\"><span style=\"\"><span style=\"\"><span style=\"white-space: normal;\"><span style=\"\"><span style=\"\"><span style=\"\"><span style=\"text-decoration: none;\"><span style=\"background-color: white;\"><span style=\"\"><span style=\"\"><b><span lang=\"EN-US\" style=\"font-size: 10.5pt;\"><span style=\"font-family: Helvetica;\"><span style=\"color: #333333;\">Tel:</span></span></span></b><span lang=\"EN-US\" style=\"font-size: 10.5pt;\"><span style=\"font-family: Helvetica;\"><span style=\"color: #333333;\"> +420 602 160 068</span></span></span></span></span></span></span></span></span></span></span></span></span></span></span></span></span></span></span></span></span></span></p>\n\n<p style=\"\"> </p>\n',22),
	(862,'Právní služby','Přemek opravdu ví. Umí vyřešit cokoliv. Osobně jsme to vyzkoušeli.','<p class=\"MsoNoSpacing\" style=\"\"><span style=\"font-size: 11pt;\"><span style=\"font-family: Arial, sans-serif;\"><span style=\"\"><span style=\"color: #000000;\"><span style=\"font-style: normal;\"><span style=\"\"><span style=\"font-weight: normal;\"><span style=\"letter-spacing: normal;\"><span style=\"\"><span style=\"\"><span style=\"white-space: normal;\"><span style=\"\"><span style=\"\"><span style=\"\"><span style=\"text-decoration: none;\"><b>Kdo to je:</b></span></span></span></span></span></span></span></span></span></span></span></span></span></span></span></p>\n\n<ul>\n	<li class=\"MsoNoSpacing\" style=\"\"><span style=\"font-size: 11pt;\"><span style=\"font-family: Arial,sans-serif;\">Přemek Líbal pomáhal s uzavíráním smluv s dodavateli a zákazníky na všech kontinentech. S výjimkou Antarktidy. Zatím!</span></span></li>\n</ul>\n\n<p class=\"MsoNoSpacing\" style=\"\"><span style=\"font-size: 11pt;\"><span style=\"font-family: Arial, sans-serif;\"><span style=\"\"><span style=\"color: #000000;\"><span style=\"font-style: normal;\"><span style=\"\"><span style=\"font-weight: normal;\"><span style=\"letter-spacing: normal;\"><span style=\"\"><span style=\"\"><span style=\"white-space: normal;\"><span style=\"\"><span style=\"\"><span style=\"\"><span style=\"text-decoration: none;\"><b>Co nabízí a za kolik: </b></span></span></span></span></span></span></span></span></span></span></span></span></span></span></span></p>\n\n<ul>\n	<li class=\"MsoNoSpacing\" style=\"\"><span style=\"font-size: 11pt;\"><span style=\"font-family: Arial,sans-serif;\">Ve spolupráci s partnerskými advokáty a advokátními kancelářemi zajistí komplexní právní podporu ve všech oblastech života.</span></span></li>\n	<li class=\"MsoNoSpacing\" style=\"\"><span style=\"font-size: 11pt;\"><span style=\"font-family: Arial,sans-serif;\">Obchodní, osobní, trestní, nemovitosti, rodina spolupracuje.</span></span></li>\n	<li class=\"MsoNoSpacing\" style=\"\"><span style=\"font-size: 11pt;\"><span style=\"font-family: Arial,sans-serif;\">Ceny dohodou s tím, že držité ACArty budou zvýhodněni proti běžným klientům.</span></span></li>\n</ul>\n\n<p class=\"MsoNoSpacing\" style=\"\"><span style=\"font-size: 11pt;\"><span style=\"font-family: Arial, sans-serif;\"><span style=\"\"><span style=\"color: #000000;\"><span style=\"font-style: normal;\"><span style=\"\"><span style=\"font-weight: normal;\"><span style=\"letter-spacing: normal;\"><span style=\"\"><span style=\"\"><span style=\"white-space: normal;\"><span style=\"\"><span style=\"\"><span style=\"\"><span style=\"text-decoration: none;\"><b>Odkaz:</b> http://www.proboston.com</span></span></span></span></span></span></span></span></span></span></span></span></span></span></span></p>\n\n<p class=\"MsoNoSpacing\" style=\"\"><span style=\"font-size: 11pt;\"><span style=\"font-family: Arial, sans-serif;\"><span style=\"\"><span style=\"color: #000000;\"><span style=\"font-style: normal;\"><span style=\"\"><span style=\"font-weight: normal;\"><span style=\"letter-spacing: normal;\"><span style=\"\"><span style=\"\"><span style=\"white-space: normal;\"><span style=\"\"><span style=\"\"><span style=\"\"><span style=\"text-decoration: none;\"><b>Email:</b> premysl.libal@proboston.com</span></span></span></span></span></span></span></span></span></span></span></span></span></span></span></p>\n\n<p class=\"MsoNoSpacing\" style=\"\"><span style=\"font-size: 11pt;\"><span style=\"font-family: Arial, sans-serif;\"><span style=\"\"><span style=\"color: #000000;\"><span style=\"font-style: normal;\"><span style=\"\"><span style=\"font-weight: normal;\"><span style=\"letter-spacing: normal;\"><span style=\"\"><span style=\"\"><span style=\"white-space: normal;\"><span style=\"\"><span style=\"\"><span style=\"\"><span style=\"text-decoration: none;\"><b>Tel:</b> +420 739 026 260</span></span></span></span></span></span></span></span></span></span></span></span></span></span></span></p>\n\n<p class=\"MsoNoSpacing\" style=\"\"> </p>\n',85),
	(863,'Letuška.cz','Až budete řešit dovolenou, tady najdete letenky a ubytování za skvělé ceny.','<p class=\"MsoNoSpacing\" style=\"\"><span style=\"font-size: 11pt;\"><span style=\"font-family: Arial, sans-serif;\"><span style=\"\"><span style=\"color: #000000;\"><span style=\"font-style: normal;\"><span style=\"\"><span style=\"font-weight: normal;\"><span style=\"letter-spacing: normal;\"><span style=\"\"><span style=\"\"><span style=\"white-space: normal;\"><span style=\"\"><span style=\"\"><span style=\"\"><span style=\"text-decoration: none;\"><b>Kdo to je:</b></span></span></span></span></span></span></span></span></span></span></span></span></span></span></span></p>\n\n<ul>\n	<li class=\"MsoNoSpacing\" style=\"\"><span style=\"font-size: 11pt;\"><span style=\"font-family: Arial,sans-serif;\">Na Letušce si můžete rezervovat letenky a objednávat veškeré možné služby spojené s cestováním po celém světě.</span></span></li>\n</ul>\n\n<p class=\"MsoNoSpacing\" style=\"\"><span style=\"font-size: 11pt;\"><span style=\"font-family: Arial, sans-serif;\"><span style=\"\"><span style=\"color: #000000;\"><span style=\"font-style: normal;\"><span style=\"\"><span style=\"font-weight: normal;\"><span style=\"letter-spacing: normal;\"><span style=\"\"><span style=\"\"><span style=\"white-space: normal;\"><span style=\"\"><span style=\"\"><span style=\"\"><span style=\"text-decoration: none;\"><b>Co nabízí a za kolik:</b></span></span></span></span></span></span></span></span></span></span></span></span></span></span></span></p>\n\n<ul>\n	<li class=\"MsoNoSpacing\" style=\"\"><span style=\"font-size: 11pt;\"><span style=\"font-family: Arial,sans-serif;\">Jako benefit jsme pro vás sjednali slevu <b>490,- Kč</b>, kterou získáte formou promo kódu.</span></span></li>\n	<li class=\"MsoNoSpacing\" style=\"\"><span style=\"font-size: 11pt;\"><span style=\"font-family: Arial,sans-serif;\">Promo kód je: <b>ACAMAR_016540</b>, je jednotný pro všechny, platný do 31.12.2018 a počet jeho použití je neomezen.</span></span></li>\n	<li class=\"MsoNoSpacing\" style=\"\"><span style=\"font-size: 11pt;\"><span style=\"font-family: Arial,sans-serif;\">Zadáte ho rovnou při hledání - pole na zadání je pod tlačitkem \"upřesnit\" na main page.</span></span></li>\n</ul>\n\n<p class=\"MsoNoSpacing\" style=\"\"><span style=\"font-size: 11pt;\"><span style=\"line-height: normal;\"><span style=\"font-family: Calibri, sans-serif;\"><span style=\"\"><span style=\"color: #000000;\"><span style=\"font-style: normal;\"><span style=\"\"><span style=\"font-weight: normal;\"><span style=\"letter-spacing: normal;\"><span style=\"\"><span style=\"\"><span style=\"white-space: normal;\"><span style=\"\"><span style=\"\"><span style=\"\"><span style=\"text-decoration: none;\"><span style=\"background-color: white;\"><span style=\"\"><span style=\"\"><b><span lang=\"EN-US\" style=\"font-size: 10.5pt;\"><span style=\"font-family: Helvetica;\"><span style=\"color: #333333;\">Odkaz:</span></span></span></b><span lang=\"EN-US\" style=\"font-size: 10.5pt;\"><span style=\"font-family: Helvetica;\"><span style=\"color: #333333;\"> https://www.letuska.cz</span></span></span></span></span></span></span></span></span></span></span></span></span></span></span></span></span></span></span></span></span></span></p>\n\n<p style=\"\"> </p>\n',14),
	(864,'Kávový klub','Pro dobrou kávu zamiřte sem. Chlapci a dívky z kávového klubu o ní vědí vše!','<p class=\"MsoNoSpacing\" style=\"\"><span style=\"font-size: 11pt;\"><span style=\"font-family: Arial, sans-serif;\"><span style=\"\"><span style=\"color: #000000;\"><span style=\"font-style: normal;\"><span style=\"\"><span style=\"font-weight: normal;\"><span style=\"letter-spacing: normal;\"><span style=\"\"><span style=\"\"><span style=\"white-space: normal;\"><span style=\"\"><span style=\"\"><span style=\"\"><span style=\"text-decoration: none;\"><b>Kdo to je:</b></span></span></span></span></span></span></span></span></span></span></span></span></span></span></span></p>\n\n<ul>\n	<li class=\"MsoNoSpacing\" style=\"\"><span style=\"font-size: 11pt;\"><span style=\"font-family: Arial,sans-serif;\">Baristi, kteří opravdu rozuměji svému řemeslu a umí pěkně kreslit do mléčné pěny.</span></span></li>\n</ul>\n\n<p class=\"MsoNoSpacing\" style=\"\"><span style=\"font-size: 11pt;\"><span style=\"font-family: Arial, sans-serif;\"><span style=\"\"><span style=\"color: #000000;\"><span style=\"font-style: normal;\"><span style=\"\"><span style=\"font-weight: normal;\"><span style=\"letter-spacing: normal;\"><span style=\"\"><span style=\"\"><span style=\"white-space: normal;\"><span style=\"\"><span style=\"\"><span style=\"\"><span style=\"text-decoration: none;\"><b>Co nabízí a za kolik:</b></span></span></span></span></span></span></span></span></span></span></span></span></span></span></span></p>\n\n<ul>\n	<li class=\"MsoNoSpacing\" style=\"\"><span style=\"font-size: 11pt;\"><span style=\"font-family: Arial,sans-serif;\">Slevu 10 % na kompletní sortiment kávových nápojů a zrnkové kávy na svých pobočkách včetně trhů. Info o lokalitách na jejich webu.</span></span></li>\n</ul>\n\n<p style=\"\"><span style=\"font-size: 11pt;\"><span style=\"line-height: normal;\"><span style=\"font-family: Calibri, sans-serif;\"><span style=\"\"><span style=\"color: #000000;\"><span style=\"font-style: normal;\"><span style=\"\"><span style=\"font-weight: normal;\"><span style=\"letter-spacing: normal;\"><span style=\"\"><span style=\"\"><span style=\"white-space: normal;\"><span style=\"\"><span style=\"\"><span style=\"\"><span style=\"text-decoration: none;\"><span style=\"background-color: white;\"><span style=\"\"><span style=\"\"><b><span lang=\"EN-US\" style=\"font-size: 10.5pt;\"><span style=\"font-family: Helvetica;\"><span style=\"color: #333333;\">Odkaz:</span></span></span></b><span lang=\"EN-US\" style=\"font-size: 10.5pt;\"><span style=\"font-family: Helvetica;\"><span style=\"color: #333333;\"> https://www.kavovyklub.cz</span></span></span></span></span></span></span></span></span></span></span></span></span></span></span></span></span></span></span></span></span></span></p>\n\n<p style=\"\"><span style=\"font-size: 11pt;\"><span style=\"line-height: normal;\"><span style=\"font-family: Calibri, sans-serif;\"><span style=\"\"><span style=\"color: #000000;\"><span style=\"font-style: normal;\"><span style=\"\"><span style=\"font-weight: normal;\"><span style=\"letter-spacing: normal;\"><span style=\"\"><span style=\"\"><span style=\"white-space: normal;\"><span style=\"\"><span style=\"\"><span style=\"\"><span style=\"text-decoration: none;\"><span style=\"background-color: white;\"><span style=\"\"><span style=\"\"><b><span lang=\"EN-US\" style=\"font-size: 10.5pt;\"><span style=\"font-family: Helvetica;\"><span style=\"color: #333333;\">Email:</span></span></span></b><span lang=\"EN-US\" style=\"font-size: 10.5pt;\"><span style=\"font-family: Helvetica;\"><span style=\"color: #333333;\"> adam@kavovyklub.cz</span></span></span></span></span></span></span></span></span></span></span></span></span></span></span></span></span></span></span></span></span></span></p>\n\n<p style=\"\"><span style=\"font-size: 11pt;\"><span style=\"line-height: normal;\"><span style=\"font-family: Calibri, sans-serif;\"><span style=\"\"><span style=\"color: #000000;\"><span style=\"font-style: normal;\"><span style=\"\"><span style=\"font-weight: normal;\"><span style=\"letter-spacing: normal;\"><span style=\"\"><span style=\"\"><span style=\"white-space: normal;\"><span style=\"\"><span style=\"\"><span style=\"\"><span style=\"text-decoration: none;\"><span style=\"background-color: white;\"><span style=\"\"><span style=\"\"><b><span lang=\"EN-US\" style=\"font-size: 10.5pt;\"><span style=\"font-family: Helvetica;\"><span style=\"color: #333333;\">Tel:</span></span></span></b><span lang=\"EN-US\" style=\"font-size: 10.5pt;\"><span style=\"font-family: Helvetica;\"><span style=\"color: #333333;\"> +420 777 052 326</span></span></span></span></span></span></span></span></span></span></span></span></span></span></span></span></span></span></span></span></span></span></p>\n',185),
	(865,'Realitní služby','Michal Pospíšil je skutečný profesionál, na kterého se můžete spolehnout. ','<p class=\"MsoNoSpacing\" style=\"\"><span style=\"font-size: 11pt;\"><span style=\"font-family: Arial, sans-serif;\"><span style=\"\"><span style=\"color: #000000;\"><span style=\"font-style: normal;\"><span style=\"\"><span style=\"font-weight: normal;\"><span style=\"letter-spacing: normal;\"><span style=\"\"><span style=\"\"><span style=\"white-space: normal;\"><span style=\"\"><span style=\"\"><span style=\"\"><span style=\"text-decoration: none;\"><b>Kdo to je:</b></span></span></span></span></span></span></span></span></span></span></span></span></span></span></span></p>\n\n<ul>\n	<li class=\"MsoNoSpacing\" style=\"\"><span style=\"font-size: 11pt;\"><span style=\"font-family: Arial,sans-serif;\">Komplexní realitní kancelář - zařídí nákup, prodej, pronájem všech typů nemovitostí (byt, dům, iglú, týpí...).</span></span></li>\n</ul>\n\n<p class=\"MsoNoSpacing\" style=\"\"><span style=\"font-size: 11pt;\"><span style=\"font-family: Arial, sans-serif;\"><span style=\"\"><span style=\"color: #000000;\"><span style=\"font-style: normal;\"><span style=\"\"><span style=\"font-weight: normal;\"><span style=\"letter-spacing: normal;\"><span style=\"\"><span style=\"\"><span style=\"white-space: normal;\"><span style=\"\"><span style=\"\"><span style=\"\"><span style=\"text-decoration: none;\"><b>Co nabízí a za kolik:</b></span></span></span></span></span></span></span></span></span></span></span></span></span></span></span></p>\n\n<ul>\n	<li class=\"MsoNoSpacing\" style=\"\"><span style=\"font-size: 11pt;\"><span style=\"font-family: Arial,sans-serif;\">Komplexní poradenství v oblasti prodejů i pronájmů.</span></span></li>\n	<li class=\"MsoNoSpacing\" style=\"\"><span style=\"font-size: 11pt;\"><span style=\"font-family: Arial,sans-serif;\">Zprostředkování pronájmů a prodejů nemovitostí.</span></span></li>\n	<li class=\"MsoNoSpacing\" style=\"\"><span style=\"font-size: 11pt;\"><span style=\"font-family: Arial,sans-serif;\">Sleva 10 % z provize.</span></span></li>\n</ul>\n\n<p style=\"\"><span style=\"font-size: 11pt;\"><span style=\"line-height: normal;\"><span style=\"font-family: Calibri, sans-serif;\"><span style=\"\"><span style=\"color: #000000;\"><span style=\"font-style: normal;\"><span style=\"\"><span style=\"font-weight: normal;\"><span style=\"letter-spacing: normal;\"><span style=\"\"><span style=\"\"><span style=\"white-space: normal;\"><span style=\"\"><span style=\"\"><span style=\"\"><span style=\"text-decoration: none;\"><span style=\"background-color: white;\"><span style=\"\"><span style=\"\"><b><span lang=\"EN-US\" style=\"font-size: 10.5pt;\"><span style=\"font-family: Helvetica;\"><span style=\"color: #333333;\">Odkaz:</span></span></span></b><span lang=\"EN-US\" style=\"font-size: 10.5pt;\"><span style=\"font-family: Helvetica;\"><span style=\"color: #333333;\"> http://era-reality.cz/era-inspirace/michal-pospisil</span></span></span></span></span></span></span></span></span></span></span></span></span></span></span></span></span></span></span></span></span></span></p>\n\n<p style=\"\"><span style=\"font-size: 11pt;\"><span style=\"line-height: normal;\"><span style=\"font-family: Calibri, sans-serif;\"><span style=\"\"><span style=\"color: #000000;\"><span style=\"font-style: normal;\"><span style=\"\"><span style=\"font-weight: normal;\"><span style=\"letter-spacing: normal;\"><span style=\"\"><span style=\"\"><span style=\"white-space: normal;\"><span style=\"\"><span style=\"\"><span style=\"\"><span style=\"text-decoration: none;\"><span style=\"background-color: white;\"><span style=\"\"><span style=\"\"><b><span lang=\"EN-US\" style=\"font-size: 10.5pt;\"><span style=\"font-family: Helvetica;\"><span style=\"color: #333333;\">Email:</span></span></span></b><span lang=\"EN-US\" style=\"font-size: 10.5pt;\"><span style=\"font-family: Helvetica;\"><span style=\"color: #333333;\"> michal.pospisil@era-reality.cz</span></span></span></span></span></span></span></span></span></span></span></span></span></span></span></span></span></span></span></span></span></span></p>\n\n<p style=\"\"><span style=\"font-size: 11pt;\"><span style=\"line-height: normal;\"><span style=\"font-family: Calibri, sans-serif;\"><span style=\"\"><span style=\"color: #000000;\"><span style=\"font-style: normal;\"><span style=\"\"><span style=\"font-weight: normal;\"><span style=\"letter-spacing: normal;\"><span style=\"\"><span style=\"\"><span style=\"white-space: normal;\"><span style=\"\"><span style=\"\"><span style=\"\"><span style=\"text-decoration: none;\"><span style=\"background-color: white;\"><span style=\"\"><span style=\"\"><b><span lang=\"EN-US\" style=\"font-size: 10.5pt;\"><span style=\"font-family: Helvetica;\"><span style=\"color: #333333;\">Tel:</span></span></span></b><span lang=\"EN-US\" style=\"font-size: 10.5pt;\"><span style=\"font-family: Helvetica;\"><span style=\"color: #333333;\"> +420 775 109 676</span></span></span></span></span></span></span></span></span></span></span></span></span></span></span></span></span></span></span></span></span></span></p>\n',41),
	(866,'Kweku','Nejlepší stavební firma na trhu. Rozumějí stavbám a drží slovo.','<p class=\"MsoNoSpacing\" style=\"\"><span style=\"font-size: 11pt;\"><span style=\"font-family: Arial, sans-serif;\"><span style=\"\"><span style=\"color: #000000;\"><span style=\"font-style: normal;\"><span style=\"\"><span style=\"font-weight: normal;\"><span style=\"letter-spacing: normal;\"><span style=\"\"><span style=\"\"><span style=\"white-space: normal;\"><span style=\"\"><span style=\"\"><span style=\"\"><span style=\"text-decoration: none;\"><b>Kdo to je:</b></span></span></span></span></span></span></span></span></span></span></span></span></span></span></span></p>\n\n<ul>\n	<li class=\"MsoNoSpacing\" style=\"\"><span style=\"font-size: 11pt;\"><span style=\"font-family: Arial,sans-serif;\">Komplexní dodavatel staveb na klíč, rekonstrukcí a poradenství.</span></span></li>\n</ul>\n\n<p class=\"MsoNoSpacing\" style=\"\"><span style=\"font-size: 11pt;\"><span style=\"font-family: Arial, sans-serif;\"><span style=\"\"><span style=\"color: #000000;\"><span style=\"font-style: normal;\"><span style=\"\"><span style=\"font-weight: normal;\"><span style=\"letter-spacing: normal;\"><span style=\"\"><span style=\"\"><span style=\"white-space: normal;\"><span style=\"\"><span style=\"\"><span style=\"\"><span style=\"text-decoration: none;\"><b>Co nabízí a za kolik: </b></span></span></span></span></span></span></span></span></span></span></span></span></span></span></span></p>\n\n<ul>\n	<li class=\"MsoNoSpacing\" style=\"\"><span style=\"font-size: 11pt;\"><span style=\"font-family: Arial,sans-serif;\">Kompletní dodávky stavebních a interiérových prací včetně ingeneeringu staveb.</span></span></li>\n	<li class=\"MsoNoSpacing\" style=\"\"><span style=\"font-size: 11pt;\"><span style=\"font-family: Arial,sans-serif;\">Rekonstrukce bytů nebo domů včetně veškerého papírování.</span></span></li>\n	<li class=\"MsoNoSpacing\" style=\"\"><span style=\"font-size: 11pt;\"><span style=\"font-family: Arial,sans-serif;\">Ceny individuálně.</span></span></li>\n</ul>\n\n<p style=\"\"><span style=\"font-size: 11pt;\"><span style=\"line-height: normal;\"><span style=\"font-family: Calibri, sans-serif;\"><span style=\"\"><span style=\"color: #000000;\"><span style=\"font-style: normal;\"><span style=\"\"><span style=\"font-weight: normal;\"><span style=\"letter-spacing: normal;\"><span style=\"\"><span style=\"\"><span style=\"white-space: normal;\"><span style=\"\"><span style=\"\"><span style=\"\"><span style=\"text-decoration: none;\"><span style=\"background-color: white;\"><span style=\"\"><span style=\"\"><b><span lang=\"EN-US\" style=\"font-size: 10.5pt;\"><span style=\"font-family: Helvetica;\"><span style=\"color: #333333;\">Odkaz:</span></span></span></b><span lang=\"EN-US\" style=\"font-size: 10.5pt;\"><span style=\"font-family: Helvetica;\"><span style=\"color: #333333;\"> http://www.kweku.cz</span></span></span></span></span></span></span></span></span></span></span></span></span></span></span></span></span></span></span></span></span></span></p>\n\n<p style=\"\"><span style=\"font-size: 11pt;\"><span style=\"line-height: normal;\"><span style=\"font-family: Calibri, sans-serif;\"><span style=\"\"><span style=\"color: #000000;\"><span style=\"font-style: normal;\"><span style=\"\"><span style=\"font-weight: normal;\"><span style=\"letter-spacing: normal;\"><span style=\"\"><span style=\"\"><span style=\"white-space: normal;\"><span style=\"\"><span style=\"\"><span style=\"\"><span style=\"text-decoration: none;\"><span style=\"background-color: white;\"><span style=\"\"><span style=\"\"><b><span lang=\"EN-US\" style=\"font-size: 10.5pt;\"><span style=\"font-family: Helvetica;\"><span style=\"color: #333333;\">Email:</span></span></span></b><span lang=\"EN-US\" style=\"font-size: 10.5pt;\"><span style=\"font-family: Helvetica;\"><span style=\"color: #333333;\"> info@kweku.cz</span></span></span></span></span></span></span></span></span></span></span></span></span></span></span></span></span></span></span></span></span></span></p>\n\n<p style=\"\"><span style=\"font-size: 11pt;\"><span style=\"line-height: normal;\"><span style=\"font-family: Calibri, sans-serif;\"><span style=\"\"><span style=\"color: #000000;\"><span style=\"font-style: normal;\"><span style=\"\"><span style=\"font-weight: normal;\"><span style=\"letter-spacing: normal;\"><span style=\"\"><span style=\"\"><span style=\"white-space: normal;\"><span style=\"\"><span style=\"\"><span style=\"\"><span style=\"text-decoration: none;\"><span style=\"background-color: white;\"><span style=\"\"><span style=\"\"><b><span lang=\"EN-US\" style=\"font-size: 10.5pt;\"><span style=\"font-family: Helvetica;\"><span style=\"color: #333333;\">Tel:</span></span></span></b><span lang=\"EN-US\" style=\"font-size: 10.5pt;\"><span style=\"font-family: Helvetica;\"><span style=\"color: #333333;\"> +420 602 454 627</span></span></span></span></span></span></span></span></span></span></span></span></span></span></span></span></span></span></span></span></span></span></p>\n',40),
	(1243,' Účetnictví','Petra Řeháčková perfektně rozumí účetnictví a má trpělivost na komunikaci s úřady.','<p><b>Kdo to je:</b></p>\n\n<ul>\n	<li class=\"MsoNoSpacing\" style=\"\"><span style=\"font-size: 11pt;\"><span style=\"font-family: Arial,sans-serif;\">Účetní a účetní poradce, který ví o daních vše a rád se o tebe postará i v zastupování s úřady.</span></span></li>\n</ul>\n\n<p><b>Co nabízí a za kolik:</b></p>\n\n<ul>\n	<li style=\"margin: 0cm;\">Kompletní vedení a správu účetnictví, zastupování před úřady -  jak pro fyzické, tak i pro právnické osoby. To vše s 30% slevou.</li>\n</ul>\n\n<p style=\"\"><span style=\"font-size: 11pt;\"><span style=\"line-height: normal;\"><span style=\"font-family: Calibri, sans-serif;\"><span style=\"\"><span style=\"color: #000000;\"><span style=\"font-style: normal;\"><span style=\"\"><span style=\"font-weight: normal;\"><span style=\"letter-spacing: normal;\"><span style=\"\"><span style=\"\"><span style=\"white-space: normal;\"><span style=\"\"><span style=\"\"><span style=\"\"><span style=\"text-decoration: none;\"><span style=\"background-color: white;\"><span style=\"\"><span style=\"\"><b><span lang=\"EN-US\" style=\"font-size: 10.5pt;\"><span style=\"font-family: Helvetica;\"><span style=\"color: #333333;\">Email:</span></span></span></b><span lang=\"EN-US\" style=\"font-size: 10.5pt;\"><span style=\"font-family: Helvetica;\"><span style=\"color: #333333;\"> rehackova.petra@seznam.cz</span></span></span></span></span></span></span></span></span></span></span></span></span></span></span></span></span></span></span></span></span></span></p>\n\n<p style=\"\"><span style=\"font-size: 11pt;\"><span style=\"line-height: normal;\"><span style=\"font-family: Calibri, sans-serif;\"><span style=\"\"><span style=\"color: #000000;\"><span style=\"font-style: normal;\"><span style=\"\"><span style=\"font-weight: normal;\"><span style=\"letter-spacing: normal;\"><span style=\"\"><span style=\"\"><span style=\"white-space: normal;\"><span style=\"\"><span style=\"\"><span style=\"\"><span style=\"text-decoration: none;\"><span style=\"background-color: white;\"><span style=\"\"><span style=\"\"><b><span lang=\"EN-US\" style=\"font-size: 10.5pt;\"><span style=\"font-family: Helvetica;\"><span style=\"color: #333333;\">Tel:</span></span></span></b><span lang=\"EN-US\" style=\"font-size: 10.5pt;\"><span style=\"font-family: Helvetica;\"><span style=\"color: #333333;\"> +420 602 160 068</span></span></span></span></span></span></span></span></span></span></span></span></span></span></span></span></span></span></span></span></span></span></p>\n\n<p style=\"\"> </p>\n',22),
	(1244,'Právní služby','Přemek opravdu ví. Umí vyřešit cokoliv. Osobně jsme to vyzkoušeli.','<p class=\"MsoNoSpacing\" style=\"\"><span style=\"font-size: 11pt;\"><span style=\"font-family: Arial, sans-serif;\"><span style=\"\"><span style=\"color: #000000;\"><span style=\"font-style: normal;\"><span style=\"\"><span style=\"font-weight: normal;\"><span style=\"letter-spacing: normal;\"><span style=\"\"><span style=\"\"><span style=\"white-space: normal;\"><span style=\"\"><span style=\"\"><span style=\"\"><span style=\"text-decoration: none;\"><b>Kdo to je:</b></span></span></span></span></span></span></span></span></span></span></span></span></span></span></span></p>\n\n<ul>\n	<li class=\"MsoNoSpacing\" style=\"\"><span style=\"font-size: 11pt;\"><span style=\"font-family: Arial,sans-serif;\">Přemek Líbal pomáhal s uzavíráním smluv s dodavateli a zákazníky na všech kontinentech. S výjimkou Antarktidy. Zatím!</span></span></li>\n</ul>\n\n<p class=\"MsoNoSpacing\" style=\"\"><span style=\"font-size: 11pt;\"><span style=\"font-family: Arial, sans-serif;\"><span style=\"\"><span style=\"color: #000000;\"><span style=\"font-style: normal;\"><span style=\"\"><span style=\"font-weight: normal;\"><span style=\"letter-spacing: normal;\"><span style=\"\"><span style=\"\"><span style=\"white-space: normal;\"><span style=\"\"><span style=\"\"><span style=\"\"><span style=\"text-decoration: none;\"><b>Co nabízí a za kolik: </b></span></span></span></span></span></span></span></span></span></span></span></span></span></span></span></p>\n\n<ul>\n	<li class=\"MsoNoSpacing\" style=\"\"><span style=\"font-size: 11pt;\"><span style=\"font-family: Arial,sans-serif;\">Ve spolupráci s partnerskými advokáty a advokátními kancelářemi zajistí komplexní právní podporu ve všech oblastech života.</span></span></li>\n	<li class=\"MsoNoSpacing\" style=\"\"><span style=\"font-size: 11pt;\"><span style=\"font-family: Arial,sans-serif;\">Obchodní, osobní, trestní, nemovitosti, rodina spolupracuje.</span></span></li>\n	<li class=\"MsoNoSpacing\" style=\"\"><span style=\"font-size: 11pt;\"><span style=\"font-family: Arial,sans-serif;\">Ceny dohodou s tím, že držité ACArty budou zvýhodněni proti běžným klientům.</span></span></li>\n</ul>\n\n<p class=\"MsoNoSpacing\" style=\"\"><span style=\"font-size: 11pt;\"><span style=\"font-family: Arial, sans-serif;\"><span style=\"\"><span style=\"color: #000000;\"><span style=\"font-style: normal;\"><span style=\"\"><span style=\"font-weight: normal;\"><span style=\"letter-spacing: normal;\"><span style=\"\"><span style=\"\"><span style=\"white-space: normal;\"><span style=\"\"><span style=\"\"><span style=\"\"><span style=\"text-decoration: none;\"><b>Odkaz:</b> http://www.proboston.com</span></span></span></span></span></span></span></span></span></span></span></span></span></span></span></p>\n\n<p class=\"MsoNoSpacing\" style=\"\"><span style=\"font-size: 11pt;\"><span style=\"font-family: Arial, sans-serif;\"><span style=\"\"><span style=\"color: #000000;\"><span style=\"font-style: normal;\"><span style=\"\"><span style=\"font-weight: normal;\"><span style=\"letter-spacing: normal;\"><span style=\"\"><span style=\"\"><span style=\"white-space: normal;\"><span style=\"\"><span style=\"\"><span style=\"\"><span style=\"text-decoration: none;\"><b>Email:</b> premysl.libal@proboston.com</span></span></span></span></span></span></span></span></span></span></span></span></span></span></span></p>\n\n<p class=\"MsoNoSpacing\" style=\"\"><span style=\"font-size: 11pt;\"><span style=\"font-family: Arial, sans-serif;\"><span style=\"\"><span style=\"color: #000000;\"><span style=\"font-style: normal;\"><span style=\"\"><span style=\"font-weight: normal;\"><span style=\"letter-spacing: normal;\"><span style=\"\"><span style=\"\"><span style=\"white-space: normal;\"><span style=\"\"><span style=\"\"><span style=\"\"><span style=\"text-decoration: none;\"><b>Tel:</b> +420 739 026 260</span></span></span></span></span></span></span></span></span></span></span></span></span></span></span></p>\n\n<p class=\"MsoNoSpacing\" style=\"\"> </p>\n',85),
	(1245,'Letuška.cz','Až budete řešit dovolenou, tady najdete letenky a ubytování za skvělé ceny.','<p class=\"MsoNoSpacing\" style=\"\"><span style=\"font-size: 11pt;\"><span style=\"font-family: Arial, sans-serif;\"><span style=\"\"><span style=\"color: #000000;\"><span style=\"font-style: normal;\"><span style=\"\"><span style=\"font-weight: normal;\"><span style=\"letter-spacing: normal;\"><span style=\"\"><span style=\"\"><span style=\"white-space: normal;\"><span style=\"\"><span style=\"\"><span style=\"\"><span style=\"text-decoration: none;\"><b>Kdo to je:</b></span></span></span></span></span></span></span></span></span></span></span></span></span></span></span></p>\n\n<ul>\n	<li class=\"MsoNoSpacing\" style=\"\"><span style=\"font-size: 11pt;\"><span style=\"font-family: Arial,sans-serif;\">Na Letušce si můžete rezervovat letenky a objednávat veškeré možné služby spojené s cestováním po celém světě.</span></span></li>\n</ul>\n\n<p class=\"MsoNoSpacing\" style=\"\"><span style=\"font-size: 11pt;\"><span style=\"font-family: Arial, sans-serif;\"><span style=\"\"><span style=\"color: #000000;\"><span style=\"font-style: normal;\"><span style=\"\"><span style=\"font-weight: normal;\"><span style=\"letter-spacing: normal;\"><span style=\"\"><span style=\"\"><span style=\"white-space: normal;\"><span style=\"\"><span style=\"\"><span style=\"\"><span style=\"text-decoration: none;\"><b>Co nabízí a za kolik:</b></span></span></span></span></span></span></span></span></span></span></span></span></span></span></span></p>\n\n<ul>\n	<li class=\"MsoNoSpacing\" style=\"\"><span style=\"font-size: 11pt;\"><span style=\"font-family: Arial,sans-serif;\">Jako benefit jsme pro vás sjednali slevu <b>490,- Kč</b>, kterou získáte formou promo kódu.</span></span></li>\n	<li class=\"MsoNoSpacing\" style=\"\"><span style=\"font-size: 11pt;\"><span style=\"font-family: Arial,sans-serif;\">Promo kód je: <b>ACAMAR_016540</b>, je jednotný pro všechny, platný do 31.12.2018 a počet jeho použití je neomezen.</span></span></li>\n	<li class=\"MsoNoSpacing\" style=\"\"><span style=\"font-size: 11pt;\"><span style=\"font-family: Arial,sans-serif;\">Zadáte ho rovnou při hledání - pole na zadání je pod tlačitkem \"upřesnit\" na main page.</span></span></li>\n</ul>\n\n<p class=\"MsoNoSpacing\" style=\"\"><span style=\"font-size: 11pt;\"><span style=\"line-height: normal;\"><span style=\"font-family: Calibri, sans-serif;\"><span style=\"\"><span style=\"color: #000000;\"><span style=\"font-style: normal;\"><span style=\"\"><span style=\"font-weight: normal;\"><span style=\"letter-spacing: normal;\"><span style=\"\"><span style=\"\"><span style=\"white-space: normal;\"><span style=\"\"><span style=\"\"><span style=\"\"><span style=\"text-decoration: none;\"><span style=\"background-color: white;\"><span style=\"\"><span style=\"\"><b><span lang=\"EN-US\" style=\"font-size: 10.5pt;\"><span style=\"font-family: Helvetica;\"><span style=\"color: #333333;\">Odkaz:</span></span></span></b><span lang=\"EN-US\" style=\"font-size: 10.5pt;\"><span style=\"font-family: Helvetica;\"><span style=\"color: #333333;\"> https://www.letuska.cz</span></span></span></span></span></span></span></span></span></span></span></span></span></span></span></span></span></span></span></span></span></span></p>\n\n<p style=\"\"> </p>\n',14),
	(1246,'Kávový klub','Pro dobrou kávu zamiřte sem. Chlapci a dívky z kávového klubu o ní vědí vše!','<p class=\"MsoNoSpacing\" style=\"\"><span style=\"font-size: 11pt;\"><span style=\"font-family: Arial, sans-serif;\"><span style=\"\"><span style=\"color: #000000;\"><span style=\"font-style: normal;\"><span style=\"\"><span style=\"font-weight: normal;\"><span style=\"letter-spacing: normal;\"><span style=\"\"><span style=\"\"><span style=\"white-space: normal;\"><span style=\"\"><span style=\"\"><span style=\"\"><span style=\"text-decoration: none;\"><b>Kdo to je:</b></span></span></span></span></span></span></span></span></span></span></span></span></span></span></span></p>\n\n<ul>\n	<li class=\"MsoNoSpacing\" style=\"\"><span style=\"font-size: 11pt;\"><span style=\"font-family: Arial,sans-serif;\">Baristi, kteří opravdu rozuměji svému řemeslu a umí pěkně kreslit do mléčné pěny.</span></span></li>\n</ul>\n\n<p class=\"MsoNoSpacing\" style=\"\"><span style=\"font-size: 11pt;\"><span style=\"font-family: Arial, sans-serif;\"><span style=\"\"><span style=\"color: #000000;\"><span style=\"font-style: normal;\"><span style=\"\"><span style=\"font-weight: normal;\"><span style=\"letter-spacing: normal;\"><span style=\"\"><span style=\"\"><span style=\"white-space: normal;\"><span style=\"\"><span style=\"\"><span style=\"\"><span style=\"text-decoration: none;\"><b>Co nabízí a za kolik:</b></span></span></span></span></span></span></span></span></span></span></span></span></span></span></span></p>\n\n<ul>\n	<li class=\"MsoNoSpacing\" style=\"\"><span style=\"font-size: 11pt;\"><span style=\"font-family: Arial,sans-serif;\">Slevu 10 % na kompletní sortiment kávových nápojů a zrnkové kávy na svých pobočkách včetně trhů. Info o lokalitách na jejich webu.</span></span></li>\n</ul>\n\n<p style=\"\"><span style=\"font-size: 11pt;\"><span style=\"line-height: normal;\"><span style=\"font-family: Calibri, sans-serif;\"><span style=\"\"><span style=\"color: #000000;\"><span style=\"font-style: normal;\"><span style=\"\"><span style=\"font-weight: normal;\"><span style=\"letter-spacing: normal;\"><span style=\"\"><span style=\"\"><span style=\"white-space: normal;\"><span style=\"\"><span style=\"\"><span style=\"\"><span style=\"text-decoration: none;\"><span style=\"background-color: white;\"><span style=\"\"><span style=\"\"><b><span lang=\"EN-US\" style=\"font-size: 10.5pt;\"><span style=\"font-family: Helvetica;\"><span style=\"color: #333333;\">Odkaz:</span></span></span></b><span lang=\"EN-US\" style=\"font-size: 10.5pt;\"><span style=\"font-family: Helvetica;\"><span style=\"color: #333333;\"> https://www.kavovyklub.cz</span></span></span></span></span></span></span></span></span></span></span></span></span></span></span></span></span></span></span></span></span></span></p>\n\n<p style=\"\"><span style=\"font-size: 11pt;\"><span style=\"line-height: normal;\"><span style=\"font-family: Calibri, sans-serif;\"><span style=\"\"><span style=\"color: #000000;\"><span style=\"font-style: normal;\"><span style=\"\"><span style=\"font-weight: normal;\"><span style=\"letter-spacing: normal;\"><span style=\"\"><span style=\"\"><span style=\"white-space: normal;\"><span style=\"\"><span style=\"\"><span style=\"\"><span style=\"text-decoration: none;\"><span style=\"background-color: white;\"><span style=\"\"><span style=\"\"><b><span lang=\"EN-US\" style=\"font-size: 10.5pt;\"><span style=\"font-family: Helvetica;\"><span style=\"color: #333333;\">Email:</span></span></span></b><span lang=\"EN-US\" style=\"font-size: 10.5pt;\"><span style=\"font-family: Helvetica;\"><span style=\"color: #333333;\"> adam@kavovyklub.cz</span></span></span></span></span></span></span></span></span></span></span></span></span></span></span></span></span></span></span></span></span></span></p>\n\n<p style=\"\"><span style=\"font-size: 11pt;\"><span style=\"line-height: normal;\"><span style=\"font-family: Calibri, sans-serif;\"><span style=\"\"><span style=\"color: #000000;\"><span style=\"font-style: normal;\"><span style=\"\"><span style=\"font-weight: normal;\"><span style=\"letter-spacing: normal;\"><span style=\"\"><span style=\"\"><span style=\"white-space: normal;\"><span style=\"\"><span style=\"\"><span style=\"\"><span style=\"text-decoration: none;\"><span style=\"background-color: white;\"><span style=\"\"><span style=\"\"><b><span lang=\"EN-US\" style=\"font-size: 10.5pt;\"><span style=\"font-family: Helvetica;\"><span style=\"color: #333333;\">Tel:</span></span></span></b><span lang=\"EN-US\" style=\"font-size: 10.5pt;\"><span style=\"font-family: Helvetica;\"><span style=\"color: #333333;\"> +420 777 052 326</span></span></span></span></span></span></span></span></span></span></span></span></span></span></span></span></span></span></span></span></span></span></p>\n',185),
	(1247,'Realitní služby','Michal Pospíšil je skutečný profesionál, na kterého se můžete spolehnout. ','<p class=\"MsoNoSpacing\" style=\"\"><span style=\"font-size: 11pt;\"><span style=\"font-family: Arial, sans-serif;\"><span style=\"\"><span style=\"color: #000000;\"><span style=\"font-style: normal;\"><span style=\"\"><span style=\"font-weight: normal;\"><span style=\"letter-spacing: normal;\"><span style=\"\"><span style=\"\"><span style=\"white-space: normal;\"><span style=\"\"><span style=\"\"><span style=\"\"><span style=\"text-decoration: none;\"><b>Kdo to je:</b></span></span></span></span></span></span></span></span></span></span></span></span></span></span></span></p>\n\n<ul>\n	<li class=\"MsoNoSpacing\" style=\"\"><span style=\"font-size: 11pt;\"><span style=\"font-family: Arial,sans-serif;\">Komplexní realitní kancelář - zařídí nákup, prodej, pronájem všech typů nemovitostí (byt, dům, iglú, týpí...).</span></span></li>\n</ul>\n\n<p class=\"MsoNoSpacing\" style=\"\"><span style=\"font-size: 11pt;\"><span style=\"font-family: Arial, sans-serif;\"><span style=\"\"><span style=\"color: #000000;\"><span style=\"font-style: normal;\"><span style=\"\"><span style=\"font-weight: normal;\"><span style=\"letter-spacing: normal;\"><span style=\"\"><span style=\"\"><span style=\"white-space: normal;\"><span style=\"\"><span style=\"\"><span style=\"\"><span style=\"text-decoration: none;\"><b>Co nabízí a za kolik:</b></span></span></span></span></span></span></span></span></span></span></span></span></span></span></span></p>\n\n<ul>\n	<li class=\"MsoNoSpacing\" style=\"\"><span style=\"font-size: 11pt;\"><span style=\"font-family: Arial,sans-serif;\">Komplexní poradenství v oblasti prodejů i pronájmů.</span></span></li>\n	<li class=\"MsoNoSpacing\" style=\"\"><span style=\"font-size: 11pt;\"><span style=\"font-family: Arial,sans-serif;\">Zprostředkování pronájmů a prodejů nemovitostí.</span></span></li>\n	<li class=\"MsoNoSpacing\" style=\"\"><span style=\"font-size: 11pt;\"><span style=\"font-family: Arial,sans-serif;\">Sleva 10 % z provize.</span></span></li>\n</ul>\n\n<p style=\"\"><span style=\"font-size: 11pt;\"><span style=\"line-height: normal;\"><span style=\"font-family: Calibri, sans-serif;\"><span style=\"\"><span style=\"color: #000000;\"><span style=\"font-style: normal;\"><span style=\"\"><span style=\"font-weight: normal;\"><span style=\"letter-spacing: normal;\"><span style=\"\"><span style=\"\"><span style=\"white-space: normal;\"><span style=\"\"><span style=\"\"><span style=\"\"><span style=\"text-decoration: none;\"><span style=\"background-color: white;\"><span style=\"\"><span style=\"\"><b><span lang=\"EN-US\" style=\"font-size: 10.5pt;\"><span style=\"font-family: Helvetica;\"><span style=\"color: #333333;\">Odkaz:</span></span></span></b><span lang=\"EN-US\" style=\"font-size: 10.5pt;\"><span style=\"font-family: Helvetica;\"><span style=\"color: #333333;\"> http://era-reality.cz/era-inspirace/michal-pospisil</span></span></span></span></span></span></span></span></span></span></span></span></span></span></span></span></span></span></span></span></span></span></p>\n\n<p style=\"\"><span style=\"font-size: 11pt;\"><span style=\"line-height: normal;\"><span style=\"font-family: Calibri, sans-serif;\"><span style=\"\"><span style=\"color: #000000;\"><span style=\"font-style: normal;\"><span style=\"\"><span style=\"font-weight: normal;\"><span style=\"letter-spacing: normal;\"><span style=\"\"><span style=\"\"><span style=\"white-space: normal;\"><span style=\"\"><span style=\"\"><span style=\"\"><span style=\"text-decoration: none;\"><span style=\"background-color: white;\"><span style=\"\"><span style=\"\"><b><span lang=\"EN-US\" style=\"font-size: 10.5pt;\"><span style=\"font-family: Helvetica;\"><span style=\"color: #333333;\">Email:</span></span></span></b><span lang=\"EN-US\" style=\"font-size: 10.5pt;\"><span style=\"font-family: Helvetica;\"><span style=\"color: #333333;\"> michal.pospisil@era-reality.cz</span></span></span></span></span></span></span></span></span></span></span></span></span></span></span></span></span></span></span></span></span></span></p>\n\n<p style=\"\"><span style=\"font-size: 11pt;\"><span style=\"line-height: normal;\"><span style=\"font-family: Calibri, sans-serif;\"><span style=\"\"><span style=\"color: #000000;\"><span style=\"font-style: normal;\"><span style=\"\"><span style=\"font-weight: normal;\"><span style=\"letter-spacing: normal;\"><span style=\"\"><span style=\"\"><span style=\"white-space: normal;\"><span style=\"\"><span style=\"\"><span style=\"\"><span style=\"text-decoration: none;\"><span style=\"background-color: white;\"><span style=\"\"><span style=\"\"><b><span lang=\"EN-US\" style=\"font-size: 10.5pt;\"><span style=\"font-family: Helvetica;\"><span style=\"color: #333333;\">Tel:</span></span></span></b><span lang=\"EN-US\" style=\"font-size: 10.5pt;\"><span style=\"font-family: Helvetica;\"><span style=\"color: #333333;\"> +420 775 109 676</span></span></span></span></span></span></span></span></span></span></span></span></span></span></span></span></span></span></span></span></span></span></p>\n',41),
	(1248,'Kweku','Nejlepší stavební firma na trhu. Rozumějí stavbám a drží slovo.','<p class=\"MsoNoSpacing\" style=\"\"><span style=\"font-size: 11pt;\"><span style=\"font-family: Arial, sans-serif;\"><span style=\"\"><span style=\"color: #000000;\"><span style=\"font-style: normal;\"><span style=\"\"><span style=\"font-weight: normal;\"><span style=\"letter-spacing: normal;\"><span style=\"\"><span style=\"\"><span style=\"white-space: normal;\"><span style=\"\"><span style=\"\"><span style=\"\"><span style=\"text-decoration: none;\"><b>Kdo to je:</b></span></span></span></span></span></span></span></span></span></span></span></span></span></span></span></p>\n\n<ul>\n	<li class=\"MsoNoSpacing\" style=\"\"><span style=\"font-size: 11pt;\"><span style=\"font-family: Arial,sans-serif;\">Komplexní dodavatel staveb na klíč, rekonstrukcí a poradenství.</span></span></li>\n</ul>\n\n<p class=\"MsoNoSpacing\" style=\"\"><span style=\"font-size: 11pt;\"><span style=\"font-family: Arial, sans-serif;\"><span style=\"\"><span style=\"color: #000000;\"><span style=\"font-style: normal;\"><span style=\"\"><span style=\"font-weight: normal;\"><span style=\"letter-spacing: normal;\"><span style=\"\"><span style=\"\"><span style=\"white-space: normal;\"><span style=\"\"><span style=\"\"><span style=\"\"><span style=\"text-decoration: none;\"><b>Co nabízí a za kolik: </b></span></span></span></span></span></span></span></span></span></span></span></span></span></span></span></p>\n\n<ul>\n	<li class=\"MsoNoSpacing\" style=\"\"><span style=\"font-size: 11pt;\"><span style=\"font-family: Arial,sans-serif;\">Kompletní dodávky stavebních a interiérových prací včetně ingeneeringu staveb.</span></span></li>\n	<li class=\"MsoNoSpacing\" style=\"\"><span style=\"font-size: 11pt;\"><span style=\"font-family: Arial,sans-serif;\">Rekonstrukce bytů nebo domů včetně veškerého papírování.</span></span></li>\n	<li class=\"MsoNoSpacing\" style=\"\"><span style=\"font-size: 11pt;\"><span style=\"font-family: Arial,sans-serif;\">Ceny individuálně.</span></span></li>\n</ul>\n\n<p style=\"\"><span style=\"font-size: 11pt;\"><span style=\"line-height: normal;\"><span style=\"font-family: Calibri, sans-serif;\"><span style=\"\"><span style=\"color: #000000;\"><span style=\"font-style: normal;\"><span style=\"\"><span style=\"font-weight: normal;\"><span style=\"letter-spacing: normal;\"><span style=\"\"><span style=\"\"><span style=\"white-space: normal;\"><span style=\"\"><span style=\"\"><span style=\"\"><span style=\"text-decoration: none;\"><span style=\"background-color: white;\"><span style=\"\"><span style=\"\"><b><span lang=\"EN-US\" style=\"font-size: 10.5pt;\"><span style=\"font-family: Helvetica;\"><span style=\"color: #333333;\">Odkaz:</span></span></span></b><span lang=\"EN-US\" style=\"font-size: 10.5pt;\"><span style=\"font-family: Helvetica;\"><span style=\"color: #333333;\"> http://www.kweku.cz</span></span></span></span></span></span></span></span></span></span></span></span></span></span></span></span></span></span></span></span></span></span></p>\n\n<p style=\"\"><span style=\"font-size: 11pt;\"><span style=\"line-height: normal;\"><span style=\"font-family: Calibri, sans-serif;\"><span style=\"\"><span style=\"color: #000000;\"><span style=\"font-style: normal;\"><span style=\"\"><span style=\"font-weight: normal;\"><span style=\"letter-spacing: normal;\"><span style=\"\"><span style=\"\"><span style=\"white-space: normal;\"><span style=\"\"><span style=\"\"><span style=\"\"><span style=\"text-decoration: none;\"><span style=\"background-color: white;\"><span style=\"\"><span style=\"\"><b><span lang=\"EN-US\" style=\"font-size: 10.5pt;\"><span style=\"font-family: Helvetica;\"><span style=\"color: #333333;\">Email:</span></span></span></b><span lang=\"EN-US\" style=\"font-size: 10.5pt;\"><span style=\"font-family: Helvetica;\"><span style=\"color: #333333;\"> info@kweku.cz</span></span></span></span></span></span></span></span></span></span></span></span></span></span></span></span></span></span></span></span></span></span></p>\n\n<p style=\"\"><span style=\"font-size: 11pt;\"><span style=\"line-height: normal;\"><span style=\"font-family: Calibri, sans-serif;\"><span style=\"\"><span style=\"color: #000000;\"><span style=\"font-style: normal;\"><span style=\"\"><span style=\"font-weight: normal;\"><span style=\"letter-spacing: normal;\"><span style=\"\"><span style=\"\"><span style=\"white-space: normal;\"><span style=\"\"><span style=\"\"><span style=\"\"><span style=\"text-decoration: none;\"><span style=\"background-color: white;\"><span style=\"\"><span style=\"\"><b><span lang=\"EN-US\" style=\"font-size: 10.5pt;\"><span style=\"font-family: Helvetica;\"><span style=\"color: #333333;\">Tel:</span></span></span></b><span lang=\"EN-US\" style=\"font-size: 10.5pt;\"><span style=\"font-family: Helvetica;\"><span style=\"color: #333333;\"> +420 602 454 627</span></span></span></span></span></span></span></span></span></span></span></span></span></span></span></span></span></span></span></span></span></span></p>\n',40),
	(1338,' Účetnictví','Petra Řeháčková perfektně rozumí účetnictví a má trpělivost na komunikaci s úřady.','<p><b>Kdo to je:</b></p>\n\n<ul>\n	<li class=\"MsoNoSpacing\" style=\"\"><span style=\"font-size: 11pt;\"><span style=\"font-family: Arial,sans-serif;\">Účetní a účetní poradce, který ví o daních vše a rád se o tebe postará i v zastupování s úřady.</span></span></li>\n</ul>\n\n<p><b>Co nabízí a za kolik:</b></p>\n\n<ul>\n	<li style=\"margin: 0cm;\">Kompletní vedení a správu účetnictví, zastupování před úřady -  jak pro fyzické, tak i pro právnické osoby. To vše s 30% slevou.</li>\n</ul>\n\n<p style=\"\"><span style=\"font-size: 11pt;\"><span style=\"line-height: normal;\"><span style=\"font-family: Calibri, sans-serif;\"><span style=\"\"><span style=\"color: #000000;\"><span style=\"font-style: normal;\"><span style=\"\"><span style=\"font-weight: normal;\"><span style=\"letter-spacing: normal;\"><span style=\"\"><span style=\"\"><span style=\"white-space: normal;\"><span style=\"\"><span style=\"\"><span style=\"\"><span style=\"text-decoration: none;\"><span style=\"background-color: white;\"><span style=\"\"><span style=\"\"><b><span lang=\"EN-US\" style=\"font-size: 10.5pt;\"><span style=\"font-family: Helvetica;\"><span style=\"color: #333333;\">Email:</span></span></span></b><span lang=\"EN-US\" style=\"font-size: 10.5pt;\"><span style=\"font-family: Helvetica;\"><span style=\"color: #333333;\"> rehackova.petra@seznam.cz</span></span></span></span></span></span></span></span></span></span></span></span></span></span></span></span></span></span></span></span></span></span></p>\n\n<p style=\"\"><span style=\"font-size: 11pt;\"><span style=\"line-height: normal;\"><span style=\"font-family: Calibri, sans-serif;\"><span style=\"\"><span style=\"color: #000000;\"><span style=\"font-style: normal;\"><span style=\"\"><span style=\"font-weight: normal;\"><span style=\"letter-spacing: normal;\"><span style=\"\"><span style=\"\"><span style=\"white-space: normal;\"><span style=\"\"><span style=\"\"><span style=\"\"><span style=\"text-decoration: none;\"><span style=\"background-color: white;\"><span style=\"\"><span style=\"\"><b><span lang=\"EN-US\" style=\"font-size: 10.5pt;\"><span style=\"font-family: Helvetica;\"><span style=\"color: #333333;\">Tel:</span></span></span></b><span lang=\"EN-US\" style=\"font-size: 10.5pt;\"><span style=\"font-family: Helvetica;\"><span style=\"color: #333333;\"> +420 602 160 068</span></span></span></span></span></span></span></span></span></span></span></span></span></span></span></span></span></span></span></span></span></span></p>\n\n<p style=\"\"> </p>\n',22),
	(1339,'Právní služby','Přemek opravdu ví. Umí vyřešit cokoliv. Osobně jsme to vyzkoušeli.','<p class=\"MsoNoSpacing\" style=\"\"><span style=\"font-size: 11pt;\"><span style=\"font-family: Arial, sans-serif;\"><span style=\"\"><span style=\"color: #000000;\"><span style=\"font-style: normal;\"><span style=\"\"><span style=\"font-weight: normal;\"><span style=\"letter-spacing: normal;\"><span style=\"\"><span style=\"\"><span style=\"white-space: normal;\"><span style=\"\"><span style=\"\"><span style=\"\"><span style=\"text-decoration: none;\"><b>Kdo to je:</b></span></span></span></span></span></span></span></span></span></span></span></span></span></span></span></p>\n\n<ul>\n	<li class=\"MsoNoSpacing\" style=\"\"><span style=\"font-size: 11pt;\"><span style=\"font-family: Arial,sans-serif;\">Přemek Líbal pomáhal s uzavíráním smluv s dodavateli a zákazníky na všech kontinentech. S výjimkou Antarktidy. Zatím!</span></span></li>\n</ul>\n\n<p class=\"MsoNoSpacing\" style=\"\"><span style=\"font-size: 11pt;\"><span style=\"font-family: Arial, sans-serif;\"><span style=\"\"><span style=\"color: #000000;\"><span style=\"font-style: normal;\"><span style=\"\"><span style=\"font-weight: normal;\"><span style=\"letter-spacing: normal;\"><span style=\"\"><span style=\"\"><span style=\"white-space: normal;\"><span style=\"\"><span style=\"\"><span style=\"\"><span style=\"text-decoration: none;\"><b>Co nabízí a za kolik: </b></span></span></span></span></span></span></span></span></span></span></span></span></span></span></span></p>\n\n<ul>\n	<li class=\"MsoNoSpacing\" style=\"\"><span style=\"font-size: 11pt;\"><span style=\"font-family: Arial,sans-serif;\">Ve spolupráci s partnerskými advokáty a advokátními kancelářemi zajistí komplexní právní podporu ve všech oblastech života.</span></span></li>\n	<li class=\"MsoNoSpacing\" style=\"\"><span style=\"font-size: 11pt;\"><span style=\"font-family: Arial,sans-serif;\">Obchodní, osobní, trestní, nemovitosti, rodina spolupracuje.</span></span></li>\n	<li class=\"MsoNoSpacing\" style=\"\"><span style=\"font-size: 11pt;\"><span style=\"font-family: Arial,sans-serif;\">Ceny dohodou s tím, že držité ACArty budou zvýhodněni proti běžným klientům.</span></span></li>\n</ul>\n\n<p class=\"MsoNoSpacing\" style=\"\"><span style=\"font-size: 11pt;\"><span style=\"font-family: Arial, sans-serif;\"><span style=\"\"><span style=\"color: #000000;\"><span style=\"font-style: normal;\"><span style=\"\"><span style=\"font-weight: normal;\"><span style=\"letter-spacing: normal;\"><span style=\"\"><span style=\"\"><span style=\"white-space: normal;\"><span style=\"\"><span style=\"\"><span style=\"\"><span style=\"text-decoration: none;\"><b>Odkaz:</b> http://www.proboston.com</span></span></span></span></span></span></span></span></span></span></span></span></span></span></span></p>\n\n<p class=\"MsoNoSpacing\" style=\"\"><span style=\"font-size: 11pt;\"><span style=\"font-family: Arial, sans-serif;\"><span style=\"\"><span style=\"color: #000000;\"><span style=\"font-style: normal;\"><span style=\"\"><span style=\"font-weight: normal;\"><span style=\"letter-spacing: normal;\"><span style=\"\"><span style=\"\"><span style=\"white-space: normal;\"><span style=\"\"><span style=\"\"><span style=\"\"><span style=\"text-decoration: none;\"><b>Email:</b> premysl.libal@proboston.com</span></span></span></span></span></span></span></span></span></span></span></span></span></span></span></p>\n\n<p class=\"MsoNoSpacing\" style=\"\"><span style=\"font-size: 11pt;\"><span style=\"font-family: Arial, sans-serif;\"><span style=\"\"><span style=\"color: #000000;\"><span style=\"font-style: normal;\"><span style=\"\"><span style=\"font-weight: normal;\"><span style=\"letter-spacing: normal;\"><span style=\"\"><span style=\"\"><span style=\"white-space: normal;\"><span style=\"\"><span style=\"\"><span style=\"\"><span style=\"text-decoration: none;\"><b>Tel:</b> +420 739 026 260</span></span></span></span></span></span></span></span></span></span></span></span></span></span></span></p>\n\n<p class=\"MsoNoSpacing\" style=\"\"> </p>\n',85),
	(1340,'Letuška.cz','Až budete řešit dovolenou, tady najdete letenky a ubytování za skvělé ceny.','<p class=\"MsoNoSpacing\" style=\"\"><span style=\"font-size: 11pt;\"><span style=\"font-family: Arial, sans-serif;\"><span style=\"\"><span style=\"color: #000000;\"><span style=\"font-style: normal;\"><span style=\"\"><span style=\"font-weight: normal;\"><span style=\"letter-spacing: normal;\"><span style=\"\"><span style=\"\"><span style=\"white-space: normal;\"><span style=\"\"><span style=\"\"><span style=\"\"><span style=\"text-decoration: none;\"><b>Kdo to je:</b></span></span></span></span></span></span></span></span></span></span></span></span></span></span></span></p>\n\n<ul>\n	<li class=\"MsoNoSpacing\" style=\"\"><span style=\"font-size: 11pt;\"><span style=\"font-family: Arial,sans-serif;\">Na Letušce si můžete rezervovat letenky a objednávat veškeré možné služby spojené s cestováním po celém světě.</span></span></li>\n</ul>\n\n<p class=\"MsoNoSpacing\" style=\"\"><span style=\"font-size: 11pt;\"><span style=\"font-family: Arial, sans-serif;\"><span style=\"\"><span style=\"color: #000000;\"><span style=\"font-style: normal;\"><span style=\"\"><span style=\"font-weight: normal;\"><span style=\"letter-spacing: normal;\"><span style=\"\"><span style=\"\"><span style=\"white-space: normal;\"><span style=\"\"><span style=\"\"><span style=\"\"><span style=\"text-decoration: none;\"><b>Co nabízí a za kolik:</b></span></span></span></span></span></span></span></span></span></span></span></span></span></span></span></p>\n\n<ul>\n	<li class=\"MsoNoSpacing\" style=\"\"><span style=\"font-size: 11pt;\"><span style=\"font-family: Arial,sans-serif;\">Jako benefit jsme pro vás sjednali slevu <b>490,- Kč</b>, kterou získáte formou promo kódu.</span></span></li>\n	<li class=\"MsoNoSpacing\" style=\"\"><span style=\"font-size: 11pt;\"><span style=\"font-family: Arial,sans-serif;\">Promo kód je: <b>ACAMAR_016540</b>, je jednotný pro všechny, platný do 31.12.2018 a počet jeho použití je neomezen.</span></span></li>\n	<li class=\"MsoNoSpacing\" style=\"\"><span style=\"font-size: 11pt;\"><span style=\"font-family: Arial,sans-serif;\">Zadáte ho rovnou při hledání - pole na zadání je pod tlačitkem \"upřesnit\" na main page.</span></span></li>\n</ul>\n\n<p class=\"MsoNoSpacing\" style=\"\"><span style=\"font-size: 11pt;\"><span style=\"line-height: normal;\"><span style=\"font-family: Calibri, sans-serif;\"><span style=\"\"><span style=\"color: #000000;\"><span style=\"font-style: normal;\"><span style=\"\"><span style=\"font-weight: normal;\"><span style=\"letter-spacing: normal;\"><span style=\"\"><span style=\"\"><span style=\"white-space: normal;\"><span style=\"\"><span style=\"\"><span style=\"\"><span style=\"text-decoration: none;\"><span style=\"background-color: white;\"><span style=\"\"><span style=\"\"><b><span lang=\"EN-US\" style=\"font-size: 10.5pt;\"><span style=\"font-family: Helvetica;\"><span style=\"color: #333333;\">Odkaz:</span></span></span></b><span lang=\"EN-US\" style=\"font-size: 10.5pt;\"><span style=\"font-family: Helvetica;\"><span style=\"color: #333333;\"> https://www.letuska.cz</span></span></span></span></span></span></span></span></span></span></span></span></span></span></span></span></span></span></span></span></span></span></p>\n\n<p style=\"\"> </p>\n',14),
	(1341,'Kávový klub','Pro dobrou kávu zamiřte sem. Chlapci a dívky z kávového klubu o ní vědí vše!','<p class=\"MsoNoSpacing\" style=\"\"><span style=\"font-size: 11pt;\"><span style=\"font-family: Arial, sans-serif;\"><span style=\"\"><span style=\"color: #000000;\"><span style=\"font-style: normal;\"><span style=\"\"><span style=\"font-weight: normal;\"><span style=\"letter-spacing: normal;\"><span style=\"\"><span style=\"\"><span style=\"white-space: normal;\"><span style=\"\"><span style=\"\"><span style=\"\"><span style=\"text-decoration: none;\"><b>Kdo to je:</b></span></span></span></span></span></span></span></span></span></span></span></span></span></span></span></p>\n\n<ul>\n	<li class=\"MsoNoSpacing\" style=\"\"><span style=\"font-size: 11pt;\"><span style=\"font-family: Arial,sans-serif;\">Baristi, kteří opravdu rozuměji svému řemeslu a umí pěkně kreslit do mléčné pěny.</span></span></li>\n</ul>\n\n<p class=\"MsoNoSpacing\" style=\"\"><span style=\"font-size: 11pt;\"><span style=\"font-family: Arial, sans-serif;\"><span style=\"\"><span style=\"color: #000000;\"><span style=\"font-style: normal;\"><span style=\"\"><span style=\"font-weight: normal;\"><span style=\"letter-spacing: normal;\"><span style=\"\"><span style=\"\"><span style=\"white-space: normal;\"><span style=\"\"><span style=\"\"><span style=\"\"><span style=\"text-decoration: none;\"><b>Co nabízí a za kolik:</b></span></span></span></span></span></span></span></span></span></span></span></span></span></span></span></p>\n\n<ul>\n	<li class=\"MsoNoSpacing\" style=\"\"><span style=\"font-size: 11pt;\"><span style=\"font-family: Arial,sans-serif;\">Slevu 10 % na kompletní sortiment kávových nápojů a zrnkové kávy na svých pobočkách včetně trhů. Info o lokalitách na jejich webu.</span></span></li>\n</ul>\n\n<p style=\"\"><span style=\"font-size: 11pt;\"><span style=\"line-height: normal;\"><span style=\"font-family: Calibri, sans-serif;\"><span style=\"\"><span style=\"color: #000000;\"><span style=\"font-style: normal;\"><span style=\"\"><span style=\"font-weight: normal;\"><span style=\"letter-spacing: normal;\"><span style=\"\"><span style=\"\"><span style=\"white-space: normal;\"><span style=\"\"><span style=\"\"><span style=\"\"><span style=\"text-decoration: none;\"><span style=\"background-color: white;\"><span style=\"\"><span style=\"\"><b><span lang=\"EN-US\" style=\"font-size: 10.5pt;\"><span style=\"font-family: Helvetica;\"><span style=\"color: #333333;\">Odkaz:</span></span></span></b><span lang=\"EN-US\" style=\"font-size: 10.5pt;\"><span style=\"font-family: Helvetica;\"><span style=\"color: #333333;\"> https://www.kavovyklub.cz</span></span></span></span></span></span></span></span></span></span></span></span></span></span></span></span></span></span></span></span></span></span></p>\n\n<p style=\"\"><span style=\"font-size: 11pt;\"><span style=\"line-height: normal;\"><span style=\"font-family: Calibri, sans-serif;\"><span style=\"\"><span style=\"color: #000000;\"><span style=\"font-style: normal;\"><span style=\"\"><span style=\"font-weight: normal;\"><span style=\"letter-spacing: normal;\"><span style=\"\"><span style=\"\"><span style=\"white-space: normal;\"><span style=\"\"><span style=\"\"><span style=\"\"><span style=\"text-decoration: none;\"><span style=\"background-color: white;\"><span style=\"\"><span style=\"\"><b><span lang=\"EN-US\" style=\"font-size: 10.5pt;\"><span style=\"font-family: Helvetica;\"><span style=\"color: #333333;\">Email:</span></span></span></b><span lang=\"EN-US\" style=\"font-size: 10.5pt;\"><span style=\"font-family: Helvetica;\"><span style=\"color: #333333;\"> adam@kavovyklub.cz</span></span></span></span></span></span></span></span></span></span></span></span></span></span></span></span></span></span></span></span></span></span></p>\n\n<p style=\"\"><span style=\"font-size: 11pt;\"><span style=\"line-height: normal;\"><span style=\"font-family: Calibri, sans-serif;\"><span style=\"\"><span style=\"color: #000000;\"><span style=\"font-style: normal;\"><span style=\"\"><span style=\"font-weight: normal;\"><span style=\"letter-spacing: normal;\"><span style=\"\"><span style=\"\"><span style=\"white-space: normal;\"><span style=\"\"><span style=\"\"><span style=\"\"><span style=\"text-decoration: none;\"><span style=\"background-color: white;\"><span style=\"\"><span style=\"\"><b><span lang=\"EN-US\" style=\"font-size: 10.5pt;\"><span style=\"font-family: Helvetica;\"><span style=\"color: #333333;\">Tel:</span></span></span></b><span lang=\"EN-US\" style=\"font-size: 10.5pt;\"><span style=\"font-family: Helvetica;\"><span style=\"color: #333333;\"> +420 777 052 326</span></span></span></span></span></span></span></span></span></span></span></span></span></span></span></span></span></span></span></span></span></span></p>\n',185),
	(1342,'Realitní služby','Michal Pospíšil je skutečný profesionál, na kterého se můžete spolehnout. ','<p class=\"MsoNoSpacing\" style=\"\"><span style=\"font-size: 11pt;\"><span style=\"font-family: Arial, sans-serif;\"><span style=\"\"><span style=\"color: #000000;\"><span style=\"font-style: normal;\"><span style=\"\"><span style=\"font-weight: normal;\"><span style=\"letter-spacing: normal;\"><span style=\"\"><span style=\"\"><span style=\"white-space: normal;\"><span style=\"\"><span style=\"\"><span style=\"\"><span style=\"text-decoration: none;\"><b>Kdo to je:</b></span></span></span></span></span></span></span></span></span></span></span></span></span></span></span></p>\n\n<ul>\n	<li class=\"MsoNoSpacing\" style=\"\"><span style=\"font-size: 11pt;\"><span style=\"font-family: Arial,sans-serif;\">Komplexní realitní kancelář - zařídí nákup, prodej, pronájem všech typů nemovitostí (byt, dům, iglú, týpí...).</span></span></li>\n</ul>\n\n<p class=\"MsoNoSpacing\" style=\"\"><span style=\"font-size: 11pt;\"><span style=\"font-family: Arial, sans-serif;\"><span style=\"\"><span style=\"color: #000000;\"><span style=\"font-style: normal;\"><span style=\"\"><span style=\"font-weight: normal;\"><span style=\"letter-spacing: normal;\"><span style=\"\"><span style=\"\"><span style=\"white-space: normal;\"><span style=\"\"><span style=\"\"><span style=\"\"><span style=\"text-decoration: none;\"><b>Co nabízí a za kolik:</b></span></span></span></span></span></span></span></span></span></span></span></span></span></span></span></p>\n\n<ul>\n	<li class=\"MsoNoSpacing\" style=\"\"><span style=\"font-size: 11pt;\"><span style=\"font-family: Arial,sans-serif;\">Komplexní poradenství v oblasti prodejů i pronájmů.</span></span></li>\n	<li class=\"MsoNoSpacing\" style=\"\"><span style=\"font-size: 11pt;\"><span style=\"font-family: Arial,sans-serif;\">Zprostředkování pronájmů a prodejů nemovitostí.</span></span></li>\n	<li class=\"MsoNoSpacing\" style=\"\"><span style=\"font-size: 11pt;\"><span style=\"font-family: Arial,sans-serif;\">Sleva 10 % z provize.</span></span></li>\n</ul>\n\n<p style=\"\"><span style=\"font-size: 11pt;\"><span style=\"line-height: normal;\"><span style=\"font-family: Calibri, sans-serif;\"><span style=\"\"><span style=\"color: #000000;\"><span style=\"font-style: normal;\"><span style=\"\"><span style=\"font-weight: normal;\"><span style=\"letter-spacing: normal;\"><span style=\"\"><span style=\"\"><span style=\"white-space: normal;\"><span style=\"\"><span style=\"\"><span style=\"\"><span style=\"text-decoration: none;\"><span style=\"background-color: white;\"><span style=\"\"><span style=\"\"><b><span lang=\"EN-US\" style=\"font-size: 10.5pt;\"><span style=\"font-family: Helvetica;\"><span style=\"color: #333333;\">Odkaz:</span></span></span></b><span lang=\"EN-US\" style=\"font-size: 10.5pt;\"><span style=\"font-family: Helvetica;\"><span style=\"color: #333333;\"> http://era-reality.cz/era-inspirace/michal-pospisil</span></span></span></span></span></span></span></span></span></span></span></span></span></span></span></span></span></span></span></span></span></span></p>\n\n<p style=\"\"><span style=\"font-size: 11pt;\"><span style=\"line-height: normal;\"><span style=\"font-family: Calibri, sans-serif;\"><span style=\"\"><span style=\"color: #000000;\"><span style=\"font-style: normal;\"><span style=\"\"><span style=\"font-weight: normal;\"><span style=\"letter-spacing: normal;\"><span style=\"\"><span style=\"\"><span style=\"white-space: normal;\"><span style=\"\"><span style=\"\"><span style=\"\"><span style=\"text-decoration: none;\"><span style=\"background-color: white;\"><span style=\"\"><span style=\"\"><b><span lang=\"EN-US\" style=\"font-size: 10.5pt;\"><span style=\"font-family: Helvetica;\"><span style=\"color: #333333;\">Email:</span></span></span></b><span lang=\"EN-US\" style=\"font-size: 10.5pt;\"><span style=\"font-family: Helvetica;\"><span style=\"color: #333333;\"> michal.pospisil@era-reality.cz</span></span></span></span></span></span></span></span></span></span></span></span></span></span></span></span></span></span></span></span></span></span></p>\n\n<p style=\"\"><span style=\"font-size: 11pt;\"><span style=\"line-height: normal;\"><span style=\"font-family: Calibri, sans-serif;\"><span style=\"\"><span style=\"color: #000000;\"><span style=\"font-style: normal;\"><span style=\"\"><span style=\"font-weight: normal;\"><span style=\"letter-spacing: normal;\"><span style=\"\"><span style=\"\"><span style=\"white-space: normal;\"><span style=\"\"><span style=\"\"><span style=\"\"><span style=\"text-decoration: none;\"><span style=\"background-color: white;\"><span style=\"\"><span style=\"\"><b><span lang=\"EN-US\" style=\"font-size: 10.5pt;\"><span style=\"font-family: Helvetica;\"><span style=\"color: #333333;\">Tel:</span></span></span></b><span lang=\"EN-US\" style=\"font-size: 10.5pt;\"><span style=\"font-family: Helvetica;\"><span style=\"color: #333333;\"> +420 775 109 676</span></span></span></span></span></span></span></span></span></span></span></span></span></span></span></span></span></span></span></span></span></span></p>\n',41),
	(1343,'Kweku','Nejlepší stavební firma na trhu. Rozumějí stavbám a drží slovo.','<p class=\"MsoNoSpacing\" style=\"\"><span style=\"font-size: 11pt;\"><span style=\"font-family: Arial, sans-serif;\"><span style=\"\"><span style=\"color: #000000;\"><span style=\"font-style: normal;\"><span style=\"\"><span style=\"font-weight: normal;\"><span style=\"letter-spacing: normal;\"><span style=\"\"><span style=\"\"><span style=\"white-space: normal;\"><span style=\"\"><span style=\"\"><span style=\"\"><span style=\"text-decoration: none;\"><b>Kdo to je:</b></span></span></span></span></span></span></span></span></span></span></span></span></span></span></span></p>\n\n<ul>\n	<li class=\"MsoNoSpacing\" style=\"\"><span style=\"font-size: 11pt;\"><span style=\"font-family: Arial,sans-serif;\">Komplexní dodavatel staveb na klíč, rekonstrukcí a poradenství.</span></span></li>\n</ul>\n\n<p class=\"MsoNoSpacing\" style=\"\"><span style=\"font-size: 11pt;\"><span style=\"font-family: Arial, sans-serif;\"><span style=\"\"><span style=\"color: #000000;\"><span style=\"font-style: normal;\"><span style=\"\"><span style=\"font-weight: normal;\"><span style=\"letter-spacing: normal;\"><span style=\"\"><span style=\"\"><span style=\"white-space: normal;\"><span style=\"\"><span style=\"\"><span style=\"\"><span style=\"text-decoration: none;\"><b>Co nabízí a za kolik: </b></span></span></span></span></span></span></span></span></span></span></span></span></span></span></span></p>\n\n<ul>\n	<li class=\"MsoNoSpacing\" style=\"\"><span style=\"font-size: 11pt;\"><span style=\"font-family: Arial,sans-serif;\">Kompletní dodávky stavebních a interiérových prací včetně ingeneeringu staveb.</span></span></li>\n	<li class=\"MsoNoSpacing\" style=\"\"><span style=\"font-size: 11pt;\"><span style=\"font-family: Arial,sans-serif;\">Rekonstrukce bytů nebo domů včetně veškerého papírování.</span></span></li>\n	<li class=\"MsoNoSpacing\" style=\"\"><span style=\"font-size: 11pt;\"><span style=\"font-family: Arial,sans-serif;\">Ceny individuálně.</span></span></li>\n</ul>\n\n<p style=\"\"><span style=\"font-size: 11pt;\"><span style=\"line-height: normal;\"><span style=\"font-family: Calibri, sans-serif;\"><span style=\"\"><span style=\"color: #000000;\"><span style=\"font-style: normal;\"><span style=\"\"><span style=\"font-weight: normal;\"><span style=\"letter-spacing: normal;\"><span style=\"\"><span style=\"\"><span style=\"white-space: normal;\"><span style=\"\"><span style=\"\"><span style=\"\"><span style=\"text-decoration: none;\"><span style=\"background-color: white;\"><span style=\"\"><span style=\"\"><b><span lang=\"EN-US\" style=\"font-size: 10.5pt;\"><span style=\"font-family: Helvetica;\"><span style=\"color: #333333;\">Odkaz:</span></span></span></b><span lang=\"EN-US\" style=\"font-size: 10.5pt;\"><span style=\"font-family: Helvetica;\"><span style=\"color: #333333;\"> http://www.kweku.cz</span></span></span></span></span></span></span></span></span></span></span></span></span></span></span></span></span></span></span></span></span></span></p>\n\n<p style=\"\"><span style=\"font-size: 11pt;\"><span style=\"line-height: normal;\"><span style=\"font-family: Calibri, sans-serif;\"><span style=\"\"><span style=\"color: #000000;\"><span style=\"font-style: normal;\"><span style=\"\"><span style=\"font-weight: normal;\"><span style=\"letter-spacing: normal;\"><span style=\"\"><span style=\"\"><span style=\"white-space: normal;\"><span style=\"\"><span style=\"\"><span style=\"\"><span style=\"text-decoration: none;\"><span style=\"background-color: white;\"><span style=\"\"><span style=\"\"><b><span lang=\"EN-US\" style=\"font-size: 10.5pt;\"><span style=\"font-family: Helvetica;\"><span style=\"color: #333333;\">Email:</span></span></span></b><span lang=\"EN-US\" style=\"font-size: 10.5pt;\"><span style=\"font-family: Helvetica;\"><span style=\"color: #333333;\"> info@kweku.cz</span></span></span></span></span></span></span></span></span></span></span></span></span></span></span></span></span></span></span></span></span></span></p>\n\n<p style=\"\"><span style=\"font-size: 11pt;\"><span style=\"line-height: normal;\"><span style=\"font-family: Calibri, sans-serif;\"><span style=\"\"><span style=\"color: #000000;\"><span style=\"font-style: normal;\"><span style=\"\"><span style=\"font-weight: normal;\"><span style=\"letter-spacing: normal;\"><span style=\"\"><span style=\"\"><span style=\"white-space: normal;\"><span style=\"\"><span style=\"\"><span style=\"\"><span style=\"text-decoration: none;\"><span style=\"background-color: white;\"><span style=\"\"><span style=\"\"><b><span lang=\"EN-US\" style=\"font-size: 10.5pt;\"><span style=\"font-family: Helvetica;\"><span style=\"color: #333333;\">Tel:</span></span></span></b><span lang=\"EN-US\" style=\"font-size: 10.5pt;\"><span style=\"font-family: Helvetica;\"><span style=\"color: #333333;\"> +420 602 454 627</span></span></span></span></span></span></span></span></span></span></span></span></span></span></span></span></span></span></span></span></span></span></p>\n',40);

/*!40000 ALTER TABLE `acamar_web_acardbenefitsitem` ENABLE KEYS */;
UNLOCK TABLES;


# Dump of table acamar_web_bubblecard
# ------------------------------------------------------------

DROP TABLE IF EXISTS `acamar_web_bubblecard`;

CREATE TABLE `acamar_web_bubblecard` (
  `cmsplugin_ptr_id` int(11) NOT NULL,
  `title` varchar(254) NOT NULL,
  `text` longtext NOT NULL,
  `bubble_highlight` varchar(254) NOT NULL,
  `bubble_text` varchar(254) NOT NULL,
  PRIMARY KEY (`cmsplugin_ptr_id`),
  CONSTRAINT `acamar_web_cmsplugin_ptr_id_5de3051894ef236c_fk_cms_cmsplugin_id` FOREIGN KEY (`cmsplugin_ptr_id`) REFERENCES `cms_cmsplugin` (`id`)
) ENGINE=InnoDB DEFAULT CHARSET=utf8;

LOCK TABLES `acamar_web_bubblecard` WRITE;
/*!40000 ALTER TABLE `acamar_web_bubblecard` DISABLE KEYS */;

INSERT INTO `acamar_web_bubblecard` (`cmsplugin_ptr_id`, `title`, `text`, `bubble_highlight`, `bubble_text`)
VALUES
	(106,'Finanční pohoda ​​​​​​​na IČO i HPP','Faktury platíme s přesností švýcarských hodinek. Navíc dostanete Acartu se spoustou benefitů a slev.\r\n','0 %','faktur po splatnosti'),
	(107,'Rotace ​​​​​​​na projektech','Končíte na projektu? Systém nám to ohlásí. Sami se ozveme se zajímavými nabídkami. I na kontraktu tak máte stále jistotu práce.\r\n','22','měsíců je průměrná doba projektu'),
	(108,'Žádné složité papírování','Řešíme za vás veškerou administrativu. Proces fakturace urychluje náš vlastní systém.\r\n','0','počet e-mailů nutných k fakturaci'),
	(1173,'Get your money on time as a contractor or an employee','Our payment system runs like clockwork so your invoices always get paid on time.\r\nOn top of that, you’ll be given an A-carta  with lots of benefits and discounts on it.','0 %','overdue invoices'),
	(1174,'Switching among projects','Is your current project coming to an end? Our system will notify us.\r\nWe’ll get in touch and come up with some interesting offers.\r\nEven as a contractor, you won’t be without work.','22','months is the average project duration'),
	(1175,'No difficult paperwork','We’ll take care of all the paperwork.\r\nAnd everything will be 100% legal and in order here.\r\n','0','number of e-mails required for billing'),
	(1268,'Беспроблемное получение гонорара в качестве частного предпринимателя или сотрудника, работающего по трудовому договору с фирмой','Зарплату мы переводим точно в срок.\r\nК тому же Вы получите А-карту с множеством выгодных предложений и скидок.','0 %','просроченные счета'),
	(1269,'Работа над проектами','Вы заканчиваете определённый проект или работу? Наша система сообщает нам об этом.\r\nМы сами свяжемся с Вами и предложим Вам новые интересные проекты и вакансии.\r\nУ Вас всегда будет стабильная работа по контракту.','22','месяца - средняя продолжительность проекта'),
	(1270,'Нет ненужной административки','Мы решим за Вас все административные вопросы. Все юридические вопросы всегда тщательно проверяются и согласуются.','0','электронных писем, необходимых для выставления счетов'),
	(4810,'Finanční pohoda ​​​​​​​na IČO i HPP','Faktury platíme s přesností švýcarských hodinek. Navíc dostanete Acartu se spoustou benefitů a slev.\r\n','0 %','faktur po splatnosti'),
	(4811,'Rotace ​​​​​​​na projektech','Končíte na projektu? Systém nám to ohlásí. Sami se ozveme se zajímavými nabídkami. I na kontraktu tak máte stále jistotu práce.\r\n','22','měsíců je průměrná doba projektu'),
	(4812,'Žádné složité papírování','Řešíme za vás veškerou administrativu. Proces fakturace urychluje náš vlastní systém.\r\n','0','počet e-mailů nutných k fakturaci'),
	(4832,'Get your money on time as a contractor or an employee','Our payment system runs like clockwork so your invoices always get paid on time.\r\nOn top of that, you’ll be given an A-carta  with lots of benefits and discounts on it.','0 %','overdue invoices'),
	(4833,'Switching among projects','Is your current project coming to an end? Our system will notify us.\r\nWe’ll get in touch and come up with some interesting offers.\r\nEven as a contractor, you won’t be without work.','22','months is the average project duration'),
	(4834,'No difficult paperwork','We’ll take care of all the paperwork.\r\nAnd everything will be 100% legal and in order here.\r\n','0','number of e-mails required for billing'),
	(4953,'Беспроблемное получение гонорара в качестве частного предпринимателя или сотрудника, работающего по трудовому договору с фирмой','Зарплату мы переводим точно в срок.\r\nК тому же Вы получите А-карту с множеством выгодных предложений и скидок.','0 %','просроченные счета'),
	(4954,'Работа над проектами','Вы заканчиваете определённый проект или работу? Наша система сообщает нам об этом.\r\nМы сами свяжемся с Вами и предложим Вам новые интересные проекты и вакансии.\r\nУ Вас всегда будет стабильная работа по контракту.','22','месяца - средняя продолжительность проекта'),
	(4955,'Нет ненужной административки','Мы решим за Вас все административные вопросы. Все юридические вопросы всегда тщательно проверяются и согласуются.','0','электронных писем, необходимых для выставления счетов');

/*!40000 ALTER TABLE `acamar_web_bubblecard` ENABLE KEYS */;
UNLOCK TABLES;


# Dump of table acamar_web_bubblepanel
# ------------------------------------------------------------

DROP TABLE IF EXISTS `acamar_web_bubblepanel`;

CREATE TABLE `acamar_web_bubblepanel` (
  `cmsplugin_ptr_id` int(11) NOT NULL,
  `title` varchar(254) NOT NULL,
  PRIMARY KEY (`cmsplugin_ptr_id`),
  CONSTRAINT `acamar_web_cmsplugin_ptr_id_447600297ec81dc7_fk_cms_cmsplugin_id` FOREIGN KEY (`cmsplugin_ptr_id`) REFERENCES `cms_cmsplugin` (`id`)
) ENGINE=InnoDB DEFAULT CHARSET=utf8;

LOCK TABLES `acamar_web_bubblepanel` WRITE;
/*!40000 ALTER TABLE `acamar_web_bubblepanel` DISABLE KEYS */;

INSERT INTO `acamar_web_bubblepanel` (`cmsplugin_ptr_id`, `title`)
VALUES
	(105,'Stabilní zázemí u nás má 3 000+ kolegů z IT'),
	(1172,'Providing stable services for 3,000+ IT colleagues'),
	(1267,'Более 3000 ИТ-профессионалов чувствуют себя с нами стабильно и уверенно.'),
	(4809,'Stabilní zázemí u nás má 3 000+ kolegů z IT'),
	(4831,'Providing stable services for 3,000+ IT colleagues'),
	(4952,'Более 3000 ИТ-профессионалов чувствуют себя с нами стабильно и уверенно.');

/*!40000 ALTER TABLE `acamar_web_bubblepanel` ENABLE KEYS */;
UNLOCK TABLES;


# Dump of table acamar_web_contact
# ------------------------------------------------------------

DROP TABLE IF EXISTS `acamar_web_contact`;

CREATE TABLE `acamar_web_contact` (
  `id` int(11) NOT NULL AUTO_INCREMENT,
  `name` varchar(254) NOT NULL,
  `email` varchar(254) NOT NULL,
  `purpose` varchar(254) NOT NULL,
  `text` longtext NOT NULL,
  `language` varchar(3) NOT NULL,
  `created` datetime NOT NULL,
  PRIMARY KEY (`id`)
) ENGINE=InnoDB DEFAULT CHARSET=utf8;

LOCK TABLES `acamar_web_contact` WRITE;
/*!40000 ALTER TABLE `acamar_web_contact` DISABLE KEYS */;

INSERT INTO `acamar_web_contact` (`id`, `name`, `email`, `purpose`, `text`, `language`, `created`)
VALUES
	(1,'Šárka Bláhovcová','sarka.blahovcova@acamar.cz','Novou pracovní výzvu','Ahoj,\r\ntoto je testovací email. Testujeme nový web Acamaru.\r\nPokud dorazil, kam měl, tedy info@acamar.cz - odepište mi prosím s potvrzením.\r\n\r\nDíky,\r\nŠárka','cs','2018-08-03 14:02:51'),
	(2,'Anna Vacíková','Anna.Vacikova@acamar.cz','Novou pracovní výzvu','zkouška zkouška','cs','2018-09-05 13:16:04'),
	(3,'Isabela Vašíčková','Anna.Vacikova@seznam.cz','Novou pracovní výzvu','ffff','cs','2018-09-07 10:16:05'),
	(4,'Týdžej','tereza.jarolimkova@acamar.cz','Obecný dotaz','Tak jak to jde?','cs','2018-09-07 10:17:13'),
	(5,'KennethGek','egorovapjnalinaxbq@bk.ru','Novou pracovni vyzvu',' \r\n[url=https://Cashpro.cc/ ]ищу обнал [/url] - продажа дебетовых карт, продать ндс','cs','2018-10-26 16:18:42'),
	(6,'Berniceamurb','bernicedob@pro-expert.online','Novou pracovni vyzvu','Привет. Предлагаем Вам наши услуги в области международных перевозок грузов. \r\nОказываем услуги международных перевозок грузов по основным маршрутам: Россия (Челябинск, Екатеринбург, Пермь, Новосибирск, Красноярск, Омск, Тюмень, Томск) - Беларусь - Казахстан. \r\nНо можем организовать грузоперевозку по любым Вами предложенным направлениям. \r\nБолее расширенно предлагаем узнать на сайте компании \"МиТур\" - https://mityr-trans.com \r\nНевероятно рады видеть Вас в числе наших клиентов.','cs','2018-10-26 17:59:30'),
	(7,'FrankcoX','larisanagonova775@mail.ru','Novou pracovni vyzvu','[url=https://www.baikaleminer.com/#portfolio]майнер байкал официальный[/url] - асик майнер байкал, байкал 10 майнер','cs','2018-10-27 10:02:43'),
	(8,'ArnoldAcurn','valeriyanavrockaya923704@mail.ru','Novou pracovni vyzvu','первоклассный веб ресурс [url=https://xn-----6kccacgj2bmrxwbcv3agefk1i.xn--p1ai]томск запчасти[/url]','cs','2018-10-29 05:53:42'),
	(9,'UWADIAE OSARO OOSTRUM','uwadiaeosaro@gmail.com','Courses','I want to ask if your organization issue certificates for students after a successful complete study course?\r\nAlso, if there\'s a discount payment for studies?\r\nThirdly, I want to ask if Saturdays is included in your working days?','en','2018-10-30 00:06:03'),
	(10,'RCHSladymn','op@russiachampion.ru','Courses','Официальный магазин Чемпион - динамично растущая коммерческая знаменитая компания, функционирующая на Русском экономическом рынке более 8лет. \r\n \r\nВам нужны садовые инструменты и техника для летника, но не понимаете,какая конкретно предпочтительнее и где её заказать? Мы вам предлагаем наведаться в наш интернет магазин и  сам магазин ФМ Чемпион. У нас в интернет магазине пребольшущий выбор ЛОДОЧНЫЕ МОТОРЫ. В случае, если вы лично собрались заказать ВОЗДУХОДУВКИ мы покажет вам все модели товара. \r\n \r\nМагазин ФМ Чемпион это  то место где можно купить все  для дома начиная с Насосы фекальные и заканчивая ДВИГАТЕЛЯМИ. \r\n \r\nСегодня купить садовую оборудование а также инструменты в нашем интернет магазине на интернет-сайте       можно конечно по рабочим дням и в выходной день Транспортировка абсолютно любого агрегата при покупки от 9000 руб может производится по городу бесплатно. Мы даем гарантийное обеспечение на все оборудования, те которые есть в нашем магазине ФМ Чемпион. Отправка оборудования по адресу может производится в течении 1-5 дней после оформления и оплаты товара. Сроки зависят от города доставки товара, предоставленную информацию уточнит оператор. \r\n \r\n \r\nRussiaChampion: [url=https://snegouborschiki.russiachampion.ru/]снегоуборщик чемпион ст 556 отзывы[/url] \r\n','en','2018-10-30 03:16:16'),
	(11,'Lucie Tvrdíková','lucie.tvrdikova@gmail.com','Kurzy','testuju :)','cs','2018-10-30 19:12:37'),
	(12,' Туроператор ','mironoffsergey1970@yandex.ru','Nábor nových profesionálů',' http://yvm8ebkvr5aohue5wsszm8ip6tqm4wf605nnaknbt1bpiavixz.net  yvm8ebkvr5aohue5wsszm8ip6tqm4wf605nnaknbt1bpiavixz \r\n \r\n8IPS4s01rV\r\n','ru','2018-10-31 20:20:42'),
	(13,'Keithspoox','odinochkinaroksana95@mail.ru','Kurzy','read the article  \r\n[url=https://www.cashadvanceintheusa.com/WI]https://www.cashadvanceintheusa.com/Wisconsin[/url]','cs','2018-11-01 22:28:34'),
	(14,'GlennFag','nikolaevaebnoktyabrina8f7@mail.ru','Novou pracovni vyzvu','[url=https://anthill.xxx/]anthill365g4egaa[/url] - anthill магазин, муравейник onion','cs','2018-11-03 11:06:34'),
	(15,'ThomasAcems','bespyatowdmitrij75@mail.ru','Novou pracovni vyzvu','знатный вебресурс  \r\n[url=https://poka-vse-doma2.ru/news]Дом 2 Свежие новости и слухи[/url]','cs','2018-11-04 11:30:19'),
	(16,'GeorgeDouri','stanislavakvokova876@mail.ru','Novou pracovni vyzvu','check my source http://freepornk2s.com/tags/petition/','cs','2018-11-04 16:22:14'),
	(17,'Thomasbox','melnikovavursnezhanaeqs@list.ru','Novou pracovni vyzvu','[url=http://accounts112.ru/]bitcointalk[/url] - магазин аккаунтов социальных сетей, продажа аккаунтов','cs','2018-11-04 18:25:51'),
	(18,'Kristinagogs','kristinCog@docx-expert.online','Kurzy','Вечер добрый \r\nХотим презентовать Вам наши услуги в области рекламы. \r\nКонечно похожих на нас достаточно, но не совсем... \r\nМы никогда не забиваем голову клиенту модными фразами и терминами, мы делаем дело. \r\nБолее подробно Вы можете ознакомиться на нашем сайте - https://seomafia.by','cs','2018-11-05 21:33:36'),
	(19,'Degiemila','jedrzejuwelski@gmail.com','Kurzy','#Musically Generator Online 2018 \r\nGet from this: \r\n \r\n[url=http://esport4you.com/demos/Demo54/index.php?site=forum_topic&topic=7]TikTok Free Cheat Engine[/url] \r\n \r\nTik Tok Hack 2018  \r\nHow to GET FANS On TIKTOK Generator 2019?  \r\nFREE Tiktok FOLLOWERS WITHOUT DOWNLOADING ANY APPS 2019  \r\nFREE Tik Tok FOLLOWERS NO VERIFICATION OR SURVEY 2019 ','cs','2018-11-06 15:47:56'),
	(20,'DouglassaitO','veselovali1tatyanaqbf@mail.ru','Novou pracovni vyzvu',' \r\n[url=https://www.appmsr.com/telegram-hacking]Telegram Hack Online[/url] - How to hack Telegram by a phone number?, How to hack Snapchat by a phone number?','cs','2018-11-07 05:32:28'),
	(21,'Earlehet','yarcevartur@mail.ru','Kurzy','Качественные товары интернет-магазина белья [url=https://incanto.in.ua/]купить нижнее белье в интернет магазине украина[/url] – дело важное для для всей семьи для выгоды и качества. В наше время достаточно сложно отыскать хорошие детское и взрослое белье с выгодой для семьи. Интернет бутик женского белья всегда будет надежным поставщиком в подборе эротического белья и домашней одежды. Выгодные цены и скорую доставку по Украине, Белоруссии и России гарантирует интернет-магазин нижнего белья incanto.in.ua \r\nФантазии модельеров смело коснулись в зоне нижнего белья. Стать частью этого легко – [url=https://incanto.in.ua/]купить недорогое нижнее белье в интернет магазине[/url]. Поскольку комфортное белье является любимой темой в в интимной сфере женщины. Бюстгальтеры и эротическое белье востребованы как никогда прежде в женской моде \r\nБелье для современной девушки желанно в её тонкой душевной организации. [url=https://incanto.in.ua/byustgaltery]бюстгальтеры купить[/url] наполнит светом мир женщины. Так как красивые комплекты женского белья, корректирующее белье, а также сорочки и одежда для дома имеют силу поменять мировосприятие. Этого хотят многие деловые девушки и их близки люди независимо от возраста \r\nБольшинство людей обожают красивое нижнее белье всех цветов и типов. [url=https://incanto.in.ua/korrektiruyushchee-belyo]утягивающее бельё[/url] — ведь это и есть отличная идея. Модное и современное подарком дизайнеров современным женщинам и не только. Например, популярные бельевые штучки, такие как трусики всех видов, женские боди и грации, домашняя одежда были есть и будут в нашей жизни.','cs','2018-11-09 08:37:48'),
	(22,'JamesNindy','yalcewalyubow@mail.ru','Novou pracovni vyzvu','стоящий вебресурс  \r\n[url=https://hdhc.ru/fantastik]фильмы сериалы жанр жанры фантастика[/url]','cs','2018-11-13 01:55:51'),
	(23,'Григорий','ivanoff_su@mail.ru','Nábor nových profesionálů','Добрый день. Ищу возможность развиваться как специалист SAP.\r\nwww.linkedin.com/in/gregivanov-777a22a\r\n','ru','2018-11-14 20:32:21'),
	(24,'Dessie Santiago','dessie.santiago@msn.com','New professional challenge','Hi!\r\n\r\nNice testing content you have on your site. You know, MOST consumers look at your review pages before visiting and ordering at your business. \r\nOver 63% of them check Google first!  We feel that you could use a little boost at Google and YellowPages.\r\n\r\nMost customers avoid leaving a Google review until they have a POOR experience to share! \r\nWe have just the team from United States/Canada to come up with great reviews you are looking for. \r\nOur services help maintain at least a 4.0 star rating in order to avoid losing business to competitors! \r\n\r\nWe provide reliable Google, SiteJabber, TrustPilot, TripAdvisor, Facebook, Zomato, YellowPages reviews in bulk, starting at $20 in as little as 5 business days!\r\n\r\nCheck out our work and satisfied clients here: \r\nhttp://bit.ly/ormworks\r\n\r\nThanks for your time,\r\n\r\nHave a great day.\r\nDessie','en','2018-11-15 18:57:31'),
	(25,'Marilynpet','marilyngoods@docx-expert.online','Kurzy','День добрый \r\nХотим презентовать Вам наши возможности в области раскрутки сайтов. \r\nРазумеется похожих на нас валом, но не совсем... \r\nМы не забиваем голову клиенту громкими словами и определениями, мы делаем дело. \r\nМаксимально подробно Вы можете ознакомиться на нашем сайте - https://seomafia.by','cs','2018-11-15 21:28:50'),
	(26,'Евгения','minaranco2041@mail.ru','Êóðñû','Перезвоните пожалуйста по телефону 8 (495) 150-92-45 Евгения','ru','2018-11-16 07:53:25'),
	(27,'RichardBlick','valentinaretunskaya2@mail.ru','Novou pracovni vyzvu','over here [url=http://vf-stream.pro]Series en Streaming HD[/url]','cs','2018-11-16 23:49:20'),
	(28,'MichaelCiz','shan.hump@mail.ru','Kurzy','Since writing an outline may occasionally be tedious job since this is the location where you truly begin contemplating your essay seriously. Writing a thesis statement demands great intelligence from the surface of the essay author as it needs to define the basic notion of the novel. Essay writing normally comes as a challenge for men and women that aren\'t utilised to writing essays and it\'s a very enormous job typically for the students who don\'t have any type of experience in writing essays.\nEvery story should have dialog. It is the chief part of the prewriting procedure of an article.\nPersonalised assignment writing service company will have their own sites Online services are somewhat more dependable and affordable also.\nYou might also need to indicate more study or comment on matters that it wasn\'t possible that you discuss in the newspaper. The writing profession consists of many perks. In case you have any financial essay writing difficulty, let\'s know for we will aid you with all writings which are quality and which are free of plagiarism.\nAnother thing to consider is that by employing an essay service similar to this you, you also run the danger of your teacher having a look at the essay and finding that it sounds nothing like your prior attempts. So, once you\'re doing your assignment you should be aware you\'ve put all required information regarding your research. A student searching for quality financial research papers should go to a company with a fantastic reputation on filing its work punctually.\nStudents utilizing a copywriting service should know about a couple things before choosing a service. Internet isn\'t only alternative method to traditional procedures of music distribution, but in addition a fantastic prospect for artists and music-recording businesses to expose these goods to broad public. Many writing businesses won\'t turn away clients if they\'re just under what they\'re asking.\n [url=http://mie.s-20.seishin-syougai.info/index.php/2018/10/26/want-to-know-more-about-buy-college-term-papers/]http://mie.s-20.seishin-syougai.info/index.php/2018/10/26/want-to-know-more-about-buy-college-term-papers/[/url]','cs','2018-11-17 10:59:29'),
	(29,'Jameszisee','efimova2i2angelinak9x@mail.ru','Novou pracovni vyzvu',' \r\n[url=http://innoslicon.com/html/product/index.htm]инносиликон 10 августа	[/url] - innosilicon s11, innosilicon a5 dashmaster купить','cs','2018-11-17 18:32:07'),
	(30,'Eddiemib','andreevafkiveronikapnk@list.ru','Novou pracovni vyzvu','[url=https://obnallpro.cc/showthread.php?t=531]купить фирму с расчетным счетом[/url] - оптимизация ндс, купить ип с расчетным счетом.','cs','2018-11-19 08:51:52'),
	(31,'Sydneymoode','alinasalenkova199260@mail.ru','Kurzy','[url=https://hydra18center.ru]hydra вход[/url] - гидра магазин тор, hydra 2018','cs','2018-11-23 13:59:21'),
	(32,'Charlesenext','yourmail@gmail.com','Novou pracovni vyzvu','how to make money by advertising online: \r\n[url=http://www.youtube.com/watch?v=NTgqgM0UjD8]earn money online under 18[/url]\r\n[url=http://www.youtube.com/watch?v=WD48OAImUwM]earn money online by clicking ads 1.00 cashout is instantly[/url]\r\n[url=http://www.youtube.com/watch?v=5WOo8J7tYfg]earn money online answering questions[/url]\r\n[url=http://www.youtube.com/watch?v=ce9FCbjAOVE]earn money online visa[/url]\r\n[url=http://www.youtube.com/watch?v=G3SKPdq5dp8]earn money online gcash[/url]\r\n \r\nPopular Tags: how to make money from online shopping siteshow to make online income certificate in biharmake money online with no money to starthow to make money online by drawingthe best way to make money onlinebest ways to earn money online from homeonline websites to earn money in pakistanmake real money in online gameshow to make the most money on amazon turkbest way to earn money online in pakistanget paid cash for surveys onlinemaking money online withhow do i get paid to take surveys onlinecan you make a lot of money playing online pokermake money online get paid tonightcan you make real money playing online pokermake money online english teachermake money online genuine sitesbest money making app reddithow to earn cash back shopping onlineearn real money online nowhow to earn money online easiest waytop ways to make money online 2018how much money do you make online redditonline quiz to win cash prizes','cs','2018-11-24 12:21:08'),
	(33,'Curtismut','yourmail@gmail.com','Novou pracovni vyzvu','how to make money through internet in kenya: \r\n[url=http://www.youtube.com/watch?v=3gj-qdoFNBs]earn money online by playing games without investment[/url]\r\n[url=http://www.youtube.com/watch?v=vhOj-Gmm2wo]earn money online in 1 hour[/url]\r\n[url=http://www.youtube.com/watch?v=vhOj-Gmm2wo]earn money online quiz contest[/url]\r\n[url=http://www.youtube.com/watch?v=xlDwDtCqPD0]earn money online home based business income[/url]\r\n[url=http://www.youtube.com/watch?v=fiualfv_gDc]earn money online 50000[/url]\r\n \r\nPopular Tags: top 10 money making horror movieshow to easily earn money online in pakistanget paid to take surveys online ukhow to make money in internet cafe businessmake money on apple appssimple way earn money onlinehow to get money for online classeshow to make money by online businessbest way to make money online in pakistanhow to earn money online in pakistan on mobilemake money selling my music onlinebest ways to earn money online in kenyaearn quick money online ukeasy ways to make money surveyhow to make money online wikihowmake money online by playing gameshow to earn money online latest videohow to make passive income online fast and legallybest game to make money onlinehow to make good money online ukonline quizzes to earn moneyhow to earn paytm cash online dailydo you really get paid from online surveysonline job and earn money in paytmearn money online through surveys','cs','2018-11-24 22:21:55'),
	(34,'Davidchows','ingaastapowa86@mail.ru','Kurzy','take a look at the site here [url=http://streaminga.net]Films en streaming[/url]','cs','2018-11-25 05:05:47'),
	(35,'Jiří Roun','jiri.roun@swdokumentace.cz','Novou pracovní výzvu','Dobrý den.\r\n\r\nJsem OSVČ, na projektech zařazovaný jako test analytik, tester, dokumentarista či business analytik.\r\nPoohlížím se po nové pracovní příležitosti na IČ.\r\n(Poznámka: V Adastře jsem byl zaměstnán, i jsem přes Adastru/Acamar na projektech byl - např. projekt Brasil v České spořitelně).\r\nKdyby byla nějaká práce, jsem k dispozici.\r\nS pozdravem\r\n\r\nJiří Roun  ','cs','2018-11-26 10:55:39'),
	(36,'CharlesNem','sorozhkinamarta964176@mail.ru','Kurzy','http://www.vodostok-moscow.ru \r\nhttp://www.vodostok-moscow.ru/catalo/vodostochnye-sistem/ \r\nhttp://www.vodostok-moscow.ru/pric/ \r\nhttp://www.vodostok-moscow.ru/deliver/ \r\nhttp://www.vodostok-moscow.ru/contact/ \r\nhttp://www.vodostok-moscow.ru/catalo/vodostochnye-sistemy/voronki-vodostochnye-otsinkovanny/ \r\nhttp://www.vodostok-moscow.ru/catalo/vodostochnye-sistemy/kolena-vodostochnye-otsinkovanny/ \r\nhttp://www.vodostok-moscow.ru/catalo/vodostochnye-sistemy/truby-vodostochnye-otsinkovanny/ \r\nhttp://www.vodostok-moscow.ru/catalo/vodostochnye-sistemy/koleno-vodostochnoe-slivno/ \r\nhttp://www.vodostok-moscow.ru/catalo/vodostochnye-sistemy/kreplenie-vodostoko/','cs','2018-11-29 06:29:45'),
	(37,'test','test@test.cz','Obecný dotaz','test','cs','2018-11-30 14:53:06'),
	(38,'LeonardLox','afonasevaanastasiya745871@mail.ru','Novou pracovni vyzvu','Read Full Report [url=https://www.etsy.com/shop/AlitonEmbroidery]crossstitch[/url]','cs','2018-11-30 20:34:39'),
	(39,'Herbertwonax','kadjayalarisa901@mail.ru','Kurzy','click over here http://goit.site/occasion-for-a-choir-annual-day','cs','2018-12-01 01:40:44'),
	(40,'Charlesnab','ewlampewaalewtina3@mail.ru','Kurzy','[url=https://www.vzlomvk.net/]взломать страницу Vkontakte программа[/url] - Как прочитать чужую    переписку Вконтакте, Взлом ВК аккаунта вконтакте','cs','2018-12-01 22:59:12'),
	(41,'LucioDof','batashovaeva77@mail.ru','Kurzy','[url=https://www.vzlomwa.com/]взлом whatsapp [/url] - программа +для взлома ватсап, Услуги Взлома мессенджеров whatsapp.','cs','2018-12-02 03:50:47'),
	(42,'Dennisjix','kryuchkowaleonida1983130@mail.ru','Kurzy','[url=https://www.vzlomtg.com/]программа +для взлома телеграм	 	 [/url] - взлом телеграм, программа +для взлома телеграм.','cs','2018-12-02 11:43:32'),
	(43,'SteveReuff','xrmpp002@lvebuy.com','Novou pracovní výzvu','Hello. Let me introduce the writer. Her title is Janell but she doesn\'t like when folks use her complete title. Louisiana is the only spot I\'ve been residing in and my mother and father live nearby. One of my favored hobbies is dominoes but I haven\'t manufactured a dime with it. Invoicing is how he supports his loved ones and he\'s performing very good financially. See what\'s new on her web page right here: <a href=\"https://www.wirisi.com/womens-shoes-womens-sandals-buy-cheap-womens-sandals-1805120.html\">shoe stores online cheap</a>','cs','2018-12-02 13:09:34'),
	(44,'ErnestNak','ewgrafowamarina30@mail.ru','Novou pracovni vyzvu','[url=https://www.xn----7sbqamfrkhj2bc3a.com]местоположение телефона онлайн[/url] - Найти телефон онлайн на карте, местонахождение  по номеру телефона','cs','2018-12-03 16:49:54'),
	(45,'Deannatom','deannaNeazY@pro-expert.online','Novou pracovni vyzvu','двери межкомнатные двери в интерьере\r\nкак открыть межкомнатную дверь\r\n \r\nhttp://zamok-dveri-dom.icu\r\n \r\nокна salamander\r\nустановка дверной коробки межкомнатной двери\r\nчем мыть металлическую дверь\r\n','cs','2018-12-04 02:52:15'),
	(46,'BobbyEcoma','ulyanazakutkova234@mail.ru','Novou pracovni vyzvu','[url=https://hydra-2019.ru]hydra city[/url] - hydra магазин закладок, сайт гидра закладки','cs','2018-12-05 02:43:27'),
	(47,'test','test@test.cz','Obecný dotaz','test','cs','2018-12-05 12:44:31'),
	(48,'DavidJap','kandidovaveronika79@mail.ru','Kurzy',' \r\n[url=https://crazy-mining.org/majning-2/polaris-bios-editor-1-6-7-elpida-micron-samsung-hynix-nastroit/]polaris bios editor 1.6 7[/url] - nicehash miner legacy скачать, srbpolaris скачать','cs','2018-12-05 19:43:51'),
	(49,'Anthonyles','innarogonova1221@mail.ru','Novou pracovni vyzvu','visit this page [url=https://falco3d.com]3d engine[/url]','cs','2018-12-07 08:51:14'),
	(50,'Mikel Gregory','mikel.gregory@gmail.com','New professional challenge','Hello!\r\n\r\nGreat testing content on the site! You know, most businesses get organic traffic from their blogs, and we feel that you could use a little help, since you are not blogging weekly yet.\r\n\r\nBlogging takes a lot of time, energy and effort, and we have just the team  to come up with awesome writing you need.\r\n\r\nYou can have your new article to post on your website starting at $10 in as little as 5  days!\r\n\r\nCheck out our work and reviews from happy clients here: http://bit.ly/seowriters\r\n\r\nThanks for your time,\r\n\r\nCheers.\r\nMikel\r\n\r\nQuestions? Send a message to our support site or check out the FAQ.\r\n\r\n\r\n\r\n\r\n\r\n\r\n\r\n\r\nYou are receiving this email because the contact form at acamar.cz is open to the public.','en','2018-12-07 13:41:08'),
	(51,'Nathanvog','liyasarkisyanc00@mail.ru','Novou pracovni vyzvu','славнецкий веб ресурс [url=https://xn-----6kcacs9ajdmhcwdcbwwcnbgd13a.xn--p1ai]томск стоматология[/url]','cs','2018-12-08 05:56:26'),
	(52,'Kevinsceta','epeshinatatyana865037@mail.ru','Novou pracovni vyzvu','discover here  \r\n[url=http://www.knowthiscaller.com/listing/702-659-91]702-659-9175[/url]','cs','2018-12-08 21:52:05'),
	(53,'Олег','minaranco2041@mail.ru','Êóðñû','Перезвоните пожалуйста по телефону 8 (812) 309-40-10, Олег.','ru','2018-12-10 19:31:13'),
	(54,'NormanOxype','nadezhdaovinova19677261@mail.ru','Novou pracovni vyzvu','[url=https://hydraruzxpnew4af.host]hydra centr[/url] - гидра центр, гидра центр интернет магазин','cs','2018-12-10 22:38:46'),
	(55,'Lewis Kinross','kinross.lewis@gmail.com','New professional challenge','Hi, it\'s Lewis!\r\n\r\nAlmost everyone is using voice search with their Siri/Google/Alexa to ask for services and products  in 2018, and in 2019, it\'ll be EVERYONE of your customers. Imagine what  you are missing out on.\r\n\r\nRight now, I can only find acamar.cz on text search after going through a few pages (that\'s hurting your business), competitors above are getting all the traffic and $$$$!\r\n\r\nAnswer all your buyers\' questions on your site and win their business! Find out how easy it is : https://goo.gl/6h8hfW\r\n\r\nGet your voice search optimized content: https://goo.gl/tQh8J7\r\n\r\nRegards,\r\nLewis','en','2018-12-12 10:29:14'),
	(56,'Олег','minaranco2041@mail.ru','Novou pracovni vyzvu','Перезвоните пожалуйста по телефону 8(812) 988-62-08, Олег.','cs','2018-12-13 16:32:17'),
	(57,'Олег','minaranco2041@mail.ru','Novou pracovni vyzvu','Перезвоните пожалуйста по телефону 8(812) 988-62-08, Олег.','cs','2018-12-14 06:39:36'),
	(58,'MichaelTIP','daryalevinskaya77@mail.ru','Kurzy','Get the facts https://tskev-erzurum.com/','cs','2018-12-15 20:53:15'),
	(59,'Dannyevasy','kirowaanna19745210@mail.ru','Kurzy','click here for more  \r\n[url=https://cointelegraph.com/news/level-up-500-games-to-accept-altcoin-as-payment-for-the-first-time]go now[/url]','cs','2018-12-16 18:45:14'),
	(60,'adupe','filippova-regina-filippova-1984@mail.ru','Novou pracovni vyzvu',' \r\nЭкспертиза http://100expertov.ru/','cs','2018-12-16 22:21:32'),
	(61,'coalGraree','noamulbelhie1988@gmail.com','Kurzy','[b]Доброго времени суток![/b] \r\n \r\n[b]Забудьте про финансовую недостаточность! Она уйдет в прошлое![/b] \r\nУ вас есть желание научиться зарабатывать нормальные деньги? После долгих поисков утомились искать достоверную информацию по заработку в интернете и потеряли всякую надежду? Сегодня придет конец разочарованиям. Ведь абсолютно без всяческих затрат теперь вы можете узнать как стать финансово независимым. Отсутствует опыт? Нет времени и умений? Не беда. Мы подадим вам руку помощи и позволим достичь новых высот. Узнать подробнее![b] \r\n[url=https://vk.com/away.php?to=http%3A%2F%2Fkursipozarabotkuzdes6.blogspot.com&post=-175170238_17&el=snippet]Курсы по заработку в интернете.>>> Пошаговый план действий тут <<<[/url].[/b]','cs','2018-12-19 05:27:10'),
	(62,'Stevenbic','sashasyrodelova19688@mail.ru','Kurzy','find https://4munchkinsplusmummy.co.uk','cs','2018-12-20 16:27:49'),
	(63,'Jasontielo','volosnovamiloslava1989@mail.ru','Kurzy','i loved this  \r\n[url=https://www.gamasutra.com/view/pressreleases/312089/World_esports_champion_Team_Secret_joins_GNation.php]more info[/url]','cs','2018-12-21 19:44:56'),
	(64,'AngelOmigo','stanislavaodnookova73@mail.ru','Kurzy','weblink [url=http://bulgarianlondon.com/en/forum-pl-260]FORUM of Bulgaria[/url]','cs','2018-12-21 21:29:28'),
	(65,'DavidTox','zhannabelozerceva2461@mail.ru','Novou pracovni vyzvu',' \r\n[url=http://lamadjuret.com/]apk android games[/url] - cracked apk market, best android apk download site','cs','2018-12-23 14:52:34'),
	(66,'Williepax','kuzminaazdsvetlanar5z@mail.ru','Kurzy',' \r\n[url=http://oshisha.cc/catalog/daily-hookah]daily hookah[/url] - щербетли, afzal','cs','2018-12-23 18:11:53'),
	(67,'Arthur Langton','arthur.langton@yahoo.com','Courses','Hi, it\'s Arthur!\r\n\r\nPretty much everyone is using voice search with their Siri/Google/Alexa to ask for services and products  in 2018, and next year, it\'ll be EVERYONE of your clients. What  you are missing out on.\r\n\r\nJust now, I can only find acamar.cz on text search after digging a few pages (that\'s NOT good), competitors above are earning all the traffic and $$$$!\r\n\r\nAnswer all your visitors\' questions on your website and earn their trust! Learn how simple it is : https://goo.gl/6h8hfW\r\n\r\nGet your voice search optimized content: https://goo.gl/tQh8J7\r\nStarts at $20, regular SEO content starts at $10\r\n\r\nRegards,\r\nArthur','en','2018-12-23 19:04:06'),
	(68,'JosephGen','gkarina82@mail.ru','Novou pracovni vyzvu','Строительный сезон еще в разгаре, но объекты уже понемногу готовят к зиме. Многие начатые этим летом стройки частных домов возобновятся следующей весной. Читайте об этом подробнее на сайте [url=http://omontazhe.ru]omontazhe.ru[/url]','cs','2018-12-24 01:36:25'),
	(69,'Stanleyscove','yourmail@gmail.com','Êóðñû','Hello. And Bye.','ru','2018-12-24 10:58:38'),
	(70,'ShaneCog','ninaelagina917014@mail.ru','Novou pracovni vyzvu','image source https://awellkneadedmassagefranklin.com/','cs','2018-12-24 17:02:50'),
	(71,'Михаил','clochykidke2024@mail.ru','Novou pracovni vyzvu','Перезвоните мне пожалуйста 8 (499) 322-46-85 Михаил, не обращайте внимания на заставку, дождитесь ответа оператора.','ru','2018-12-25 18:00:54'),
	(72,'Михаил','clochykidke2024@mail.ru','Êóðñû','Перезвоните мне пожалуйста 8 (499) 322-46-85 Михаил, не обращайте внимания на заставку, дождитесь ответа оператора.','ru','2018-12-26 04:15:01'),
	(73,'Михаил','clochykidke2024@mail.ru','Êóðñû','Перезвоните мне пожалуйста 8 (499) 322-46-85 Михаил, не обращайте внимания на заставку, дождитесь ответа оператора.','ru','2018-12-26 19:58:11'),
	(74,'JamesLek','kitowaanna971@mail.ru','Novou pracovni vyzvu','[url=https://www.e-loto.net]выиграть[/url] - моментальные лотереи, Играть в онлайн лотерею с реальными выигрышами','cs','2018-12-26 23:02:08'),
	(75,'WalterCox','karolinatolstouxova19696505@mail.ru','Novou pracovni vyzvu','[url=https://anastasia-date.reviews/]anastasiadate review[/url] - what is anastasiadate, m.anastasiadate','cs','2018-12-29 02:09:58'),
	(76,'MaxPowerken','ekonomitch@yandex.com','New professional challenge','Download missing dll from [url=http://founddll.com/msvcr100-dll/]Download Missing msvcr100.dll[/url] page. Fix the error now!\r\n','en','2018-12-29 03:29:17'),
	(77,'Howardbor','lyubaarlet198737@mail.ru','Kurzy','[url=https://addvertize.com/]android ads mediation[/url] - mobile monetization, best android cpm advertising network','cs','2018-12-29 04:55:20'),
	(78,'JeremyVax','evelina.kondyushovajnq@mail.ru','Novou pracovni vyzvu','отличный вебресурс [url=http://crdcop.cc]кардинг форум[/url]','cs','2018-12-29 05:18:52'),
	(79,'Manual Palafox','manual.palafox@gmail.com','Hiring new professionals','Hey, it\'s Manual!\r\n\r\nAlmost everyone is using voice search with their Siri/Google/Alexa to ask for services and products now, and next year, it\'ll be EVERYONE of your potential customers. What  you are missing out on.\r\n\r\nRight now, I can only find acamar.cz on text search after going through a few pages (that\'s BAD), businesses on top are getting all the traffic and business!\r\n\r\nAnswer all your buyers\' questions on your website and win their trust! Learn how simple it is : https://goo.gl/6h8hfW\r\n\r\nGet your voice search optimized content: https://goo.gl/tQh8J7\r\nStarts at $20, regular SEO content starts at $10\r\n\r\nRegards,\r\nManual','en','2018-12-29 17:59:18'),
	(80,'DennisIdome','isn-saratov@yandex.ru','Êóðñû','Трахни сегодня вечером сочную женщину в твоем городе: https://arill.us/14938','ru','2018-12-30 14:28:27'),
	(81,'DennisIdome','slipez@gala.net','Êóðñû','Горячие женщины для секса в вашем городе: http://corta.co/BESTSEXYGYRL63016','ru','2018-12-30 23:31:04'),
	(82,'EJPhect','karpovka13@yandex.com','Courses','Sir Elton John is my favourite singer of all time. IвЂ™m very happy to present for you this tour list 2019. Check <a href=http://eltonjohntour2019.com>Elton John tickets Pittsburgh</a> this website to get your tickets for the last Elton John tour in 2019.\r\n','en','2018-12-31 07:00:56'),
	(83,'DennisIdome','abris-tur@yandex.ru','Êóðñû','Горячие и сочные женщины в вашем городе хотят секса: https://lil.ink/BESTSEXYGYRL65792','ru','2018-12-31 08:11:44'),
	(84,'EJPhect','karpovka13@yandex.com','Kurzy','Elton John is my favourite UK singer of the world. IвЂ™m happy to present for you this tour list. Check [url=http://eltonjohntour2019.com]Elton John concert Sunrise[/url] website to get your best tickets for the farewell Elton John tour in 2019.\r\n','cs','2019-01-01 16:39:25'),
	(85,'DennisIdome','svetik22reg@rambler.ru','Novou pracovni vyzvu','€нвестируй один раз и получай по 350000 рублей в месЯц: http://freest.at/bestinvestsystem49350','ru','2019-01-01 17:46:33'),
	(86,'DennisIdome','ramzestalvir@yandex.ru','Novou pracovni vyzvu','€нвестируй 100000 рублей один раз и получай по 350000 рублей каждый месЯц: http://tropaadet.dk/bestinvestsystem39831','ru','2019-01-02 08:20:18'),
	(87,'DennisIdome','vadim@vtree.ru','Novou pracovni vyzvu','€нвестируй 100000 рублей один раз и получай по 350000 рублей каждый месЯц: http://www.abcagency.se/bestinvestsystem63532','ru','2019-01-03 02:37:51'),
	(88,'DennisIdome','zve.71@mail.ru','Êóðñû','Femmes Chaudes Pour Le Sexe Dans Votre Ville: https://e13.co/bestsexygirlsinyourcity52414','ru','2019-01-03 07:33:32'),
	(89,'DennisIdome','ost-yr@nxt.ru','Novou pracovni vyzvu','Femmes Chaudes Pour Le Sexe Dans Votre Ville: http://ralive.de/bestsexygirlsinyourcity17914','ru','2019-01-03 15:36:20'),
	(90,'Melissa','melissa.heiman@msn.com','Nábor nových profesionálů','Hi, it\'s Melissa!\r\n\r\nPretty much everyone is using voice search with their Siri/Google/Alexa to ask for services and products now, and in 2019, it\'ll be EVERYONE of your customers. Imagine what  you are missing out on.\r\n\r\nRight now, I can only find acamar.cz on text search after going through a few pages (that\'s hurting your business), businesses above are earning all the traffic and business!\r\n\r\nFulfill all your clients\' questions on your site and win their business! Learn how easy it is here: https://goo.gl/6h8hfW\r\n\r\nGet your VSO voice search optimized content: https://goo.gl/tQh8J7\r\nStarts at $20, regular SEO content starts at $10\r\n\r\nBest,\r\nMelissa','cs','2019-01-03 15:44:13'),
	(91,'DennisIdome','gykirina@yandex.ru','Êóðñû','Baise ce soir femme juteuse dans ta ville: http://tropaadet.dk/bestsexygirls69477','ru','2019-01-04 00:29:28'),
	(92,'RalphGar','barabanikov.92g@mail.ru','Kurzy','view publisher site https://fp7-doggies.eu','cs','2019-01-05 10:17:03'),
	(93,'DennisIdome','a-caplov@mail.ru','Novou pracovni vyzvu','Baise ce soir femme juteuse dans ta ville: http://valeriemace.co.uk/bestsexygirlsinyourcity20345','ru','2019-01-05 10:27:04'),
	(94,'DennisIdome','vicka21@yandex.ru','Novou pracovni vyzvu','Trouvez une femme chaude pour du bon sexe dans votre ville: http://yourls.site/bestsexygirlsinyourcity51088','ru','2019-01-05 18:59:06'),
	(95,'Jamesvotte','polya.osipova.86@mail.ru','Novou pracovni vyzvu','Заказать seo поисковую оптимизацию сайта, Заказать услуги по продвижению сайта По всем возникшим вопросам Вы можете обратиться в скайп логин [b]pokras7777[/b] [url=http://seoprofisional.ru/index.php?route=product/category&path=75][b]Аренда выделенных серверов по приемлимым ценам[/b][/url] Раскрутка сайта под ключ','cs','2019-01-05 23:21:18'),
	(96,'DennisIdome','dmioliga@mail.ru','Êóðñû','Les femmes chaudes et juteuses de votre ville veulent du sexe: http://www.short4free.us/bestsexygirlsinyourcity75786','ru','2019-01-06 04:32:31'),
	(97,'ShermanUtede','granov.35xj@mail.ru','Kurzy','more helpful hints https://apartmentsinitalyporn.mobi','cs','2019-01-07 05:21:11'),
	(98,'DennisIdome','dinar-isakov@yandex.ru','Êóðñû','Les femmes chaudes et juteuses de votre ville veulent du sexe: http://perkele.ovh/bestadultdating54681','ru','2019-01-07 10:23:38'),
	(99,'DennisIdome','do4ura88@mail.ru','Novou pracovni vyzvu','Baise ce soir femme juteuse dans ta ville: https://tinyurl.com/bestadultdating51181','ru','2019-01-07 18:24:51'),
	(100,'Jan Šťovíček','jan.stovicek@adastragrp.com','Obecný dotaz','Nazdar Illyovi andílci :-),\r\n\r\nmoc pěkný nový web! Pochvala!\r\n\r\nPobavila mě průměrná doba na projektu 22 měsíců. Počítáte mě tam taky? Já jsem s Acamarem / Adastrou už 85. měsíc a to stále na jednom projektu, kde se se mnou prý původně počítalo na 3 měsíce! Neuvěřitelné...\r\n\r\nDíky vám všem, děláte to dobře!\r\n\r\nHonza Šťovíček','cs','2019-01-07 20:22:51'),
	(101,'DennisIdome','basantija@ya.ru','Novou pracovni vyzvu','Femmes chaudes pour bon sexe tous les jours: http://c.or.at/bestadultdating12983','ru','2019-01-08 07:15:07'),
	(102,'DennisIdome','clinduk2011@yandex.ru','Êóðñû','Trouvez une femme chaude pour du bon sexe dans votre ville: http://awalsh.com/bestadultdating68737','ru','2019-01-08 16:35:41'),
	(103,'RichardPriow','talykova.3.3o@mail.ru','Kurzy','have a peek at this site https://weetwiejebent.be','cs','2019-01-08 17:20:35'),
	(104,'DennisIdome','regionupak-rov@mail.ru','Êóðñû','Les femmes chaudes et juteuses de votre ville veulent du sexe: http://www.short4free.us/bestadultdating46461','ru','2019-01-09 02:42:17'),
	(105,'DennisIdome','avol@ua.fm','Êóðñû','Hei?e Frauen f?r guten Sex jeden Tag: https://tinyurl.com/sexywomaninyourcity29943','ru','2019-01-09 23:05:58'),
	(106,'DennisIdome','natalyapochueva@mail.ru','Êóðñû','Finde eine hei?e Frau f?r guten Sex in deiner Stadt: http://freest.at/sexywomaninyourcity88274','ru','2019-01-10 06:58:09'),
	(107,'DennisIdome','roma_paluh@ukr.net','Êóðñû','Finde eine hei?e Frau f?r guten Sex in deiner Stadt: https://is.gd/sexywomaninyourcity14961','ru','2019-01-10 15:58:20'),
	(108,'DennisIdome','sudmed@kaluga.net','Novou pracovni vyzvu','Fick heute Nacht saftige Frau in deiner Stadt: https://aaa.moda/sexywomaninyourcity39399','ru','2019-01-11 09:47:18'),
	(109,'Jamiefaf','jamieInvow@pro-expert.online','Kurzy','Hey. I sent a screenshot. Did you get it?','cs','2019-01-11 11:10:34'),
	(110,'DennisIdome','netali8208@rambler.ru','Êóðñû','Hei?e Frauen f?r Sex in deiner Stadt: http://yourls.site/sexywomaninyourcity84856','ru','2019-01-11 22:44:34'),
	(111,'DennisIdome','alonetm@gmail.com','Novou pracovni vyzvu','Finde eine hei?e Frau f?r guten Sex in deiner Stadt: https://tinyurl.com/sexywomaninyourcity97599','ru','2019-01-12 07:16:37'),
	(112,'DarrellDup','nesterenko_82@mail.ru','Êóðñû','Where to invest $ 3000 once and receive every month from $ 55000: http://www.abcagency.se/howtoinvest300010542','ru','2019-01-12 16:12:50'),
	(113,'DarrellDup','trushkinanata@rambler.ru','Novou pracovni vyzvu','Where to invest $ 3000 once and receive every month from $ 55000: http://c.or.at/howtoinvest300047716','ru','2019-01-13 01:47:47'),
	(114,'Martinbus','vla_den@mail.ru','Novou pracovni vyzvu','Get $1000 Р $6000 A Day: https://e13.co/bestinvestsystems25879','ru','2019-01-13 10:21:47'),
	(115,'Martinbus','eroshkin-spb@yandex.ru','Êóðñû','Auto Mass Money Maker: http://freest.at/bestinvestsystems10882','ru','2019-01-13 20:57:10'),
	(116,'Martinbus','gazhel@yandex.ru','Êóðñû','Hot women for good sex every day: https://tinyurl.com/bestsexygirlsinyourcity49184','ru','2019-01-14 07:15:49'),
	(117,'Martinbus','info@submebel.ru','Êóðñû','Hot women for good sex every day: https://e13.co/bestsexygirlsinyourcity58673','ru','2019-01-14 15:14:55'),
	(118,'Martinbus','tatu76-76@mail.ru','Êóðñû','Hot and juicy women in your city want sex: http://goto.iamaws.com/bestsexygirlsinyourcity35271','ru','2019-01-15 00:37:43'),
	(119,'Martinbus','d-dionis@ya.ru','Êóðñû','Comment gagner 10 000 ? par jour FAST: https://aaa.moda/bestinvestsystem48326','ru','2019-01-15 23:26:56'),
	(120,'Martinbus','benko08@gmail.com','Êóðñû','J\'ai 23 000 ?. Comment l\'utiliser au mieux pour gagner plus d\'argent: http://wntdco.mx/bestinvestsystem87991','ru','2019-01-16 08:37:08'),
	(121,'Martinbus','adriano77777@mail.ru','Êóðñû','Comment gagner 3000 ? Fast Fast Money | Le budget occup?: http://c.or.at/bestinvestsystem36204','ru','2019-01-16 17:05:53'),
	(122,'Martinbus','bashir.zaraliev@mail.ru','Novou pracovni vyzvu','Quel est le moyen le plus simple de gagner 3000 ? par mois: https://is.gd/bestinvestsystem65744','ru','2019-01-17 06:54:25'),
	(123,'Martinbus','medeya16@list.ru','Novou pracovni vyzvu','Enqu?tes r?mun?r?es: gagnez 3 000 ? ou plus par semaine: http://www.lookweb.it/bestinvestsystem14168','ru','2019-01-17 15:12:27'),
	(124,'Martinbus','lexxxfm@mail.ru','Novou pracovni vyzvu','J\'ai 23 000 ?. Comment l\'utiliser au mieux pour gagner plus d\'argent: http://freest.at/bestinvestsystem68757','ru','2019-01-18 00:24:24'),
	(125,'Martinbus','izymka15@mail.ru','Êóðñû','Wie man ? 3000 schnell macht Schnelles Geld | Der besch?ftigte Budgeter: http://narodna-vlada.org/url.php?url=http://bestprofits-for-you-21.com/?u=u348mwe&o=6h104vf','ru','2019-01-18 16:07:06'),
	(126,'Martinbus','tofik53@gmail.com','Novou pracovni vyzvu','Wie man ? 10.000 pro Tag SCHNELL macht: http://goto.iamaws.com/5500058667','ru','2019-01-19 03:49:21'),
	(127,'Martinbus','fragile88@mail.ru','Novou pracovni vyzvu','The Top 5 Best Cryptocurrencies 2019: http://www.abcagency.se/5500060753','ru','2019-01-19 12:38:58'),
	(128,'Martinbus','guli4kads@mail.ru','Êóðñû','Cryptocurrency Investing 2019: http://go.fireontherim.com/5500025678','ru','2019-01-19 22:39:35'),
	(129,'Martinbus','elinkarz@gmail.com','Êóðñû','The Top 5 Best Cryptocurrencies 2019: http://tropaadet.dk/5500089107','ru','2019-01-20 08:11:17'),
	(130,'Martinbus','lerastarsuper@mail.ru','Êóðñû','Forex trader makes $10,000 in minutes: http://corta.co/BESTINVESTMETHOD5500093839','ru','2019-01-20 22:31:08'),
	(131,'Martinbus','lvl.ru@yandex.ru','Êóðñû','How To Make $10,000 a Day Trading Forex - The Most EASIEST Way For Beginners (SECRET REVEALED): http://goto.iamaws.com/bestforex92881','ru','2019-01-21 06:26:39'),
	(132,'Martinbus','lilest@mail.ru','Êóðñû','Forex Prodigy Makes $10,000 in 30 Minutes! - Market Traders Institute: http://to.ht/bestforex61445','ru','2019-01-21 14:58:23'),
	(133,'Martinbus','ogligr1@mail.ru','Novou pracovni vyzvu','Sexy girls for the night in your town: http://www.vkvi.net/bestforex56125','ru','2019-01-21 22:18:00'),
	(134,'Martinbus','suep77@mail.ru','Novou pracovni vyzvu','Meet sexy girls in your city: http://jnl.io/bestforex35910','ru','2019-01-22 06:01:59'),
	(135,'Martinbus','comp-r85@mail.ru','Novou pracovni vyzvu','Find yourself a girl for the night in your city: https://lil.ink/bestforex98315','ru','2019-01-22 14:04:26'),
	(136,'Martinbus','ashparov@lexus-chel.ru','Novou pracovni vyzvu','Meet sexy girls in your city: http://www.abcagency.se/bestforex61472','ru','2019-01-22 22:45:25'),
	(137,'Martinbus','vitaly-belyaev19@rambler.ru','Êóðñû','Sexy girls for the night in your town: http://www.lookweb.it/$$$bestforex$$$47602','ru','2019-01-23 07:06:14'),
	(138,'Josephwrary','algolik@bk.ru','Êóðñû','Meninas sexy para a noite em sua cidade: http://www.vkvi.net/bestforex11406','ru','2019-01-23 22:15:10'),
	(139,'Edwardfat','dos_2806@mail.ru','Novou pracovni vyzvu','Meet sexy girls in your city: http://valeriemace.co.uk/adultdating69812','ru','2019-01-24 08:53:02'),
	(140,'Edwardfat','info@artsymbol.ru','Novou pracovni vyzvu','Sexy girls for the night in your town: http://webhop.se/adultdating40981','ru','2019-01-24 16:18:43'),
	(141,'Edwardfat','olushka.gabitova@yandex.ru','Novou pracovni vyzvu','Meet sexy girls in your city: https://xxs.yt/adultdating70912','ru','2019-01-24 23:54:55'),
	(142,'Georgefob','serzh.nana@mail.ru','Novou pracovni vyzvu','[url=https://clck.ru/F3jCW]Держатель для смартфона с функцией беспроводной зарядки[/url] \r\nУникальный автомобильный держатель для смартфона с беспроводной зарядкой. Устройство надежно крепится в салоне авто благодаря двойной фиксации. \r\nАвтоматически заряжает смартфон, когда вы в пути. https://clck.ru/F3jCW \r\n[URL=https://clck.ru/F3jCW][IMG]https://i109.fastpic.ru/big/2019/0117/df/d717d7df123302668a816be283233bdf.jpg[/IMG][/URL] \r\n \r\n \r\n[url=http://bit.ly/2CtkNFB]Купить Джинсы Mom Fit (LP2T54) в интернет-магазине одежды[/url]\r\n[url=http://bit.ly/2CtkNFB]Купить одежду для новорожденных в интернет-магазине[/url]\r\n[url=http://bit.ly/2HwRkQX]Купить Брюки чиносы из хлопка (MP8S91) в интернет-магазине одежды[/url]\r\n','ru','2019-01-26 12:29:18'),
	(143,'Edwardfat','invalid68@mail.ru','Novou pracovni vyzvu','Forex Prodigy Makes $10,000 in 30 Minutes! - Market Traders Institute: http://profit.bitcoin-forex-invest.com/earn-money-online-using-facebook.php','ru','2019-01-27 21:52:12'),
	(144,'Edwardfat','apotap1976@mail.ru','Êóðñû','How To Make $10,000 a Day Trading Forex - The Most EASIEST Way For Beginners (SECRET REVEALED): http://profit.bitcoin-forex-invest.com/how-to-make-money-from-youtube-blog.php','ru','2019-01-28 06:11:55'),
	(145,'Edwardfat','armada_dok@mail.ru','Êóðñû','Forex 1000 To 1 Million Р Turning $10,000 into $1 Million in Forex: http://profit.bitcoin-forex-invest.com/easiest-way-to-make-money-online-paypal.php','ru','2019-01-28 14:20:25'),
	(146,'Edwardfat','sergei00861@mail.ru','Novou pracovni vyzvu','You won iPhone X: http://www.lookweb.it/winiphonexs46067','ru','2019-01-29 06:54:48'),
	(147,'Edwardfat','steppe-wind@mail.ru','Novou pracovni vyzvu','You won iPhone X: http://wntdco.mx/winiphonexs55880','ru','2019-01-29 14:43:40'),
	(148,'Edwardfat','birthmark@km.ru','Novou pracovni vyzvu','Win iPhone X: http://wntdco.mx/winiphonexs63081','ru','2019-01-29 22:51:53'),
	(149,'Valentina Demcheglo','vdemcheglo@gmail.com','Novou pracovní výzvu','Hello!\r\nAre you looking for remote recruiter now? I am interested in coloboration with Acamar and it will be great experience for me to get a job in a global company such as yours. Please, contact me via email vdemcheglo@gmail.com and I will sent you my CV.\r\nBest regards,\r\nValentin Demcheglo. ','ru','2019-01-30 20:41:09'),
	(150,'Edwardfat','kollyd@ya.ru','Novou pracovni vyzvu','What is the best cryptocurrency to invest in 2019: http://wntdco.mx/38744','ru','2019-01-30 21:00:04'),
	(151,'Edwardfat','sark1s007@yandex.ru','Êóðñû','The Top 5 Best Cryptocurrencies 2019: http://www.lookweb.it/76359','ru','2019-01-31 05:37:30'),
	(152,'Edwardfat','qazwsx_1990@list.ru','Novou pracovni vyzvu','The Top 5 Best Cryptocurrencies 2019: http://ralive.de/11907','ru','2019-01-31 14:35:57'),
	(153,'Edwardfat','ulusi@mail.ru','Êóðñû','How to make $3000 a day: http://webhop.se/160993','ru','2019-01-31 19:01:37'),
	(154,'Edwardfat','afaq202@mail.ru','Novou pracovni vyzvu','I\'m 23. I have $30000. How can I best use it to make more money: https://aaa.moda/145664','ru','2019-02-01 04:59:12'),
	(155,'Edwardfat','dulyk.22@mail.ru','Êóðñû','I\'m 23. I have $30000. How can I best use it to make more money: http://corta.co/183326','ru','2019-02-01 15:04:58'),
	(156,'Edwardfat','denny5@inbox.lv','Novou pracovni vyzvu','[OMG -  PROFIT in under 60 seconds: http://valeriemace.co.uk/1321453','ru','2019-02-02 07:38:55'),
	(157,'Edwardfat','anetics@bk.ru','Novou pracovni vyzvu','How to make $450 per hour: http://rih.co/144229','ru','2019-02-02 21:48:56'),
	(158,'Edwardfat','murgusha@mail.ru','Novou pracovni vyzvu','What\'s the easiest way to earn $30000 a month: http://tropaadet.dk/164093','ru','2019-02-03 06:09:48'),
	(159,'Edwardfat','inturclassik@gmail.com','Êóðñû','[OMG -  PROFIT in under 60 seconds: http://www.abcagency.se/187182','ru','2019-02-03 14:35:11'),
	(160,'JoshuaNax','nadya84_07@inbox.ru','Êóðñû','Sexy girls for the night in your town: http://yourls.site/bestadultdatingsite46394','ru','2019-02-03 21:39:29'),
	(161,'JoshuaNax','rutgers.st@gmail.com','Êóðñû','Sexy girls for the night in your town: https://arill.us/bestadultdatingsite42974','ru','2019-02-04 04:34:09'),
	(162,'JoshuaNax','skarter@ya.ru','Novou pracovni vyzvu','Meet sexy girls in your city: http://corta.co/bestadultdatingsite55552','ru','2019-02-04 11:28:50'),
	(163,'SedPlemOwedefum','tecomwromaittisarp@ultimatecarinsurance.us','Kurzy','wkfuuc [url=https://icbdoilonline.com/#]cbd clinic products[/url] \r\nhttps://icbdoilonline.com/#','cs','2019-02-04 11:40:03'),
	(164,'JoshuaNax','rebrov19@tyt.by','Êóðñû','Sexy girls for the night in your town: http://awalsh.com/bestadultdatingsite36902','ru','2019-02-04 23:12:01'),
	(165,'JoshuaNax','ema-84@mail.ru','Êóðñû','Find yourself a girl for the night in your city: https://lil.ink/bestadultdatingsite15277','ru','2019-02-05 06:59:19'),
	(166,'Eric','eric@talkwithcustomer.com','New professional challenge','Hello,\r\n\r\nRunning a website like acamar.cz is a lot like trying to fill a leaky bucket.\r\n\r\nYou promote, get website visitor, they drop out... you promote, get more website visitors, they drop out...\r\n\r\nBut today I wanted to address the \"leaky bucket\" effect that keeps website owners and online businesses running on a treadmill without reaching their income goals.\r\n\r\nI\'ve identified 5 ongoing challenges that can keep you from reaching your business goals with your online business offering.\r\n\r\nOngoing Challenge 1: Attracting Leads and Getting People to Opt-In\r\n\r\nIn order to sustain your website and sell your product, you need people who are interested enough to actually consider your offers.\r\n\r\nBuilding an engaged list of subscribers is the key here... but did you know there\'s a way your website can help you with that?\r\n\r\nOngoing Challenge 2: Converting Leads into Happy Paying Customers\r\n\r\nOnce you\'ve figured out a way to get more people to join your email list, you need to tell them about your paid product and offerings in a way that converts.\r\n\r\nThe standard email marketing funnel works... but if they don\'t buy, there are more organic ways to get them to purchase your paid offerings right inside your website.\r\n\r\nOngoing Challenge 3: Having a Leaky Checkout Experience & Losing Out On Sales\r\n\r\nOnce you\'ve done all of the hard work of getting people to say yes to your paid offerings... you definitely don\'t want to lose out on sales by having a leaky checkout experience.\r\n\r\nStatistics show that 77% of people who click the “Buy Now” button never complete their order, but there\'s a way to recoup these sales.\r\n\r\nOngoing Challenge 4: Increasing Return Customers and Recurring Revenue\r\n\r\nOnce you\'ve got customers... your job is done, right? Not so fast!\r\n\r\nYou can offer more solutions, products, and ongoing access to these same customers over time... because the probability of selling to a new prospect is 5-20% and the probability of selling to an existing customer is 60-70%.\r\n\r\nOngoing Challenge 5: Customers Who Fall Off The Wagon and do not buy\r\n\r\nCustomer retention is key to the long-term success of your website. But it\'s normal for customers to fall off the wagon, get busy, and stop logging into your website.\r\n\r\nOr is it?\r\n\r\nIf you use smart nurturing strategies, you can keep your customers engaged and actively benefitting from your website to reduce drop offs and refunds.\r\n\r\nHow our software overcomes each of these ongoing challenges:\r\n\r\nThese are real challenges that never seem to go away...\r\n\r\nI know because I\'ve been there myself. I\'ve put in thousands of dollars and hundreds of hours figuring out what works, what doesn\'t, and how to fill my own website over the past 10 years.\r\n\r\nAnd I built all of the strategies to overcome these obstacles right into our best-selling lead converting software tool: http://www.talkwithcustomer.com\r\n\r\nTalk With Website Visitors is a widget which captures a website visitor’s Name, Email address and Phone Number and then calls you immediately, so that you can talk to the website visitors exactly when they are live on your website — while they\'re hot! Best feature of all, we offer FREE International Long Distance Calling!\r\n\r\nWhen targeting website visitors, speed is essential - there is a 100x decrease in Leads when a website visitors is contacted within 30 minutes vs being contacted within 5 minutes.\r\n\r\nI\'m so sure that Talk With Website Visitors will help you in your business endeavors that I\'m offering you a special incentive to get started today.\r\n\r\nSign up for Talk With Website Visitors and get a 14 days free trial today.  Visit: http://www.talkwithcustomer.com\r\n\r\nThis is a one-time only promotion that expires in 14 days.\r\n\r\nWhy am I offering you this time sensitive 14 days free trial incentive?\r\n\r\nBecause I know that people who use Talk With Website Visitors get their sites up, running, and selling...\r\n\r\nSo, if you know its time to get serious about your online website acamar.cz, and you want the tool that\'s built by someone who has been in your shoes and understands the realities of selling online...\r\n\r\nThen take advantage of this special coupon code today. Visit: http://www.talkwithcustomer.com\r\n\r\nI\'m so excited to share my life\'s work with you, and I know you understand that there\'s work ahead to make your digital business successful. But having the right tools and the right strategies to overcome the unavoidable challenges makes it all the more doable!\r\n\r\nThanks so much for reading - and next time I\'ll be talking about my biggest pet peeve when it comes to technology! (You might be surprised about this one.)\r\n\r\nWith appreciation,\r\n-Eric \"simplifying tech\" Jones\r\n\r\nIf you\'d like to unsubscribe click here. http://liveserveronline.com/talkwithcustomer.aspx?d=acamar.cz','en','2019-02-05 12:42:39'),
	(167,'JoshuaNax','k.zenya@bk.ru','Êóðñû','Find yourself a girl for the night in your city: http://yourls.site/bestadultdatingsite15528','ru','2019-02-05 15:25:36'),
	(168,'JoshuaNax','pinkovskaya21@gmail.com','Êóðñû','Meet sexy girls in your city: http://yourls.site/bestadultdatingsite25639','ru','2019-02-06 06:59:49'),
	(169,'JoshuaNax','vadim.murom@gmail.com','Novou pracovni vyzvu','Sexy girls for the night in your town: http://yourls.site/bestadultdatingsite21272','ru','2019-02-06 15:00:31'),
	(170,'JoshuaNax','spooks8888@yandex.ru','Êóðñû','Find yourself a girl for the night in your city: https://lil.ink/bestadultdatingsite50090','ru','2019-02-06 23:28:23'),
	(171,'JoshuaNax','viksemenoff@yandex.ru','Novou pracovni vyzvu','How To Make $10,000 a Day Trading Forex - The Most EASIEST Way For Beginners (SECRET REVEALED): https://lil.ink/1000perday14080','ru','2019-02-07 10:48:20'),
	(172,'JoshuaNax','solowjan@ukr.net','Novou pracovni vyzvu','How To Make $100,000 Per Month With Forex Signals: https://arill.us/1000perday22968','ru','2019-02-07 23:08:20'),
	(173,'JoshuaNax','cerv60@mail.ru','Novou pracovni vyzvu','Sexy girls for the night in your town: http://go.fireontherim.com/bestadultapp48144','ru','2019-02-08 08:00:20'),
	(174,'JoshuaNax','koma_ia@mail.ru','Novou pracovni vyzvu','Meet sexy girls in your city: http://awalsh.com/bestadultapp88607','ru','2019-02-09 14:22:10'),
	(175,'JoshuaNax','vitalinka.r@mail.ru','Êóðñû','Find yourself a girl for the night in your city: http://awalsh.com/bestadultapp54388','ru','2019-02-10 08:00:06'),
	(176,'JoshuaNax','9886660880@mail.ru','Novou pracovni vyzvu','Meet sexy girls in your city: http://www.abcagency.se/bestadultapp13555','ru','2019-02-10 21:42:34'),
	(177,'JoshuaNax','wxyz@mail.ru','Novou pracovni vyzvu','$10000 per day Bitcoin Brokers | Top Bitcoin Brokers Reviews | Bitcoin Binary Options: http://www.lookweb.it/$10000perday25623','ru','2019-02-11 10:32:35'),
	(178,'Mykyta','m.belimenko228@gmail.com','New professional challenge','Dobry den,\r\n\r\njsem Belimenko Mykyta. Programuju v Jave.\r\nHledam novou prace a doufam, ze jste s tim mi pomuzete.\r\n\r\nTady mate na me kontakt : \r\n+420777694144\r\nm.belimenko228@gmail.com\r\n\r\nS pozdravem,\r\nBelimenko M.','en','2019-02-11 11:47:40'),
	(179,'JoshuaNax','vti@tempvti.ru','Novou pracovni vyzvu','$10000 per day Bitcoin binary options trading platform: http://ralive.de/10000perday63271','ru','2019-02-11 21:42:04'),
	(180,'JoshuaNax','korotenko.g@yandex.ua','Novou pracovni vyzvu','Sexy Girls f?r die Nacht in deiner Stadt: http://ralive.de/appadultdating49593','ru','2019-02-12 07:22:15'),
	(181,'JoshuaNax','kolisanka@gmail.com','Novou pracovni vyzvu','Suchen Sie sich ein M?dchen f?r die Nacht in Ihrer Stadt: http://valeriemace.co.uk/appadultdating83006','ru','2019-02-12 19:35:44'),
	(182,'JoshuaNax','viktoria-jablochkina@rambler.ru','Êóðñû','Sexy Girls f?r die Nacht in deiner Stadt: http://goto.iamaws.com/appadultdating68172','ru','2019-02-13 06:17:11'),
	(183,'VaniaMLM','poznyakovvladimir60@mail.ru','Novou pracovni vyzvu','<b> Хай  \r\n</b> \r\n \r\nПриглашаем на \r\n халявный  \r\n вебенар  по увеличению \r\n прибыли  в \r\n сетевом маркетинге  \r\n \r\n Регистрируемся  тут -  \r\n<a href=https://vk.com/mlmrobotics?w=wall-174416642_64>Сетевой бизнес</a>','ru','2019-02-13 13:41:31'),
	(184,'Marina Hutcheson','hutcheson.marina79@googlemail.com','Hiring new professionals','Hello, it\'s Marina here!\r\n\r\nI\'m pinging because I want to comment on the good work on the testing content on acamar.cz. Things are getting a bit stale though... and Google just updated their algorithm yet again, you know how that\'ll negatively impact your biggest free traffic source, if there isn\'t an ongoing flow of new articles! You see, most websites get majority of their organic traffic from their blog, and I feel that you could use a little boost, since you are not blogging that much yet.\r\n\r\nWriting takes a lot of time, and we have just the team from the United States/Canada to come up with great content you need.\r\n\r\nYou can have your new blog to post on acamar.cz starting at $10 in as little as 5  days!\r\n\r\nCheck out our work and reviews from happy clients here: https://goo.gl/KGRAi4\r\n\r\nYou\'re always covered by the industry leading 60-Day Money Back Guarantee!\r\n\r\nThank you for your time,\r\n\r\nRegards.\r\nMarina\r\n\r\n\r\n\r\n\r\n\r\n\r\n\r\n\r\n\r\n\r\n\r\n\r\nYou are receiving this message because the contact form at acamar.cz is open to the public. Thank you.','en','2019-02-14 04:40:43'),
	(185,'Eric','eric@talkwithcustomer.com','New professional challenge','Hello,\r\n\r\nRunning a website like acamar.cz is a lot like trying to fill a leaky bucket.\r\n\r\nYou promote, get website visitor, they drop out... you promote, get more website visitors, they drop out...\r\n\r\nBut today I wanted to address the \"leaky bucket\" effect that keeps website owners and online businesses running on a treadmill without reaching their income goals.\r\n\r\nI\'ve identified 5 ongoing challenges that can keep you from reaching your business goals with your online business offering.\r\n\r\nOngoing Challenge 1: Attracting Leads and Getting People to Opt-In\r\n\r\nIn order to sustain your website and sell your product, you need people who are interested enough to actually consider your offers.\r\n\r\nBuilding an engaged list of subscribers is the key here... but did you know there\'s a way your website can help you with that?\r\n\r\nOngoing Challenge 2: Converting Leads into Happy Paying Customers\r\n\r\nOnce you\'ve figured out a way to get more people to join your email list, you need to tell them about your paid product and offerings in a way that converts.\r\n\r\nThe standard email marketing funnel works... but if they don\'t buy, there are more organic ways to get them to purchase your paid offerings right inside your website.\r\n\r\nOngoing Challenge 3: Having a Leaky Checkout Experience & Losing Out On Sales\r\n\r\nOnce you\'ve done all of the hard work of getting people to say yes to your paid offerings... you definitely don\'t want to lose out on sales by having a leaky checkout experience.\r\n\r\nStatistics show that 77% of people who click the “Buy Now” button never complete their order, but there\'s a way to recoup these sales.\r\n\r\nOngoing Challenge 4: Increasing Return Customers and Recurring Revenue\r\n\r\nOnce you\'ve got customers... your job is done, right? Not so fast!\r\n\r\nYou can offer more solutions, products, and ongoing access to these same customers over time... because the probability of selling to a new prospect is 5-20% and the probability of selling to an existing customer is 60-70%.\r\n\r\nOngoing Challenge 5: Customers Who Fall Off The Wagon and do not buy\r\n\r\nCustomer retention is key to the long-term success of your website. But it\'s normal for customers to fall off the wagon, get busy, and stop logging into your website.\r\n\r\nOr is it?\r\n\r\nIf you use smart nurturing strategies, you can keep your customers engaged and actively benefitting from your website to reduce drop offs and refunds.\r\n\r\nHow our software overcomes each of these ongoing challenges:\r\n\r\nThese are real challenges that never seem to go away...\r\n\r\nI know because I\'ve been there myself. I\'ve put in thousands of dollars and hundreds of hours figuring out what works, what doesn\'t, and how to fill my own website over the past 10 years.\r\n\r\nAnd I built all of the strategies to overcome these obstacles right into our best-selling lead converting software tool: http://www.talkwithcustomer.com\r\n\r\nTalk With Website Visitors is a widget which captures a website visitor’s Name, Email address and Phone Number and then calls you immediately, so that you can talk to the website visitors exactly when they are live on your website — while they\'re hot! Best feature of all, we offer FREE International Long Distance Calling!\r\n\r\nWhen targeting website visitors, speed is essential - there is a 100x decrease in Leads when a website visitors is contacted within 30 minutes vs being contacted within 5 minutes.\r\n\r\nI\'m so sure that Talk With Website Visitors will help you in your business endeavors that I\'m offering you a special incentive to get started today.\r\n\r\nSign up for Talk With Website Visitors and get a 14 days free trial today.  Visit: http://www.talkwithcustomer.com\r\n\r\nThis is a one-time only promotion that expires in 14 days.\r\n\r\nWhy am I offering you this time sensitive 14 days free trial incentive?\r\n\r\nBecause I know that people who use Talk With Website Visitors get their sites up, running, and selling...\r\n\r\nSo, if you know its time to get serious about your online website acamar.cz, and you want the tool that\'s built by someone who has been in your shoes and understands the realities of selling online...\r\n\r\nThen take advantage of this special coupon code today. Visit: http://www.talkwithcustomer.com\r\n\r\nI\'m so excited to share my life\'s work with you, and I know you understand that there\'s work ahead to make your digital business successful. But having the right tools and the right strategies to overcome the unavoidable challenges makes it all the more doable!\r\n\r\nThanks so much for reading - and next time I\'ll be talking about my biggest pet peeve when it comes to technology! (You might be surprised about this one.)\r\n\r\nWith appreciation,\r\n-Eric \"simplifying tech\" Jones\r\n\r\nIf you\'d like to unsubscribe click here. http://liveserveronline.com/talkwithcustomer.aspx?d=acamar.cz \r\n','en','2019-02-15 03:48:20'),
	(186,'Tourist','tourist-services@mail.ru','Novou pracovni vyzvu','Если вам нравится путешествовать или вы просто увлекаетесь туризмом, \r\nто вам будет интересна информация предоставленная на нашем сайте \r\nhttp://touristservices.ru Здесь вы сможете воспользоваться такими услугами как: \r\nбронирование отелей, поиск авиабилетов, выбор и заказ морских круизов, трансфер \r\nдо аэропорта или попросту такси,экскурсии и прокат авто. Планируйте свой отдых \r\nсамостоятельно и без посредников, экономя до 30 процентов на каждой услуге.','cs','2019-02-15 17:42:51'),
	(187,'JoshuaNax','viktor@stepanovitch.com','Êóðñû','Find yourself a girl for the night in your city: http://tropaadet.dk/getsexinyourcity59907','ru','2019-02-24 21:43:16'),
	(188,'Amynap','kathiweisbecker@probbox.com','Novou pracovni vyzvu','[url=http://buspar10.com/]buspar[/url] ','cs','2019-02-25 08:31:21'),
	(189,'Marknap','andrewpanayi@probbox.com','Novou pracovni vyzvu','[url=https://buspar10.com/]buspirone 10 mg[/url] ','cs','2019-02-25 09:58:26'),
	(190,'Marknap','ub2nice@probbox.com','Kurzy','[url=https://buspar10.com/]buspirone 10 mg[/url] ','cs','2019-02-25 10:00:28'),
	(191,'Tonyareifs','smmstudiorussia@gmail.com','Êóðñû','Привет! Наша команда фрилансеров предлагает широкий спектр веб-услуг по адекватным ценам. \r\n \r\nразработка сайтов любой сложности (блоги, журналы, порталы, сми, корпоративные, бизнес, визитки, портфолио, лендинги, интернет-магазины и т.п.) \r\n- Аутсорсинг сайтов (постоянная поддержка сайта, работа с хостингом, админкой и контентом). \r\n \r\nПр0движение: \r\n- SEO пр0движение сайта в поисковых системах (внутренняя оптимизация + внешняя) по ключевым запросам в топы. \r\n- SMM продвижение сообществ и аккаунтов в любых соцсетях: Вконтакте, Одноклассники, Фейсбук, Инстаграм и Твиттер (комплексные методы). \r\n- Ведение аккаунтов в любыъ социальных сетях \r\n- Настройка и запуск таргетинговой рекламы (Вконтакте, Одноклассники или Фейсбук). \r\n- Копирайтинг нового контента для сайтов и соцсетей. \r\n- Настройка и запуск контекстной рекламы (Яндекс Директ или Гугл Эдвордс). \r\n \r\nПочтовые рассылки: \r\n- E-Mail рассылки (почтовый маркетинг). \r\n- Прогоны по форумам и обратным контактным формам. \r\n- Рассылки по доскам объявлений и гостевым. \r\n \r\nВеб-дизайн для сайтов и групп в соцсетях  \r\n- логотипы, баннеры (статика и динамика), визитки, флаеры и обложки;  \r\n \r\nХотите попробовать и начать сотрудничать? Созвонитесь со мной. На первый заказ веб-услуг для Вас действует спецпредложение до 10%!  \r\n \r\nнаши работы: в поиске ищите как \"веб лейбл\" \r\nПрофиль: https://freelance.ru/weblabel \r\nVkontakte: https://vk.com/weblabel_ru \r\nВ Инстаграм: https://www.instagram.com/weblabel.ru/ \r\n \r\nКонтакты: \r\nпочта: weblabel @ bk . ru (убрать пробелы и писать только на эту почту!)  \r\nSkype: weblabel   \r\nВ поиске: веблейбл \r\n \r\nНаша команда будет рада Вам помочь! По доп. запросу вышлю Вам все прайсы, условия и КП! \r\n \r\nКод для скидки: 643823499 \r\nВ теме письма укажите: \"По сотрудничеству\"','ru','2019-02-25 10:27:22'),
	(192,'Elva Espinoza','espinoza.elva@gmail.com','New professional challenge','Hello, it\'s Elva!\r\n\r\nI\'m contacting because I want to comment on the good work on the growing content on acamar.cz. Things are getting a bit stale... and Google just updated their algorithm yet again, you know how that\'ll impact your biggest traffic source, if there isn\'t an ongoing flow of new blogs! You see, websites get majority of their free traffic from their blog, and I feel that you could use a little help, since you are not blogging weekly for now.\r\n\r\nBlogging takes a lot of time and energy, and we have just the team  to come up with great content you are looking for.\r\n\r\nYou can have a brand new article to post on acamar.cz starting at $10 in as little as 5 business days!\r\n\r\nCheck out our work and reviews from satisfied clients here: http://bit.ly/2U158Vp\r\n\r\nYou\'re always covered by the industry leading 60-Day Money Back Guarantee!\r\n\r\nThanks for your time,\r\n\r\nCheers.\r\nElva\r\n\r\n\r\n\r\n\r\n\r\n\r\n\r\n\r\n\r\n\r\n\r\n\r\nYou are receiving this message because the contact form at acamar.cz is open to the public. Thank you.','en','2019-02-25 11:53:30'),
	(193,'Paulnap','alwyndan@probbox.com','Kurzy','[url=https://buspar10.com/]buspar online[/url] ','cs','2019-02-26 00:35:36'),
	(194,'Paulnap','vro1@probbox.com','Kurzy','[url=https://buspar10.com/]cost of buspar[/url] ','cs','2019-02-26 00:37:41'),
	(195,'Carlnap','gmscorpio66@probbox.com','Novou pracovni vyzvu','[url=http://buspar10.com/]buy buspar[/url] ','cs','2019-02-26 01:03:25'),
	(196,'JoshuaNax','larissa_ng@mail.ru','Novou pracovni vyzvu','The best girls for sex in your town: http://corta.co/getsexinyourcity54029','ru','2019-02-26 01:04:55'),
	(197,'Judynap','emelda@probbox.com','Kurzy','[url=https://buspar10.com/]buspar[/url] ','cs','2019-02-26 17:05:41'),
	(198,'Marynap','wolfire06@probbox.com','Novou pracovni vyzvu','[url=https://buspar10.com/]buspar online[/url] ','cs','2019-02-26 17:36:32'),
	(199,'Marynap','orttinink@probbox.com','Kurzy','[url=https://buspar10.com/]generic buspar[/url] ','cs','2019-02-26 17:38:41'),
	(200,'BarbaraJut','barbaraKiz@topazpro.xyz','Novou pracovni vyzvu','дверь входная железная \r\nкупить двери металлические двери \r\nhttp://zavesazasovglazok.icu \r\nобшивка балконов фото \r\nдверной замок купить \r\nhttp://zasovzavesaglazok.icu \r\nвсе о дверях межкомнатных \r\nдвери входные металлические видео \r\nhttp://zavesa-zasovglazok.icu \r\nдвери входные металлические купить \r\nпластиковые окна форум \r\nhttp://furniturazavesidverj.icu \r\nвходные двери в многоквартирный \r\nхарактеристика межкомнатных дверей \r\nhttp://shpingaletdoma-dver.icu','cs','2019-02-26 23:52:11'),
	(201,'Lisanap','zakanddylansmom@probbox.com','Novou pracovni vyzvu','[url=https://buspar10.com/]buspirone 10mg[/url] ','cs','2019-02-27 06:54:04'),
	(202,'Lisanap','larryd@probbox.com','Kurzy','[url=https://buspar10.com/]buspar[/url] ','cs','2019-02-27 06:56:15'),
	(203,'Alannap','fabiolitad@probbox.com','Kurzy','[url=https://buspar10.com/]buspar[/url] ','cs','2019-02-27 09:18:52'),
	(204,'Amynap','tarah@probbox.com','Novou pracovni vyzvu','[url=http://buspar10.com/]buspar 10 mg[/url] ','cs','2019-02-27 22:36:11'),
	(205,'Marknap','willrunone@probbox.com','Kurzy','[url=https://buspar10.com/]buspar online[/url] ','cs','2019-02-28 00:44:21'),
	(206,'Marknap','mowerman1978@probbox.com','Kurzy','[url=https://buspar10.com/]buspirone 10mg[/url] ','cs','2019-02-28 00:46:30'),
	(207,'JoshuaNax','telssi@yandex.ru','Êóðñû','High Potency Vitamins/Minerals Tablet: http://to.ht/astongerined89919','ru','2019-02-28 02:16:23'),
	(208,'StanleyTus','yungone4u@hotmail.com','Êóðñû','How to make $10,000 Per day FAST: https://aaa.moda/investcrypto90029021','ru','2019-02-28 11:53:36'),
	(209,'Stephen Bornholtz','stephen.bornholtz@gmail.com','New professional challenge','Hello Acamar, \r\n\r\nMy name is Stephen, and for the last 7 years I have been leading digital teams here in Prague. The teams I lead were primarily tasked with building and maintaining marketing websites; to do this properly, I had to ensure the team members were capable of creating sites with proper backend structure for web analytics, SEO and web accessibility, as well as written in the correct local language (some company portals were in as many as 25 European languages). We accomplished this by using industry standard tools such as Marketo and the Adobe suite of marketing tools (Adobe campaign, Experience Manager). \r\n\r\nI am currently looking for work in the areas of digital marketing, account/project/product management and team leadership and I am available immediately. Should you have any interesting roles, please feel free to contact me directly via email/phone.\r\n\r\nRegards,\r\nStephen Bornholtz\r\n\r\nhttps://www.linkaedin.com/in/stephen-bornholtz/','en','2019-02-28 12:08:46'),
	(210,'Paulnap','stevewatson@probbox.com','Novou pracovni vyzvu','[url=https://buspar10.com/]buspar[/url] ','cs','2019-02-28 15:03:26'),
	(211,'Paulnap','darwinp67@probbox.com','Kurzy','[url=https://buspar10.com/]buspirone price[/url] ','cs','2019-02-28 15:05:31'),
	(212,'Carlnap','drpetek@probbox.com','Kurzy','[url=http://buspar10.com/]buspar 10mg[/url] ','cs','2019-02-28 15:54:08'),
	(213,'Judynap','stepneal34@probbox.com','Kurzy','[url=https://buspar10.com/]buspirone 10mg[/url] ','cs','2019-03-01 07:40:10'),
	(214,'Marynap','skleech@probbox.com','Kurzy','[url=https://buspar10.com/]buspar 10 mg[/url] ','cs','2019-03-01 13:01:45'),
	(215,'Marynap','tspiker4@probbox.com','Novou pracovni vyzvu','[url=https://buspar10.com/]buspirone 10 mg[/url] ','cs','2019-03-01 13:03:55'),
	(216,'Spotloan ','tamiko@regiopost.trade','Kurzy','[url=https://loansforbadcredit2019.com/]personal loan lenders[/url] ','cs','2019-03-01 16:09:17'),
	(217,'Lisanap','kizzie@probbox.com','Kurzy','[url=https://buspar10.com/]buspirone 5 mg[/url] ','cs','2019-03-01 22:30:47'),
	(218,'Lisanap','chesh66@probbox.com','Kurzy','[url=https://buspar10.com/]buspar[/url] ','cs','2019-03-01 22:32:49'),
	(219,'Williamuride','rjkossler@earthlink.net','Êóðñû','Natural Stress Solutions CBD Pills: https://is.gd/NaturalStressSolutions41910','ru','2019-03-02 00:03:47'),
	(220,'JoshuaNax','koliakinvv@list.ru','Êóðñû','Centrum High-potency Multivitamin Supplement 60 Tablets: http://www.vkvi.net/astongerined65562','ru','2019-03-02 00:06:37'),
	(221,'Alannap','tonygarcia57@probbox.com','Novou pracovni vyzvu','[url=https://buspar10.com/]buy buspar[/url] ','cs','2019-03-02 00:39:35'),
	(222,'StanleyTus','ck6256@hotmail.com','Novou pracovni vyzvu','LAZY way for $200 in 20 mins: https://arill.us/investcrypto90084007','ru','2019-03-02 08:02:52'),
	(223,'Amynap','williamelberfeld@probbox.com','Kurzy','[url=http://buspar10.com/]buspar online[/url] ','cs','2019-03-02 15:46:08'),
	(224,'Justinapiz','justinacenry@pro-expert.online','Novou pracovni vyzvu','оценить продвижение сайта \r\nseo раскрутка веб сайта \r\nhttps://seomafia.by \r\nпоисковая раскрутка сайта \r\nкомплексное интернет продвижение сайта \r\nhttps://seomafia.by/tipovoj-dogovor \r\nпоисковая оптимизация сайтов раскрутка \r\nпродвижение сайта реклама \r\nhttps://seomafia.by/po-teme/realii-2018.html \r\nпродвижение сайтов в минске \r\nпродвижение сайта поисковике яндекс','cs','2019-03-05 00:00:37'),
	(225,'Rodger McIlwraith','rodger.mcilwraith54@gmail.com','Courses','Hello, it\'s Rodger from last time!\r\n\r\nI\'m pinging because I want to comment on the decent work on the testing content on acamar.cz. Things are getting a bit outdated... and Google just updated their algorithm again, you know how that\'ll impact your most important free traffic source, if there isn\'t an ongoing flow of fresh content! You see, businesses get majority of their free traffic from their blog, and I feel that you could use a little help, since you are not blogging weekly for now.\r\n\r\nWriting takes a lot of time and energy, and we have just the team  to come up with great content you need.\r\n\r\nYou can have your new blog to post on your website starting at $10 in as little as 5 business days!\r\n\r\nCheck out our work and reviews  here: http://bit.ly/2U158Vp\r\n\r\nYou\'re always covered by the unbeatable 60-Day Money Back Guarantee!\r\n\r\nThank you for your time,\r\n\r\nEnjoy the rest of your day.\r\nRodger\r\n\r\n\r\n\r\n\r\n\r\n\r\n\r\n\r\n\r\n\r\n\r\n\r\nYou are receiving this message because the contact form at acamar.cz is open to the public. Thank you.','en','2019-03-05 13:00:47'),
	(226,'AnniCarm','pnrsy8c@gastroplasty.icu','Novou pracovni vyzvu','The objective of this study was to evaluate the effect of organic and conventional grape juices consumption on the behavior of rats and their...  \r\n[url=http://anoxia.info/nursing-reflection-on-cardiac-arrest-essay-536]brain anoxia after cardiac arrest[/url]  \r\n5-1-5 Assessment help - moxy monitor developers forum anoxie ','cs','2019-03-06 14:41:30'),
	(227,'Williamuride','shylowry@yahoo.com','Novou pracovni vyzvu','Top Cryptocurrencies To Invest In 2018-2019: https://arill.us/cryptoinvestbitcoin58022','ru','2019-03-08 11:39:41'),
	(228,'StanleyTus','velez_waldemar@yahoo.com','Novou pracovni vyzvu','Forex trader makes $10,000 in minutes: http://www.vkvi.net/cryptoinvestbitcoin87134','ru','2019-03-08 11:46:32'),
	(229,'Eduardohah','jeanietomblin@yahoo.com','Novou pracovni vyzvu','Enquetes remunerees: gagnez 3 000 € ou plus par semaine: http://jnl.io/cryptoinvestbitcoin51079','ru','2019-03-09 01:01:45'),
	(230,'Eric','eric@talkwithcustomer.com','Hiring new professionals','Hello,\r\n\r\nYou have a website, right? \r\n  \r\nOf course you do. I found acamar.cz today.\r\n\r\nIt gets traffic every day – that you’re probably spending $2 / $4 / $10 or more a click to get.  Not including all of the work you put into creating social media, videos, blog posts, emails, and so on.\r\n\r\nSo you’re investing seriously in getting people to that site.\r\n\r\nBut how’s it working?  Great? Okay?  Not so much?\r\n\r\nIf that answer could be better, then it’s likely you’re putting a lot of time, effort, and money into an approach that’s not paying off like it should.\r\n\r\nNow… imagine doubling your lead conversion in just minutes… In fact, I’ll go even better.\r\n \r\nYou could actually get up to 100X more conversions!\r\n\r\nI’m not making this up.  As Chris Smith, best-selling author of The Conversion Code says:\r\n-Speed is essential - there is a 100x decrease in Leads when a Lead is contacted within 14 minutes vs being contacted within 5 minutes.\r\n\r\nHe’s backed up by a study at MIT that found the odds of contacting a lead will increase by 100 times if attempted in 5 minutes or less.\r\n\r\nAgain, out of the 100s of visitors to your website, how many actually call to become clients?\r\n\r\nWell, you can significantly increase the number of calls you get – with ZERO extra effort.\r\n\r\nOur software, Talk With Customer, makes it easy, simple, and fast – in fact, you can start getting more calls today… and at absolutely no charge to you.\r\n\r\nCLICK HERE http://www.talkwithcustomer.com to find out how.\r\n\r\nSincerely,\r\n\r\nEric Jones\r\n\r\nPS: Don’t just take my word for it, TalkWithCustomer works:\r\n-EMA has been looking for ways to reach out to an audience. TalkWithCustomer so far is the most direct call of action. It has produced above average closing ratios and we are thrilled. Thank you for providing a real and effective tool to generate REAL leads. - Patrick MontesDeOca, Ema2Trade\r\n\r\nBest of all, act now to get a no-cost 14-Day Test Drive – our gift to you just for giving TalkWithCustomer a try. \r\n\r\nCLICK HERE http://www.talkwithcustomer.com to start converting up to 100X more leads today!\r\n\r\n\r\nIf you\'d like to unsubscribe click here. http://liveserveronline.com/talkwithcustomer.aspx?d=acamar.cz','en','2019-03-10 00:49:00'),
	(231,'Eduardohah','you@example.com','Novou pracovni vyzvu','Comment gagner 10 000 € par jour FAST: http://www.abcagency.se/bestinvestcryptobitcoin77544','ru','2019-03-11 01:16:05'),
	(232,'JoshuaNax','jana-lambrekht@rambler.ru','Êóðñû','Wie man zus?tzliches Geld von zu Hause aus verdient - ? 3000 pro Tag einfach: http://www.abcagency.se/bestinvestcryptobitcoin39370','ru','2019-03-11 02:38:02'),
	(233,'Williamuride','twomuch4u146@gmail.com','Êóðñû','10 Best Cryptocurrency to Invest in 2019: http://jnl.io/bestinvestcryptobitcoin13129','ru','2019-03-11 04:30:17'),
	(234,'Williamuride','zoilitagd2003@yahoo.com','Novou pracovni vyzvu','Senuke Tng Reviews-Can Senuke Tng Make Your Affiliate Marketing: http://to.ht/bestseotools99525','ru','2019-03-12 19:11:47'),
	(235,'Eduardohah','shoshonip@yahoo.com','Êóðñû','How You Can Make $100,000 Every Month Trading Forex: http://www.lookweb.it/milliondollarsforex41711','ru','2019-03-12 22:11:15'),
	(236,'JoshuaNax','otalia@yandex.ru','Êóðñû','LAZY way for $200 in 20 mins: http://rih.co/milliondollars63153','ru','2019-03-13 00:57:11'),
	(237,'Eduardohah','szcarlos@hotmail.com','Êóðñû','Suchen Sie sich ein Madchen fur die Nacht in Ihrer Stadt: https://lil.ink/bestsexygirlsadultdating40892','ru','2019-03-15 23:29:23'),
	(238,'Williamuride','proffitt_44@hotmail.com','Novou pracovni vyzvu','Filles sexy pour la nuit dans votre ville: http://rih.co/bestsexygirlsadultdating50329','ru','2019-03-16 01:02:31'),
	(239,'DannyVoity','davidJen@gmail.com','Novou pracovni vyzvu','We offer you the opportunity to advertise your products and services. \r\nDear Sir / Madam There is nice offers for you. I can help you with sending  your commercial offers or messages through feedback forms. The advantage of this method is that the messages sent through the feedback forms are included in the white list. This method increases the chance that your message will be read. The same way as you received this message. \r\n \r\nSending via Feedback Forms to any domain zones of the world. (more than 1000 domain zones.). \r\nThe cost of sending 1 million messages for any domain zone of the world is $ 49 instead of $ 99. \r\nDomain zone .com - (12 million messages sent) - $399 instead of $699 \r\nAll domain zones in Europe- (8 million messages sent) - $ 299 instead of $599 \r\nAll sites in the world (25 million messages sent) - $499 instead of $999 \r\nDomain zone .de - (2 million messages sent) - $99 instead of $199 \r\nDomain zone .uk - (1.5 million messages sent) - $69 instead of $139 \r\nDomain zone .nl - (700 000 sent messages) - $39 instead of $79 \r\n \r\nReviews about the work on the site. \r\nhttp://bit.ly/2u9pa4H \r\nIf you order through the contacts below, you will receive a 50% discount. \r\nDiscounts are valid until March 25. \r\n \r\nContact us. \r\nTelegram - @FeedbackFormEU \r\nSkype – FeedbackForm2019 \r\nEmail - FeedbackForm2019@gmail.com \r\n \r\nThanks for reading.','cs','2019-03-17 00:45:07'),
	(240,'Williamuride','jackson.rashad@yahoo.com','Novou pracovni vyzvu','10 Best Cryptocurrency to Invest in 2019: http://www.vkvi.net/15000investbinarycrypto19046','ru','2019-03-19 08:07:59'),
	(241,'Eduardohah','chaseracing@msn.com','Êóðñû','$10000 per day Crypto Binary Options, How to earn +0.05922 btc in 5 mins: https://tinyurl.com/15000investbinarycrypto88956','ru','2019-03-19 17:42:58'),
	(242,'StanleyTus','jt88sports@sc.rr.com','Êóðñû','<OMG> PROFIT in under 60 seconds: https://lil.ink/15000investbinarycrypto46771','ru','2019-03-20 01:17:03'),
	(243,'StacyUrind','stacyjab@topazpro.xyz','Novou pracovni vyzvu','конденсат на металлической двери \r\nдвери балконные пластиковые ламинированные \r\nhttp://shpingaletdverdoma.icu \r\nбронзовые ручки для дверей \r\nдвери межкомнатные от производителя \r\nhttp://dvershpingaletdoma.icu \r\nдвери пвх x \r\nпластиковые окна продажа \r\nhttp://roomdoorhome.icu \r\nустановка входных дверей видео инструкция \r\nдвери входные бу в минске \r\nhttp://dveri-domzamok.icu \r\nустановка двери межкомнатные цена \r\nустановка межкомнатных дверей размеры \r\nhttp://zavesidverjfurnitura.icu','cs','2019-03-20 09:06:03'),
	(244,'Williamuride','medchica89@aol.com','Novou pracovni vyzvu','Sexy girls for the night in your town: http://www.vkvi.net/adultdating11371','ru','2019-03-22 02:56:50'),
	(245,'JoshuaNax','hypertx2@yandex.ru','Êóðñû','The best women for sex in your town: http://www.abcagency.se/adultdating22380','ru','2019-03-22 02:56:51'),
	(246,'Eduardohah','jmas@comcast.net','Novou pracovni vyzvu','Beautiful girls for sex in your city: http://corta.co/adultdating73155','ru','2019-03-22 04:46:53'),
	(247,'Alfred Gordon','noreply@allincludedhosting.club','New professional challenge','Hi,\r\n\r\nI\'ve just checked your website acamar.cz and noticed that it\'s terribly slow...\r\n\r\nWe are offering an all included cloud hosting package (30-day free trial/free migration), fast and secure, and I\'m 100% sure it will fit your needs.\r\n\r\nBest Regards,\r\n\r\nAlfred\r\nhttps://www.allincludedhosting.club/go/\r\nCloud, Wordpress, VPS, Dedicated Hosting\r\n\r\nNot interested ? Follow this link : https://www.allincludedhosting.club/unsubscribe.php?website=acamar.cz and we won\'t contact you again.','en','2019-03-24 08:40:32'),
	(248,'JoshuaNax','kgg77@list.ru','Êóðñû','Comment gagner 3000 ? Fast Fast Money | Le budget occup?: http://www.vkvi.net/bestinvestcrepto88274','ru','2019-03-24 11:28:56'),
	(249,'Williamuride','ballin_class_09@yahoo.com','Novou pracovni vyzvu','Wie man в‚¬ 10.000 pro Tag SCHNELL macht: http://perkele.ovh/bestinvestcrepto77896','ru','2019-03-24 11:28:58'),
	(250,'StanleyTus','casperchat74@cs.com','Êóðñû','How to Make $30000 FAST | Fast Money | The Busy Budgeter: http://www.vkvi.net/bestinvestcrepto22054','ru','2019-03-24 19:13:10'),
	(251,'Eduardohah','campkrem@yahoo.com','Êóðñû','What is the best cryptocurrency to invest in 2019: http://www.abcagency.se/bestinvestcrepto17891','ru','2019-03-24 23:38:30'),
	(252,'YolloCip','vlenj7j@gastroplasty.icu','Novou pracovni vyzvu','Our planet has more than its fair share of natural disasters. But earth isn\'t the only celestial body in our solar system that plays host to extreme  \r\n[url=http://gaselectricity.in/ap-fact-check-on-break-no-break-in-twisting-facts]hutchinson[/url]  \r\nFit for a queen tales from the sewing studio e 87 gasoline ','cs','2019-03-25 21:52:35'),
	(253,'Williamuride','meghanwise@hotmail.com','Novou pracovni vyzvu','Rencontrez des filles sexy dans votre ville: https://aaa.moda/bestadultdating28924','ru','2019-03-26 11:19:01'),
	(254,'JoshuaNax','venera_cvbnmh@mail.ru','Novou pracovni vyzvu','Treffen Sie sexy M?dchen in Ihrer Stadt: http://www.abcagency.se/bestadultdating60596','ru','2019-03-26 13:07:28'),
	(255,'Eric','eric@talkwithcustomer.com','Courses','Hello,\r\n\r\nYou have a website, right? \r\n  \r\nOf course you do. I found acamar.cz today.\r\n\r\nIt gets traffic every day – that you’re probably spending $2 / $4 / $10 or more a click to get.  Not including all of the work you put into creating social media, videos, blog posts, emails, and so on.\r\n\r\nSo you’re investing seriously in getting people to that site.\r\n\r\nBut how’s it working?  Great? Okay?  Not so much?\r\n\r\nIf that answer could be better, then it’s likely you’re putting a lot of time, effort, and money into an approach that’s not paying off like it should.\r\n\r\nNow… imagine doubling your lead conversion in just minutes… In fact, I’ll go even better.\r\n \r\nYou could actually get up to 100X more conversions!\r\n\r\nI’m not making this up.  As Chris Smith, best-selling author of The Conversion Code says:\r\n-Speed is essential - there is a 100x decrease in Leads when a Lead is contacted within 14 minutes vs being contacted within 5 minutes.\r\n\r\nHe’s backed up by a study at MIT that found the odds of contacting a lead will increase by 100 times if attempted in 5 minutes or less.\r\n\r\nAgain, out of the 100s of visitors to your website, how many actually call to become clients?\r\n\r\nWell, you can significantly increase the number of calls you get – with ZERO extra effort.\r\n\r\nOur software, Talk With Customer, makes it easy, simple, and fast – in fact, you can start getting more calls today… and at absolutely no charge to you.\r\n\r\nCLICK HERE http://www.talkwithcustomer.com to find out how.\r\n\r\nSincerely,\r\n\r\nEric Jones\r\n\r\nPS: Don’t just take my word for it, TalkWithCustomer works:\r\n-EMA has been looking for ways to reach out to an audience. TalkWithCustomer so far is the most direct call of action. It has produced above average closing ratios and we are thrilled. Thank you for providing a real and effective tool to generate REAL leads. - Patrick MontesDeOca, Ema2Trade\r\n\r\nBest of all, act now to get a no-cost 14-Day Test Drive – our gift to you just for giving TalkWithCustomer a try. \r\n\r\nCLICK HERE http://www.talkwithcustomer.com to start converting up to 100X more leads today!\r\n\r\n\r\nIf you\'d like to unsubscribe click here. http://liveserveronline.com/talkwithcustomer.aspx?d=acamar.cz\r\n','en','2019-03-26 13:56:20'),
	(256,'Eduardohah','easym8@hotmail.com','Êóðñû','Chicas sexys para pasar la noche en tu pueblo.: http://rih.co/bestadultdating79247','ru','2019-03-26 18:05:11'),
	(257,'Williamuride','tiggerbaby772002@yahoo.com','Êóðñû','Beautiful women for sex in your town: https://lil.ink/bestadultdating57717','ru','2019-03-28 02:29:06'),
	(258,'CharlesMoile','form@innovate4right.ch','Novou pracovni vyzvu','Dear Responsible Manager. \r\nThe World Humanitarian Innovation Day will take place on May 10th, 2019 in Basel – Switzerland. \r\nThis year conference is turning expression of hope and narrative into thematic actions and reality through a carefully selected projects who will present their innovations and expert panel who will share their experience and expertise on how they cooperate concretely with SDG’s.  The programme includes three parallel sessions (keynote speeches with our well-known visionary speakers, 40 project pitches, master classes with high rank university professors and panel discussions). In addition, an exhibition by the project leaders and sponsors will take place during the conference. \r\nMany opportunities to : \r\n-	Partner with Innovate4right, become a sponsor and speak to the event \r\n-	Present to the World your products/services as an exhibitor \r\n-	Join the Innovate4Right Advisory Board \r\n-	Join the Innovate4right Impact Investor Cycle \r\n-	Connect with an incredible international network \r\n-	Receive a Swiss certificate on Humanitarian and Business \r\n-	Join the Investor Dinner (request: whid@innovate4right.ch) \r\nEvent registration: http://www.innovate4right.ch/whid/ - ticket discount code CP102019 - limited \r\nPlease don’t hesitate to contact us if you have any questions to  whid2019@innovate4right.ch \r\nThank you in advance We hope to see you at the WHID 2019! \r\nBest regards, \r\nThe Founders: Patricia, Peter and Riham','cs','2019-03-28 20:29:42'),
	(259,'Zuksind','pybik3m@gastroplasty.icu','Novou pracovni vyzvu','The price of microneedling with PRP treatments are dependent on several factors. Call to schedule a consultation with Skin Cancer Specialists, P.C. &amp; Aesthetic Center.  \r\n[url=http://chemicalpeel.in/chemical-peel]benefits of a chemical peel[/url]  \r\nOMICS Group-International Open Access Publisher & Conferences Organizer Science, Technology and Med waste ','cs','2019-03-29 09:11:14'),
	(260,'contactgdufvk','sara_durrette16@rambler.ru','Novou pracovni vyzvu','Dear Madame, Dear Sirs! \r\n \r\nWe offer sending newsletters via contact forms to the sites of business organizations via all countries and domain zones of the world.  \r\n \r\nYour commercial offer is sent to E-mail address \r\n of institution 100 percent will get to inbox folder! \r\n \r\nTest: \r\n10000 messages on foreign zones to your email - 20 dollars. \r\nWe need from You only E-mail, title and text of the letter. \r\n \r\nIn our price list there are more 800 databases for all domains of the world. \r\nCommon databases: \r\nAll Europe 44 countries 60726150 of sites - 1100$ \r\nAll European Union 28 countries 56752547 of sites- 1000$ \r\nAll Asia 48 countries 14662004 of sites - 300$ \r\nAll Africa 50 countries 1594390 of sites - 200$ \r\nAll North and Central America in 35 countries 7441637 of domains - 300$ \r\nAll South America 14 countries 5826884 of sites - 200$ \r\nNew domains from around the world registered 24-48 hours ago. (A cycle of 15 mailings during the month) - 500$ \r\nEnterprises and organizations of Russia 3012045 - 300$ \r\nUkraine 605745 of domains - 100$ \r\nAll Russian-speaking countries minus Russian Federation are 15 countries and there are 1526797 of domain names - 200$ \r\nNew domains of the Russia, registered 24-48 hours ago (A cycle of 15 mailings during the month) - 250$ \r\n \r\nDatabases: \r\nWHOIS databases of domain names for all countries of the world. \r\nYou can purchase our databases separately from newsletter\'s service at the request. \r\n \r\nP/S \r\nPlease, do not respond to this commercial offer from your email account, as it has been generated automatically and will not get anywhere! \r\nContact E-mail: feedback-contact@seznam.cz \r\n \r\nPRICE LIST: \r\n \r\nTest mailing: $20 – 10000 contact forms websites \r\n \r\nAll Europe 44 countries there are 60726150 websites – $1100 \r\n \r\nAll EU 28 countries there are 56752547 websites – $1000 \r\n \r\nAll Asia 48 countries there are 14662004 websites – $500 \r\n \r\nAll Africa 50 countries there are 1594390 websites – $200 \r\n \r\nAll North and Central America is 35 countries there are 7441637 websites – $300 \r\n \r\nAll South America 14 countries there are 5826884 websites – $200 \r\n \r\nTop 1 Million World’s Best websites – $100 \r\n \r\nTop 16821856 the most visited websites in the world – $200 \r\n \r\nBusinesses and organizations of the Russian Federation – there are 3012045 websites – $300 \r\n \r\nUkraine 605745 websites – $100 \r\n \r\nAll Russian-speaking countries minus Russia – there are 15 countries and 1526797 websites – $200 \r\n \r\n1499203 of hosting websites around the world (there are selections for all countries, are excluded from databases for mailings) – $200 \r\n \r\n35439 websites of public authorities of all countries of the world (selections for all countries, are excluded from databases for mailings) – $100 \r\n \r\nCMS mailings: \r\nAmiro 2294 websites $50 \r\nBitrix 175513 websites $80 \r\nConcrete5 49721 websites $50 \r\nCONTENIDO 7769 websites $50 \r\nCubeCart 1562 websites $50 \r\nDatalife Engine 29220 websites $50 \r\nDiscuz 70252 websites $50 \r\nDotnetnuke 31114 websites $50 \r\nDrupal 802121 websites $100 \r\nHostCMS 6342 websites $50 \r\nInstantCMS 4936 websites $50 \r\nInvision Power Board 510 websites $50 \r\nJoomla 1906994 websites $200 \r\nLiferay 5937 websites $50 \r\nMagento 269488 websites $80 \r\nMODx 67023 websites $50 \r\nMovable Type 13523 websites $50 \r\nNetCat 6936 websites $50 \r\nNopCommerce 5313 websites $50 \r\nOpenCart 321057 websites $80 \r\nosCommerce 65468 websites $50 \r\nphpBB 3582 websites $50 \r\nPrestashop 92949 websites $50 \r\nShopify 365755 websites $80 \r\nSimpla 8963 websites $50 \r\nSitefinity 4883 websites $50 \r\nTYPO3 227167 websites $80 \r\nUMI.CMS 15943 websites $50 \r\nvBulletin 154677 websites $80 \r\nWix 2305768 websites $230 \r\nWordPress 14467405 websites $450 \r\nWooCommerce 2097367 websites $210 \r\n \r\n.com 133766112 websites commercial – $1950 \r\n.biz 2361884 websites business – $150 \r\n.info 6216929 websites information – $250 \r\n.net 15689222 websites network – $450 \r\n.org 10922428 websites organization – $350 \r\n \r\n.abogado 279 websites – $50 \r\n.ac 16799 websites – $50 \r\n.academy 27306 websites – $50 \r\n.accountant 96542 websites – $50 \r\n.actor 1928 websites – $50 \r\n.ad 414 websites – $50 \r\n.adult 10540 websites- $50 \r\n.ae 1821 websites International zone UAE:.com.net.biz.info.org.name.tel.mobi.asia \r\n.ae 199533 websites UAE – $50 \r\n.aero 18325 websites- $50 \r\n.af 3315 websites – $50 \r\n.africa 15056 websites- $50 \r\n.ag 10339 websites – $50 \r\n.agency 47508 websites – $50 \r\n.ai 17199 websites – $50 \r\n.airforce 560 websites – $50 \r\n.al 6078 websites – $50 \r\n.alsace 1982 websites – $50 \r\n.am 17987 websites Armenia – $50 \r\n.am 1684 websites International zone Armenia:.com.net.biz.info.org.name.tel.mobi.asia \r\n.amsterdam 28141 websites Amsterdam, Kingdom of the Netherlands – $50 \r\n.ao 518 websites – $50 \r\n.apartments 3758 websites – $50 \r\n.ar 551804 websites Argentina – $80 \r\n.ar 64008 websites International zone Argentina:.com .net .biz .info .name .tel .mobi .asia – $50 \r\n.archi 2084 websites – $50 \r\n.army 1842 websites – $50 \r\n.art 26402 websites – $50 \r\n.as 10025 websites – $50 \r\n.asia 228418 websites – $80 \r\n.associates 3340 websites – $50 \r\n.at 1356722 websites Austria – $100 \r\n.at 181907 websites International zone Austria :.com.net.biz.info.org.name.tel.mobi.asia-$50 \r\n.attorney 8224 websites- $50 \r\n.attorney 7204 websites – $50 \r\n.au 2243263 websites Australia – $150 \r\n.au 461279 websites International zone Australia:.com.net.biz.info.org.name.tel.mobi.asia-$80 \r\n.auction 3625 websites- $50 \r\n.audio 23052 websites- $50 \r\n.auto 400 websites- $50 \r\n.aw 235 websites- $50 \r\n.az 11104 websites Azerbaijan – $50 \r\n.az 2036 websites International zone Azerbaijan:.com.net.biz.info.org.name.tel.mobi.asia \r\n.ba 7012 websites – $50 \r\n.ba 2291 websites International zone Bosnia and Herzegovina:.com.net.biz.info.org.name.tel.mobi.asia \r\n.band 11515 websites – $50 \r\n.bank 1621 websites- $50 \r\n.bar 5506 websites – $50 \r\n.barcelona 7919 websites – $50 \r\n.bargains 2997 websites- $50 \r\n.bayern 32565 websites – $50 \r\n.bb 2277 websites – $50 \r\n.be 1349658 websites Belgium – $100 \r\n.be 184810 websites International zone Belgium:.com.net.biz.info.org.name.tel.mobi.asia-$50 \r\n.beer 11834 websites- $50 \r\n.berlin 58088 websites Berlin – $50 \r\n.best 2912 websites – $50 \r\n.bet 17637 websites – $50 \r\n.bf 238 websites – $50 \r\n.bg 33252 websites Bulgaria – $50 \r\n.bg 50685 websites International zone Bulgaria:.com.net.biz.info.org.name.tel.mobi.asia \r\n.bh 453 websites – $50 \r\n.bi 2328 websites Burundi- $50 \r\n.bible 1160 websites – $50 \r\n.bid 474509 websites – $80 \r\n.bike 15729 websites – $50 \r\n.bingo 1332 websites – $50 \r\n.bio 15531 websites- $50 \r\n.bj 147 websites- $50 \r\n.black 6582 websites – $50 \r\n.blackfriday 12106 websites – $50 \r\n.blog 145463 websites – $50 \r\n.blue 16852 websites – $50 \r\n.bm 8089 websites Bermuda – $50 \r\n.bo 2302 websites- $50 \r\n.boats 266 websites- $50 \r\n.boston 21762 websites- $50 \r\n.boutique 8834 websites – $50 \r\n.br 2367290 websites Brazil – $150 \r\n.br 933750 websites International zone Brazil:.com.net.biz.info.org.name.tel.mobi.asia-$100 \r\n.bradesco 129 websites- $50 \r\n.broadway 261 websites- $50 \r\n.broker 660 websites- $50 \r\n.brussels 7181 websites – $50 \r\n.bs 330 websites- $50 \r\n.bt 284 websites- $50 \r\n.build 3857 websites- $50 \r\n.builders 3906 websites- $50 \r\n.business 35168 websites – $50 \r\n.buzz 11257 websites – $50 \r\n.bw 656 websites – $50 \r\n.by 1574 websites International zone Belarus:.com.net.biz.info.org.name.tel.mobi.asia \r\n.by 92679 websites Belarus – $50 \r\n.bz 7751 websites – $50 \r\n.bzh 5403 websites – $50 \r\n.ca 2587463 websites Canada – $150 \r\n.ca 288395 websites International zone Canada:.com.net.biz.info.org.name.tel.mobi.asia-$50 \r\n.cab 3223 websites – $50 \r\n.cafe 13606 websites – $50 \r\n.cam 5156 websites – $50 \r\n.camera 5236 websites – $50 \r\n.camp 6315 websites – $50 \r\n.capetown 4750 websites – $50 \r\n.capital 11387 websites – $50 \r\n.car 342 websites – $50 \r\n.cards 5992 websites – $50 \r\n.care 18204 websites – $50 \r\n.career 1217 websites – $50 \r\n.careers 7055 websites – $50 \r\n.cars 309 websites – $50 \r\n.casa 18918 websites – $50 \r\n.cash 13193 websites – $50 \r\n.casino 4354 websites – $50 \r\n.cat 108569 websites – $50 \r\n.catering 3482 websites – $50 \r\n.cc 1920589 websites Cocos Keeling Islands- $150 \r\n.cd 5365 websites – $50 \r\n.center 35353 websites – $50 \r\n.ceo 2458 websites – $50 \r\n.cf 476142 websites Central African Republic – $50 \r\n.cg 166 – $50 \r\n.ch 1471685 websites Switzerland – $100 \r\n.ch 205292 websites International zone Switzerland:.com.net.biz.info.org.name.tel.mobi.asia-$50 \r\n.chat 11126 websites – $50 \r\n.cheap 3267 websites – $50 \r\n.christmas 15255 websites – $50 \r\n.church 21104 websites – $50 \r\n.ci 112 websites International zone Cote d’Ivoire:.com.net.biz.info.org.name.tel.mobi.asia \r\n.ci 5663 websites Cote d’Ivoire- $50 \r\n.city 46171 websites – $50 \r\n.cl 498401 websites Chile – $80 \r\n.claims 2374 websites – $50 \r\n.cleaning 2385 websites – $50 \r\n.click 181015 websites – $50 \r\n.clinic 7006 websites – $50 \r\n.clothing 13639 websites – $50 \r\n.cloud 134113 websites – $50 \r\n.club 1045323 websites – $100 \r\n.cm 12001 websites Cameroon- $50 \r\n.cn 1372416 websites International zone China:.com.net.biz.info.org.name.tel.mobi.asia-$100 \r\n.cn 7264587 websites China – $300 \r\n.co 1778923 websites Colombia – $150 \r\n.coach 12002 websites- $50 \r\n.codes 6844 websites – $50 \r\n.coffee 17257 websites – $50 \r\n.cologne 5137 websites – $50 \r\n.cologne 5198 websites – $50 \r\n.com.ar 657716 websites Argentina – $80 \r\n.com.br 942898 websites Brazil – $100 \r\n.com.cy 11153 websites Cyprus – $50 \r\n.com.ni 23747 websites – $50 \r\n.com.np 38828 websites – $50 \r\n.com.ru, .net.ru, .org.ru, .spb.ru, .msk.ru 79058 websites Russia – $50 \r\n.community 13013 websites – $50 \r\n.company 61217 websites – $50 \r\n.computer 5039 websites – $50 \r\n.condos 2192 websites – $50 \r\n.construction 6804 websites – $50 \r\n.consulting 22128 websites – $50 \r\n.contractors 3982 websites – $50 \r\n.cooking 1476 websites – $50 \r\n.cool 16008 websites – $50 \r\n.coop 7879 websites – $50 \r\n.corsica 1042 websites – $50 \r\n.country 7144 websites – $50 \r\n.cr 7934 websites – $50 \r\n.credit 4020 websites – $50 \r\n.creditcard 825 websites – $50 \r\n.creditunion 511 websites – $50 \r\n.cricket 33413 websites – $50 \r\n.cruises 2234 websites – $50 \r\n.cu 137 websites – $50 \r\n.cv 1879 websites – $50 \r\n.cx 15753 websites – $50 \r\n.cy 11092 websites Cyprus – $50 \r\n.cy 710 websites International zone Cyprus:.com.net.biz.info.org.name.tel.mobi.asia \r\n.cymru 7114 websites – $50 \r\n.cz 193400 websites International zone Czech Republic:.com.net.biz.info.org.name.tel.mobi.asia-$50 \r\n.cz 930208 websites Czech Republic – $80 \r\n.dance 6290 websites – $50 \r\n.date 123037 websites – $50 \r\n.dating 2892 websites – $50 \r\n.de 15078512 websites Germany – $450 \r\n.de 3894156 websites International zone Germany:.com.net.biz.info.org.name.tel.mobi.asia-$200 \r\n.deals 8132 websites – $50 \r\n.degree 2178 websites – $50 \r\n.delivery 4782 websites – $50 \r\n.democrat 1072 websites – $50 \r\n.dental 7541 websites – $50 \r\n.dentist 3046 websites – $50 \r\n.desi 2647 websites – $50 \r\n.design 71711 websites – $50 \r\n.diamonds 2730 websites – $50 \r\n.diet 18291 websites – $50 \r\n.digital 31449 websites – $50 \r\n.direct 10629 websites – $50 \r\n.directory 18157 websites – $50 \r\n.discount 3898 websites – $50 \r\n.dj 7280 websites – $50 \r\n.dk 1320155 websites Denmark – $100 \r\n.dk 148164 websites International zone Denmark:.com.net.biz.info.org.name.tel.mobi.asia-$50 \r\n.dm 23318 websites – $50 \r\n.do 5255 websites Dominican Republic- $50 \r\n.dog 10030 websites – $50 \r\n.domains 6553 websites – $50 \r\n.download 129223 websites – $50 \r\n.durban 2247 websites – $50 \r\n.dz 982 websites – $50 \r\n.earth 8139 websites – $50 \r\n.ec 11731 websites – $50 \r\n.edu 4445 websites – $50 \r\n.edu.np 4883 websites- $50 \r\n.education 22003 websites – $50 \r\n.ee 10490 websites International zone Estonia:.com.net.biz.info.org.name.tel.mobi.asia \r\n.ee 119701 websites Estonia- $50 \r\n.eg 1699 websites – $50 \r\n.email 77321 websites – $50 \r\n.energy 9769 websites – $50 \r\n.engineer 2785 websites – $50 \r\n.engineering 5533 websites – $50 \r\n.enterprises 6153 websites – $50 \r\n.equipment 5760 websites – $50 \r\n.es 1685048 websites Spain – $100 \r\n.es 541916 websites International zone Spain:.com.net.biz.info.org.name.tel.mobi.asia-$80 \r\n.estate 9185 websites – $50 \r\n.et 124 websites – $50 \r\n.eu 3321576 websites Europe – $150 \r\n.eu 633384 websites International zone Europe:.com.net.biz.info.org.name.tel.mobi.asia-$80 \r\n.eus 8116 websites – $50 \r\n.events 22115 websites – $50 \r\n.exchange 9432 websites – $50 \r\n.expert 31240 websites – $50 \r\n.exposed 3147 websites – $50 \r\n.express 6919 websites – $50 \r\n.fail 3322 websites – $50 \r\n.faith 54195 websites – $50 \r\n.family 15577 websites – $50 \r\n.fans 1388 websites – $50 \r\n.farm 13499 websites – $50 \r\n.fashion 12475 websites – $50 \r\n.feedback 2301 websites – $50 \r\n.fi 178337 websites Finland – $50 \r\n.fi 69631 websites International zone Finland:.com.net.biz.info.org.name.tel.mobi.asia – $50 \r\n.film 3601 websites – $50 \r\n.finance 7982 websites – $50 \r\n.financial 4086 websites – $50 \r\n.fish 4162 websites – $50 \r\n.fishing 1423 websites – $50 \r\n.fit 17007 websites – $50 \r\n.fitness 9689 websites – $50 \r\n.flights 2119 websites – $50 \r\n.florist 2286 websites – $50 \r\n.flowers 25590 websites – $50 \r\n.fm 5407 websites – $50 \r\n.fo 3098 websites- $50 \r\n.football 4877 websites – $50 \r\n.forex 212 websites – $50 \r\n.forsale 7118 websites – $50 \r\n.foundation 10118 websites – $50 \r\n.fr 2391045 websites France – $150 \r\n.fr 639546 websites International zone France:.com.net.biz.info.org.name.tel.mobi.asia-$80 \r\n.frl 14028 websites – $50 \r\n.fun 86419 websites – $50 \r\n.fund 11205 websites – $50 \r\n.furniture 2246 websites – $50 \r\n.futbol 2783 websites – $50 \r\n.fyi 9772 websites – $50 \r\n.ga 12048 websites Gabon – $50 \r\n.gal 4606 websites – $50 \r\n.gallery 17263 websites – $50 \r\n.game 1996 websites – $50 \r\n.games 13234 websites – $50 \r\n.garden 914 websites – $50 \r\n.gd 4238 websites – $50 \r\n.ge 1676 websites International zone Georgia:.com.net.biz.info.org.name.tel.mobi.asia \r\n.ge 17361 websites Georgia – $50 \r\n.gent 3389 websites – $50 \r\n.gf 121 websites – $50 \r\n.gg 9443 websites – $50 \r\n.gh 693 websites – $50 \r\n.gi 1063 websites – $50 \r\n.gift 6281 websites – $50 \r\n.gifts 3757 websites – $50 \r\n.gives 1563 websites – $50 \r\n.gl 3575 websites – $50 \r\n.glass 3539 websites – $50 \r\n.global 38972 websites – $50 \r\n.gm 468 websites – $50 \r\n.gmbh 19186 websites – $50 \r\n.gold 9081 websites – $50 \r\n.golf 8319 websites – $50 \r\n.gop 1341 websites – $50 \r\n.gov 4525 websites – $50 \r\n.gov.np 1937 websites- $50 \r\n.gp 416 websites – $50 \r\n.gq 23306 websites – $50 \r\n.gr 356168 websites Greece – $80 \r\n.gr 57984 websites International zone Greece:.com.net.biz.info.org.name.tel.mobi.asia-$50 \r\n.graphics 7155 websites – $50 \r\n.gratis 4283 websites – $50 \r\n.green 3661 websites – $50 \r\n.gripe 1075 websites – $50 \r\n.group 54983 websites – $50 \r\n.gs 5108 websites – $50 \r\n.gt 15351 websites – $50 \r\n.guide 16044 websites – $50 \r\n.guitars 1278 websites – $50 \r\n.guru 60588 websites – $50 \r\n.gy 2447 websites – $50 \r\n.hamburg 23885 websites – $50 \r\n.haus 5186 websites – $50 \r\n.health 6211 websites – $50 \r\n.healthcare 8051 websites – $50 \r\n.help 13500 websites – $50 \r\n.hiphop 1064 websites – $50 \r\n.hiv 331 websites – $50 \r\n.hk 116093 websites – $50 \r\n.hm 249 websites – $50 \r\n.hn 4732 websites – $50 \r\n.hockey 1102 websites – $50 \r\n.holdings 5412 websites – $50 \r\n.holiday 5017 websites – $50 \r\n.homes 432 websites – $50 \r\n.horse 2116 websites – $50 \r\n.host 31309 websites – $50 \r\n.hosting 4132 websites – $50 \r\n.house 18096 websites – $50 \r\n.how 1957 websites – $50 \r\n.hr 16592 websites International zone Croatia:.com.net.biz.info.org.name.tel.mobi.asia \r\n.hr 43565 websites Croatia – $50 \r\n.ht 2559 websites – $50 \r\n.hu 53940 websites International zone Hungary:.com.net.biz.info.org.name.tel.mobi.asia – $50 \r\n.hu 618532 websites Hungary – $80 \r\n.id 37212 websites – $50 \r\n.ie 195987 websites Ireland – $50 \r\n.ie 49861 websites International zone Ireland:.com.net.biz.info.org.name.tel.mobi.asia – $50 \r\n.il 224167 websites Israel – $80 \r\n.il 38537 websites International zone Israel:.com.net.biz.info.org.name.tel.mobi.asia-$50 \r\n.im 20701 websites – $50 \r\n.immo 16009 websites – $50 \r\n.immobilien 7094 websites – $50 \r\n.in 1143482 websites India – $100 \r\n.in 266179 websites International zone India:.com.net.biz.info.org.name.tel.mobi.asia – $50 \r\n.industries 3749 websites – $50 \r\n.ink 27117 websites – $50 \r\n.institute 10134 websites – $50 \r\n.insure 4615 websites – $50 \r\n.int 191 websites – $50 \r\n.international 23930 websites – $50 \r\n.investments 4113 websites – $50 \r\n.io 314287 websites British Indian Ocean – $50 \r\n.iq 1118 websites – $50 \r\n.ir 15487 websites International zone Iran:.com.net.biz.info.org.name.tel.mobi.asia \r\n.ir 427735 websites Iran- $80 \r\n.irish 3326 websites – $50 \r\n.is 31176 websites Iceland – $50 \r\n.ist 10060 websites – $50 \r\n.istanbul 13139 websites – $50 \r\n.it 2258105 websites Italy – $200 \r\n.it 954040 websites International zone Italy:.com.net.biz.info.org.name.tel.mobi.asia-$100 \r\n.je 2716 websites – $50 \r\n.jetzt 11118 websites – $50 \r\n.jetzt 11704 websites – $50 \r\n.jewelry 3350 websites – $50 \r\n.jo 555 websites – $50 \r\n.jobs 46350 websites- $50 \r\n.joburg 3139 websites – $50 \r\n.jp 1146243 websites Japan – $100 \r\n.juegos 844 websites – $50 \r\n.kaufen 7134 websites – $50 \r\n.kg 664 websites International zone Kyrgyzstan:.com.net.biz.info.org.name.tel.mobi.asia \r\n.kg 8919 websites Kyrgyzstan – $50 \r\n.ki 1146 websites – $50 \r\n.kim 16637 websites- $50 \r\n.kitchen 6581 websites – $50 \r\n.kiwi 19426 websites – $50 \r\n.kn 1271 websites – $50 \r\n.koeln 23489 websites – $50 \r\n.kr 254447 websites Korea- $50 \r\n.krd 375 websites – $50 \r\n.kred 6120 websites – $50 \r\n.kw 423 websites – $50 \r\n.ky 1201 websites – $50 \r\n.kyoto 659 websites – $50 \r\n.kz 112459 websites Kazakhstan – $50 \r\n.kz 5876 websites International zone Kazakhstan:.com.net.biz.info.org.name.tel.mobi.asia \r\n.la 32189 websites Laos – $50 \r\n.land 14474 websites- $50 \r\n.lat 2971 websites – $50 \r\n.law 11842 websites – $50 \r\n.lawyer 11600 websites- $50 \r\n.lc 651 websites- $50 \r\n.lease 1855 websites- $50 \r\n.leclerc 127 websites- $50 \r\n.legal 11047 websites- $50 \r\n.lgbt 2249 websites- $50 \r\n.li 12044 websites – $50 \r\n.life 170053 websites – $50 \r\n.lighting 6096 websites – $50 \r\n.limited 5365 websites – $50 \r\n.limo 2409 websites- $50 \r\n.link 133123 websites – $50 \r\n.live 160896 websites – $50 \r\n.lk 6601 websites – $50 \r\n.loan 1932173 websites- $200 \r\n.loans 3914 websites – $50 \r\n.lol 7470 websites- $50 \r\n.london 82443 websites London, United Kingdom- $50 \r\n.love 22287 websites- $50 \r\n.lt 27710 websites International zone Lithuania:.com.net.biz.info.org.name.tel.mobi.asia \r\n.lt 89073 websites Lithuania- $50 \r\n.ltd 329225 websites – $50 \r\n.lu 43052 websites Luxembourg – $50 \r\n.lu 4125 websites International zone Luxembourg:.com.net.biz.info.org.name.tel.mobi.asia \r\n.luxury 905 websites – $50 \r\n.lv 61886 websites Latvia- $50 \r\n.lv 8887 websites International zone Latvia:.com.net.biz.info.org.name.tel.mobi.asia \r\n.ly 8013 websites – $50 \r\n.ma 51862 websites Morocco – $50 \r\n.maison 1123 websites – $50 \r\n.management 10088 websites- $50 \r\n.market 22167 websites- $50 \r\n.marketing 18262 websites- $50 \r\n.markets 816 websites- $50 \r\n.mba 3023 websites- $50 \r\n.mc 3036 websites Monaco – $50 \r\n.md 15435 websites Moldova – $50 \r\n.md 1293 websites International zone Moldova:.com.net.biz.info.org.name.tel.mobi.asia \r\n.me 761596 websites Montenegro – $80 \r\n.me 86897 websites International zone Montenegro:.com.net.biz.info.org.name.tel.mobi.asia – $50 \r\n.media 40573 websites – $50 \r\n.melbourne 10041 websites – $50 \r\n.memorial 512 websites – $50 \r\n.men 470140 websites – $80 \r\n.menu 5512 websites restaurants- $50 \r\n.mg 3380 websites Madagascar- $50 \r\n.miami 14431 websites Miami, USA – $50 \r\n.mk 12704 websites – $50 \r\n.ml 70170 websites – $50 \r\n.mma 1706 websites – $50 \r\n.mn 16710 websites – $50 \r\n.mo 573 websites – $50 \r\n.mobi 462419 websites- $80 \r\n.moda 3015 websites – $50 \r\n.moe 7709 websites – $50 \r\n.mom 3145 websites – $50 \r\n.money 9731 websites – $50 \r\n.mortgage 3126 websites – $50 \r\n.moscow 22097 websites Moscow Russian Federation- $50 \r\n.movie 2575 websites – $50 \r\n.mr 1725 websites – $50 \r\n.ms 7565 websites – $50 \r\n.mt 1623 websites Malta – $50 \r\n.mu 6175 websites – $50 \r\n.museum 34464 websites – $50 \r\n.mv 1907 websites – $50 \r\n.mw 8579 websites Malawi – $50 \r\n.mx 609278 websites Mexico- $80 \r\n.mx 86593 websites International zone Mexico:.com.net.biz.info.org.name.tel.mobi.asia-$50 \r\n.my 283349 websites Malaysia- $80 \r\n.mz 263 websites – $50 \r\n.na 781 websites – $50 \r\n.nagoya 7807 websites – $50 \r\n.name 135818 websites- $50 \r\n.navy 698 websites – $50 \r\n.nc 1240 websites – $50 \r\n.network 40018 websites – $50 \r\n.news 65546 websites – $50 \r\n.ng 16608 websites – $50 \r\n.ngo 3422 websites – $50 \r\n.ninja 49007 websites – $50 \r\n.nl 1019697 websites International zone Netherlands:.com.net.biz.info.org.name.tel.mobi.asia-$100 \r\n.nl 3566172 websites Netherlands – $200 \r\n.no 579185 websites Norway – $80 \r\n.no 74318 websites International zone Norway:.com.net.biz.info.org.name.tel.mobi.asia-$50 \r\n.nra 144 websites – $50 \r\n.nrw 18487 websites – $50 \r\n.nu 489605 websites Niue- $50 \r\n.nyc 67153 websites – $50 \r\n.nz 576127 websites New Zealand – $80 \r\n.om 1603 websites – $50 \r\n.one 63063 websites – $50 \r\n.ong 3422 websites – $50 \r\n.onl 3790 websites – $50 \r\n.online 695007 websites – $50 \r\n.ooo 6400 websites – $50 \r\n.org.np 7082 websites – $50 \r\n.org.ua 41362 websites – $50 \r\n.organic 1633 websites – $50 \r\n.osaka 628 websites – $50 \r\n.ovh 50056 websites – $50 \r\n.pa 1558 websites – $50 \r\n.paris 19283 websites – $50 \r\n.partners 6576 websites – $50 \r\n.parts 5514 websites – $50 \r\n.party 115578 websites- $50 \r\n.pe 59157 websites International zone Peru:.com.net.biz.info.org.name.tel.mobi.asia – $50 \r\n.pe 69367 websites Peru – $50 \r\n.pet 8487 websites – $50 \r\n.pf 349 websites – $50 \r\n.pg 1979 websites Papua – $50 \r\n.ph 17940 websites Philippines – $50 \r\n.photo 17165 websites- $50 \r\n.photography 50434 websites- $50 \r\n.photos 19107 websites- $50 \r\n.physio 1160 websites- $50 \r\n.pics 7659 websites- $50 \r\n.pictures 7807 websites- $50 \r\n.pink 6373 websites- $50 \r\n.pizza 5949 websites – $50 \r\n.pk 44464 websites Pakistan – $50 \r\n.pl 1675325 websites Poland – $100 \r\n.pl 327587 websites International zone Poland:.com.net.biz.info.org.name.tel.mobi.asia-$50 \r\n.place 7002 websites – $50 \r\n.plumbing 3005 websites – $50 \r\n.plus 9892 websites – $50 \r\n.pm 4401 websites – $50 \r\n.poker 3209 websites – $50 \r\n.porn 10023 websites- $50 \r\n.post 3481 websites – $50 \r\n.pr 18419 websites – $50 \r\n.press 35032 websites – $50 \r\n.pro 280776 websites – $50 \r\n.productions 6144 websites – $50 \r\n.promo 5020 websites – $50 \r\n.properties 14144 websites – $50 \r\n.property 4366 websites – $50 \r\n.ps 2050 websites – $50 \r\n.pt 17691 websites International zone Portugal:.com.net.biz.info.org.name.tel.mobi.asia-$50 \r\n.pt 225136 websites Portugal – $80 \r\n.pub 16703 websites – $50 \r\n.pw 16206 websites – $50 \r\n.py 4635 websites – $50 \r\n.qa 8503 websites – $50 \r\n.quebec 8042 websites – $50 \r\n.racing 55001 websites – $50 \r\n.re 11082 websites – $50 \r\n.realtor 39465 websites – $50 \r\n.realty 55291 websites – $50 \r\n.recipes 3251 websites – $50 \r\n.red 25701 websites – $50 \r\n.rehab 1816 websites – $50 \r\n.reise 4146 websites – $50 \r\n.reisen 9228 websites – $50 \r\n.reit 126 websites – $50 \r\n.ren 108303 websites – $50 \r\n.rent 3788 websites – $50 \r\n.rentals 11823 websites- $50 \r\n.repair 6628 websites- $50 \r\n.report 5869 websites – $50 \r\n.republican 952 websites – $50 \r\n.rest 1894 websites – $50 \r\n.restaurant 7703 websites – $50 \r\n.review 229514 websites – $80 \r\n.reviews 16132 websites- $50 \r\n.rio 1062 websites- $50 \r\n.rip 3199 websites- $50 \r\n.ro 42046 websites International zone Romania:.com.net.biz.info.org.name.tel.mobi.asia-$50 \r\n.ro 483266 websites Romania – $80 \r\n.rocks 81108 websites – $50 \r\n.rs 75503 websites Serbia – $50 \r\n.ru 5292104 websites Russian- $250 \r\n.ru 514668 websites International zone Russian:.com.net.biz.info.org.name.tel.mobi.asia -$80 \r\n.ru.com 6499 websites Russia – $50 \r\n.ruhr 9887 websites – $50 \r\n.run 10622 websites – $50 \r\n.rw 244 websites – $50 \r\n.sa 5064 websites International zone Saudi Arabia:.com.net.biz.info.org.name.tel.mobi.asia \r\n.sa 11604 websites Saudi Arabia- $50 \r\n.saarland 3825 websites – $50 \r\n.sale 35407 websites – $50 \r\n.salon 1782 websites – $50 \r\n.sarl 939 websites – $50 \r\n.sc 4942 websites Seychelles- $50 \r\n.school 11672 websites – $50 \r\n.schule 4678 websites – $50 \r\n.science 74115 websites – $80 \r\n.scot 11175 websites – $50 \r\n.sd 619 websites – $50 \r\n.se 293316 websites International zone Sweden:.com.net.biz.info.org.name.tel.mobi.asia-$50 \r\n.se 1799365 websites Sweden – $150 \r\n.seat 618 websites – $50 \r\n.security 255 websites – $50 \r\n.services 52098 websites – $50 \r\n.sex 7655 websites – $50 \r\n.sexy 18260 websites – $50 \r\n.sg 164351 websites Republic Of Singapore – $50 \r\n.sh 9408 websites – $50 \r\n.shiksha 1626 websites – $50 \r\n.shoes 5007 websites – $50 \r\n.shop 402139 websites – $80 \r\n.shopping 6297 websites – $50 \r\n.show 6946 websites – $50 \r\n.si 12879 websites International zone Slovenia:.com.net.biz.info.org.name.tel.mobi.asia – $50 \r\n.si 39749 websites Slovenia- $50 \r\n.singles 3559 websites – $50 \r\n.site 384414 websites – $80 \r\n.sk 31572 websites International zone Slovakia:.com.net.biz.info.org.name.tel.mobi.asia – $50 \r\n.sk 347101 websites Slovakia- $80 \r\n.ski 5071 websites – $50 \r\n.sl 418 websites – $50 \r\n.sm 2009 websites – $50 \r\n.sn 344 websites International zone Senegal:.com.net.biz.info.org.name.tel.mobi.asia \r\n.sn 4954 websites Senegal – $50 \r\n.so 9003 websites – $50 \r\n.soccer 2833 websites – $50 \r\n.social 19134 websites – $50 \r\n.software 13001 websites – $50 \r\n.solar 7095 websites – $50 \r\n.solutions 81282 websites – $50 \r\n.soy 1200 websites – $50 \r\n.space 220771 websites – $80 \r\n.sr 638 – $50 \r\n.srl 4391 – $50 \r\n.st 7683 websites – $50 \r\n.storage 623 – $50 \r\n.store 167141 websites – $50 \r\n.stream 239795 websites – $80 \r\n.studio 39132 websites – $50 \r\n.study 5132 websites – $50 \r\n.style 9248 websites – $50 \r\n.su 125358 websites Russian- $50 \r\n.sucks 7629 websites – $50 \r\n.supplies 3082 websites – $50 \r\n.supply 4580 websites – $50 \r\n.support 20377 websites – $50 \r\n.surf 2573 websites – $50 \r\n.surgery 1778 websites – $50 \r\n.sv 8132 websites Salvador- $50 \r\n.swiss 17323 websites – $50 \r\n.sx 3240 websites – $50 \r\n.sy 2063 websites – $50 \r\n.sydney 10073 websites – $50 \r\n.systems 26094 websites – $50 \r\n.sz 194 websites – $50 \r\n.taipei 5664 websites – $50 \r\n.tattoo 2004 websites- $50 \r\n.tax 5788 websites – $50 \r\n.taxi 5784 websites – $50 \r\n.tc 16384 websites Turks and Caicos Islands- $50 \r\n.team 18421 websites- $50 \r\n.tech 196321 websites – $50 \r\n.technology 40181 websites- $50 \r\n.tel 80752 websites- $50 \r\n.tennis 1494 websites – $50 \r\n.tf 2049 websites – $50 \r\n.tg 521 websites – $50 \r\n.th 23968 websites Kingdom Of Thailand- $50 \r\n.theater 1053 websites – $50 \r\n.tickets 1141 websites – $50 \r\n.tienda 2951 websites – $50 \r\n.tips 31287 websites- $50 \r\n.tires 960 websites – $50 \r\n.tirol 5412 websites – $50 \r\n.tj 34 websites International zone Tajikistan:.com.net.biz.info.org.name.tel.mobi.asia \r\n.tj 6804 websites Tajikistan- $50 \r\n.tk 12799253 websites Tokelau – $450 \r\n.tl 2728 websites – $50 \r\n.tm 6056 websites Turkmenistan- $50 \r\n.tm 44 websites International zone Turkmenistan:.com.net.biz.info.org.name.tel.mobi.asia \r\n.tn 27383 websites – $50 \r\n.to 16987 websites Tonga- $50 \r\n.today 98034 websites – $50 \r\n.tokyo 90132 websites – $50 \r\n.tools 10439 websites – $50 \r\n.top 2140480 websites – $200 \r\n.tours 9151 websites – $50 \r\n.town 3328 websites – $50 \r\n.toys 4391 websites – $50 \r\n.tr 138818 International zone Turkey:.com.net.biz.info.org.name.tel.mobi.asia -$50 \r\n.tr 317690 websites Turkey – $80 \r\n.trade 151130 websites – $50 \r\n.trading 896 websites – $50 \r\n.training 18192 websites – $50 \r\n.travel 18054 websites – $50 \r\n.tt 516 websites – $50 \r\n.tube 2104 websites – $50 \r\n.tv 559502 websites Tuvalu – $80 \r\n.tw 243062 websites Taiwan – $50 \r\n.tz 1874 websites – $50 \r\n.ua 117701 websites International zone Ukraine:.com.net.biz.info.org.name.tel.mobi.asia-$50 \r\n.ua 553216 websites Ukraina – $80 \r\n.ug 2331 websites Ukraina \r\n.uk 3304606 websites International zone United Kingdom:.com.net.biz.info.org.name.tel.mobi.asia-$150 \r\n.uk 5496382 websites United Kingdom – $250 \r\n.university 5799 websites – $50 \r\n.uno 16394 websites – $50 \r\n.us 3139563 websites USA – $200 \r\n.us 578927 websites International zone USA:.com.net.biz.info.org.name.tel.mobi.asia-$80 \r\n.uy 14683 websites Uruguay – $50 \r\n.uz 365 websites International zone Uzbekistan:.com.net.biz.info.org.name.tel.mobi.asia \r\n.uz 14689 websites Uzbekistan – $50 \r\n.vacations 3926 websites – $50 \r\n.vc 16606 websites – $50 \r\n.ve 14015 websites Venezuela – $50 \r\n.vegas 18008 websites Las Vegas NV United States of America – $50 \r\n.ventures 10066 websites – $50 \r\n.versicherung 2009 websites – $50 \r\n.vet 5760 websites – $50 \r\n.vg 8389 site – $50 \r\n.viajes 2512 site – $50 \r\n.video 16204 websites- $50 \r\n.villas 1940 site – $50 \r\n.vin 5094 websites – $50 \r\n.vip 755289 websites – $80 \r\n.vision 6420 websites – $50 \r\n.vlaanderen 6114 websites – $50 \r\n.vn 161855 websites International zone Vietnam:.com.net.biz.info.org.name.tel.mobi.asia – $50 \r\n.vn 436005 websites Vietnam – $80 \r\n.vodka 1420 websites – $50 \r\n.vote 2316 websites – $50 \r\n.voto 269 websites – $50 \r\n.voyage 2773 websites – $50 \r\n.vu 1201 websites – $50 \r\n.wales 13063 websites – $50 \r\n.wang 604718 websites – $80 \r\n.watch 6120 websites – $50 \r\n.webcam 60142 websites – $50 \r\n.website 207002 websites -$50 \r\n.wedding 22162 websites – $50 \r\n.wf 1188 websites – $50 \r\n.wien 14464 websites – $50 \r\n.wien 14913 websites – $50 \r\n.wiki 14129 websites wikis – $50 \r\n.win 655735 websites – $80 \r\n.wine 13095 websites – $50 \r\n.work 256086 websites – $80 \r\n.works 15112 websites – $50 \r\n.world 86012 websites – $50 \r\n.ws 97008 websites Samoa- $80 \r\n.wtf 10038 websites – $50 \r\n.xin 178450 websites – $50 \r\n.xn--3ds443g 44019 websites – $50 \r\n.xn--55qx5d 47456 websites – $50 \r\n.xn--6qq986b3xl 18188 websites – $50 \r\n.xn--czr694b 21109 websites – $50 \r\n.xn--czru2d 9020 websites – $50 \r\n.xn--fiq228c5hs 12145 websites – $50 \r\n.xn--io0a7i 30199 websites – $50 \r\n.xn--j6w193g 31764 websites – $50 \r\n.xn--kput3i 31856 websites – $50 \r\n.xn--mgbaam7a8h 2038 websites – $50 \r\n.xn--mgberp4a5d4ar 2534 websites – $50 \r\n.xn--mk1bu44c 6001 websites – $50 \r\n.xn--rhqv96g 7723 websites – $50 \r\n.xn--ses554g 198539 websites – $80 \r\n.xn--tckwe 6197 websites – $50 \r\n.xn--vuq861b 19706 websites – $50 \r\n.xxx 119879 websites- $50 \r\n.xyz 1888763 websites – $150 \r\n.yachts 154 websites – $50 \r\n.yoga 7963 websites – $50 \r\n.yokohama 8140 websites – $50 \r\n.yt 2004 websites – $50 \r\n.za 837189 websites South Africa – $100 \r\n.zm 224 websites – $50 \r\n.zone 25798 websites – $50 \r\n.бг (.xn--90ae) 2470 websites – $50 \r\n.дети 169 websites – $50 \r\n.москва (.xn--80adxhks) 19582 websites Moscow – $50 \r\n.онлайн 3403 websites – $50 \r\n.орг 1160 websites – $50 \r\n.рус (.xn--p1acf) 110789 websites – $50 \r\n.рф (.xn--p1ai) 869759 websites Russia – $80 \r\n.сайт 1146 websites – $50 \r\n.укр (.xn--j1amh) 10563 websites- $50 \r\n.संगठन 105  sites – $50 \r\n>.みんな 166  sites – $50 \r\n.コム    6532  sites – $50 \r\n.世界    4171  sites – $50 \r\n.公司    46161  sites – $50 \r\n.商城    6 907  sites – $50 \r\n.商标    9865  sites – $50 \r\n.我爱你 15465  sites – $50 \r\n.手机    31543  sites – $50 \r\n.机构    243  sites – $50 \r\n.游戏    187  sites – $50 \r\n.移动    3277  sites – $50 \r\n.网店    3711  sites – $50 \r\n.网络    30808  sites – $50 \r\n.닷컴    5937  sites – $50 \r\n.بازار  sites 648 – $50 \r\n.شبكة   sites 833 – $50 \r\n.موقع   sites 478 – $50','cs','2019-03-29 12:02:14'),
	(261,'JoshuaNax','fakes2005@yandex.ru','Novou pracovni vyzvu','The best girls for sex in your town: http://to.ht/adultdatinginyourcity56424','ru','2019-03-29 14:19:08'),
	(262,'Josephguita','mrakimlawan11@gmail.com','Novou pracovni vyzvu','We are into loans and can also invest in a project from start to \r\nfinish in case you need a loan or have some one that needs loan. \r\nPlease go to apply on our website to apply for your loan. \r\n \r\nhttps://lawanprivateloans.com/ \r\n \r\nlawanprivateloans@gmail.com \r\n+442033222086','cs','2019-03-29 19:21:08'),
	(263,'BathroomsDew','kosenkowadim@renovation-manhattan.com','New professional challenge','Hey! \r\n \r\nBathroom remodel for under $5000 Staten Island : [url=https://bathroom-remodel.club]Bathroom remodel under 5000[/url]','en','2019-03-29 21:20:23'),
	(264,'Eduardohah','cutesilentangel1@aol.com','Novou pracovni vyzvu','The best girls for sex in your town: https://tinyurl.com/adultdating85372','ru','2019-03-30 00:28:33'),
	(265,'Eric','eric@talkwithcustomer.com','Courses','Hello,\r\n\r\nYou have a website, right? \r\n  \r\nOf course you do. I found acamar.cz today.\r\n\r\nIt gets traffic every day – that you’re probably spending $2 / $4 / $10 or more a click to get.  Not including all of the work you put into creating social media, videos, blog posts, emails, and so on.\r\n\r\nSo you’re investing seriously in getting people to that site.\r\n\r\nBut how’s it working?  Great? Okay?  Not so much?\r\n\r\nIf that answer could be better, then it’s likely you’re putting a lot of time, effort, and money into an approach that’s not paying off like it should.\r\n\r\nNow… imagine doubling your lead conversion in just minutes… In fact, I’ll go even better.\r\n \r\nYou could actually get up to 100X more conversions!\r\n\r\nI’m not making this up.  As Chris Smith, best-selling author of The Conversion Code says:\r\n-Speed is essential - there is a 100x decrease in Leads when a Lead is contacted within 14 minutes vs being contacted within 5 minutes.\r\n\r\nHe’s backed up by a study at MIT that found the odds of contacting a lead will increase by 100 times if attempted in 5 minutes or less.\r\n\r\nAgain, out of the 100s of visitors to your website, how many actually call to become clients?\r\n\r\nWell, you can significantly increase the number of calls you get – with ZERO extra effort.\r\n\r\nOur software, Talk With Customer, makes it easy, simple, and fast – in fact, you can start getting more calls today… and at absolutely no charge to you.\r\n\r\nCLICK HERE http://www.talkwithcustomer.com to find out how.\r\n\r\nSincerely,\r\n\r\nEric Jones\r\n\r\nPS: Don’t just take my word for it, TalkWithCustomer works:\r\n-EMA has been looking for ways to reach out to an audience. TalkWithCustomer so far is the most direct call of action. It has produced above average closing ratios and we are thrilled. Thank you for providing a real and effective tool to generate REAL leads. - Patrick MontesDeOca, Ema2Trade\r\n\r\nBest of all, act now to get a no-cost 14-Day Test Drive – our gift to you just for giving TalkWithCustomer a try. \r\n\r\nCLICK HERE http://www.talkwithcustomer.com to start converting up to 100X more leads today!\r\n\r\n\r\nIf you\'d like to unsubscribe click here. http://liveserveronline.com/talkwithcustomer.aspx?d=acamar.cz','en','2019-03-30 02:17:33'),
	(266,'StanleyTus','sgt_bolden@msn.com','Êóðñû','Auto Mass Money Maker: https://tinyurl.com/5000perday63765','ru','2019-03-30 23:57:22'),
	(267,'Eduardohah','sweett130@hotmail.com','Êóðñû','The best women for sex in your town: http://jnl.io/bestadultdating10341','ru','2019-03-31 15:23:35'),
	(268,'Williamuride','d5gg85@aol.com','Novou pracovni vyzvu','The best girls for sex in your town Canada: http://webhop.se/bestadultdating57371','ru','2019-04-02 12:01:26'),
	(269,'Eduardohah','michstansbury@yahoo.com','Novou pracovni vyzvu','Find yourself a girl for the night in your city United Kingdom: http://goto.iamaws.com/bestadultdating18577','ru','2019-04-02 12:01:26'),
	(270,'JoshuaNax','galavanoff@mail.ru','Êóðñû','Beautiful girls for sex in your city Australia: http://www.abcagency.se/bestadultdating92967','ru','2019-04-02 12:01:28'),
	(271,'StanleyTus','audreymstone40@yahoo.com','Êóðñû','Sexy girls for the night in your town USA: http://www.lookweb.it/bestadultdating96594','ru','2019-04-02 15:47:30'),
	(272,'JamesFaive','jameslierm@gmail.com','Kurzy','We offer you the opportunity to advertise your products and services. \r\nGood day! Here is  a fine offer for you. I can help you with sending  your commercial offers or messages through feedback forms. The advantage of this method is that the messages sent through the feedback forms are included in the white list. This method increases the chance that your message will be read. Mailing is made in the same way as you received this message. \r\n \r\nSending via Feedback Forms to any domain zones of the world. (more than 1000 domain zones.). \r\n \r\nThe cost of sending 1 million messages is $ 49 instead of $ 99. \r\nAll us sites that have a feedback form. (10 million messages sent) - $349 instead of $649 \r\nDomain zone .com - (12 million messages sent) - $399 instead of $699 \r\nAll domain zones in Europe- (8 million messages sent) - $ 299 instead of $599 \r\nAll sites in the world (25 million messages sent) - $499 instead of $999 \r\n \r\nDiscounts are valid until. \r\nFeedback and warranty! \r\nDelivery report! \r\n \r\nIn the process of sending messages, we do not violate the rules of GDRP. \r\nThis message is created automatically use our contacts for communication. \r\n \r\nContact us. \r\nTelegram - @FeedbackFormEU \r\nSkype – FeedbackForm2019 \r\nEmail - feedbackform@make-success.com \r\n \r\nThanks for reading.','cs','2019-04-02 20:29:07'),
	(273,'Jared sug','storybite22@gmail.com','Novou pracovni vyzvu','Hi there, \r\n \r\nI came across your website and wanted to get in touch. \r\n \r\nI run an animation studio that produces animated explainer videos helping companies to explain what they do, why it matters and how they\'re unique in less than 2 minutes. \r\n \r\nHere are some examples of our work: \r\nhttp://bit.ly/animationworks - pretty good right? \r\n \r\nI wanted to reach out to hear if the idea of an animated explainer video is something you’ve ever thought about creating and could be interested in exploring further? \r\n \r\nWe have a proven production process and handle everything needed for a quality video that typically takes us 6 weeks to produce from start to finish. \r\n \r\nFirst, we nail the script, design storyboards you can’t wait to see animated. Voice actors in your native language that capture your brand and animation that screams premium with sound design that brings it all together. \r\n \r\nOur videos are made from scratch and designed to make you stand out and get results. No templates, no cookie cutter animation that tarnishes your brand. \r\n \r\nIf you’re interested in learning more, please contact us on the email below: \r\nEmail: storybitestudios@gmail.com \r\n \r\nThank you for your attention.','cs','2019-04-02 22:39:30'),
	(274,'HowardWoomo','pete-gvm-affiliate@gmail.com','Kurzy','My name is Pete and I want to share a proven system with you that makes me money while I sleep! This system allows you to TRY the whole thing for F R E E for a whole 30 days! That\'s right, you can finally change your future without giving up any sensitive information in advance! I signed up myself just a while ago and I\'m already making a nice profit. \r\n \r\nIn short, this is probably the BEST THING THAT EVER HAPPENED TO YOU IF YOU TAKE ACTION NOW!!! \r\n \r\nIf you\'re interested in knowing more about this system, go to http://globalviralmarketing.com/?ref=qkgWOPkN5RoC1NWh and try it out. Again, it’s FREE! \r\n \r\nYou can thank me later \r\n \r\n/Pete','cs','2019-04-03 08:57:22'),
	(275,'Kenneth Evans','kennethevans34@gmx.com','Courses','Hi,\r\n\r\nI\'ll keep this brief.\r\n\r\nWe run a guest posting platform that allows our clients to get backlinks from our database of sites. For publishing each article, we pay these sites a set editorial fee. Is this something that would interest you?\r\n\r\nIf yes, then more details can be found here including a sign up form: https://goo.gl/forms/RtWIvojZxyZaw4VB2\r\n\r\nHope to hear from you soon and thanks for your time.\r\n\r\nKind Regards,\r\nKenneth Evans\r\n\r\n\r\nP.S: Kindly note, this is a paid guest post opportunity only.Thanks','en','2019-04-03 09:44:26'),
	(276,'SeoVadMew','seovad3720@mail.ru','Êóðñû','Здравствуйте! Хочу предложить вам продвижение вашего сайта в поисковиках, методом наращивания ссылок. Чем больше ссылок будут ссылаться на ваш сайт, тем выше он будет в выдаче по вашим ключевым запросам. Для работы мне необходимо лишь ссылка на ваш сайт и ключевые слова, по которым вы продвигаетесь в поисковых системах. Если у вас установлена метрика, тем лучше, можно взять (скачать) оттуда ключи за последний месяц или квартал. \r\n \r\nРабота занимает примерно 2-3 недели, после которой вы получите рост позиций, доверие поисковиков, увеличение траста вашего сайта, посещаемость, более 1000 ссылок на ваш сайт с различных ресурсов. \r\n \r\nСтоимость – 9900 рублей. \r\n \r\nЗаинтересовались? Пишите на Email: proxrum*@*mail.ru (уберите звездочки *). Подробнее обсудим. \r\n \r\nС Уважением к вам, Вадим.','ru','2019-04-03 20:17:36'),
	(277,'Eduardohah','savaho_3@msn.com','Novou pracovni vyzvu','Cryptocurrency Trading & Investing-Strategie fur 2019. Erhalten Sie ein passives Einkommen von 7.000 USD pro Monat: https://aaa.moda/investcrypto70207','ru','2019-04-04 00:59:02'),
	(278,'Williamuride','robert.little@bellsouth.net','Novou pracovni vyzvu','Invest in mining cryptocurrency $ 5000 once and get passive income of $ 7000 per month: http://corta.co/investcrypto27802','ru','2019-04-04 06:07:16'),
	(279,'StanleyTus','donnt@hotmail.com','Êóðñû','Cryptocurrency Trading & Investing Strategy for 2019. Receive passive income of $ 7,000 per month: http://www.lookweb.it/investcrypto28844','ru','2019-04-04 06:59:13'),
	(280,'JoshuaNax','natalja-sakharuk@rambler.ru','Novou pracovni vyzvu','Investeer eenmaal $ 5.000 in Bitcoin en ontvang $ 7.000 passief inkomen per maand: http://www.abcagency.se/investcrypto21097','ru','2019-04-04 07:15:11'),
	(281,'Иван','clochykidke2024@mail.ru','Êóðñû','Перезвоните пожалуйста по номеру     8(911) 943-16-12   Иван','ru','2019-04-04 15:46:57'),
	(282,'Patrickphifs','delivery@wbl-register.com','Novou pracovni vyzvu','Hello, \r\n \r\nWe are updating to 2019-2020 Edition, please make sure your company information is accurate and up to date. \r\n \r\nPlease enter your Company Name and Email address in the form below to confirm your listings. \r\n \r\n \r\nhttps://company-listings.com \r\n \r\n \r\nUpdating your details is free of charge. \r\n \r\n \r\nWorld Business List, \r\nP.O. BOX 34, 3700 AA ZEIST, THE NETHERLANDS \r\nTel/Fax: +31 205 248 107','cs','2019-04-05 06:02:06'),
	(283,'Zuksind','cwgqn7b@gastroplasty.icu','Novou pracovni vyzvu','Should you do your own salicylic acid chemical peels? After all you can do it on the cheap by making your own or buying the peeling solution, so why not?  \r\n[url=http://chemicalpeel.in/detailed-chemical-peel-aftercare-instructions]chemical peel aftercare instructions[/url]  \r\nThe Clinical Efficacy of Autologous Platelet-Rich Plasma Combined with Ultra-Pulsed Fractional CO2 Laser Therapy for Facial Rejuvkeuken. ','cs','2019-04-05 10:22:08'),
	(284,'Aly Chiman','aly1@alychidesigns.com','Courses','Hello there,\r\n\r\nMy name is Aly and I would like to know if you would have any interest to have your website here at acamar.cz promoted as a resource on our blog alychidesign.com ? \r\n\r\nWe are in the midst of updating our broken link resources to include current and up to date resources for our readers. Our resource links are manually approved allowing us to mark a link as a do-follow link as well\r\n.\r\nIf you may be interested please in being included as a resource on our blog, please let me know.\r\n\r\nThanks,\r\nAly\r\n','en','2019-04-05 13:44:17'),
	(285,'Eduardohah','brinkmann.joseph@gmail.com','Novou pracovni vyzvu','Win an iPhone X | Free Competitions: http://www.lookweb.it/winiphone69597','ru','2019-04-07 14:15:29'),
	(286,'JoshuaNax','krishna_981@yahoo.com','Novou pracovni vyzvu','Now\'s your chance to win a free iPhone X: http://rih.co/winiphone80542','ru','2019-04-07 14:15:31'),
	(287,'Williamuride','krishgill3@gmail.com','Êóðñû','Enter to win an iPhone XS Max & AirPods in this free giveaway: http://goto.iamaws.com/winiphone13951','ru','2019-04-07 15:14:02'),
	(288,'StanleyTus','fijimojoe@yahoo.com','Novou pracovni vyzvu','Enter to win an iPhone XS Max & AirPods in this free giveaway: http://to.ht/winiphone90993','ru','2019-04-07 15:53:27'),
	(289,'KolIkA','sun-lenta2@rcnika.biz.ua','Novou pracovni vyzvu','Когда Вы Примете решение купить в магазине САНмебель в Киеве или приобрести в Украине мебель на любой вкус , \r\nвы можете быть уверенными в хорошем качестве товара. Надёжность и долговечность при \r\nсравнительно низкой стоимости  уже давно убедили различных покупателей в правильности выбора, \r\nсделанного ими в то время. Останавливая свой выбор конкретно на нашей мебели, вы будете восхищены \r\nоптимальным соотношением «цена/качество». \r\nА если кто интересуется оборудованием для СТО обратите внимание \r\n[url=http://stoservice.com.ua]оборудование для СТО[/url] \r\nздесь покупали по низкой цене и очень довольны. \r\nТакже наш партнер [url=http://www.darmebel.com.ua/]магазин мебели Киев[/url] \r\n[url=http://sunmebel.ltd.ua]Магазин мебели Санмебель[/url]','cs','2019-04-09 17:46:10'),
	(290,'JamesMus','pete-gvm-affiliate@gmail.com','Kurzy','My name is Pete and I want to share a proven system with you that makes me money while I sleep! This system allows you to TRY the whole thing for F R E E for a whole 30 days! That\'s right, you can finally change your future without giving up any sensitive information in advance! I signed up myself just a while ago and I\'m already making a nice profit. \r\n \r\nIn short, this is probably the BEST THING THAT EVER HAPPENED TO YOU IF YOU TAKE ACTION NOW!!! \r\n \r\nIf you\'re interested in knowing more about this system, go to http://globalviralmarketing.com/?ref=qkgWOPkN5RoC1NWh and try it out. Again, it’s FREE! \r\n \r\nYou can thank me later \r\n \r\n/Pete','cs','2019-04-09 19:14:00'),
	(291,'Mauricetiz','drfredc@drfredc.com','Novou pracovni vyzvu','Meet sexy girls in your city: http://www.lookweb.it/adultdatingincity91268','ru','2019-04-10 02:08:44'),
	(292,'KennethBlide','law@tfinnigan.com','Novou pracovni vyzvu','Beautiful girls for sex in your city: https://tinyurl.com/adultdatingincity98883','ru','2019-04-10 02:19:34'),
	(293,'PhilipSax','grab@interia.eu','Êóðñû','Sexy girls for the night in your town: http://corta.co/adultdatingincity24356','ru','2019-04-10 02:50:13'),
	(294,'Neganet','udo.help.itr@gmail.com','Novou pracovni vyzvu','Коммерческое предложение. \r\n \r\nНайдем и удалим всю негативную информацию о Вас, Ваших товарах и услугах! \r\n \r\nЭкспресс поиск негативной информации по ведущим поисковикам : \r\nЦена - 1 500 рублей. \r\n \r\nГлубокий поиск по внутреннему анализу контента сайтов: \r\nЦена - 3 500 рублей. \r\n \r\nУдаление негатива : \r\nОт 1500 рублей до 10 000 рублей в зависимости от сложности. \r\nОплата производится после выполнения работы. \r\n \r\nРазошлем Ваше коммерческое предложение по обратным формам связи компаний России. \r\n \r\nВ базе 1 млн 300 тысяч сайтов. \r\n \r\nЦена 4 500 рублей. \r\n \r\nПродвигаем Ваши товары и услуги отзывами и обзорами. \r\n \r\nВсе вопросы можно задать по контактам: \r\nТелеграм @NegaNet \r\ne-mail neganetsb@gmail.com \r\n \r\nПриносим свои извинения за рассылку! \r\n \r\nОтписаться от рассылки \r\nПришлите пустое письмо на neganetsb@gmail.com   в теме укажите адрес сайта и отписаться от рассылки. \r\nМы сразу удалим Ваш сайт из базы.','ru','2019-04-10 20:10:18'),
	(295,'Williamuride','dgomme@free.fr','Êóðñû','The best girls for sex in your town: http://rih.co/adultdatingincity28053','ru','2019-04-11 16:56:45'),
	(296,'JoshuaNax','rygobus@hotmail.com','Êóðñû','Meet sexy girls in your city: http://www.vkvi.net/adultdatingincity93700','ru','2019-04-11 19:48:59'),
	(297,'Eduardohah','josegantunezo@gmail.com','Novou pracovni vyzvu','The best women for sex in your town: https://lil.ink/adultdatingincity81016','ru','2019-04-12 01:11:07'),
	(298,'TomVop','gfkln9w@gastroplasty.icu','Kurzy','Have just ordered some heater ducting linky escoliosis dorsolumbar tratamiento to ebay over here so should be able to get the missing bits on TP replaced  \r\n[url=http://escoliosislumbar.info/best-tillers-of-2019-reviews-recommendation-for]heavy work[/url]  \r\nLumbar disc microsurgery castro valley lumbar disc herniation dublin, ca dolor lumbar embarazo ','cs','2019-04-12 14:46:02'),
	(299,'Donnalania','donnaWem@topazpro.xyz','Novou pracovni vyzvu','устанавливаем межкомнатные двери \r\nдверные ручки краснодар \r\nhttp://domashpingaletdver.icu \r\nокна пвх в минске \r\nзаклинило балконную пластиковую дверь \r\nhttp://zamok-dom-dveri.icu \r\nметаллические двери стекло и ковка \r\nзвукоизоляция входной двери \r\nhttp://doorroomhome.icu \r\nпарадные стальные двери \r\nфурнитура для дверей в минске \r\nhttp://dverj-zavesifurnitura.icu \r\nкак отрегулировать балконную дверь пвх \r\nдвери межкомнатные с фурнитурой \r\nhttp://zavesa-zasov-glazok.icu','cs','2019-04-13 01:35:23'),
	(300,'Williamuride','danielledoud2@yahoo.com','Novou pracovni vyzvu','How to invest in bitcoins in 2019 and receive passive income of $ 7,000 per month: https://aaa.moda/42859','ru','2019-04-13 08:33:51'),
	(301,'Eduardohah','info@spiritgarden.de','Novou pracovni vyzvu','Invest in mining cryptocurrency $ 5000 once and get passive income of $ 7000 per month: http://ttree.co/44640','ru','2019-04-13 08:33:51'),
	(302,'JoshuaNax','rjkoqw@hotmail.com','Novou pracovni vyzvu','Invest $ 5,000 in cryptocurrency once and get $ 7,000 passive income per month: http://www.vkvi.net/69754','ru','2019-04-13 12:26:20'),
	(303,'Zycsags','4cxgfv7j@gastroplasty.icu','Novou pracovni vyzvu','Dios convocГі a los tres Presidentes mГЎs populares del mundo para una reuniГіn: Presidentes procedentes de Rusia, China en edad de jubilaciГіn con seguridad  \r\n[url=http://beneficiosdesegurosocial.cf/tarde-de-actualizacion-del-seguro-social]va a[/url]  \r\n6 grandes pelГ­culas sobre privacidad y seguridad: informaciГіn sobre la seguridad social de Teachprivacy  Obtenga una nueva tarjeta de seguridad social, nГєmero de telГ©fono de seguridad social, cambio de nombre de seguridad social, oficina de administraciГіn de seguridad social, oficinas de seguridad social ','cs','2019-04-14 09:17:55'),
	(304,'Peterdag','burmistenkova97@list.ru','Novou pracovni vyzvu','[url=https://addvertize.com/]mobile advertising sdk[/url] - mobile top ad networks, android mediation','cs','2019-04-15 08:29:19'),
	(305,'DavidHig','y_guruleva@bk.ru','Kurzy','[url=https://l2soft.eu/]bot l2 classic 2018[/url] - l2 classic bot, adrenaline l2 bot','cs','2019-04-16 15:08:21'),
	(306,'PhilipSax','yf026127@hotmail.com','Êóðñû','Find yourself a girl for the night in your city: http://forum.rf-pvp.ru/go.php?https://vk.cc/9hUq5L','ru','2019-04-17 10:16:22'),
	(307,'KennethBlide','jdawnorton@aol.com','Novou pracovni vyzvu','The best girls for sex in your town: http://www.olgagouveia.com/link.asp?idc=1&idl=63&url=https://vk.cc/9hUq5L','ru','2019-04-17 10:44:12'),
	(308,'Mauricetiz','jaimie_bender@yahoo.com','Novou pracovni vyzvu','Find yourself a girl for the night in your city: http://hi-qacademy.net/bitrix/rk.php?goto=https%3A%2F%2Fvk.cc%2F9hUq5L','ru','2019-04-17 14:02:44'),
	(309,'MonicaSolve','monikamurka1989@gmail.com','New professional challenge','https://vk.com/public175040026 - секс знакомства днепропетровск [url=https://vk.com/public178000995]секс знакомства в калининграде[/url]','en','2019-04-18 09:43:53'),
	(310,'otzyv','udo.help.itr@gmail.com','Êóðñû','Отзывы о Ваших товарах и услугах - от 20 рублей. Оплата после выполнения! \r\n \r\nНапишем отзывы о Ваших товарах и услугах , разместим на отзовиках , соц сетях, Яндекс Маркет, Яндекс Гугл картах и т.д. \r\n \r\nОплата только после выполнения работы! \r\n \r\nЗарегистрироваться и заказать можно здесь: \r\nhttp://clc.to/Otzyv \r\n \r\n \r\nВидео отзывы, посты и комментарии, статьи для Вашего сайта можно заказать здесь: \r\nhttp://clc.to/Videootzyv','ru','2019-04-18 23:28:22'),
	(311,'Eduardohah','stephenpodd@live.co.uk','Novou pracovni vyzvu','Beautiful girls for sex in your city: http://tekst-pesni.ru/click.php?url=https://vk.cc/9hUq5L','ru','2019-04-19 11:23:54'),
	(312,'Williamuride','syahiraft@yahoo.com','Êóðñû','Beautiful girls for sex in your city: http://riac34.ru/bitrix/redirect.php?event1=&event2=&event3=&goto=https://vk.cc/9hUq5L','ru','2019-04-19 11:52:36'),
	(313,'JoshuaNax','g.sebastien13@Yahoo.fr','Êóðñû','Beautiful girls for sex in your city: http://przyprawiony.pl/przepis/redirect/20335/?url=https://vk.cc/9hUq5L','ru','2019-04-19 16:55:15'),
	(314,'LouisKelay','svetlanacol0sova@yandex.ua','Novou pracovni vyzvu','Grow your bitcoins by 10% per 2 days. \r\nProfit comes to your btc wallet automatically. \r\n \r\nTry  http://bm-syst.xyz \r\nit takes 2 minutes only and let your btc works for you! \r\n \r\nGuaranteed by the blockchain technology!','cs','2019-04-21 02:45:50'),
	(315,'PhilipSax','leehom_liu@hotmail.com','Êóðñû','The best girls for sex in your town: http://www.staffanstorpsjudo.se/wp/wp-content/plugins/categoryad/redirect.php?id=5133&durl=www.staffanstorpsjudo.se/wp/3-x-15-sydcup-1/&url=https://vk.cc/9hUq5L','ru','2019-04-21 08:01:49'),
	(316,'StanleyTus','jyan_flash08@yahoo.com','Novou pracovni vyzvu','Beautiful women for sex in your town: http://www.logement-etudiant.com/inc/link.asp?stat=lienlogo&ref=1424&lien=https%3A%2F%2Fvk.cc%2F9hUq5L','ru','2019-04-21 08:05:19'),
	(317,'KennethBlide','tson@pts.edu','Novou pracovni vyzvu','Sexy girls for the night in your town: http://lozman-games.ru/bitrix/redirect.php?event1=&event2=&event3=&goto=https://vk.cc/9hUq5L','ru','2019-04-21 08:51:59'),
	(318,'Mauricetiz','kevinmba@comcast.net','Novou pracovni vyzvu','Sexy girls for the night in your town: http://lauftreff.sc-neubulach.de/scripts/url.php?url=https://vk.cc/9hUq5L','ru','2019-04-21 09:01:11'),
	(319,'Jamesfub','cgorillamail@gmail.com','Novou pracovni vyzvu','Hi, acamar.cz \r\n \r\nI\'ve been visiting your website a few times and decided to give you some positive feedback because I find it very useful. Well done. \r\n \r\nI was wondering if you as someone with experience of creating a useful website could help me out with my new site by giving some feedback about what I could improve? \r\n \r\nYou can find my site by searching for \"casino gorilla\" in Google (it\'s the gorilla themed online casino comparison). \r\n \r\nI would appreciate if you could check it out quickly and tell me what you think. \r\n \r\ncasinogorilla.com \r\n \r\nThank you for help and I wish you a great week!','cs','2019-04-21 18:41:22'),
	(320,'Williamuride','jakkapat.auto2560@gmail.com','Novou pracovni vyzvu','How to invest in bitcoins in 2019 and receive passive income of $ 7,000 per month: http://autstaf.ru/bitrix/redirect.php?event1=&event2=&event3=&goto=https://vk.cc/9iSaPJ','ru','2019-04-23 07:10:37'),
	(321,'Eduardohah','tshugan@gmail.com','Êóðñû','How to invest in bitcoins in 2019 and receive passive income of $ 7,000 per month: http://pbkuban.ru/go?https://vk.cc/9iSaPJ','ru','2019-04-23 08:06:23'),
	(322,'JoshuaNax','Champmrinalkumar96@gmail.com','Novou pracovni vyzvu','Invest in mining cryptocurrency $ 5000 once and get passive income of $ 7000 per month: https://www.symbaloo.com/out.do?url=https://vk.cc/9iSaPJ','ru','2019-04-23 08:23:08'),
	(323,'StanleyTus','daveandfliss@gmail.com','Êóðñû','How to invest in bitcoins in 2019 and receive passive income of $ 7,000 per month: http://krimit.ru/bitrix/redirect.php?event1=&event2=&event3=&goto=https://vk.cc/9iSaPJ','ru','2019-04-23 12:33:26'),
	(324,'JeremyNoili','bakumetso@bk.ru','Kurzy',' \r\n[url=https://paulownia.pro/]paulownia cotevisa 2 de vanzare[/url] - paulownia fortunei seeds, paulownia shan tong','cs','2019-04-25 00:59:10'),
	(325,'Donalddiugs','bellassunflower@yahoo.com','Êóðñû','If you invested $1,000 in bitcoin in 2011, now you have $4 million: https://tinyurl.com/bitcoininvest37944','ru','2019-04-25 01:48:41'),
	(326,'Udoger','hffql5qjf@gastroplasty.icu','Novou pracovni vyzvu','Norte - a direГ§ГЈo do norte tem o kan kua e seu elemento Г© a ГЎgua. Sua aspiraГ§ГЈo Г© sabedoria, carreira e sorte de emprego e pertence Г  tartaruga preta. A  \r\n[url=https://arthrosis.ml/2018/12]l arthrose[/url] ','cs','2019-04-25 08:31:26'),
	(327,'BOLArick','meqbf7efc@papillomadelete.info','Novou pracovni vyzvu','Is this dangerous? Painful pea size lump in my armpit? | Yahoo Answers  \r\n[url=http://armpit.info/a-painful-lump-in-the-armpit/]large lump under armpit[/url] ','cs','2019-04-25 09:48:50'),
	(328,'JoshuaNax','mccurdy25@msn.com','Êóðñû','Cryptocurrency Trading & Investing Strategy for 2019. Receive passive income of $ 7,000 per month: http://webhop.se/bitcoininvest35946','ru','2019-04-26 09:11:08'),
	(329,'Williamuride','info@mahl-pr.de','Êóðñû','UPDATE: Cryptocurrency Investing Strategy - Q2 2019. Receive passive income of $ 7,000 per month: http://rih.co/investbitcoin43638','ru','2019-04-26 09:52:15'),
	(330,'Eduardohah','thomasjensen888@hotmail.com','Êóðñû','Invest $ 5,000 in Bitcoin once and get $ 7,000 passive income per month: http://ttree.co/investbitcoin20784','ru','2019-04-26 10:46:29'),
	(331,'StanleyTus','Francisco-luan@hotmail.com','Êóðñû','Cryptocurrency Trading & Investing Strategy for 2019. Receive passive income of $ 7,000 per month: http://www.lookweb.it/investbitcoin53559','ru','2019-04-26 18:52:12'),
	(332,'Alta McCorkindale','alta.mccorkindale@yahoo.com','New professional challenge','1） 無所不在：\r\n貫穿大灣區無論餐飲、零售、百貨、超市、便利店、景點、醫療、政府服務等多種場景的智慧生活體驗也能用小程式境內外一一實現便利化\r\n    2） 多維商務功能延伸：\r\n門市預約、買票、訂台、分銷、團購、抽獎、行銷遊戲、商、即時定位！\r\n    3） 自帶推廣: \r\n開通附近的小程式後，五公里範圍內的微信用戶都能看到你，助企業搶佔流量紅利\r\n    4） 觸手可及，用完即走：\r\n微信小程式無需下載安裝即可使用，以最低成本便利用戶\r\n    5） 微信搜索: \r\n配合關鍵字讓公司、實體店曝光在全國微信用戶面前\r\n    6） 成本更低: \r\n開發小程式費用相對開發APP或建設網址低，大大降低運營成本\r\n    7） 公眾號+小程式完美結合: \r\n公眾號提供內容為小程式進行導購，小程式則負責商品交易及相關服務\r\n    8） 提高消費者意欲:\r\n保障消費者，每個小程式都經過嚴格審批流程，以便用家可放心消費！\r\n    9） 行業模版選擇: \r\n垂直的行業解決方案，滿足廣泛的業務需求\r\n立即查詢\r\n電話: +852 34603438','en','2019-04-26 23:37:33'),
	(333,'KennethBlide','boblsch9744@live.com','Novou pracovni vyzvu','UPDATE: Cryptocurrency Investing Strategy - Q2 2019. Receive passive income of $ 7,000 per month: http://jnl.io/investbitcoin78659','ru','2019-04-28 09:15:16'),
	(334,'Mauricetiz','jarnst@aol.com','Novou pracovni vyzvu','If you invested $1,000 in bitcoin in 2011, now you have $4 million: http://corta.co/investbitcoin13712','ru','2019-04-28 09:15:19'),
	(335,'PhilipSax','jack-lfc@hotmail.com','Novou pracovni vyzvu','If you invested $1,000 in bitcoin in 2011, now you have $4 million: http://kobe-web.com/search/rank.cgi?mode=link&id=793&url=https://vk.cc/9iSaPJ','ru','2019-04-28 13:24:03'),
	(336,'SylviaBaf','ad@marketsaletoday.com','Kurzy','[b]Ренессанс Кредит Вакансии Киев\r\n [/b] \r\n----------------------------------- \r\nТут многие пишут в отзывах, что на собеседование с ними было человек 30-40, а со мною были около 80! Почему онлайн-страхование не пользуется спросом? Но точные даты реализации этих планов неизвестны. Быстрая доставка и качественное. Традиционно, негативные отзывы попадаются чаще. Второй шаг к оформлению полиса лежит за кнопкой «ВОЙТИ». И в этом случае от клиента потребуется только предоставить паспорт, не утруждая себя необходимостью предъявлять документы иного характера. Очевидно, изначально данная база предназначалась для использования при клиринговых расчетах. Указать потребуется ФИО, контактные и паспортные данные. Антропов — 6,46 процентов, А. Бывают такие ситуации: Ночью поднялась температура у ребёнка, внезапно заболел зуб. Благодаря широкому спектру услуг, предоставляемых банком, в команду профессионалов по различным вакансиям требуются талантливые люди, готовые к развитию и получению дохода. Он значительно упрощает банковские операции для предпринимателей. О банке пока нет ни одного отзыва. У моряков компАс, у бухгалтеров крЕдит. Действительно, некоторые клиенты Локо-Банка, воспользовавшиеся своим правом и отказавшиеся от страховки получили смс уведомления примерно следующего содержания: «Уважаемый клиент!|Это конечно, работа не на себя, а на работодателя, но планку вам никто не устанавливает, так что заработать можно прилично. И при этом он не только дает более высокий доход, но имеет еще ряд очевидных преимуществ. Свою деятельность в России «Юникредит Банк» начал еще с 1989 г. На сегодняшний день он является крупнейшим банком в России с иностранным участием, занимая девятую строчку рейтинга по данному показателю. Определенную роль также играет и то, что деятельность банка можно с уверенностью назвать социально направленной, к тому же сегодня многие операции можно выполнять в онлайн режиме. У банка ЗЕНИТ самая большая одобряемая максимальная сумма кредита на первичное жилье, составляющая от 2 300 000 рублей. Для сайта банковской тематики официальный сайт Тинькофф банка достаточно лаконичен. Для подключения услуги достаточно на соответствующей странице сервиса Сбербанк-онлайн указать номер вашего свидетельства о регистрации авто или номер водительского удостоверения и задать периодичность проверки наличия штрафов. Для любых непредвиденных ситуация, которые далеко не всегда случаются в рабочее время, в Приватбанке создали круглосуточную горячую линию.\r\n \r\n \r\n[b]Перейдите ниже по ссылке, чтобы получить кредит:[/b] \r\n \r\n<a href=\"https://mastertarget.ru/scripts/click.php?a_aid=esif22&amp;a_bid=39b43ce0\" target=\"_blank\"><strong>почта банк</strong><br/></a><img style=\"border:0\" src=\"https://mastertarget.ru/scripts/imp.php?a_aid=esif22&amp;a_bid=39b43ce0\" width=\"1\" height=\"1\" alt=\"\" />\r\n','cs','2019-04-28 23:55:13'),
	(337,'contactmkwysm','brady_lunsford04@rambler.ru','Novou pracovni vyzvu','I\'m happy to welcome you! \r\n \r\nSending newsletters of Your commercial offers via contact forms to the sites of business organizations via all countries and domain zones of the world in all languages.  \r\n \r\nhttp://xn----7sbb1bbndheurc1a.xn--p1ai \r\n \r\nThe Letter is sent to email address of firm hundred % will get to the incoming folder! \r\n \r\nTest: \r\n10000 messages on foreign zones to your email - twenty $. \r\nWe need from You only email address, title and text of the letter. \r\n \r\nIn our price there are more 800 databases for all countries of the world. \r\nCommon databases: \r\nAll Europe 44 countries 60726150 of domains - 1100$ \r\nAll European Union 28 countries 56752547 of domain names- 1000$ \r\nAll Asia 48 countries 14662004 of sites - 300$ \r\nAll Africa 50 countries 1594390 of sites - 200$ \r\nAll North and Central America in 35 countries 7441637 of sites - 300$ \r\nAll South America 14 countries 5826884 of domains - 200$ \r\nNew domains from around the world registered 24-48 hours ago. (A cycle of 15 mailings during the month) - 500$ \r\nBusinesses of the Russian Federation 3012045 - 300$ \r\nUkraine 605745 of domains - 100$ \r\nAll Russian-speaking countries minus Russian Federation are 15 countries and there are 1526797 of domains - 200$ \r\nNew sites of the Russia, registered 24-48 hours ago (A cycle of 15 mailings during the month) - 250$ \r\n \r\nOur databases: \r\nWhois-service databases of domain names for all countries of the world. \r\nYou can purchase our databases separately from newsletter\'s service at the request. \r\n \r\nP/S \r\nPlease, do not respond to this letter from your mailbox, as it has been generated in automatic mode and will not get anywhere! \r\nUse the contact form from the site http://xn----7sbb1bbndheurc1a.xn--p1ai \r\n \r\n \r\nPRICE LIST: \r\n \r\nTest mailing: $20 – 10000 contact forms websites \r\n \r\nAll Europe 44 countries there are 60726150 websites – $1100 \r\n \r\nAll EU 28 countries there are 56752547 websites – $1000 \r\n \r\nAll Asia 48 countries there are 14662004 websites – $500 \r\n \r\nAll Africa 50 countries there are 1594390 websites – $200 \r\n \r\nAll North and Central America is 35 countries there are 7441637 websites – $300 \r\n \r\nAll South America 14 countries there are 5826884 websites – $200 \r\n \r\nTop 1 Million World’s Best websites – $100 \r\n \r\nTop 16821856 the most visited websites in the world – $200 \r\n \r\nBusinesses and organizations of the Russian Federation – there are 3012045 websites – $300 \r\n \r\nUkraine 605745 websites – $100 \r\n \r\nAll Russian-speaking countries minus Russia – there are 15 countries and 1526797 websites – $200 \r\n \r\n1499203 of hosting websites around the world (there are selections for all countries, are excluded from databases for mailings) – $200 \r\n \r\n35439 websites of public authorities of all countries of the world (selections for all countries, are excluded from databases for mailings) – $100 \r\n \r\nCMS mailings: \r\nAmiro 2294 websites $50 \r\nBitrix 175513 websites $80 \r\nConcrete5 49721 websites $50 \r\nCONTENIDO 7769 websites $50 \r\nCubeCart 1562 websites $50 \r\nDatalife Engine 29220 websites $50 \r\nDiscuz 70252 websites $50 \r\nDotnetnuke 31114 websites $50 \r\nDrupal 802121 websites $100 \r\nHostCMS 6342 websites $50 \r\nInstantCMS 4936 websites $50 \r\nInvision Power Board 510 websites $50 \r\nJoomla 1906994 websites $200 \r\nLiferay 5937 websites $50 \r\nMagento 269488 websites $80 \r\nMODx 67023 websites $50 \r\nMovable Type 13523 websites $50 \r\nNetCat 6936 websites $50 \r\nNopCommerce 5313 websites $50 \r\nOpenCart 321057 websites $80 \r\nosCommerce 65468 websites $50 \r\nphpBB 3582 websites $50 \r\nPrestashop 92949 websites $50 \r\nShopify 365755 websites $80 \r\nSimpla 8963 websites $50 \r\nSitefinity 4883 websites $50 \r\nTYPO3 227167 websites $80 \r\nUMI.CMS 15943 websites $50 \r\nvBulletin 154677 websites $80 \r\nWix 2305768 websites $230 \r\nWordPress 14467405 websites $450 \r\nWooCommerce 2097367 websites $210 \r\n \r\n.com 133766112 websites commercial – $1950 \r\n.biz 2361884 websites business – $150 \r\n.info 6216929 websites information – $250 \r\n.net 15689222 websites network – $450 \r\n.org 10922428 websites organization – $350 \r\n \r\n.abogado 279 websites – $50 \r\n.ac 16799 websites – $50 \r\n.academy 27306 websites – $50 \r\n.accountant 96542 websites – $50 \r\n.actor 1928 websites – $50 \r\n.ad 414 websites – $50 \r\n.adult 10540 websites- $50 \r\n.ae 1821 websites International zone UAE:.com.net.biz.info.org.name.tel.mobi.asia \r\n.ae 199533 websites UAE – $50 \r\n.aero 18325 websites- $50 \r\n.af 3315 websites – $50 \r\n.africa 15056 websites- $50 \r\n.ag 10339 websites – $50 \r\n.agency 47508 websites – $50 \r\n.ai 17199 websites – $50 \r\n.airforce 560 websites – $50 \r\n.al 6078 websites – $50 \r\n.alsace 1982 websites – $50 \r\n.am 17987 websites Armenia – $50 \r\n.am 1684 websites International zone Armenia:.com.net.biz.info.org.name.tel.mobi.asia \r\n.amsterdam 28141 websites Amsterdam, Kingdom of the Netherlands – $50 \r\n.ao 518 websites – $50 \r\n.apartments 3758 websites – $50 \r\n.ar 551804 websites Argentina – $80 \r\n.ar 64008 websites International zone Argentina:.com .net .biz .info .name .tel .mobi .asia – $50 \r\n.archi 2084 websites – $50 \r\n.army 1842 websites – $50 \r\n.art 26402 websites – $50 \r\n.as 10025 websites – $50 \r\n.asia 228418 websites – $80 \r\n.associates 3340 websites – $50 \r\n.at 1356722 websites Austria – $100 \r\n.at 181907 websites International zone Austria :.com.net.biz.info.org.name.tel.mobi.asia-$50 \r\n.attorney 8224 websites- $50 \r\n.attorney 7204 websites – $50 \r\n.au 2243263 websites Australia – $150 \r\n.au 461279 websites International zone Australia:.com.net.biz.info.org.name.tel.mobi.asia-$80 \r\n.auction 3625 websites- $50 \r\n.audio 23052 websites- $50 \r\n.auto 400 websites- $50 \r\n.aw 235 websites- $50 \r\n.az 11104 websites Azerbaijan – $50 \r\n.az 2036 websites International zone Azerbaijan:.com.net.biz.info.org.name.tel.mobi.asia \r\n.ba 7012 websites – $50 \r\n.ba 2291 websites International zone Bosnia and Herzegovina:.com.net.biz.info.org.name.tel.mobi.asia \r\n.band 11515 websites – $50 \r\n.bank 1621 websites- $50 \r\n.bar 5506 websites – $50 \r\n.barcelona 7919 websites – $50 \r\n.bargains 2997 websites- $50 \r\n.bayern 32565 websites – $50 \r\n.bb 2277 websites – $50 \r\n.be 1349658 websites Belgium – $100 \r\n.be 184810 websites International zone Belgium:.com.net.biz.info.org.name.tel.mobi.asia-$50 \r\n.beer 11834 websites- $50 \r\n.berlin 58088 websites Berlin – $50 \r\n.best 2912 websites – $50 \r\n.bet 17637 websites – $50 \r\n.bf 238 websites – $50 \r\n.bg 33252 websites Bulgaria – $50 \r\n.bg 50685 websites International zone Bulgaria:.com.net.biz.info.org.name.tel.mobi.asia \r\n.bh 453 websites – $50 \r\n.bi 2328 websites Burundi- $50 \r\n.bible 1160 websites – $50 \r\n.bid 474509 websites – $80 \r\n.bike 15729 websites – $50 \r\n.bingo 1332 websites – $50 \r\n.bio 15531 websites- $50 \r\n.bj 147 websites- $50 \r\n.black 6582 websites – $50 \r\n.blackfriday 12106 websites – $50 \r\n.blog 145463 websites – $50 \r\n.blue 16852 websites – $50 \r\n.bm 8089 websites Bermuda – $50 \r\n.bo 2302 websites- $50 \r\n.boats 266 websites- $50 \r\n.boston 21762 websites- $50 \r\n.boutique 8834 websites – $50 \r\n.br 2367290 websites Brazil – $150 \r\n.br 933750 websites International zone Brazil:.com.net.biz.info.org.name.tel.mobi.asia-$100 \r\n.bradesco 129 websites- $50 \r\n.broadway 261 websites- $50 \r\n.broker 660 websites- $50 \r\n.brussels 7181 websites – $50 \r\n.bs 330 websites- $50 \r\n.bt 284 websites- $50 \r\n.build 3857 websites- $50 \r\n.builders 3906 websites- $50 \r\n.business 35168 websites – $50 \r\n.buzz 11257 websites – $50 \r\n.bw 656 websites – $50 \r\n.by 1574 websites International zone Belarus:.com.net.biz.info.org.name.tel.mobi.asia \r\n.by 92679 websites Belarus – $50 \r\n.bz 7751 websites – $50 \r\n.bzh 5403 websites – $50 \r\n.ca 2587463 websites Canada – $150 \r\n.ca 288395 websites International zone Canada:.com.net.biz.info.org.name.tel.mobi.asia-$50 \r\n.cab 3223 websites – $50 \r\n.cafe 13606 websites – $50 \r\n.cam 5156 websites – $50 \r\n.camera 5236 websites – $50 \r\n.camp 6315 websites – $50 \r\n.capetown 4750 websites – $50 \r\n.capital 11387 websites – $50 \r\n.car 342 websites – $50 \r\n.cards 5992 websites – $50 \r\n.care 18204 websites – $50 \r\n.career 1217 websites – $50 \r\n.careers 7055 websites – $50 \r\n.cars 309 websites – $50 \r\n.casa 18918 websites – $50 \r\n.cash 13193 websites – $50 \r\n.casino 4354 websites – $50 \r\n.cat 108569 websites – $50 \r\n.catering 3482 websites – $50 \r\n.cc 1920589 websites Cocos Keeling Islands- $150 \r\n.cd 5365 websites – $50 \r\n.center 35353 websites – $50 \r\n.ceo 2458 websites – $50 \r\n.cf 476142 websites Central African Republic – $50 \r\n.cg 166 – $50 \r\n.ch 1471685 websites Switzerland – $100 \r\n.ch 205292 websites International zone Switzerland:.com.net.biz.info.org.name.tel.mobi.asia-$50 \r\n.chat 11126 websites – $50 \r\n.cheap 3267 websites – $50 \r\n.christmas 15255 websites – $50 \r\n.church 21104 websites – $50 \r\n.ci 112 websites International zone Cote d’Ivoire:.com.net.biz.info.org.name.tel.mobi.asia \r\n.ci 5663 websites Cote d’Ivoire- $50 \r\n.city 46171 websites – $50 \r\n.cl 498401 websites Chile – $80 \r\n.claims 2374 websites – $50 \r\n.cleaning 2385 websites – $50 \r\n.click 181015 websites – $50 \r\n.clinic 7006 websites – $50 \r\n.clothing 13639 websites – $50 \r\n.cloud 134113 websites – $50 \r\n.club 1045323 websites – $100 \r\n.cm 12001 websites Cameroon- $50 \r\n.cn 1372416 websites International zone China:.com.net.biz.info.org.name.tel.mobi.asia-$100 \r\n.cn 7264587 websites China – $300 \r\n.co 1778923 websites Colombia – $150 \r\n.coach 12002 websites- $50 \r\n.codes 6844 websites – $50 \r\n.coffee 17257 websites – $50 \r\n.cologne 5137 websites – $50 \r\n.cologne 5198 websites – $50 \r\n.com.ar 657716 websites Argentina – $80 \r\n.com.br 942898 websites Brazil – $100 \r\n.com.cy 11153 websites Cyprus – $50 \r\n.com.ni 23747 websites – $50 \r\n.com.np 38828 websites – $50 \r\n.com.ru, .net.ru, .org.ru, .spb.ru, .msk.ru 79058 websites Russia – $50 \r\n.community 13013 websites – $50 \r\n.company 61217 websites – $50 \r\n.computer 5039 websites – $50 \r\n.condos 2192 websites – $50 \r\n.construction 6804 websites – $50 \r\n.consulting 22128 websites – $50 \r\n.contractors 3982 websites – $50 \r\n.cooking 1476 websites – $50 \r\n.cool 16008 websites – $50 \r\n.coop 7879 websites – $50 \r\n.corsica 1042 websites – $50 \r\n.country 7144 websites – $50 \r\n.cr 7934 websites – $50 \r\n.credit 4020 websites – $50 \r\n.creditcard 825 websites – $50 \r\n.creditunion 511 websites – $50 \r\n.cricket 33413 websites – $50 \r\n.cruises 2234 websites – $50 \r\n.cu 137 websites – $50 \r\n.cv 1879 websites – $50 \r\n.cx 15753 websites – $50 \r\n.cy 11092 websites Cyprus – $50 \r\n.cy 710 websites International zone Cyprus:.com.net.biz.info.org.name.tel.mobi.asia \r\n.cymru 7114 websites – $50 \r\n.cz 193400 websites International zone Czech Republic:.com.net.biz.info.org.name.tel.mobi.asia-$50 \r\n.cz 930208 websites Czech Republic – $80 \r\n.dance 6290 websites – $50 \r\n.date 123037 websites – $50 \r\n.dating 2892 websites – $50 \r\n.de 15078512 websites Germany – $450 \r\n.de 3894156 websites International zone Germany:.com.net.biz.info.org.name.tel.mobi.asia-$200 \r\n.deals 8132 websites – $50 \r\n.degree 2178 websites – $50 \r\n.delivery 4782 websites – $50 \r\n.democrat 1072 websites – $50 \r\n.dental 7541 websites – $50 \r\n.dentist 3046 websites – $50 \r\n.desi 2647 websites – $50 \r\n.design 71711 websites – $50 \r\n.diamonds 2730 websites – $50 \r\n.diet 18291 websites – $50 \r\n.digital 31449 websites – $50 \r\n.direct 10629 websites – $50 \r\n.directory 18157 websites – $50 \r\n.discount 3898 websites – $50 \r\n.dj 7280 websites – $50 \r\n.dk 1320155 websites Denmark – $100 \r\n.dk 148164 websites International zone Denmark:.com.net.biz.info.org.name.tel.mobi.asia-$50 \r\n.dm 23318 websites – $50 \r\n.do 5255 websites Dominican Republic- $50 \r\n.dog 10030 websites – $50 \r\n.domains 6553 websites – $50 \r\n.download 129223 websites – $50 \r\n.durban 2247 websites – $50 \r\n.dz 982 websites – $50 \r\n.earth 8139 websites – $50 \r\n.ec 11731 websites – $50 \r\n.edu 4445 websites – $50 \r\n.edu.np 4883 websites- $50 \r\n.education 22003 websites – $50 \r\n.ee 10490 websites International zone Estonia:.com.net.biz.info.org.name.tel.mobi.asia \r\n.ee 119701 websites Estonia- $50 \r\n.eg 1699 websites – $50 \r\n.email 77321 websites – $50 \r\n.energy 9769 websites – $50 \r\n.engineer 2785 websites – $50 \r\n.engineering 5533 websites – $50 \r\n.enterprises 6153 websites – $50 \r\n.equipment 5760 websites – $50 \r\n.es 1685048 websites Spain – $100 \r\n.es 541916 websites International zone Spain:.com.net.biz.info.org.name.tel.mobi.asia-$80 \r\n.estate 9185 websites – $50 \r\n.et 124 websites – $50 \r\n.eu 3321576 websites Europe – $150 \r\n.eu 633384 websites International zone Europe:.com.net.biz.info.org.name.tel.mobi.asia-$80 \r\n.eus 8116 websites – $50 \r\n.events 22115 websites – $50 \r\n.exchange 9432 websites – $50 \r\n.expert 31240 websites – $50 \r\n.exposed 3147 websites – $50 \r\n.express 6919 websites – $50 \r\n.fail 3322 websites – $50 \r\n.faith 54195 websites – $50 \r\n.family 15577 websites – $50 \r\n.fans 1388 websites – $50 \r\n.farm 13499 websites – $50 \r\n.fashion 12475 websites – $50 \r\n.feedback 2301 websites – $50 \r\n.fi 178337 websites Finland – $50 \r\n.fi 69631 websites International zone Finland:.com.net.biz.info.org.name.tel.mobi.asia – $50 \r\n.film 3601 websites – $50 \r\n.finance 7982 websites – $50 \r\n.financial 4086 websites – $50 \r\n.fish 4162 websites – $50 \r\n.fishing 1423 websites – $50 \r\n.fit 17007 websites – $50 \r\n.fitness 9689 websites – $50 \r\n.flights 2119 websites – $50 \r\n.florist 2286 websites – $50 \r\n.flowers 25590 websites – $50 \r\n.fm 5407 websites – $50 \r\n.fo 3098 websites- $50 \r\n.football 4877 websites – $50 \r\n.forex 212 websites – $50 \r\n.forsale 7118 websites – $50 \r\n.foundation 10118 websites – $50 \r\n.fr 2391045 websites France – $150 \r\n.fr 639546 websites International zone France:.com.net.biz.info.org.name.tel.mobi.asia-$80 \r\n.frl 14028 websites – $50 \r\n.fun 86419 websites – $50 \r\n.fund 11205 websites – $50 \r\n.furniture 2246 websites – $50 \r\n.futbol 2783 websites – $50 \r\n.fyi 9772 websites – $50 \r\n.ga 12048 websites Gabon – $50 \r\n.gal 4606 websites – $50 \r\n.gallery 17263 websites – $50 \r\n.game 1996 websites – $50 \r\n.games 13234 websites – $50 \r\n.garden 914 websites – $50 \r\n.gd 4238 websites – $50 \r\n.ge 1676 websites International zone Georgia:.com.net.biz.info.org.name.tel.mobi.asia \r\n.ge 17361 websites Georgia – $50 \r\n.gent 3389 websites – $50 \r\n.gf 121 websites – $50 \r\n.gg 9443 websites – $50 \r\n.gh 693 websites – $50 \r\n.gi 1063 websites – $50 \r\n.gift 6281 websites – $50 \r\n.gifts 3757 websites – $50 \r\n.gives 1563 websites – $50 \r\n.gl 3575 websites – $50 \r\n.glass 3539 websites – $50 \r\n.global 38972 websites – $50 \r\n.gm 468 websites – $50 \r\n.gmbh 19186 websites – $50 \r\n.gold 9081 websites – $50 \r\n.golf 8319 websites – $50 \r\n.gop 1341 websites – $50 \r\n.gov 4525 websites – $50 \r\n.gov.np 1937 websites- $50 \r\n.gp 416 websites – $50 \r\n.gq 23306 websites – $50 \r\n.gr 356168 websites Greece – $80 \r\n.gr 57984 websites International zone Greece:.com.net.biz.info.org.name.tel.mobi.asia-$50 \r\n.graphics 7155 websites – $50 \r\n.gratis 4283 websites – $50 \r\n.green 3661 websites – $50 \r\n.gripe 1075 websites – $50 \r\n.group 54983 websites – $50 \r\n.gs 5108 websites – $50 \r\n.gt 15351 websites – $50 \r\n.guide 16044 websites – $50 \r\n.guitars 1278 websites – $50 \r\n.guru 60588 websites – $50 \r\n.gy 2447 websites – $50 \r\n.hamburg 23885 websites – $50 \r\n.haus 5186 websites – $50 \r\n.health 6211 websites – $50 \r\n.healthcare 8051 websites – $50 \r\n.help 13500 websites – $50 \r\n.hiphop 1064 websites – $50 \r\n.hiv 331 websites – $50 \r\n.hk 116093 websites – $50 \r\n.hm 249 websites – $50 \r\n.hn 4732 websites – $50 \r\n.hockey 1102 websites – $50 \r\n.holdings 5412 websites – $50 \r\n.holiday 5017 websites – $50 \r\n.homes 432 websites – $50 \r\n.horse 2116 websites – $50 \r\n.host 31309 websites – $50 \r\n.hosting 4132 websites – $50 \r\n.house 18096 websites – $50 \r\n.how 1957 websites – $50 \r\n.hr 16592 websites International zone Croatia:.com.net.biz.info.org.name.tel.mobi.asia \r\n.hr 43565 websites Croatia – $50 \r\n.ht 2559 websites – $50 \r\n.hu 53940 websites International zone Hungary:.com.net.biz.info.org.name.tel.mobi.asia – $50 \r\n.hu 618532 websites Hungary – $80 \r\n.id 37212 websites – $50 \r\n.ie 195987 websites Ireland – $50 \r\n.ie 49861 websites International zone Ireland:.com.net.biz.info.org.name.tel.mobi.asia – $50 \r\n.il 224167 websites Israel – $80 \r\n.il 38537 websites International zone Israel:.com.net.biz.info.org.name.tel.mobi.asia-$50 \r\n.im 20701 websites – $50 \r\n.immo 16009 websites – $50 \r\n.immobilien 7094 websites – $50 \r\n.in 1143482 websites India – $100 \r\n.in 266179 websites International zone India:.com.net.biz.info.org.name.tel.mobi.asia – $50 \r\n.industries 3749 websites – $50 \r\n.ink 27117 websites – $50 \r\n.institute 10134 websites – $50 \r\n.insure 4615 websites – $50 \r\n.int 191 websites – $50 \r\n.international 23930 websites – $50 \r\n.investments 4113 websites – $50 \r\n.io 314287 websites British Indian Ocean – $50 \r\n.iq 1118 websites – $50 \r\n.ir 15487 websites International zone Iran:.com.net.biz.info.org.name.tel.mobi.asia \r\n.ir 427735 websites Iran- $80 \r\n.irish 3326 websites – $50 \r\n.is 31176 websites Iceland – $50 \r\n.ist 10060 websites – $50 \r\n.istanbul 13139 websites – $50 \r\n.it 2258105 websites Italy – $200 \r\n.it 954040 websites International zone Italy:.com.net.biz.info.org.name.tel.mobi.asia-$100 \r\n.je 2716 websites – $50 \r\n.jetzt 11118 websites – $50 \r\n.jetzt 11704 websites – $50 \r\n.jewelry 3350 websites – $50 \r\n.jo 555 websites – $50 \r\n.jobs 46350 websites- $50 \r\n.joburg 3139 websites – $50 \r\n.jp 1146243 websites Japan – $100 \r\n.juegos 844 websites – $50 \r\n.kaufen 7134 websites – $50 \r\n.kg 664 websites International zone Kyrgyzstan:.com.net.biz.info.org.name.tel.mobi.asia \r\n.kg 8919 websites Kyrgyzstan – $50 \r\n.ki 1146 websites – $50 \r\n.kim 16637 websites- $50 \r\n.kitchen 6581 websites – $50 \r\n.kiwi 19426 websites – $50 \r\n.kn 1271 websites – $50 \r\n.koeln 23489 websites – $50 \r\n.kr 254447 websites Korea- $50 \r\n.krd 375 websites – $50 \r\n.kred 6120 websites – $50 \r\n.kw 423 websites – $50 \r\n.ky 1201 websites – $50 \r\n.kyoto 659 websites – $50 \r\n.kz 112459 websites Kazakhstan – $50 \r\n.kz 5876 websites International zone Kazakhstan:.com.net.biz.info.org.name.tel.mobi.asia \r\n.la 32189 websites Laos – $50 \r\n.land 14474 websites- $50 \r\n.lat 2971 websites – $50 \r\n.law 11842 websites – $50 \r\n.lawyer 11600 websites- $50 \r\n.lc 651 websites- $50 \r\n.lease 1855 websites- $50 \r\n.leclerc 127 websites- $50 \r\n.legal 11047 websites- $50 \r\n.lgbt 2249 websites- $50 \r\n.li 12044 websites – $50 \r\n.life 170053 websites – $50 \r\n.lighting 6096 websites – $50 \r\n.limited 5365 websites – $50 \r\n.limo 2409 websites- $50 \r\n.link 133123 websites – $50 \r\n.live 160896 websites – $50 \r\n.lk 6601 websites – $50 \r\n.loan 1932173 websites- $200 \r\n.loans 3914 websites – $50 \r\n.lol 7470 websites- $50 \r\n.london 82443 websites London, United Kingdom- $50 \r\n.love 22287 websites- $50 \r\n.lt 27710 websites International zone Lithuania:.com.net.biz.info.org.name.tel.mobi.asia \r\n.lt 89073 websites Lithuania- $50 \r\n.ltd 329225 websites – $50 \r\n.lu 43052 websites Luxembourg – $50 \r\n.lu 4125 websites International zone Luxembourg:.com.net.biz.info.org.name.tel.mobi.asia \r\n.luxury 905 websites – $50 \r\n.lv 61886 websites Latvia- $50 \r\n.lv 8887 websites International zone Latvia:.com.net.biz.info.org.name.tel.mobi.asia \r\n.ly 8013 websites – $50 \r\n.ma 51862 websites Morocco – $50 \r\n.maison 1123 websites – $50 \r\n.management 10088 websites- $50 \r\n.market 22167 websites- $50 \r\n.marketing 18262 websites- $50 \r\n.markets 816 websites- $50 \r\n.mba 3023 websites- $50 \r\n.mc 3036 websites Monaco – $50 \r\n.md 15435 websites Moldova – $50 \r\n.md 1293 websites International zone Moldova:.com.net.biz.info.org.name.tel.mobi.asia \r\n.me 761596 websites Montenegro – $80 \r\n.me 86897 websites International zone Montenegro:.com.net.biz.info.org.name.tel.mobi.asia – $50 \r\n.media 40573 websites – $50 \r\n.melbourne 10041 websites – $50 \r\n.memorial 512 websites – $50 \r\n.men 470140 websites – $80 \r\n.menu 5512 websites restaurants- $50 \r\n.mg 3380 websites Madagascar- $50 \r\n.miami 14431 websites Miami, USA – $50 \r\n.mk 12704 websites – $50 \r\n.ml 70170 websites – $50 \r\n.mma 1706 websites – $50 \r\n.mn 16710 websites – $50 \r\n.mo 573 websites – $50 \r\n.mobi 462419 websites- $80 \r\n.moda 3015 websites – $50 \r\n.moe 7709 websites – $50 \r\n.mom 3145 websites – $50 \r\n.money 9731 websites – $50 \r\n.mortgage 3126 websites – $50 \r\n.moscow 22097 websites Moscow Russian Federation- $50 \r\n.movie 2575 websites – $50 \r\n.mr 1725 websites – $50 \r\n.ms 7565 websites – $50 \r\n.mt 1623 websites Malta – $50 \r\n.mu 6175 websites – $50 \r\n.museum 34464 websites – $50 \r\n.mv 1907 websites – $50 \r\n.mw 8579 websites Malawi – $50 \r\n.mx 609278 websites Mexico- $80 \r\n.mx 86593 websites International zone Mexico:.com.net.biz.info.org.name.tel.mobi.asia-$50 \r\n.my 283349 websites Malaysia- $80 \r\n.mz 263 websites – $50 \r\n.na 781 websites – $50 \r\n.nagoya 7807 websites – $50 \r\n.name 135818 websites- $50 \r\n.navy 698 websites – $50 \r\n.nc 1240 websites – $50 \r\n.network 40018 websites – $50 \r\n.news 65546 websites – $50 \r\n.ng 16608 websites – $50 \r\n.ngo 3422 websites – $50 \r\n.ninja 49007 websites – $50 \r\n.nl 1019697 websites International zone Netherlands:.com.net.biz.info.org.name.tel.mobi.asia-$100 \r\n.nl 3566172 websites Netherlands – $200 \r\n.no 579185 websites Norway – $80 \r\n.no 74318 websites International zone Norway:.com.net.biz.info.org.name.tel.mobi.asia-$50 \r\n.nra 144 websites – $50 \r\n.nrw 18487 websites – $50 \r\n.nu 489605 websites Niue- $50 \r\n.nyc 67153 websites – $50 \r\n.nz 576127 websites New Zealand – $80 \r\n.om 1603 websites – $50 \r\n.one 63063 websites – $50 \r\n.ong 3422 websites – $50 \r\n.onl 3790 websites – $50 \r\n.online 695007 websites – $50 \r\n.ooo 6400 websites – $50 \r\n.org.np 7082 websites – $50 \r\n.org.ua 41362 websites – $50 \r\n.organic 1633 websites – $50 \r\n.osaka 628 websites – $50 \r\n.ovh 50056 websites – $50 \r\n.pa 1558 websites – $50 \r\n.paris 19283 websites – $50 \r\n.partners 6576 websites – $50 \r\n.parts 5514 websites – $50 \r\n.party 115578 websites- $50 \r\n.pe 59157 websites International zone Peru:.com.net.biz.info.org.name.tel.mobi.asia – $50 \r\n.pe 69367 websites Peru – $50 \r\n.pet 8487 websites – $50 \r\n.pf 349 websites – $50 \r\n.pg 1979 websites Papua – $50 \r\n.ph 17940 websites Philippines – $50 \r\n.photo 17165 websites- $50 \r\n.photography 50434 websites- $50 \r\n.photos 19107 websites- $50 \r\n.physio 1160 websites- $50 \r\n.pics 7659 websites- $50 \r\n.pictures 7807 websites- $50 \r\n.pink 6373 websites- $50 \r\n.pizza 5949 websites – $50 \r\n.pk 44464 websites Pakistan – $50 \r\n.pl 1675325 websites Poland – $100 \r\n.pl 327587 websites International zone Poland:.com.net.biz.info.org.name.tel.mobi.asia-$50 \r\n.place 7002 websites – $50 \r\n.plumbing 3005 websites – $50 \r\n.plus 9892 websites – $50 \r\n.pm 4401 websites – $50 \r\n.poker 3209 websites – $50 \r\n.porn 10023 websites- $50 \r\n.post 3481 websites – $50 \r\n.pr 18419 websites – $50 \r\n.press 35032 websites – $50 \r\n.pro 280776 websites – $50 \r\n.productions 6144 websites – $50 \r\n.promo 5020 websites – $50 \r\n.properties 14144 websites – $50 \r\n.property 4366 websites – $50 \r\n.ps 2050 websites – $50 \r\n.pt 17691 websites International zone Portugal:.com.net.biz.info.org.name.tel.mobi.asia-$50 \r\n.pt 225136 websites Portugal – $80 \r\n.pub 16703 websites – $50 \r\n.pw 16206 websites – $50 \r\n.py 4635 websites – $50 \r\n.qa 8503 websites – $50 \r\n.quebec 8042 websites – $50 \r\n.racing 55001 websites – $50 \r\n.re 11082 websites – $50 \r\n.realtor 39465 websites – $50 \r\n.realty 55291 websites – $50 \r\n.recipes 3251 websites – $50 \r\n.red 25701 websites – $50 \r\n.rehab 1816 websites – $50 \r\n.reise 4146 websites – $50 \r\n.reisen 9228 websites – $50 \r\n.reit 126 websites – $50 \r\n.ren 108303 websites – $50 \r\n.rent 3788 websites – $50 \r\n.rentals 11823 websites- $50 \r\n.repair 6628 websites- $50 \r\n.report 5869 websites – $50 \r\n.republican 952 websites – $50 \r\n.rest 1894 websites – $50 \r\n.restaurant 7703 websites – $50 \r\n.review 229514 websites – $80 \r\n.reviews 16132 websites- $50 \r\n.rio 1062 websites- $50 \r\n.rip 3199 websites- $50 \r\n.ro 42046 websites International zone Romania:.com.net.biz.info.org.name.tel.mobi.asia-$50 \r\n.ro 483266 websites Romania – $80 \r\n.rocks 81108 websites – $50 \r\n.rs 75503 websites Serbia – $50 \r\n.ru 5292104 websites Russian- $250 \r\n.ru 514668 websites International zone Russian:.com.net.biz.info.org.name.tel.mobi.asia -$80 \r\n.ru.com 6499 websites Russia – $50 \r\n.ruhr 9887 websites – $50 \r\n.run 10622 websites – $50 \r\n.rw 244 websites – $50 \r\n.sa 5064 websites International zone Saudi Arabia:.com.net.biz.info.org.name.tel.mobi.asia \r\n.sa 11604 websites Saudi Arabia- $50 \r\n.saarland 3825 websites – $50 \r\n.sale 35407 websites – $50 \r\n.salon 1782 websites – $50 \r\n.sarl 939 websites – $50 \r\n.sc 4942 websites Seychelles- $50 \r\n.school 11672 websites – $50 \r\n.schule 4678 websites – $50 \r\n.science 74115 websites – $80 \r\n.scot 11175 websites – $50 \r\n.sd 619 websites – $50 \r\n.se 293316 websites International zone Sweden:.com.net.biz.info.org.name.tel.mobi.asia-$50 \r\n.se 1799365 websites Sweden – $150 \r\n.seat 618 websites – $50 \r\n.security 255 websites – $50 \r\n.services 52098 websites – $50 \r\n.sex 7655 websites – $50 \r\n.sexy 18260 websites – $50 \r\n.sg 164351 websites Republic Of Singapore – $50 \r\n.sh 9408 websites – $50 \r\n.shiksha 1626 websites – $50 \r\n.shoes 5007 websites – $50 \r\n.shop 402139 websites – $80 \r\n.shopping 6297 websites – $50 \r\n.show 6946 websites – $50 \r\n.si 12879 websites International zone Slovenia:.com.net.biz.info.org.name.tel.mobi.asia – $50 \r\n.si 39749 websites Slovenia- $50 \r\n.singles 3559 websites – $50 \r\n.site 384414 websites – $80 \r\n.sk 31572 websites International zone Slovakia:.com.net.biz.info.org.name.tel.mobi.asia – $50 \r\n.sk 347101 websites Slovakia- $80 \r\n.ski 5071 websites – $50 \r\n.sl 418 websites – $50 \r\n.sm 2009 websites – $50 \r\n.sn 344 websites International zone Senegal:.com.net.biz.info.org.name.tel.mobi.asia \r\n.sn 4954 websites Senegal – $50 \r\n.so 9003 websites – $50 \r\n.soccer 2833 websites – $50 \r\n.social 19134 websites – $50 \r\n.software 13001 websites – $50 \r\n.solar 7095 websites – $50 \r\n.solutions 81282 websites – $50 \r\n.soy 1200 websites – $50 \r\n.space 220771 websites – $80 \r\n.sr 638 – $50 \r\n.srl 4391 – $50 \r\n.st 7683 websites – $50 \r\n.storage 623 – $50 \r\n.store 167141 websites – $50 \r\n.stream 239795 websites – $80 \r\n.studio 39132 websites – $50 \r\n.study 5132 websites – $50 \r\n.style 9248 websites – $50 \r\n.su 125358 websites Russian- $50 \r\n.sucks 7629 websites – $50 \r\n.supplies 3082 websites – $50 \r\n.supply 4580 websites – $50 \r\n.support 20377 websites – $50 \r\n.surf 2573 websites – $50 \r\n.surgery 1778 websites – $50 \r\n.sv 8132 websites Salvador- $50 \r\n.swiss 17323 websites – $50 \r\n.sx 3240 websites – $50 \r\n.sy 2063 websites – $50 \r\n.sydney 10073 websites – $50 \r\n.systems 26094 websites – $50 \r\n.sz 194 websites – $50 \r\n.taipei 5664 websites – $50 \r\n.tattoo 2004 websites- $50 \r\n.tax 5788 websites – $50 \r\n.taxi 5784 websites – $50 \r\n.tc 16384 websites Turks and Caicos Islands- $50 \r\n.team 18421 websites- $50 \r\n.tech 196321 websites – $50 \r\n.technology 40181 websites- $50 \r\n.tel 80752 websites- $50 \r\n.tennis 1494 websites – $50 \r\n.tf 2049 websites – $50 \r\n.tg 521 websites – $50 \r\n.th 23968 websites Kingdom Of Thailand- $50 \r\n.theater 1053 websites – $50 \r\n.tickets 1141 websites – $50 \r\n.tienda 2951 websites – $50 \r\n.tips 31287 websites- $50 \r\n.tires 960 websites – $50 \r\n.tirol 5412 websites – $50 \r\n.tj 34 websites International zone Tajikistan:.com.net.biz.info.org.name.tel.mobi.asia \r\n.tj 6804 websites Tajikistan- $50 \r\n.tk 12799253 websites Tokelau – $450 \r\n.tl 2728 websites – $50 \r\n.tm 6056 websites Turkmenistan- $50 \r\n.tm 44 websites International zone Turkmenistan:.com.net.biz.info.org.name.tel.mobi.asia \r\n.tn 27383 websites – $50 \r\n.to 16987 websites Tonga- $50 \r\n.today 98034 websites – $50 \r\n.tokyo 90132 websites – $50 \r\n.tools 10439 websites – $50 \r\n.top 2140480 websites – $200 \r\n.tours 9151 websites – $50 \r\n.town 3328 websites – $50 \r\n.toys 4391 websites – $50 \r\n.tr 138818 International zone Turkey:.com.net.biz.info.org.name.tel.mobi.asia -$50 \r\n.tr 317690 websites Turkey – $80 \r\n.trade 151130 websites – $50 \r\n.trading 896 websites – $50 \r\n.training 18192 websites – $50 \r\n.travel 18054 websites – $50 \r\n.tt 516 websites – $50 \r\n.tube 2104 websites – $50 \r\n.tv 559502 websites Tuvalu – $80 \r\n.tw 243062 websites Taiwan – $50 \r\n.tz 1874 websites – $50 \r\n.ua 117701 websites International zone Ukraine:.com.net.biz.info.org.name.tel.mobi.asia-$50 \r\n.ua 553216 websites Ukraina – $80 \r\n.ug 2331 websites Ukraina \r\n.uk 3304606 websites International zone United Kingdom:.com.net.biz.info.org.name.tel.mobi.asia-$150 \r\n.uk 5496382 websites United Kingdom – $250 \r\n.university 5799 websites – $50 \r\n.uno 16394 websites – $50 \r\n.us 3139563 websites USA – $200 \r\n.us 578927 websites International zone USA:.com.net.biz.info.org.name.tel.mobi.asia-$80 \r\n.uy 14683 websites Uruguay – $50 \r\n.uz 365 websites International zone Uzbekistan:.com.net.biz.info.org.name.tel.mobi.asia \r\n.uz 14689 websites Uzbekistan – $50 \r\n.vacations 3926 websites – $50 \r\n.vc 16606 websites – $50 \r\n.ve 14015 websites Venezuela – $50 \r\n.vegas 18008 websites Las Vegas NV United States of America – $50 \r\n.ventures 10066 websites – $50 \r\n.versicherung 2009 websites – $50 \r\n.vet 5760 websites – $50 \r\n.vg 8389 site – $50 \r\n.viajes 2512 site – $50 \r\n.video 16204 websites- $50 \r\n.villas 1940 site – $50 \r\n.vin 5094 websites – $50 \r\n.vip 755289 websites – $80 \r\n.vision 6420 websites – $50 \r\n.vlaanderen 6114 websites – $50 \r\n.vn 161855 websites International zone Vietnam:.com.net.biz.info.org.name.tel.mobi.asia – $50 \r\n.vn 436005 websites Vietnam – $80 \r\n.vodka 1420 websites – $50 \r\n.vote 2316 websites – $50 \r\n.voto 269 websites – $50 \r\n.voyage 2773 websites – $50 \r\n.vu 1201 websites – $50 \r\n.wales 13063 websites – $50 \r\n.wang 604718 websites – $80 \r\n.watch 6120 websites – $50 \r\n.webcam 60142 websites – $50 \r\n.website 207002 websites -$50 \r\n.wedding 22162 websites – $50 \r\n.wf 1188 websites – $50 \r\n.wien 14464 websites – $50 \r\n.wien 14913 websites – $50 \r\n.wiki 14129 websites wikis – $50 \r\n.win 655735 websites – $80 \r\n.wine 13095 websites – $50 \r\n.work 256086 websites – $80 \r\n.works 15112 websites – $50 \r\n.world 86012 websites – $50 \r\n.ws 97008 websites Samoa- $80 \r\n.wtf 10038 websites – $50 \r\n.xin 178450 websites – $50 \r\n.xn--3ds443g 44019 websites – $50 \r\n.xn--55qx5d 47456 websites – $50 \r\n.xn--6qq986b3xl 18188 websites – $50 \r\n.xn--czr694b 21109 websites – $50 \r\n.xn--czru2d 9020 websites – $50 \r\n.xn--fiq228c5hs 12145 websites – $50 \r\n.xn--io0a7i 30199 websites – $50 \r\n.xn--j6w193g 31764 websites – $50 \r\n.xn--kput3i 31856 websites – $50 \r\n.xn--mgbaam7a8h 2038 websites – $50 \r\n.xn--mgberp4a5d4ar 2534 websites – $50 \r\n.xn--mk1bu44c 6001 websites – $50 \r\n.xn--rhqv96g 7723 websites – $50 \r\n.xn--ses554g 198539 websites – $80 \r\n.xn--tckwe 6197 websites – $50 \r\n.xn--vuq861b 19706 websites – $50 \r\n.xxx 119879 websites- $50 \r\n.xyz 1888763 websites – $150 \r\n.yachts 154 websites – $50 \r\n.yoga 7963 websites – $50 \r\n.yokohama 8140 websites – $50 \r\n.yt 2004 websites – $50 \r\n.za 837189 websites South Africa – $100 \r\n.zm 224 websites – $50 \r\n.zone 25798 websites – $50 \r\n.бг (.xn--90ae) 2470 websites – $50 \r\n.дети 169 websites – $50 \r\n.москва (.xn--80adxhks) 19582 websites Moscow – $50 \r\n.онлайн 3403 websites – $50 \r\n.орг 1160 websites – $50 \r\n.рус (.xn--p1acf) 110789 websites – $50 \r\n.рф (.xn--p1ai) 869759 websites Russia – $80 \r\n.сайт 1146 websites – $50 \r\n.укр (.xn--j1amh) 10563 websites- $50 \r\n.संगठन 105  sites – $50 \r\n>.みんな 166  sites – $50 \r\n.コム    6532  sites – $50 \r\n.世界    4171  sites – $50 \r\n.公司    46161  sites – $50 \r\n.商城    6 907  sites – $50 \r\n.商标    9865  sites – $50 \r\n.我爱你 15465  sites – $50 \r\n.手机    31543  sites – $50 \r\n.机构    243  sites – $50 \r\n.游戏    187  sites – $50 \r\n.移动    3277  sites – $50 \r\n.网店    3711  sites – $50 \r\n.网络    30808  sites – $50 \r\n.닷컴    5937  sites – $50 \r\n.بازار  sites 648 – $50 \r\n.شبكة   sites 833 – $50 \r\n.موقع   sites 478 – $50','cs','2019-04-29 11:48:26'),
	(338,'Mauricetiz','travelingsoldjer@comcast.net','Novou pracovni vyzvu','iPhone XS Giveaway Contest - Enter to Win an iPhone XS Free: http://corta.co/winiphone34764','ru','2019-04-30 05:34:55'),
	(339,'KennethBlide','deniseandbill@alltel.net','Êóðñû','Now\'s your chance to win a free iPhone X: http://corta.co/winiphone47491','ru','2019-04-30 06:28:11'),
	(340,'PhilipSax','fhqvwn@163.com','Êóðñû','Enter to win an iPhone XS Max & AirPods in this free giveaway: http://www.lookweb.it/winiphone85029','ru','2019-04-30 06:28:11'),
	(341,'Davidmus','gunrussia@scryptmail.com','Novou pracovni vyzvu','25 charging traumatic pistols shooting automatic fire! Modified Makarov pistols with a silencer! Combat Glock 17 original or with a silencer! And many other types of firearms without a license, without documents, without problems! \r\nDetailed video reviews of our products you can see on our website. \r\n \r\nIf the site is unavailable or blocked, email us at - Gunrussia@secmail.pro   or  Gunrussia@elude.in \r\nAnd we will send you the address of the backup site!','cs','2019-05-01 02:53:30'),
	(342,'Donalddiugs','dwynflt@yahoo.com','Novou pracovni vyzvu','Now\'s your chance to win a free iPhone X: http://www.vkvi.net/winiphone15306','ru','2019-05-01 06:48:48'),
	(343,'MarcusFrurb','owen.evans.70@mail.ru','Kurzy',' \r\n[url=https://www.affiliate-programs.biz/banner-ads-ctr/   ]Banner Ads CTR[/url] - dating affiliate programs pay per lead, CPA networks','cs','2019-05-01 16:45:47'),
	(344,'Williamuride','allenbody@hotmail.com','Êóðñû','Iphone X Giveaway! Win iPhone for free: http://ttree.co/winiphone78437','ru','2019-05-02 09:39:42'),
	(345,'Eduardohah','narakron_2001@hotmail.com','Êóðñû','Enter to win an iPhone XS Max & AirPods in this free giveaway: http://jnl.io/winiphone77851','ru','2019-05-02 11:54:13'),
	(346,'JoshuaNax','viduh@hotmail.com','Êóðñû','iPhone XS Giveaway Contest - Enter to Win an iPhone XS Free: http://corta.co/winiphone53658','ru','2019-05-02 14:28:20'),
	(347,'lolkalo','pashenka.shestakov.82@mail.ru','Novou pracovni vyzvu','Hello. And Bye.','cs','2019-05-03 23:23:15'),
	(348,'Williamuride','phof0709@gmail.com','Novou pracovni vyzvu','Meet sexy girls in your city: http://www.lookweb.it/bestadultdating56848','ru','2019-05-05 03:04:27'),
	(349,'Eduardohah','sh.op.pin.g.48service@gmail.com','Êóðñû','Beautiful women for sex in your town: http://webhop.se/bestadultdating82757','ru','2019-05-05 03:04:29'),
	(350,'JoshuaNax','nileshmw@yahoo.com','Êóðñû','Find yourself a girl for the night in your city: http://www.lookweb.it/bestadultdating88947','ru','2019-05-05 07:41:28'),
	(351,'DenNok','vfxbw4axv@gastroplasty.icu','Novou pracovni vyzvu','University of South Dakota is a comprehensive, liberal arts university offering undergraduate, graduate and professional programs.  \r\nhttp://bobijoel.ml/page/what-are-the-requirements-to-be-a-dental-hygienist/ ','cs','2019-05-06 08:42:04'),
	(352,'KennethBlide','tackiss@hotmail.com','Êóðñû','Sexy girls for the night in your town: http://www.lookweb.it/bestadultdating89731','ru','2019-05-07 03:20:55'),
	(353,'Donalddiugs','dlaurahilton@yahoo.com','Êóðñû','Beautiful women for sex in your town: http://corta.co/bestadultdating39147','ru','2019-05-07 05:14:07'),
	(354,'Mauricetiz','steve6201@yahoo.com','Êóðñû','Meet sexy girls in your city: http://jnl.io/bestadultdating41665','ru','2019-05-07 06:11:24'),
	(355,'PhilipSax','druils@yandex.ru','Êóðñû','Sexy girls for the night in your town: https://aaa.moda/bestadultdating88182','ru','2019-05-07 06:23:20'),
	(356,'DennisBex','ktpvn410@gmail.com','Courses',' \r\nПункт секционирования псс-10, КТП КОМПЛЕКТНЫЕ ТРАНСФОРМАТОРНЫЕ ПОДСТАНЦИИ москва, Производство ктп москва и не только Вы найдете на нашем специализированном сайте: http://sviloguzov.ru/ - Это то, что Вам нужно!	','en','2019-05-07 20:16:09'),
	(357,'HeatherFah','fedor.borodov@mail.ru','Kurzy','Одним из самых больших недостатков Skype когда-то давно был платный доступ к групповым видеозвонкам. Времена меняются. Читайте об этом подробнее на сайте [url=http://slapk.ru]slapk.ru[/url]','cs','2019-05-07 22:33:24'),
	(358,'Hannah Wilson','vnowstorm@yahoo.com','Hiring new professionals','Hey nice site.  You seem like a hard working company, Im sure you do well.  \r\n\r\nWhat if you had even more sales or customers, would you be able to keep up?  \r\n\r\nWe direct people that are interested in your products / services to you.     Discover how we can increase the visitors to your business:\r\n\r\nhttps://bestvisitors.icu/boost?=acamar.cz\r\n\r\nAllison\r\n\r\n\r\n\r\n\r\n\r\n\r\n\r\n\r\n\r\n\r\n\r\n\r\n\r\n\r\n\r\n\r\n\r\n\r\n\r\n361 Southwest Drive Suite #731 Jonesboro, AR 72401\r\n\r\nNot the right commercial message for you?  All good, we don’t\' want to bother you, please opt out here:  https:/bestvisitors.icu/unsubscribe.php?site=acamar.cz \r\n\r\n\r\n\r\n\r\n\r\n\r\n','en','2019-05-08 12:11:33'),
	(359,'Maria Stouts','mstouts@moreseats.xyz','New professional challenge','I hope you and your friends have an awesome time with Tony and Dean. It will certainly be a story to talk about in the future of how you got to work with Tony Robbins with your friends...lol. Here is your link https://moreseats.xyz/tl/?=acamar.cz . I put everything on my expense account ','en','2019-05-08 12:22:08'),
	(360,'Seth Lau','analytics@ovolo.biz','Courses','Hello,\r\n\r\nYou can now get a complete list of all your website visitors within the last 12 months using the new Web Leads 2.0 Extension. The Web Leads report contains all company names, addresses, phone numbers, websites, contact person, email addresses, and important metrics that track your website’s most popular pages.\r\n\r\nFor more details and free access, visit the link below.\r\nhttp://bit.ly/analyticsleads\r\n\r\nSincerely,\r\nFastbase [Extension to Google Analytics]','en','2019-05-08 14:35:25'),
	(361,'PhilipSax','servis-copier@yandex.ru','Êóðñû','UPDATE: Cryptocurrency Investing Strategy - Q2 2019. Receive passive income of $ 7,000 per month: http://www.lookweb.it/investminingcrypto75839','ru','2019-05-08 15:21:08'),
	(362,'KennethBlide','shawntelloneal19@yahoo.com','Êóðñû','Invest in mining cryptocurrency $ 5000 once and get passive income of $ 7000 per month: http://corta.co/investmining87830','ru','2019-05-08 15:33:26'),
	(363,'Donalddiugs','terrelljcooper@yahoo.com','Êóðñû','Invest $ 5,000 in cryptocurrency once and get $ 7,000 passive income per month: http://corta.co/investmining80700','ru','2019-05-08 16:46:28'),
	(364,'LauraVudge','wwweeestta@mail.ru','Novou pracovni vyzvu',' \r\nI really want to fuck! \r\nYou can see how I fuck myself in the ass on the camera! \r\nRegister and write me my nickname Xenia21 \r\nHere is a link to my camera >>> \r\nhttp://b.link/mysexcam/','cs','2019-05-09 06:31:26'),
	(365,'Sharonpef','great.boroda4@yandex.com','Novou pracovni vyzvu','Hello! \r\nWhere I can download XEvil 4.0 for free? \r\n \r\nThank you','ru','2019-05-10 02:23:22'),
	(366,'Francesvubpamp','angelaWrilky@gmail.com','Kurzy','Ciao!  acamar.cz \r\n \r\nWe propose \r\n \r\nSending your message through the feedback form which can be found on the sites in the Communication section. Feedback forms are filled in by our program and the captcha is solved. The profit of this method is that messages sent through feedback forms are whitelisted. This method increases the odds that your message will be open. Mailing is done in the same way as you received this message. \r\nYour  commercial offer will be read by millions of site administrators and those who have access to the sites! \r\n \r\nThe cost of sending 1 million messages is $ 49 instead of $ 99. (you can select any country or country domain) \r\nAll USA - (10 million messages sent) - $399 instead of $699 \r\nAll Europe (7 million messages sent)- $ 299 instead of $599 \r\nAll sites in the world (25 million messages sent) - $499 instead of $999 \r\n \r\n \r\nDiscounts are valid until May 15. \r\nFeedback and warranty! \r\nDelivery report! \r\nIn the process of sending messages we don\'t break the rules GDRP. \r\n \r\nThis message is automatically generated to use our contacts for communication. \r\n \r\n \r\n \r\nContact us. \r\nTelegram - @FeedbackFormEU \r\nSkype – FeedbackForm2019 \r\nEmail - FeedbackForm@make-success.com \r\nWhatsApp - +44 7598 509161 \r\nhttp://bit.ly/2WbjUKb \r\n \r\nSorry to bother you.','cs','2019-05-10 08:50:14'),
	(367,'Eduardohah','anne_die_celini@hotmail.com','Novou pracovni vyzvu','How to invest in bitcoins $ 5000 - get a return of up to 2000%: http://jnl.io/investminingcrypto29010','ru','2019-05-10 14:13:50'),
	(368,'Williamuride','kobdwd@gmail.com','Êóðñû','UPDATE: Cryptocurrency Investing Strategy - Q2 2019. Receive passive income of $ 7,000 per month: http://goto.iamaws.com/investmining40973','ru','2019-05-11 00:39:28'),
	(369,'StanleyTus','mis.lisichka@gmail.com','Novou pracovni vyzvu','Invest $ 5,000 in Bitcoin mining once and get $ 7,000 passive income per month: http://www.vkvi.net/investmining99981','ru','2019-05-11 01:06:45'),
	(370,'Eric','eric@talkwithcustomer.com','New professional challenge','Hello,\r\n\r\nYou know it’s true.\r\n\r\nYour competition just can’t hold a candle to the way you DELIVER real solutions to your customers at acamar.cz\r\n\r\nBut it’s a shame when good people who need what you have to offer wind up settling for second best or even worse.\r\n  \r\nNot only do they deserve better, you deserve to be at the top of their list.\r\n \r\nTalkWithCustomer can reliably turn your website into a serious, lead generating machine.\r\n \r\nWith TalkWithCustomer installed on your site, visitors can either call you immediately or schedule a call for you in the future.\r\n  \r\nAnd the difference to your business can be staggering – up to 100X more leads could be yours, just by giving TalkWithCustomer a FREE 14 Day Test Drive.\r\n \r\nThere’s absolutely NO risk to you, so CLICK HERE http://www.talkwithcustomer.com to sign up for this free test drive now. \r\n \r\nTons more leads? You deserve it.\r\n\r\nSincerely,\r\nAndy\r\n\r\nPS:  Odds are, you won’t have long to wait before seeing results:\r\n-This service makes an immediate difference in getting people on the phone right away before they have a chance to turn around and surf off to a competitor’s website.- David Traylor, Traylor Law Firm\r\n  \r\nWhy wait any longer?  \r\n\r\nCLICK HERE http://www.talkwithcustomer.com to take the FREE 14-Day Test Drive and start converting up to 100X more leads today!\r\n\r\nIf you\'d like to unsubscribe click here. http://liveserveronline.com/talkwithcustomer.aspx?d=acamar.cz\r\n','en','2019-05-11 22:48:35'),
	(371,'FerminBanna','ktpvn411@gmail.com','Courses',' \r\nКтп утепленные 25-2500ква пку6, КТП КОМПЛЕКТНЫЕ ТРАНСФОРМАТОРНЫЕ ПОДСТАНЦИИ москва, Производство ктп москва и др. Вы найдете на нашем специализированном сайте: - Добро пожаловать!https://vk.com/club111724259','en','2019-05-12 01:32:14'),
	(372,'DennisBex','ktpvn413@gmail.com','Novou pracovni vyzvu',' \r\nКтпну, Ктп комплектные трансформаторные подстанции москва, Производство ктп москва, а также многое другое Вы найдете на нашем специализированном сайте:https://sviloguzov.ru/ - Вы нашли то, что искали!	','ru','2019-05-12 06:16:06'),
	(373,'Bernplamy','zdpcr4gtp@papillomadelete.info','Kurzy','Venezuelans in the diaspora encounter people like these on a daily basis and they must choose between having an argument with an acquaintance or with a perfect stranger, or biting their tongue and carrying on with their day with that bitter aftertaste of feeling invisibilized, oppressed by someone foreign who is using his privilege (be it language fluency, immigration status or nationality) to  \r\n[url=http://magdalenabus.tk/page/why-are-my-lips-burning/]Why are my lips burning[/url] ','cs','2019-05-12 07:26:43'),
	(374,'DanielPrait','michaelBut@gmail.com','Novou pracovni vyzvu',' Hy there,  Look what we have an eye to you! an signaloffer \r\n Are you in?  \r\n \r\nhttps://drive.google.com/file/d/1X3ysPGN8z8rAFfaFP_A6nrWVBXLGyFqc/preview','cs','2019-05-12 07:54:11'),
	(375,'PhilipSax','amit.agarwal@antiquelimited.com','Novou pracovni vyzvu','Cryptocurrency Trading & Investing Strategy for 2019. Receive passive income of $ 7,000 per month: http://rih.co/investmining60368','ru','2019-05-12 09:15:31'),
	(376,'Donalddiugs','peaches_amy69@yahoo.com','Êóðñû','Invest $ 5,000 in Bitcoin mining once and get $ 7,000 passive income per month: http://to.ht/investmining55898','ru','2019-05-12 10:37:18'),
	(377,'LauraVudge','wwweeestta@mail.ru','Novou pracovni vyzvu',' \r\nFuck it in the ass.On the camera for free!My nickname on the site Xenia21 link to my free webcam \r\nhttp://b.link/mysexcam/ \r\n','cs','2019-05-12 11:02:57'),
	(378,'Mauricetiz','jjkirkpatrick@2die.com','Novou pracovni vyzvu','UPDATE: Cryptocurrency Investing Strategy - Q2 2019. Receive passive income of $ 7,000 per month: http://www.lookweb.it/investmining27363','ru','2019-05-12 14:18:13'),
	(379,'Donaldmat','raya.rushchak@mail.ru','Kurzy','[url=http://buycvvfullz.com]us fullz info sell cvv[/url] - with pin buy dums, dumps with pin','cs','2019-05-12 14:33:37'),
	(380,'RaymondblisA','ktpvn411@gmail.com','Courses',' \r\n<a href=https://www.youtube.com/channel/UC1cYrTK60CnmXE3hvNRhejg/featured?view_as=subscriber>трансформаторная подстанция ктп</a>','en','2019-05-12 21:53:18'),
	(381,'Ashleybuh','mmaallkk217799@mail.ru','Kurzy','Looking for a boyfriend!!! \r\nRegister and write me my nickname Xenia21 \r\nlink to my free webcam \r\nhttp://b.link/mysexcam/','cs','2019-05-13 15:57:10'),
	(382,'FerminBanna','ktpvn411@gmail.com','Novou pracovni vyzvu',' \r\nКтп сэндвич 25-2500ква псс-10-пу, Ктп комплектные трансформаторные подстанции москва, Производство ктп москва и другое на нашем специализированном сайте: - Это то, что Вам нужно!https://vk.com/club111724259','ru','2019-05-13 21:13:17'),
	(383,'StanleyTus','ravikashfiji@gmail.com','Novou pracovni vyzvu','If you invested $1,000 in bitcoin in 2011, now you have $4 million: http://to.ht/investmining99664','ru','2019-05-14 01:30:48'),
	(384,'Lindaitave','mmaallkk217799@mail.ru','Kurzy','Looking for a boyfriend!!! \r\nRegister and write me my nickname Xenia21 \r\nlink to my free webcam \r\nhttp://b.link/mysexcam/','cs','2019-05-14 03:57:03'),
	(385,'RaymondblisA','ktpvn411@gmail.com','Êóðñû',' \r\n<a href=https://www.youtube.com/watch?v=DfxQE2fk354&list=PLnzw9EuFoSBmLO4djI4GCHKBjaGqjKOcS&index=4&t=0s>обслуживание трансформаторных подстанций</a>','ru','2019-05-14 06:53:36'),
	(386,'MelanieMal','dengov77777@mail.ru','Novou pracovni vyzvu',' \r\nFuck it in the ass.On the camera for free!My nickname on the site Xenia21 link to my free webcam \r\nhttp://b.link/mysexcam/ \r\n','cs','2019-05-14 15:24:31'),
	(387,'Terrellphica','bogd.a.nus.i.k.o.w@inbox.ru','Novou pracovni vyzvu','Пантогор - гель для суставов быстро избавит от боли в суставах без вреда для здоровья. \r\nПолная потеря дееспособности и жизнь без надежды на будущее - вот, что вам грозит, если вы не позаботитесь о своих суставах! \r\nЖить полноценной жизнью или провести остаток своих дней в инвалидном кресле - решать вам! \r\nПо данным Всемирной организации по борьбе <b>с болезнями суставов</b>, 80% людей в мире имеют проблемы с суставами. Самое страшное, что заболевания суставов приводят <b>к параличу и инвалидности</b>. На сегодняшний день есть одно единственное средство, которое отличается от всех существующих до этого средств. Это средство Пантогор. \r\nОсновной компонент Пантогора - <b>панты канадского марала</b>. Панты канадского марала <b>активируют</b> природные <b>силы организма и запускают</b> процесс его <b>самовосстановления</b>. Все остальные компоненты действуют <b>синергически - дополняют и усиливают</b> действие друг друга. <b>Прием</b> средства Пантогор <b>гарантирует</b> вам <b>избавление от боли в суставах</b> всего <b>за 1 курс</b>. \r\nВнимание! Акция действует только на территории России и стран СНГ! \r\nУспейте оформить заказ по выгодной промо-цене! \r\nЗаказать Пантогор Здесь --> http://c.trktp.ru/ud6b \r\n \r\nhttps://make-my-link-longer.glitch.me/show/dlkjfhgaljkdghjtrhgLKAJASDLAhkj1239856fhAHOSfho2ihfp212085g802p3dhlslkdhfp31083g24g21kjehglewkjrhglekjhedlkjfhgaljkdghjtrhgLKAJASDLAhkj1239856fhAHOSfho2ihfp212085g802p3dhlslkdhfp31083g24g21kjehglewkjrhglekjhedlkjfhgaljkdghjtrhgLKAJASDLAhkj1239856fhAHOSfho2ihfp212085g802p3dhlslkdhfp31083g24g21kjehglewkjrhglekjhedlkjfhgaljkdghjtrhgLKAJASDLAhkj1239856fhAHOSfho2ihfp212085g802p3dhlslkdhfp31083g24g21kjehglewkjrhglekjhehttp8fh0208rhflaifh20r8Kja0dSasfHAAS13ufAFfHqo47vbaoe82024ug1fhAISIGOUQEF1381313fffHqo47vbaoe82024ug1fhAISIGOUQEF1381313ffvvbo2yu1397vbSAOSUfg2048aksdhASLDASdhtfHqo47vbaoe82024ug1fhAISIGOUQEF1381313ffNDQWdlkjfhgaljkdghjtrhgLKAJASDLAhkj1239856fhAHOSfho2ihfp212085g802p3dhlslkdhfp31083g24g21kjehglewkjrhglekjhedlkjfhgaljkdghjtrhgLKAJASDLAhkj1239856fhAHOSfho2ihfp212085g802p3dhlslkdhfp31083g24g21kjehglewkjrhglekjhedlkjfhgaljkdghjtrhgLKAJASDLAhkj1239856fhAHOSfho2ihfp212085g802p3dhlslkdhfp31083g24g21kjehglewkjrhglekjhedlkjfhgaljkdghjtrhgLKAJASDLAhkj1239856fhAHOSfho2ihfp212085g802p3dhlslkdhfp31083g24g21kjehglewkjrhglekjhe?utm_source=facebook&utm_medium=main&utm_campaign=THIS_TOTALLY_UNOBTRUSIVE_CAMPAIGN_NAME&utm_content=some_sad_place_on_the_internet&more_ridiculous_things_in_your_links=because_why_not&maybe_we_can=write_poetry_in_utm_links&utm_utm_utm_utm_utm_param=bye&oh_and_dont_forget_the_facebook_click_id=thanks&fbclid=IwAR0fgPKx3ebuM5dpH3FG8MlCITeSVkGFFeNlQX31Tiu4pmNvAoi_Sw44Knk','cs','2019-05-14 22:18:40'),
	(388,'Donalddiugs','chandra_ka@hotmail.com','Novou pracovni vyzvu','Cryptocurrency Trading & Investing Strategy for 2019. Receive passive income of $ 7,000 per month: http://www.vkvi.net/investminingcrypto96587','ru','2019-05-15 08:53:57'),
	(389,'PhilipSax','maba14764@blueyonder.co.uk','Êóðñû','Invest $ 5,000 in Bitcoin once and get $ 7,000 passive income per month: http://www.lookweb.it/investminingcrypto75839','ru','2019-05-15 13:29:28'),
	(390,'Terrellphica','b.o.gda.n.usikow@inbox.ru','Kurzy','Пантогор - гель для суставов быстро избавит от боли в суставах без вреда для здоровья. \r\nПолная потеря дееспособности и жизнь без надежды на будущее - вот, что вам грозит, если вы не позаботитесь о своих суставах! \r\nЖить полноценной жизнью или провести остаток своих дней в инвалидном кресле - решать вам! \r\nПо данным Всемирной организации по борьбе <b>с болезнями суставов</b>, 80% людей в мире имеют проблемы с суставами. Самое страшное, что заболевания суставов приводят <b>к параличу и инвалидности</b>. На сегодняшний день есть одно единственное средство, которое отличается от всех существующих до этого средств. Это средство Пантогор. \r\nОсновной компонент Пантогора - <b>панты канадского марала</b>. Панты канадского марала <b>активируют</b> природные <b>силы организма и запускают</b> процесс его <b>самовосстановления</b>. Все остальные компоненты действуют <b>синергически - дополняют и усиливают</b> действие друг друга. <b>Прием</b> средства Пантогор <b>гарантирует</b> вам <b>избавление от боли в суставах</b> всего <b>за 1 курс</b>. \r\nВнимание! Акция действует только на территории России и стран СНГ! \r\nУспейте оформить заказ по выгодной промо-цене! \r\nЗаказать Пантогор Здесь --> http://c.trktp.ru/ud6b \r\n \r\nhttps://make-my-link-longer.glitch.me/show/dlkjfhgaljkdghjtrhgLKAJASDLAhkj1239856fhAHOSfho2ihfp212085g802p3dhlslkdhfp31083g24g21kjehglewkjrhglekjhedlkjfhgaljkdghjtrhgLKAJASDLAhkj1239856fhAHOSfho2ihfp212085g802p3dhlslkdhfp31083g24g21kjehglewkjrhglekjhedlkjfhgaljkdghjtrhgLKAJASDLAhkj1239856fhAHOSfho2ihfp212085g802p3dhlslkdhfp31083g24g21kjehglewkjrhglekjhedlkjfhgaljkdghjtrhgLKAJASDLAhkj1239856fhAHOSfho2ihfp212085g802p3dhlslkdhfp31083g24g21kjehglewkjrhglekjhehttp8fh0208rhflaifh20r8Kja0dSasfHAAS13ufAFfHqo47vbaoe82024ug1fhAISIGOUQEF1381313fffHqo47vbaoe82024ug1fhAISIGOUQEF1381313ffvvbo2yu1397vbSAOSUfg2048aksdhASLDASdhtfHqo47vbaoe82024ug1fhAISIGOUQEF1381313ffNDQWdlkjfhgaljkdghjtrhgLKAJASDLAhkj1239856fhAHOSfho2ihfp212085g802p3dhlslkdhfp31083g24g21kjehglewkjrhglekjhedlkjfhgaljkdghjtrhgLKAJASDLAhkj1239856fhAHOSfho2ihfp212085g802p3dhlslkdhfp31083g24g21kjehglewkjrhglekjhedlkjfhgaljkdghjtrhgLKAJASDLAhkj1239856fhAHOSfho2ihfp212085g802p3dhlslkdhfp31083g24g21kjehglewkjrhglekjhedlkjfhgaljkdghjtrhgLKAJASDLAhkj1239856fhAHOSfho2ihfp212085g802p3dhlslkdhfp31083g24g21kjehglewkjrhglekjhe?utm_source=facebook&utm_medium=main&utm_campaign=THIS_TOTALLY_UNOBTRUSIVE_CAMPAIGN_NAME&utm_content=some_sad_place_on_the_internet&more_ridiculous_things_in_your_links=because_why_not&maybe_we_can=write_poetry_in_utm_links&utm_utm_utm_utm_utm_param=bye&oh_and_dont_forget_the_facebook_click_id=thanks&fbclid=IwAR0fgPKx3ebuM5dpH3FG8MlCITeSVkGFFeNlQX31Tiu4pmNvAoi_Sw44Knk','cs','2019-05-16 00:18:02'),
	(391,'KennethBlide','stealthman21@hotmail.com','Novou pracovni vyzvu','If you invested $1,000 in bitcoin in 2011, now you have $4 million: http://corta.co/investminingcrypto40749','ru','2019-05-16 16:22:57'),
	(392,'PhilipSax','Mikemorgan6@hotmail.co.uk','Novou pracovni vyzvu','Hey. I will sell a profitable database of email addresses (19 000 000 emails) only to 3 people. \r\nAs seen on the screenshot below, from May 1 to May 16, I earned $ 13,000 on just one affiliate program. \r\nThis is a very good result. You will be able to promote your proposals on this database and be in a huge plus. \r\nI do not provide email distribution services, I send only my offers. \r\nI sell the base because it is a good way to earn extra money + my earnings in affiliate programs, the relevance of the base will not suffer from this. \r\nGEO base as you see mainly the United States and other developed solvent countries. \r\nI collected the base myself + bought from private sellers which you will not find anywhere else. \r\n \r\nBase format: \r\nmail1@gmail.com \r\nmail@mail.com \r\nMail3@hotmail.com \r\nThat is, only email addresses in a column. \r\nThe base price is $ 15,000 only in bitcoins at the current rate. \r\nIf you know why you need this database, you know how to make mass email mailings and are ready to buy an email sheet from me then write to me on the contacts below. \r\nI do not answer stupid questions, I just ignore them. \r\n \r\n \r\nProof-1: \r\nhttps://imgur.com/EtxAk8B \r\n \r\nThe total earned amount from email mailings from May 1 to 16: \r\nhttps://imgur.com/mmshjVH \r\n \r\n \r\nContact Telegram: \r\nhttps://t.me/maribright \r\n@maribright','ru','2019-05-17 20:46:41'),
	(393,'Edwardgex','janetdolan@msn.com','Êóðñû','Hey. I will sell a profitable database of email addresses (19 000 000 emails) only to 3 people. \r\nAs seen on the screenshot below, from May 1 to May 16, I earned $ 13,000 on just one affiliate program. \r\nThis is a very good result. You will be able to promote your proposals on this database and be in a huge plus. \r\nI do not provide email distribution services, I send only my offers. \r\nI sell the base because it is a good way to earn extra money + my earnings in affiliate programs, the relevance of the base will not suffer from this. \r\nGEO base as you see mainly the United States and other developed solvent countries. \r\nI collected the base myself + bought from private sellers which you will not find anywhere else. \r\n \r\nBase format: \r\nmail1@gmail.com \r\nmail@mail.com \r\nMail3@hotmail.com \r\nThat is, only email addresses in a column. \r\nThe base price is $ 15,000 only in bitcoins at the current rate. \r\nIf you know why you need this database, you know how to make mass email mailings and are ready to buy an email sheet from me then write to me on the contacts below. \r\nI do not answer stupid questions, I just ignore them. \r\n \r\n \r\nProof-1: \r\nhttps://imgur.com/EtxAk8B \r\n \r\nThe total earned amount from email mailings from May 1 to 16: \r\nhttps://imgur.com/mmshjVH \r\n \r\n \r\nContact Telegram: \r\nhttps://t.me/maribright \r\n@maribright','ru','2019-05-18 06:03:08'),
	(394,'MelanieMal','dengov77777@mail.ru','Novou pracovni vyzvu',' \r\nI really want to fuck! \r\nYou can see how I fuck myself in the ass on the camera! \r\nRegister and write me my nickname Xenia21 \r\nHere is a link to my camera >>> \r\nhttp://b.link/mysexcam/','cs','2019-05-18 14:32:28'),
	(395,'Davidevids','b.rat.is.hh.ewaek.a.te.ri.na@bk.ru','Novou pracovni vyzvu','«Папиловит» — быстро и безопасно избавит от любых папиллом и бородавок. \r\nНаш сайт: https://lcokbhlw.bestseller-super.ru','cs','2019-05-18 21:52:12'),
	(396,'Eduardohah','humphreylarina@yahoo.com','Novou pracovni vyzvu','Beautiful girls for sex in your city UK: http://www.lookweb.it/bestadultdating89823','ru','2019-05-20 04:58:01'),
	(397,'StanleyTus','payohapolveem@gmail.com','Novou pracovni vyzvu','Beautiful girls for sex in your city UK: http://www.vkvi.net/bestadultdating33775','ru','2019-05-20 06:10:22'),
	(398,'JoshuaNax','kamoln7@gmail.com','Êóðñû','Find yourself a girl for the night in your city: https://tinyurl.com/bestadultdating79933','ru','2019-05-20 06:18:06'),
	(399,'Donalddiugs','s_crane@hotmail.com','Êóðñû','The best women for sex in your town UK: http://www.abcagency.se/bestadultdating65794','ru','2019-05-21 13:13:25'),
	(400,'Mauricetiz','pinkautumnale@yahoo.com','Êóðñû','The best women for sex in your town USA: http://ttree.co/bestadultdating64572','ru','2019-05-21 14:51:12'),
	(401,'KennethBlide','bestrosie@hotmail.com','Novou pracovni vyzvu','Meet sexy girls in your city Canada: https://lil.ink/bestadultdating15187','ru','2019-05-21 15:24:38'),
	(402,'PhilipSax','debbihah@yahoo.fr','Novou pracovni vyzvu','Find yourself a girl for the night in your city Canada: https://lil.ink/bestadultdating84725','ru','2019-05-21 17:00:33'),
	(403,'Jeffgaw22','compreasfefisthei@mail.ru','Êóðñû','Aneta Ocean looks like a granny     https://www.your-popart.com/get_gmaps.php?https://www.xxx24.online ','ru','2019-05-22 14:54:42'),
	(404,'Ddolla2mig','mybenbirdwindmy@mail.ru','Novou pracovni vyzvu','Here is    <a href=http://depingon.fr/tag/diat>address</a> ','ru','2019-05-23 14:41:13'),
	(405,'Vitalii','vitaliy.friber@gmail.com','Novou pracovní výzvu','Добрый день, Ище роботу в Праге. Java Програмиста. Возможно у Вас есть какието варианти. Спасибо за ответ. Хорошего дня.','ru','2019-05-23 19:11:40'),
	(406,'Robertgef','svetlanacol0sova@yandex.ua','Kurzy','Let your bitcoins brings you +10% per 2 days. \r\nGet paid automatically and earn again! \r\n \r\nTry  http://dc-btc.site \r\none click registration and getting asset \r\n \r\nPowered by Mutual assistance Algorithm and Blockchain. \r\nWarranty!','cs','2019-05-23 22:51:16'),
	(407,'Eduardohah','cpsa@hotmail.it','Novou pracovni vyzvu','Wie man in bitcoins $ 5000 investiert - erzielt eine Rendite von bis zu 2000%: http://solarenta.dk/bitrix/redirect.php?event1=&event2=&event3=&goto=http%3A%2F%2Fbestprofits-for-you-21.com%2F%3Fu%3Du348mwe%26o%3D6h104vf%26t%3D4er3r3rf%26cid%3Drfr3rrf3','ru','2019-05-23 23:25:43'),
	(408,'Aprilgat','aprilll2258@gmail.com','Courses','https://vk.com/public182669031 - порно шлюхи домашнее\r\nhttps://vk.com/public182703082 - Интим знакомства Новосибирск\r\nhttps://vk.com/public182701633 - Знакомства для взрослых Москва\r\nhttps://vk.com/public182669144 - вирт чат бесплатно\r\nhttps://vk.com/public182669579 - знакомства для взрослых без регистрации бесплатно\r\nhttps://vk.com/public182669339 - интим знакомства зрелые\r\nhttps://vk.com/public182669140 - порно вирт\r\nhttps://vk.com/public182669781 - гей транс знакомства\r\nhttps://vk.com/public182701245 - Знакомства для взрослых Санкт-Петербург\r\nhttps://vk.com/public182669881 - рабыни бдсм знакомства\r\n \r\n[url=https://vk.com/public182670771]порно вирт[/url]\r\n[url=https://vk.com/public182669030]русское домашнее порно оргазм[/url]\r\n[url=https://vk.com/public182670913]знакомства с мамками[/url]\r\n[url=https://vk.com/public182670108]сайт знакомств зрелые[/url]\r\n[url=https://vk.com/public182670392]порно зрелых семейных пар[/url]\r\n','en','2019-05-26 23:01:51'),
	(409,'BrianSunse','pltkbd@outlook.com','Novou pracovni vyzvu','Our Drug Prices are 70% less than your local pharmacy \r\n \r\n<b>ONLINERX.TOP</b> \r\n \r\nOur  <a href=http://onlinerx.top>pharmacy</a> is the leader in delivering medications throughout the world. \r\nOur goal is to provide medications at discount rates to everyone who is affected by expensive local prices. \r\nOur company http://onlinerx.top is a professionally managed distributor of generic drugs. \r\nWe provide high-quality service supplying drugs all over the world. \r\n \r\n<a href=\"http://onlinerx.top\" />online pharmacy</a>','ru','2019-05-27 16:35:35'),
	(410,'Davidfluby','olhakoni@yandex.com','Êóðñû','http://whatsapplanding.flyland.ru/','ru','2019-05-27 16:54:02'),
	(411,'DylanPes','tndsvx@outlook.com','Êóðñû','Our Drug Prices are 70% less than your local pharmacy \r\n \r\n<b>ONLINERX.TOP</b> \r\n \r\nOur  <a href=http://onlinerx.top>pharmacy</a> is the leader in delivering medications throughout the world. \r\nOur goal is to provide medications at discount rates to everyone who is affected by expensive local prices. \r\nOur company http://onlinerx.top is a professionally managed distributor of generic drugs. \r\nWe provide high-quality service supplying drugs all over the world. \r\n \r\n<a href=\"http://onlinerx.top\" />online pharmacy</a>','ru','2019-05-28 13:23:10'),
	(412,'JuliaPagma','mityakim777@mail.ru','Kurzy','Looking for a boyfriend!!! \r\nRegister and write me my nickname Xenia21 \r\nlink to my free webcam \r\nhttp://b.link/mysexcam/','cs','2019-05-28 15:40:22'),
	(413,'Robertret','nazar.tananin@mail.ru','Novou pracovni vyzvu','Интернет магазин сборка опенкарт 3 \r\n \r\n<a href=https://www.brocart.net/>BroCart — модули, шаблоны, дополнения для opencart, brocart</a>','ru','2019-05-28 22:47:22'),
	(414,'Grazhdanwed','grazfae@ballistika.site','Novou pracovni vyzvu','Получение гражданства Румынии означает оформление европейского гражданства. Это открывает множество путей, которые не могут для себя открыть иностранцы \r\nhttps://www.facebook.com/grazhdanstvoevrosoyuza/ \r\nПрежде всего, это возможность свободно жить и путешествовать. Новоиспеченному румыну открыты все страны Шенгенской зоны, а также США, Канада, Новая Зеландия, ЮАР, Латинская Америка и Юго-Восточная Азия. В любой точке земного шара европейское правительство гарантирует защиту прав, в Европейском союзе высокие пенсии и социальные пособия, качественное медицинское обслуживание и образование, заслуживающие доверия банки \r\nЗаконодательство этой страны позволяет вам получить второе гражданство без претензий на ваше первое гражданство. Другими словами, гражданство Румынии может быть вторым. Румыния дает второе гражданство многим жителям других государств, где возможно иметь второе гражданство. \r\nЗначительную часть бумаг можно оформить дистанционно, что позволяет сэкономить деньги на переезде. Однако подача бумаг в консульстве сопряжена с необходимостью личной беседы с консулом. В том случае, если процедура осуществляется в Бухаресте или Сучава, мигранта сопровождает адвокат, и общение происходит с его помощью. \r\n \r\nДля детальной информации обращайтесь на воцап +971551546520','ru','2019-05-29 01:33:09'),
	(415,'Jasonarimi','xnlrzt@outlook.com','Êóðñû','Our Drug Prices are 70% less than your local pharmacy \r\n \r\n<b>ONLINERX.TOP</b> \r\n \r\nOur  <a href=http://onlinerx.top>pharmacy</a> is the leader in delivering medications throughout the world. \r\nOur goal is to provide medications at discount rates to everyone who is affected by expensive local prices. \r\nOur company http://onlinerx.top is a professionally managed distributor of generic drugs. \r\nWe provide high-quality service supplying drugs all over the world. \r\n \r\n<a href=\"http://onlinerx.top\" />online pharmacy</a>','ru','2019-05-29 11:04:57'),
	(416,'Zafarovo https://google.com','siomozola1984@mail.ru','New professional challenge','Zafarovo https://google.com','en','2019-05-29 13:21:24'),
	(417,'JordanClick','micgyhaelBut@gmail.com','Novou pracovni vyzvu',' Hey What we suffer with here is , an enchantingdonation \r\n To moderate click on the unite below  \r\nhttps://drive.google.com/file/d/17WwO0VJ_aclzgs6yM9T3FFzAyN0SBLn0/preview','cs','2019-05-29 17:48:53'),
	(418,'SteveMeX','ptr.lyuks@mail.ru','Novou pracovni vyzvu','Светильники Стрит \r\n \r\n<a href=http://www.rusfonar.ru/>Светильники Стрит</a>','ru','2019-05-30 02:06:53'),
	(419,'Edwardbew','yegor.zhuravko@mail.ru','Êóðñû','Парковые светильники \r\n \r\n<a href=http://russkie-fonari.ru/>Парковые фонари</a>','ru','2019-05-30 07:59:41'),
	(420,'Curtisres','artur_mikhalkovskiy@mail.ru','Novou pracovni vyzvu','Светильники Стрит \r\n \r\n<a href=https://www.temnote-net.ru/>Парковые фонари</a>','ru','2019-05-30 07:59:42'),
	(421,'Lor','kostya.veselov.2019@list.ru','Novou pracovni vyzvu','Кто менял УКП-7 на УКП-66 отзовитесь всё ли работает','ru','2019-05-31 01:50:30'),
	(422,'JeremyNed','petrmbfy@mail.ru','Novou pracovni vyzvu','Монтаж напольных покрытий  - \r\nhttp://montazh-napolnyh-pokrytij.mozello.com - Show more!','ru','2019-05-31 03:52:21'),
	(423,'Charlesgal','contact@fullbax.com.pl','Kurzy','Nasza firma http://fullbax.pl/ \r\nzajmuje się importem z Chin na zlecenie naszych klientów. \r\nZajmujemy się wszystkim od A do Z : \r\n- wyszukujemy dostawcę \r\n- sprawdzamy towar pod względem celno-podatkowym \r\n- wizytujemy fabryki \r\n- kontrolujemy produkcję \r\n- jesteśmy obecni przy załadunku \r\n- wysyłamy towar z Chin \r\n- odprawiamy towar w Polsce \r\n- dostarczamy towar z portu do Waszego magazynu \r\n \r\nhttp://fullbax.pl/ \r\nto nie tylko powyższe zapraszamy do zapoznania się z naszą stroną internetową. \r\n \r\nMamy konkurencyjne stawki, współpracujemy również  z mniejszymi firmami. \r\n \r\nJeśli myślałeś kiedyś o imporcie z Chin a nie wiesz jak się do tego zabrać lub importujesz z Chin i potrzebujesz pomocy na jakimś etapie, jesteśmy do usług. \r\n \r\nNapisz do nas, odpowiemy na każde twoje pytanie,to nic nie kosztuje ! \r\n \r\nZapraszamy \r\nhttp://fullbax.pl/','cs','2019-05-31 12:56:07'),
	(424,'Brianlak','kovaleva.tolya@mail.ru','Êóðñû','123movies.com \r\n \r\n<a href=https://www.123movies.love/>123 movie</a>','ru','2019-05-31 16:41:05'),
	(425,'AndresBousE','edik.semenyak@mail.ru','Novou pracovni vyzvu','putlockers movies \r\n \r\n<a href=https://www.putlocker123.gdn/>putlockers movies</a>','ru','2019-05-31 16:41:06'),
	(426,'Stevecah','martynchuk.yelena@mail.ru','Novou pracovni vyzvu','купить дапоксетин \r\n \r\n<a href=https://mentabs.biz/>купить левитру</a>','ru','2019-05-31 17:03:44'),
	(427,'Williamlog','vlad.zosimchuk@mail.ru','Novou pracovni vyzvu','Delovoy.net \r\n \r\nDelovoy.net: <a href=\"https://delovoy.net\">Лучшая онлайн доска объявлений</a>','ru','2019-05-31 18:37:53'),
	(428,'Dennisacula','ptr.strelnik@mail.ru','Novou pracovni vyzvu','Как правильно выбрать рулонный газон? \r\n \r\nhttp://inzn.ru/dekor-landshafta-rulonnym-gazonom.html','ru','2019-06-01 03:55:20'),
	(429,'Charleseraro','ptr.volyanik@mail.ru','Novou pracovni vyzvu','Как правильно выбрать рулонный газон? \r\n \r\nhttp://gmstar.ru/news/etc/9672-zelenyy-gorod-vmeste-s-kompaniey-gorgazon.html','ru','2019-06-01 03:55:20'),
	(430,'Briansnaky','banushkin_makar@mail.ru','Êóðñû','Как правильно выбрать рулонный газон? \r\n \r\nhttps://planet-today.ru/novosti/obshchestvo/ekologiya/item/104147-k-majskim-prazdnikam-yakimanka-poraduet-zhitelej-zelenym-kovrom-dvorovykh-territorij','ru','2019-06-01 03:55:21'),
	(431,'acamar.cz','micgyhaelBut@gmail.com','Kurzy','acamar.cz  Hy there,  Good news ! an stimulatingoffers \r\n To qualify click on the unite downstairs  \r\nhttps://tgraph.io/reallutentboc1982-05-31','cs','2019-06-01 11:33:29'),
	(432,'TammyVaf','diiadd81@mail.ru','Kurzy',' \r\n \r\nhttp://b.link/mysexcam - http://skype.miss-bdsm.mcdir.ru/img/77.jpg \r\n \r\nFuck it in the ass.On the camera for free!My nickname on the site Xenia21 link to my free webcam \r\nhttp://b.link/mysexcam/ \r\n','cs','2019-06-01 16:43:50'),
	(433,'Nonicom','nyeql5yjf@gastroplasty.icu','Kurzy','The physical injuries kept Ronnie Sanchez Jr. from moving as fast as he wanted on the Appalachian Trail, but it was the unseen wounds that almost made him quit.  \r\n<a href=http://anoxia.info/hang-it-up-nerd-in-the-north-nanoxia-deep-silence>nanoxia deep silence 2</a> ','cs','2019-06-01 17:35:30'),
	(434,'Davidevids','br.a.t.is.hhewa.ek.a.t.e.ri.n.a@bk.ru','Novou pracovni vyzvu','«Папиловит» — быстро и безопасно избавит от любых папиллом и бородавок. \r\nНаш сайт: https://lcokbhlw.bestseller-super.ru','cs','2019-06-01 17:54:11'),
	(435,'RobertEneli','zubakhin.kirya@mail.ru','Êóðñû','www.clovis.com.ua \r\n \r\nClovis Industrial: <a href=\"http://www.clovis.com.ua/index.php?route=product/category&path=57_62_68\">Промышленны катки</a>','ru','2019-06-01 19:04:51'),
	(436,'Timothyven','vovatikhonov79456@gmail.com','Novou pracovni vyzvu','http://carmusicstore.ru/sitemap.xml - Музыка я нахожу все здесь.','ru','2019-06-01 22:06:19'),
	(437,'Zafarovo https://google.com','rybkovskaya88@mail.ru','Courses','Zafarovo https://google.com','en','2019-06-02 02:56:18'),
	(438,'Davidevids','b.rat.is.hh.ewaeka.t.e.ri.na@bk.ru','Novou pracovni vyzvu','«Папиловит» — быстро и безопасно избавит от любых папиллом и бородавок. \r\nНаш сайт: https://lcokbhlw.bestseller-super.ru','cs','2019-06-02 06:22:20'),
	(439,'TammyVaf','diiadd81@mail.ru','Kurzy','http://b.link/mysexcam - http://skype.miss-bdsm.mcdir.ru/img/77.jpg \r\n \r\nLooking for a boyfriend!!! \r\nRegister and write me my nickname Xenia21 \r\nlink to my free webcam \r\nhttp://b.link/mysexcam/','cs','2019-06-02 06:46:34'),
	(440,'FrancesBEN','angelaWrilky@gmail.com','Novou pracovni vyzvu','Hi!  acamar.cz \r\n \r\nWe put up of the sale \r\n \r\nSending your commercial proposal through the feedback form which can be found on the sites in the Communication partition. Contact form are filled in by our software and the captcha is solved. The advantage of this method is that messages sent through feedback forms are whitelisted. This method increases the chances that your message will be open. Mailing is done in the same way as you received this message. \r\nYour  business proposition will be read by millions of site administrators and those who have access to the sites! \r\n \r\nThe cost of sending 1 million messages is $ 49 instead of $ 99. (you can select any country or country domain) \r\nAll USA - (10 million messages sent) - $399 instead of $699 \r\nAll Europe (7 million messages sent)- $ 299 instead of $599 \r\nAll sites in the world (25 million messages sent) - $499 instead of $999 \r\nThere is a possibility of FREE TEST MAILING. \r\n \r\nDiscounts are valid until June 10. \r\nFeedback and warranty! \r\nDelivery report! \r\nIn the process of sending messages we don\'t break the rules GDRP. \r\n \r\nThis message is automatically generated to use our contacts for communication. \r\n \r\n \r\n \r\nContact us. \r\nTelegram - @FeedbackFormEU \r\nSkype – FeedbackForm2019 \r\nEmail - FeedbackForm@make-success.com \r\nWhatsApp - +44 7598 509161 \r\n \r\n \r\nThank you for your attention.','cs','2019-06-02 07:40:29'),
	(441,'Uhamob','vukai6xvy@gastroplasty.icu','Novou pracovni vyzvu','The sympathetic nervous system releases two hormones within the body in response to stress, resulting in an &quot;adrenaline rush&quot;, or a sense of urgency that occurs during stressful conditions. These hormones are called epinephrine and norepinephrine, which help your body perform optimally during such events.  \r\n<a href=http://Haloperidol.nodes.top/art/haldol-for-bipolar/>Haldol for bipolar</a> ','cs','2019-06-02 08:56:31'),
	(442,'Cocomucky','mhfaa8ypx@papillomadelete.info','Kurzy','I went to prom with the guy a couple years my junior and after I drove him back to his house he put my hand on his head asked me if I had a curfew I said  \r\n<a href=http://massage.nodes.top/art/prenatal-spa-near-me/>Prenatal spa near me</a> ','cs','2019-06-02 15:58:36'),
	(443,'Davidevids','b.r.a.ti.s.hh.ew.a.e.ka.te.r.i.n.a@bk.ru','Novou pracovni vyzvu','«Папиловит» — быстро и безопасно избавит от любых папиллом и бородавок. \r\nНаш сайт: https://lcokbhlw.bestseller-super.ru','cs','2019-06-02 19:19:38'),
	(444,'LindaKer','brusnitsin777@mail.ru','Novou pracovni vyzvu','http://b.link/mysexcam - http://skype.miss-bdsm.mcdir.ru/img/77.jpg \r\n \r\nLooking for a boyfriend!!! \r\nRegister and write me my nickname Xenia21 \r\nlink to my free webcam \r\nhttp://b.link/mysexcam/','cs','2019-06-02 20:38:20'),
	(445,'LindaKer','brusnitsin777@mail.ru','Kurzy',' \r\n \r\nhttp://b.link/mysexcam - http://skype.miss-bdsm.mcdir.ru/img/77.jpg \r\nMy hot cunt wants dick! \r\nhttp://b.link/mysexcam - http://skype.miss-bdsm.mcdir.ru/img/21.jpg \r\nFuck it in the ass.On the camera for free!My nickname on the site Xenia21 link to my free webcam \r\nhttp://b.link/mysexcam/ \r\n','cs','2019-06-03 10:35:05'),
	(446,'ThomasScies','helenbroncs@gmail.com','Novou pracovni vyzvu','Umowie sie z chetnym panem na goracy seks.  <a href=http://suczka.pw/goraca-laska-zaprasza-na-wspanialy-sex.html>Goraca laska zaprasza na wspanialy sex</a>    szukam pana na wesele  Czesc. Na wstepie zaznacze, ze nie jestem prostytutka. To nie jest moja praca i nie chce pieniedzy za spotkanie. Dlatego mozesz byc pewnien, ze autentycznie lubie seks. Przy mnie nie bedzie udawania orgazmow, sztucznych usmiechow, patrzenia na zegarek, czy gotowego scenariusza. Robie to, bo lubie. Z przyjemnoscia oddam Ci swoje cialo, czerpiac z tego nieklamana rozkosz. Z jeszcze wiekszym zapalem zajme sie Twoim cialem. Zainteresowany?  <a href=http://teraz.7m.pl/poznam-pana-w-puchaczow.html>Poznam pana w Puchaczow</a>  Sex bez zobowiazan-niezapomniane przezycia.  <a href=http://naplazy.7m.pl/kobiety-szukajace-mezczyzn-w-bogumilowice.html>Kobiety szukajace mezczyzn w Bogumilowice</a>    Domina szuka niewolnika na jedna noc  Lodzik bez gumki, seks w gumie, lizanie jajeczek, rimming  <a href=http://randka.pw/jaki-prezent-na-30-dla-faceta.html>jaki prezent na 30 dla faceta</a>  Hej.Licealistka poszukuje jakiegos fajnego faceta.  <a href=http://randka.pw/najpopularniejsze-portale-randkowe.html>najpopularniejsze portale randkowe</a>    portal randkowy mixer.pl  Uwielbiam seks o kazdej porze dnia i nocy.  <a href=http://dupe.pw/posun-wibratorem.html>$ posun wibratorem $</a>  \r\nWyuzdany seks i gorace pieszczoty! Czekam na sympatycznego chlopaka ktorego kreci seks bez zobowiazan!! Tylko czysty uklad dla przyjemnosci, bardzo chetnie regularne randki :) Mieszkam w dyskretnym mieszkaniu, gdzie nikt nam nie bedzie przeszkadzac. Na przywitanie wezme od razu gleboko w usta, bez gumki jesli pozwolisz. Wpadniesz dzis?  http://www.uberfacts.top Zaprasazam wszystkich na sextelefon na skype oraz cybersex ze mna na skype/gg. Jestem mloda i ulegla suczka gotowa spelnic twoje wyuzdane fantazje. Ze mna mozliwe jest wszystko od A-Z. Moge byc bardzo ulegla i spelniac kazda twoja zachcianke, albo dominujaca. Lubie perwersyjny, ostry seks. Uwielbiam obciagac, twarde, mokre kutasy az poczuje goraca sperme w ustach i na twarzy. ','ru','2019-06-03 14:02:35'),
	(447,'LindaKer','brusnitsin777@mail.ru','Novou pracovni vyzvu',' \r\n \r\nhttp://b.link/mysexcam - http://skype.miss-bdsm.mcdir.ru/img/77.jpg \r\nMy hot cunt wants dick! \r\nhttp://b.link/mysexcam - http://skype.miss-bdsm.mcdir.ru/img/21.jpg \r\nFuck it in the ass.On the camera for free!My nickname on the site Xenia21 link to my free webcam \r\nhttp://b.link/mysexcam/ \r\n','cs','2019-06-04 05:49:14'),
	(448,'CindyErawn','yaniikh@mail.ru','Novou pracovni vyzvu','http://b.link/mysexcam - http://skype.miss-bdsm.mcdir.ru/img/77.jpg \r\nMy hot cunt wants dick! \r\nhttp://b.link/mysexcam - http://skype.miss-bdsm.mcdir.ru/img/21.jpg \r\nLooking for a boyfriend!!! \r\nRegister and write me my nickname Xenia21 \r\nlink to my free webcam \r\nhttp://b.link/mysexcam/','cs','2019-06-04 11:40:17'),
	(449,'Pozzifed','zoufb9nbz@body-lotion.biz','Novou pracovni vyzvu','Carotid artery surgery is a procedure to restore proper blood flow to the brain. The carotid artery brings needed blood to your brain and face.  \r\n<a href=http://reflexology.nodes.top/reflexology-massage-benefits/1/>Reflexology massage benefits</a> ','cs','2019-06-04 13:11:06'),
	(450,'CindyErawn','yaniikh@mail.ru','Kurzy',' \r\nI really want to fuck! \r\nYou can see how I fuck myself in the ass on the camera! \r\nRegister and write me my nickname Xenia21 \r\n \r\nhttp://b.link/mysexcam - http://skype.miss-bdsm.mcdir.ru/img/77.jpg \r\nMy hot cunt wants dick! \r\nhttp://b.link/mysexcam - http://skype.miss-bdsm.mcdir.ru/img/21.jpg \r\nHere is a link to my camera >>> \r\nhttp://b.link/mysexcam/','cs','2019-06-05 01:18:52'),
	(451,'Seonance','rostislav.mezgin@mail.ru','Novou pracovni vyzvu',' \r\nПродвижение сайта Москва      -  \r\nhttp://seorussian.ru - Раскрутка сайтов в Москве      ','ru','2019-06-05 10:01:15'),
	(452,'Davidsaded','kmilkasy@gmail.com','Novou pracovni vyzvu','Hey there. Very Happy Neutral wondering if there\'s any identical absent from there who likes a complicated girl. I\'m not a harlot or slut or anything. Just an genuine to Spirit cyclopean gal. I\'m exceptionally courteous and friendly. I have a doom of friends. I\'m honestly ... admitting that! So don\'t mess up me on one of those! Smile  <a href=http://vrouw.pw/wife-talks-about-former-real-adult-sex-dating.html>wife talks about former real adult sex dating</a>  busty nude boob japanese  Hi guys, how ya doing today? Me, I am great because I am online and having fun. I love being a cam girl and I have been one for almost a year. Right now its helping me out because I have a part time job and I\'m also going to school full time. So that means I can\'t have a boyfriend so thats why I get into my cam so much. If it weren\'t for guys like you taking care of me I would be super horny. I enjoy meeting new guys on here and who knows maybe someday I will meet someone special. I have more toys in my private room then I will ever use but I love buying them. I hope you come into my room and have some fun with me. I am super horny and need a masturbation partner.  <a href=http://looking.7m.pl/replacement-metal-chair-feet.html>replacement metal chair feet</a>  xxx muscle women sex clips  ive been a wicked unimportant jail-bait horny and sexy with a dulcet petty pussy and big tits. i constraint a amicable hard cock - and a humankind who loves to lap my rainy pussy and crisis my nipples until i importune him to fuck me. and after i cum every now, wants ... again. and likes it when i holler him daddy.  <a href=http://forflirt.7m.pl/david-lettermans-real-adult-dating.html>david letterman\'s real adult dating</a>  mobile homes blue book values   http://looking.7m.pl \r\nIвЂ™d like our wedlock to be based on reciprocal percipience and count on. I requilocality to get married aeons ago and forever.  <a href=http://revu.pw/online-gay-dating-in-bendigo.html>online gay dating in bendigo</a>  singles sites in pinellas park  Looking for my raise to sire Miracle together  <a href=http://forflirt.7m.pl/fine-local-sex-contacts-northern-ireland.html>fine local sex contacts northern ireland</a>  dating site in davenport  I promise you like your women sweet. I\'m an temerarious, outgoing skirt who always be vigilant the sunny side of people. I sisterhood bothersome unconscionable copulation acts and I\'m mettlesome ample to do \'em in public. If you wanna note, be my lodger; if you prerequisite to fasten, win over me that you\'re worth the try. Smile  <a href=http://forflirt.7m.pl/sex-dating-website-in-edison-ohio.html>sex dating website in edison ohio</a>  online dating sites in nettleton mississippi  http://forflirt.7m.pl \r\nUnseat you I\'m purely present to be completely principled in all of this, from the inception, and that way - at least, I should anticipate - I can expect the unmodified from you... I am only looking to using you. If that thought makes ... me cause it this way... I like to assert myself.  <a href=http://lovefree.7m.pl/barbie-diamond-castle-toy.html>barbie diamond castle toy</a>  personals singles in jupiter  Tammie likes it like that. It\'s pretty basic, I like sex and I\'m not weak-kneed to like sex. I think it\'s peculiar when I meet guys who may not appear intimidated at before, but become cowards in the bedroom because I can be a little bit ... when it comes to doing what needs to be done.  <a href=http://forflirt.7m.pl/gay-dating-personals-in-sydney.html>gay dating personals in sydney</a>  mornon real adult dating  GUYS. LATINA SHORT APPLY TO AND HARM DISILLUSION ADMIT YOU IDENTIFY  <a href=http://partner.7m.pl/local-dating-in-brooklyn-park.html>local dating in brooklyn park</a>  women and partners sex pictures   http://vrouw.pwMARRIED AND NEGLECTED I AM 5\'3\" I BE SUFFERING WITH CURT RED SKIN OF ONE\'S TEETH, HAZEL EYES, I AM NOT A BARBIE DOLL, NOR AM I OBESE....I AM LOOKING IN BEHALF OF A LTR BOYFRIEND/LOVER AND ALTER EGO ','ru','2019-06-05 12:12:27'),
	(453,'skyreverymiz','malinoleg91@mail.ru','Novou pracovni vyzvu',' \r\nhttps://skyrevery.ru/populyarnye_napravleniya/paris/ - Заказать частный самолет в Краснодар или арендовать бизнес-джет        -  подробнее на нашем сайте https://skyrevery.ru - skyrevery.ru \r\nhttps://skyrevery.ru/ - Аренда частного самолета с экипажем в компании SkyRevery – это выбор тех, кто ценит свое время и живет по своему расписанию! \r\nАренда частного самолета помогает экономить самый важный ресурс – время. Арендовав частный самолет, именно Вы решаете, когда и куда полетите. Для выполнения чартерных рейсов мы предлагаем частные самолеты иностранного производства, гарантирующие высокий уровень комфорта и безопасности полета. Внимательные бортпроводники и высокопрофессиональные пилоты сделают Ваш полет максимально приятным и удобным. \r\nКогда Вам нужна https://skyrevery.ru/ - аренда самолета срочно, мы можем организовать для Вас вылет по готовности от 3 часов с момента подтверждения.','ru','2019-06-05 12:34:47'),
	(454,'CindyErawn','yaniikh@mail.ru','Kurzy','http://b.link/mysexcam - http://skype.miss-bdsm.mcdir.ru/img/77.jpg \r\nMy hot cunt wants dick! \r\nhttp://b.link/mysexcam - http://skype.miss-bdsm.mcdir.ru/img/21.jpg \r\nLooking for a boyfriend!!! \r\nRegister and write me my nickname Xenia21 \r\nlink to my free webcam \r\nhttp://b.link/mysexcam/','cs','2019-06-05 14:58:08'),
	(455,'Joshuavof','david.prodolnov@mail.ru','Novou pracovni vyzvu','Адвокат по трудовим справам Запоріжжя \r\n \r\n<a href=http://advokates.in.ua/>Адвокат по медицинским делам в Запорожье</a>','ru','2019-06-05 18:20:20'),
	(456,'Edwardpyday','kosmodemyanskiy_ilya@mail.ru','Êóðñû','Военный юрист онлайн консультация Запорожье \r\n \r\n<a href=https://lawyer-1283.business.site/>пенсионный адвокат</a>','ru','2019-06-05 18:20:20'),
	(457,'ScrolWax','eebzd7osq@body-lotion.biz','Novou pracovni vyzvu','6400 Arlington Boulevard, Suite 800 Falls Church, Virginia 22042, USA. info@chiropractic.org. 800-423-4690  \r\n<a href=http://escoliosislumbar.info/lyrica-overdose-limit-of-excedrin-lyrica-romana>providence community</a> ','cs','2019-06-05 19:54:08'),
	(458,'CindyErawn','yaniikh@mail.ru','Kurzy',' \r\n \r\nhttp://b.link/mysexcam - http://skype.miss-bdsm.mcdir.ru/img/77.jpg \r\nMy hot cunt wants dick! \r\nhttp://b.link/mysexcam - http://skype.miss-bdsm.mcdir.ru/img/21.jpg \r\n \r\nFuck it in the ass.On the camera for free!My nickname on the site Xenia21 link to my free webcam \r\nhttp://b.link/mysexcam/ \r\n','cs','2019-06-06 04:10:42'),
	(459,'How to make $10,000 Per day FAST http://cutt.us/y4bBFq','nutt-0889494256@hotmail.com','Novou pracovni vyzvu','[OMG -  PROFIT in under 60 seconds: https://clc.la/R22NGg','ru','2019-06-06 12:16:47'),
	(460,'If you invested $1,000 in bitcoin in 2011, now you have $4 million http://cutt.us/tzD870','carlossmrttkr@gmail.com','Novou pracovni vyzvu','Invest $ 5,000 in Bitcoin once and get $ 7,000 passive income per month: http://soo.gd/C8VFa','ru','2019-06-06 12:30:05'),
	(461,'Forex Prodigy Makes $10,000 in 30 Minutes! - Market Traders Institute http://soo.gd/4NvR','thomas.accordino@morganstanley.com','Novou pracovni vyzvu','$10000 per day Bitcoin binary options trading platform: http://cutt.us/lYt1rd','ru','2019-06-06 15:05:10'),
	(462,'Carolynscelf','rrheniaa@mail.ru','Kurzy',' \r\n \r\nhttp://b.link/mysexcam - http://skype.miss-bdsm.mcdir.ru/img/aaa.jpg \r\nMy hot cunt wants dick! \r\nhttp://b.link/mysexcam - http://skype.miss-bdsm.mcdir.ru/img/21.jpg \r\n \r\nFuck it in the ass.On the camera for free!My nickname on the site Xenia21 link to my free webcam \r\nhttp://b.link/mysexcam/ \r\n','cs','2019-06-06 17:24:22'),
	(463,'Carolynscelf','rrheniaa@mail.ru','Kurzy','http://b.link/mysexcam - http://skype.miss-bdsm.mcdir.ru/img/bbb.jpg \r\n \r\nMy hot cunt wants dick! \r\nhttp://b.link/mysexcam - http://skype.miss-bdsm.mcdir.ru/img/21.jpg \r\nLooking for a boyfriend!!! \r\nRegister and write me my nickname Xenia21 \r\nlink to my free webcam \r\nhttp://b.link/mysexcam/','cs','2019-06-07 07:07:14'),
	(464,'Elainequark','dddimaaaassss77@mail.ru','Kurzy','[url=http://b.link/mysexcam][img]http://skype.miss-bdsm.mcdir.ru/img/bbb.jpg[/img][/url] \r\n \r\nMy hot cunt wants dick! \r\n[url=http://b.link/mysexcam][img]http://skype.miss-bdsm.mcdir.ru/img/21.jpg[/img][/url] \r\nLooking for a boyfriend!!! \r\nRegister and write me my nickname Xenia21 \r\nlink to my free webcam \r\nhttp://b.link/mysexcam/','cs','2019-06-07 19:39:35'),
	(465,'Elainequark','dddimaaaassss77@mail.ru','Kurzy',' \r\n \r\nhttp://b.link/mysexcam - http://skype.miss-bdsm.mcdir.ru/img/aaa.jpg \r\nMy hot cunt wants dick! \r\nhttp://b.link/mysexcam - http://skype.miss-bdsm.mcdir.ru/img/21.jpg \r\n \r\nFuck it in the ass.On the camera for free!My nickname on the site Xenia21 link to my free webcam \r\nhttp://b.link/mysexcam/ \r\n','cs','2019-06-08 09:06:40'),
	(466,'Suttidek','fpszz7qej@body-lotion.biz','Novou pracovni vyzvu','Fluconazole is also preferred as a preventive medication in patients susceptible to fungal infections while undergoing chemotherapy or radiation therapy before bone marrow transplantation. Fluconazole works by decreasing the production of ergosterol, which inhibits cell membrane formation in fungi.  \r\n<a href=http://yeastinfection.nodes.top/art/yeast-infection-while-pregnant/>Yeast infection while pregnant</a> ','cs','2019-06-08 09:35:44'),
	(467,'Mauricetiz','rjdpizza@aol.com','Novou pracovni vyzvu','Wie mache ich € 3000 pro Tag?: https://clck.ru/GQqjf','ru','2019-06-08 13:53:40'),
	(468,'Kellidiuch','ertyuiug777f87@bk.ru','Kurzy',' \r\n \r\nhttp://b.link/mysexcam - http://skype.miss-bdsm.mcdir.ru/img/aaa.jpg \r\nMy hot cunt wants dick! \r\nhttp://b.link/mysexcam - http://skype.miss-bdsm.mcdir.ru/img/21.jpg \r\n \r\nFuck it in the ass.On the camera for free!My nickname on the site Xenia21 link to my free webcam \r\nhttp://b.link/mysexcam/ \r\n','cs','2019-06-08 18:32:06'),
	(469,'DENLymn','fdbfb4aup@papillomadelete.info','Novou pracovni vyzvu','Little Aston Dental Care Our team look forward to welcoming you to Little Aston Dental Care for a first class experience in a friendly and caring environment. We offer treatments for all your dental concerns and needs.  \r\n<a href=http://denta.top/art/dentist-office-near-me/>Dentist office near me</a> ','cs','2019-06-08 18:57:18'),
	(470,'KennethBlide','eijay55@yahoo.com','Êóðñû','UPDATE: Cryptocurrency-Investing-Strategie - 2. Quartal 2019. Erhalten Sie ein passives Einkommen von 7.000 USD pro Monat: https://clck.ru/GQzbu','ru','2019-06-08 19:02:11'),
	(471,'Zafarovo https://google.com','belolapotkova.ksyu@mail.ru','New professional challenge','Zafarovo https://google.com','en','2019-06-08 19:39:09'),
	(472,'JoshuaNax','gselevator2001@hotmail.com','Novou pracovni vyzvu','$ 10000 pro Tag Bitcoin Trading Guide mit Broker Reviews und Tutorial - Bin?re Optionen: http://tinyurl.com/y6rvqfr5','ru','2019-06-08 23:13:54'),
	(473,'Kellidiuch','ertyuiug777f87@bk.ru','Novou pracovni vyzvu','http://b.link/mysexcam - http://skype.miss-bdsm.mcdir.ru/img/bbb.jpg \r\n \r\nMy hot cunt wants dick! \r\nhttp://b.link/mysexcam - http://skype.miss-bdsm.mcdir.ru/img/21.jpg \r\nLooking for a boyfriend!!! \r\nRegister and write me my nickname Xenia21 \r\nlink to my free webcam \r\nhttp://b.link/mysexcam/','cs','2019-06-09 14:03:53'),
	(474,'Ellencearf','razzhiwin@bk.ru','Kurzy',' \r\n \r\nhttp://b.link/mysexcam - http://skype.miss-bdsm.mcdir.ru/img/bbb.jpg \r\n \r\nMy hot cunt wants dick! \r\nhttp://b.link/mysexcam - http://skype.miss-bdsm.mcdir.ru/img/21.jpg \r\n \r\nFuck it in the ass.On the camera for free!My nickname on the site Xenia21 link to my free webcam \r\nhttp://b.link/mysexcam/ \r\n','cs','2019-06-09 20:06:05'),
	(475,'acamar.cz','micgyhaelBut@gmail.com','Kurzy','Look at an important  offers for you. acamar.cz \r\nhttp://bit.ly/2KwireJ','cs','2019-06-10 02:32:32'),
	(476,'Ellencearf','razzhiwin@bk.ru','Kurzy',' \r\nI really want to fuck! \r\nYou can see how I fuck myself in the ass on the camera! \r\nRegister and write me my nickname Xenia21 \r\n \r\nhttp://b.link/mysexcam - http://skype.miss-bdsm.mcdir.ru/img/aaa.jpg \r\nMy hot cunt wants dick! \r\nhttp://b.link/mysexcam - http://skype.miss-bdsm.mcdir.ru/img/21.jpg \r\nHere is a link to my camera >>> \r\nhttp://b.link/mysexcam/','cs','2019-06-10 16:59:15'),
	(477,'Mauricetiz','vzezo5x1@verizon.net','Êóðñû','Adult American Dating kostenlos online: http://tinyurl.com/y323ajoc','ru','2019-06-10 18:51:57'),
	(478,'Davidsaded','kmilkasy@gmail.com','Êóðñû','What will-power be in hold in place of me. Hey, not really confident what\'s gone away from there but looking as a remedy for the common playfulness, I like to grab tribulation of myself I like to go jogging every morning, beautiful humourless thither health and whatever issues affect me on that ... looking to prodigality some meanwhile remarkably with some chill guys.  <a href=http://vrouw.pw/oh-yes-suck-my-titts-fuck-my-right-now.html>Oh yes!, Suck my Titts & fuck My Right Now</a>  free online dating in chantilly  Making Chemistry happen. Hopefull fictional looking after the unchanging in a man, that can provide me his look after, body and soul. Perhaps valid his hull payment now, I\'m a direct of the mill wild laddie, and I\'m sorta being egoistical also in behalf of again and playing the field.  <a href=http://partner.7m.pl/sadistic-women-having-sex.html>sadistic women having sex</a>  online lesbian dating in joplin  Looking for a little cam to cam and then maybe assignation in behalf of something casual. I am the sovereign of cam and derive pleasure to corroborate remote on the camera. I have a sexy cadaver that I comprehend you purposefulness enjoy.  <a href=http://vrouw.pw/girl-friend-dating-in-central-city-iowa.html>girl friend dating in central city iowa</a>  bizarre real adult dating   http://vrouw.pw \r\nI am a consumcompetent living soul!)))internal and outside. I destitution to rapture and be wildd in return. I am parentage oriented and utter sedate all over it, so i prerequisite to frame my own pedigree bursting of joy and wild! I am ..  <a href=http://forflirt.7m.pl/xxx-girls-with-glasses.html>xxx girls with glasses</a>  free adult dating in worthington ohio  My friends relate me as a breakable, quiet and exotic skirt. I am looking for my pointed man for earnest relationship where there is much wed, make for a pick up of, and honourableness. May be it is you? ;)  <a href=http://vrouw.pw/gay-dating-personals-in-wayland-iowa.html>gay dating personals in wayland iowa</a>  best mp4 porn site  I thirst for something more. I\'m under age and radiant and I distinguish that a luck of women with these characteristics aren\'t as content and prepared to set up home down. But if I could find someone with the wit and adulthood that I get ... am looking for in a man, I\'d be his forever.  <a href=http://revu.pw/christian-personals-singles-in-burns-mississippi.html>christian personals singles in burns mississippi</a>  www.best beautiful marathi nude girls moies   http://freelov.7m.pl \r\nOngoing and casual. Liberate\'s stalwart each other into our schedules. Blond and carefree. I am a student and don\'t from the time exchange for a serious thing right now.  <a href=http://freelov.7m.pl/dating-site-in-garnavillo-iowa.html>dating site in garnavillo iowa</a>  free sex finder in medina north dakota  I am here concerning you. Red mane, freckles, glasses, scant well-upholstered, nordic descent..  <a href=http://vrouw.pw/nicole-savage-porn-videos.html>nicole savage porn videos</a>  free adult website templates  Marching orders Up On Me. Ethical checking this entirely, kinda grotesque to survive what its all about. Would bent some ribald encounters to explore...  <a href=http://revu.pw/swingers-dating-in-clarks-nebraska.html>swingers dating in clarks nebraska</a>  sexvideo for a beautiful girl in the world   http://freelov.7m.plPulchritude of a Brunette Bombshell. I am a lusty, classy, and intelligent woman. I am very HONEST and Even forward. I have the solidity of an hour glass. I have eat one\'s heart out brown fraction with blonde highlights. I beget olive skin because I am half puertorican ... want wink lashes. I am 5\'1 and 127 lbs. ','ru','2019-06-10 20:09:38'),
	(479,'KennethBlide','thehoffs@charter.net','Êóðñû','Adult dating sites around east london: http://tinyurl.com/y4nuhybj','ru','2019-06-10 21:22:23'),
	(480,'MatthewMaype','sdrgjs@hanmail.net','Novou pracovni vyzvu','Adulte ? 35 ans: http://tinyurl.com/y3k5m4g3','ru','2019-06-11 00:19:24'),
	(481,'Ellencearf','razzhiwin@bk.ru','Novou pracovni vyzvu',' \r\n \r\nhttp://b.link/mysexcam - http://skype.miss-bdsm.mcdir.ru/img/aaa.jpg \r\nMy hot cunt wants dick! \r\nhttp://b.link/mysexcam - http://skype.miss-bdsm.mcdir.ru/img/21.jpg \r\n \r\nFuck it in the ass.On the camera for free!My nickname on the site Xenia21 link to my free webcam \r\nhttp://b.link/mysexcam/ \r\n','cs','2019-06-11 18:34:03'),
	(482,'Zafarovo https://google.com','parlashkevich94@mail.ru','Courses','Zafarovo https://google.com','en','2019-06-12 03:06:24'),
	(483,'Ellencearf','razzhiwin@bk.ru','Kurzy','http://b.link/mysexcam - http://skype.miss-bdsm.mcdir.ru/img/aaa.jpg \r\nMy hot cunt wants dick! \r\nhttp://b.link/mysexcam - http://skype.miss-bdsm.mcdir.ru/img/21.jpg \r\nLooking for a boyfriend!!! \r\nRegister and write me my nickname Xenia21 \r\nlink to my free webcam \r\nhttp://b.link/mysexcam/','cs','2019-06-12 08:09:09'),
	(484,'AngelaCam','farmerelen@bk.ru','Kurzy',' \r\n \r\nhttp://b.link/mysexcam - http://skype.miss-bdsm.mcdir.ru/img/aaa.jpg \r\nMy hot cunt wants dick! \r\nhttp://b.link/mysexcam - http://skype.miss-bdsm.mcdir.ru/img/21.jpg \r\n \r\nFuck it in the ass.On the camera for free!My nickname on the site Xenia21 link to my free webcam \r\nhttp://b.link/mysexcam/ \r\n','cs','2019-06-12 17:56:12'),
	(485,'Davidsaded','kmilkasy@gmail.com','Novou pracovni vyzvu','You wanna identify the reason why I supplicate b reprimand myself NaughtyBunny at Cams.com? It\'s because I\'m every time acting like a rabbit in zeal! Yeah, I\'m one horny slut who just loves chatting up an venereal khamsin that will pull out us both moistened and empty! I don\'t know if you\'ll fancy it when I say that I bent nothing more than to delight a hamper and admiration his cock. I want to sample his beefy arduous dick, clinch it inside of my ass and pussy and celebrate up every throw over of cum that force put in an appearance completely of its tip. You don\'t essential to abuse small talk to contrive me interested, sweetie. All you distress to do is peach me you\'re horny, you want to ride out me exposed and that you have lots of kinky things you\'d impecuniousness me to do. On me honey, I\'m devices in support of anything that your stained genius can think of.  <a href=http://forflirt.7m.pl/penis-and-vagina-sex.html>penis and vagina sex</a>  free sex site in greeley  Searching for the preferable one. I\'m looking on love. I\'m a definitely euphonious ball, friendly and nice. Can be a fraction shy, and it takes a while object of me to warm up to people. I believe I may be struck by some custody issues. I extraordinarily scarceness to view someone new to be with.  <a href=http://revu.pw/sex-dating-sites-in-new-lebanon-ohio.html>sex dating sites in new lebanon ohio</a>  real first time orgasm  вЂњ~ Your Captivating South-East Asian Goddess ~вЂќ Hello Gentlemen!I make sure you\'ve not till hell freezes over met anyone like me to come; I\'m undivided in a million!You intention put down a unexcelled crowd, where all but prudent sensuality disposition be stop a confine off.I am a cosmopolitan ... ! !I\'m a chick who knows how to suffer with fun.  <a href=http://vrouw.pw/christian-personals-singles-in-webb-mississippi.html>christian personals singles in webb mississippi</a>  switching real gay dating   http://vrouw.pw \r\nsweetandsour you have a yen for making out you sick own moolah  <a href=http://forflirt.7m.pl/sex-dating-sites-in-pembroke-georgia.html>sex dating sites in pembroke georgia</a>  christian dating in le grand iowa  I am a beautiful, well turned out mistress, who wants a gentleman. I do not want to gewgaw roughly with boys. I do not yearn for an child contacting me, unless you are a human beings with manners and pedigree, don\'t bother.  <a href=http://freelov.7m.pl/free-sex-dating-in-suffolk-coastal.html>free sex dating in suffolk coastal</a>  analysis of girl with a pearl earring  Be on a par with me all over. I lust after to hold, meet myself all at an end and see how long you can block heart-rending me. I penury to feel your quiet caress and the softness of your stir on my neck as our bodies happen to one. If you can\'t break down me this, don\'t bother.  <a href=http://vrouw.pw/matchmaking-in-gilroy.html>matchmaking in gilroy</a>  gay sites in akron ohio  http://forflirt.7m.pl \r\nHello. I am a conscientious ballet dancer, favourable and opulent mortal physically. Also chew over languages at the Institute. I fancy music,that is something I can\\\\t reprime without perhaps because I am a dancer. Mostly I ...  <a href=http://partner.7m.pl/black-sex-dating-in-maryneal-texas.html>black sex dating in maryneal texas</a>  asian personals in mackinney  I lack issue guys to chat with and flirt. Brim over, I am 33, I love younger men and I security I can come together some here. Anything else you purposefulness objective father to attract me in person.  <a href=http://vrouw.pw/free-sex-finder-in-commerce-city.html>free sex finder in commerce city</a>  clay aiken sex local adults  I\'ll travel your fantasies upon true. Some things nothing but maintain to be kept below wraps. People always mark that I\'m so silent and reserved. Glowingly, they are the ones who don\'t know the real me. Behind closed doors, I\'m all things a throw could ... I can provision your clandestine if you can guard mine.  <a href=http://freelov.7m.pl/free-sex-dating-in-gravenhurst-ontario.html>free sex dating in gravenhurst ontario</a>  afgan girls and women sex clips   http://looking.7m.plI am a consumcompetent living soul!)))internal and outside. I destitution to rapture and be wildd in return. I am parentage oriented and utter sedate all over it, so i prerequisite to frame my own pedigree bursting of joy and wild! I am .. ','ru','2019-06-12 23:21:59'),
	(486,'Lancesuche','indoserve095@gmail.com','Kurzy','Dear Sir \r\n \r\nOur client is interested to invest in your region for good Return on Investment. \r\n \r\nif you have ideas, please contact us on +97365009688 or mh@indogulfbs.com \r\n \r\nBest regards \r\n \r\nMr. Mat Hernandez','cs','2019-06-13 00:01:32'),
	(487,'SteveVem','vlad.barvet@mail.ru','Êóðñû','смотреть онлайн бесплатно \r\n \r\n<a href=https://serial2019.online/23186-yaponskaya-svezhaya-vypechka-1-sezon-69-seriya-smotret-onlayn-hd-1.html>https://serial2019.online/23186-yaponskaya-svezhaya-vypechka-1-sezon-69-seriya-smotret-onlayn-hd-1.html</a>','ru','2019-06-13 00:52:34'),
	(488,'ContactForm','raphaeWrilky@gmail.com','Novou pracovni vyzvu','Hi!  acamar.cz \r\n \r\nWe present \r\n \r\nSending your commercial offer through the feedback form which can be found on the sites in the Communication partition. Contact form are filled in by our application and the captcha is solved. The profit of this method is that messages sent through feedback forms are whitelisted. This method raise the chances that your message will be read. \r\n \r\nOur database contains more than 25 million sites around the world to which we can send your message. \r\n \r\nThe cost of one million messages 49 USD \r\n \r\nFREE TEST mailing of 50,000 messages to any country of your choice. \r\n \r\n \r\nThis message is automatically generated to use our contacts for communication. \r\n \r\n \r\n \r\nContact us. \r\nTelegram - @FeedbackFormEU \r\nSkype  FeedbackForm2019 \r\nEmail - FeedbackForm@make-success.com \r\nWhatsApp - +44 7598 509161','cs','2019-06-13 01:25:09'),
	(489,'korpusbap','ellikom27@yandex.com','Novou pracovni vyzvu','<a href=http://vesta-2.ru/tumba-pod-obuv-5.html>купить корпусную мебель гостиную</a>','ru','2019-06-13 13:12:45'),
	(490,'Valery Wakenight','wakenight@biglep.com','Courses','Business Cooperation - Buy Your Site Traffic\r\n\r\nHow to earn more income with your web site ?\r\n	\r\nMedia Advertising Platform runs the #2 largest contextual ads program globally and can generate a great deal of revenue for your website.\r\n\r\nYou will get high converting ad design options, the ad units look like navigation menus, so it will result in a very high  Click Through Rate. \r\n\r\nYou’re also permitted to place ads in sticky or fixed sidebar zones.This is a HUGE benefit.  You can not place Adsense ads in a floating/fixed/sticky sidebar zone. \r\n\r\nVisit here to sign up (reward 10% revenue for first 3 months) : https://www.biglep.com/earn\r\n\r\n{Thank you|Thanks|Thanks a lot,\r\nValery Wakenight\r\n\r\n	IMPORTANT:  Remember to ask your customer service representative to help you {optimize|improve} ads，their ad design will dramatically increased {revenue|income|earnings}!!\r\n\r\n*Unsubscribe*: Reply \"NO\"','en','2019-06-13 13:44:16'),
	(491,'AngelaCam','farmerelen@bk.ru','Novou pracovni vyzvu','http://b.link/mysexcam - http://skype.miss-bdsm.mcdir.ru/img/bbb.jpg \r\n \r\nMy hot cunt wants dick! \r\nhttps://bit.ly/2wSIrZH - http://skype.miss-bdsm.mcdir.ru/img/21.jpg \r\nLooking for a boyfriend!!! \r\nRegister and write me my nickname Xenia21 \r\nlink to my free webcam \r\nhttp://b.link/mysexcamm/','cs','2019-06-13 14:45:48'),
	(492,'Robertbuink','baronets.leha@mail.ru','Novou pracovni vyzvu','играть клуб вулкан \r\n \r\n<a href=https://vulkanstars-online.net/>казино вулкан старс скачать бесплатно</a>','ru','2019-06-13 19:54:50'),
	(493,'SamuelVag','goryushkin_slava@mail.ru','Novou pracovni vyzvu','только лучшее кино 2019 \r\n \r\n \r\n<a href=https://kinofakt.online/15386-igrok_1_2_3_4_5_6_7_8_9_10_11_12_serija.html>https://kinofakt.online/15386-igrok_1_2_3_4_5_6_7_8_9_10_11_12_serija.html</a>','ru','2019-06-13 22:33:03'),
	(494,'WINMex','zrmnn2cyu@gastroplasty.icu','Novou pracovni vyzvu','The dream started to reoccur again and again with more ordering tone.I called my other brothers and asked to check the seats, I didnвЂ™t tell them about the dream so they donвЂ™t think that I lose my marbles.  \r\n<a href=http://wisdomteethremoval.denta.top/art/how-long-after-wisdom-teeth-can-i-eat/>How long after wisdom teeth can i eat</a> ','cs','2019-06-14 09:29:33');

INSERT INTO `acamar_web_contact` (`id`, `name`, `email`, `purpose`, `text`, `language`, `created`)
VALUES
	(495,'KennyCus','slava.vavayev@mail.ru','Êóðñû','32\" Bunjo Bungee Chair, Multiple Colors \r\n \r\n<a href=http://pegasbaby.com/com/shop/view/95036/>Gold Bond Medicated Rapid Relief Anti-Itch Cream 1oz</a> \r\n \r\n \r\nhttp://pegasbaby.com/com/shop/view/44068/','ru','2019-06-15 00:29:57'),
	(496,'AngelaCam','777dfghjk777@bk.ru','Kurzy',' \r\nI really want to fuck! \r\nYou can see how I fuck myself in the ass on the camera! \r\nRegister and write me my nickname Xenia21 \r\n \r\nhttp://b.link/mysexcam - http://skype.miss-bdsm.mcdir.ru/img/bbb.jpg \r\n \r\nMy hot cunt wants dick! \r\nhttp://lidia.miss-bdsm.mcdir.ru/ - http://skype.miss-bdsm.mcdir.ru/img/21.jpg \r\nHere is a link to my camera >>> \r\nhttpshttp://lidia.miss-bdsm.mcdir.ru/','cs','2019-06-15 04:05:23'),
	(497,'AngelaCam','777dfghjk777@bk.ru','Novou pracovni vyzvu',' \r\n \r\nhttp://b.link/mysexcam - http://skype.miss-bdsm.mcdir.ru/img/bbb.jpg \r\n \r\nMy hot cunt wants dick! \r\nhttp://lidia.miss-bdsm.mcdir.ru/ - http://skype.miss-bdsm.mcdir.ru/img/21.jpg \r\n \r\nFuck it in the ass.On the camera for free!My nickname on the site Xenia21 link to my free webcam \r\nhttp://lidia.miss-bdsm.mcdir.ru/ \r\n','cs','2019-06-15 19:15:24'),
	(498,'Torrent_Hit','petia.iluishin+myhit090619@gmail.com','Êóðñû','<b>Hitmuzik.RU</b> (хит музыка) - Скачать можно как через торрент, так и магнет ссылку. Без регистрации и бесплатно. \r\n \r\n \r\n<a href=http://hitmuzik.ru/details.php?id=46567>В SPCS.ME/MUSIC/JUDAS19 МЕТАЛ ГРУППА МАНОВАР СКАЧАТЬ ВСЕ СТУДИЙНЫЕ АЛЬБОМЫ ИСПОЛНИТЕЛЯ</a>','ru','2019-06-16 02:34:20'),
	(499,'RonaldKep','thomas.kisling@freenet.de','Êóðñû','Invest $ 15,000 in cryptocurrency once and get $ 70,000 passive income per month: http://v.ht/a8u5gg','ru','2019-06-16 03:38:47'),
	(500,'StanleyTus','millerjohn28974@yahoo.com','Êóðñû','How to invest in bitcoins $ 15000 - get a return of up to 2000%: http://v.ht/T1rvy','ru','2019-06-16 04:28:08'),
	(501,'JoshuaNax','handsome235g@gmail.com','Novou pracovni vyzvu','How to invest in bitcoins in 2019 and receive passive income of $ 70,000 per month: http://cutt.us/GcdRMkkQb','ru','2019-06-16 07:24:05'),
	(502,'AngelaCam','777dfghjk777@bk.ru','Kurzy','http://b.link/mysexcam - http://skype.miss-bdsm.mcdir.ru/img/bbb.jpg \r\n \r\nMy hot cunt wants dick! \r\nhttp://lidia.miss-bdsm.mcdir.ru/ - http://skype.miss-bdsm.mcdir.ru/img/21.jpg \r\nLooking for a boyfriend!!! \r\nRegister and write me my nickname Xenia21 \r\nlink to my free webcam \r\nhttp://lidia.miss-bdsm.mcdir.ru/','cs','2019-06-16 08:39:52'),
	(503,'DavidCenia','norfabnfc@yahoo.com','Novou pracovni vyzvu','Invest $ 15,000 in cryptocurrency once and get $ 70,000 passive income per month: https://is.gd/2iHAkI','ru','2019-06-16 09:08:55'),
	(504,'YvetteDiuct','ykeprold@bk.ru','Kurzy',' \r\nI really want to fuck! \r\nYou can see how I fuck myself in the ass on the camera! \r\nRegister and write me my nickname Xenia21 \r\n \r\nhttp://miss-bdsm.mcdir.ru/ - http://skype.miss-bdsm.mcdir.ru/img/aaa.jpg \r\nMy hot cunt wants dick! \r\nhttp://miss-bdsm.mcdir.ru/ - http://skype.miss-bdsm.mcdir.ru/img/21.jpg \r\nHere is a link to my camera >>> \r\nhttp://miss-bdsm.mcdir.ru/','cs','2019-06-16 20:51:44'),
	(505,'skyreverymiz','malinoleg91@mail.ru','Novou pracovni vyzvu',' \r\nhttps://skyrevery.ru/helicopters/bell_429/ - Bell 429        -  подробнее на нашем сайте https://skyrevery.ru - skyrevery.ru \r\nhttps://skyrevery.ru/ - Аренда частного самолета с экипажем в компании SkyRevery – это выбор тех, кто ценит свое время и живет по своему расписанию! \r\nАренда частного самолета помогает экономить самый важный ресурс – время. Арендовав частный самолет, именно Вы решаете, когда и куда полетите. Для выполнения чартерных рейсов мы предлагаем частные самолеты иностранного производства, гарантирующие высокий уровень комфорта и безопасности полета. Внимательные бортпроводники и высокопрофессиональные пилоты сделают Ваш полет максимально приятным и удобным. \r\nКогда Вам нужна https://skyrevery.ru/ - аренда самолета срочно, мы можем организовать для Вас вылет по готовности от 3 часов с момента подтверждения.','ru','2019-06-16 22:21:27'),
	(506,'q6z8i9w2','lfvuaanu@gmail.com','Kurzy','<a href=\" https://essaywritingg.us/ \">essay writing help</a> - essay writing service discount \r\nbest essay writing service canada - [url=https://essaywritingg.us/]writing essays custom[/url] \r\nhttps://essaywritingg.us/','cs','2019-06-17 12:47:25'),
	(507,'Hahatone_Rus','vladi.uluisha+myhit100619@gmail.com','Novou pracovni vyzvu','<a href=https://elit-kniga.ru/>Элит-Книга</a> много книг и бесплатно, торрент сайт. \r\n \r\n \r\n<a href=http://elit-kniga.ru/details.php?id=126776>Ш Бодлер Предвкушение небытия</a>','ru','2019-06-17 13:40:53'),
	(508,'MatthewWoove','bronislav.sosenkin@mail.ru','Êóðñû','Большой ссылочный взрыв \r\n<a href=http://xrumer.pro/xrumer/kak-zabanity-sait/>Большой ссылочный взрыв</a>','ru','2019-06-17 16:11:12'),
	(509,'YvetteDiuct','ykeprold@bk.ru','Kurzy',' \r\nI really want to fuck! \r\nYou can see how I fuck myself in the ass on the camera! \r\nRegister and write me my nickname Xenia21 \r\n \r\nhttp://miss-bdsm.mcdir.ru/ - http://skype.miss-bdsm.mcdir.ru/img/bbb.jpg \r\n \r\nMy hot cunt wants dick! \r\nhttp://miss-bdsm.mcdir.ru/ - http://skype.miss-bdsm.mcdir.ru/img/21.jpg \r\nHere is a link to my camera >>> \r\nhttp://miss-bdsm.mcdir.ru/','cs','2019-06-17 17:18:07'),
	(510,'YvetteDiuct','ykeprold@bk.ru','Novou pracovni vyzvu','http://miss-bdsm.mcdir.ru/ - http://skype.miss-bdsm.mcdir.ru/img/aaa.jpg \r\nMy hot cunt wants dick! \r\nhttp://miss-bdsm.mcdir.ru/ - http://skype.miss-bdsm.mcdir.ru/img/21.jpg \r\nLooking for a boyfriend!!! \r\nRegister and write me my nickname Xenia21 \r\nlink to my free webcam \r\nhttp://miss-bdsm.mcdir.ru/','cs','2019-06-18 07:02:28'),
	(511,'LouisSuile','yaroslav.pavlichenkov@mail.ru','Novou pracovni vyzvu','Thank you for registering Object Detecion Software!   http://object-detection.com/ \r\n \r\nПрограмма видеонаблюдения \r\n \r\n<a href=http://webcamerapro.com/>video surveillance software</a>','ru','2019-06-18 08:48:52'),
	(512,'Josephboype','griva.vadimka@mail.ru','Êóðñû','Thank you for registering on Home Security Camera!   http://www.home-security-camera.com/ \r\n \r\nПрограммное обеспечение для видеонаблюдения \r\n \r\n \r\nhttp://www.home-security-camera.com/stream \r\n<a href=http://www.home-security-camera.com/support-russian>Облачное видеонаблюдение бесплатно</a>','ru','2019-06-18 08:48:52'),
	(513,'Tesfap','ntgjs1pse@gastroplasty.icu','Kurzy','Dental Fresh Water Additive вЂ“ Advanced Plaque and Tartar Formula for Dogs вЂ“ Clinically Proven, Add to PetвЂ™s Water Bowl to Whiten Teeth, Eliminate Bad Breath and  \r\n<a href=http://tartaronteeth.cf/how-does-tartar-buildup-on-teeth/1/>How does tartar buildup on teeth</a> ','cs','2019-06-18 12:50:35'),
	(514,'YvetteDiuct','ykeprold@bk.ru','Kurzy',' \r\n \r\nhttp://miss-bdsm.mcdir.ru/ - http://skype.miss-bdsm.mcdir.ru/img/bbb.jpg \r\n \r\nMy hot cunt wants dick! \r\nhttp://miss-bdsm.mcdir.ru/ - http://skype.miss-bdsm.mcdir.ru/img/21.jpg \r\n \r\nFuck it in the ass.On the camera for free!My nickname on the site Xenia21 link to my free webcam \r\nhttp://miss-bdsm.mcdir.ru/ \r\n','cs','2019-06-18 22:17:17'),
	(515,'acamar.cz','micgyhaelBut@gmail.com','Novou pracovni vyzvu','Behold is  an interesting  present for you. acamar.cz \r\nhttp://bit.ly/2KFcPP4','cs','2019-06-19 11:20:31'),
	(516,'Jeffreydrevy','fbsmarty@aol.com','Novou pracovni vyzvu','Sexy Girls fur die Nacht in deiner Stadt: http://xurl.es/b5i15','ru','2019-06-20 01:24:34'),
	(517,'Beautiful girls for sex in your city http://xurl.es/pdscb','stlouis3@hotmail.com','Novou pracovni vyzvu','Meet sexy girls in your city: http://xurl.es/sb8yf','ru','2019-06-20 02:10:32'),
	(518,'Shawnhes','vanechka.barbasov@mail.ru','Novou pracovni vyzvu','Actovegin \r\n \r\n<a href=https://actoveg.in/product/actovegin-80-mg-5-ampoules/>actovegin injection</a>','ru','2019-06-20 11:14:56'),
	(519,'RebeccaPem','ksenia.jones@bk.ru','Kurzy','http://gg.gg/kenia/ - http://skype.miss-bdsm.mcdir.ru/img/bbb.jpg \r\n \r\nMy hot cunt wants dick! \r\nhttp://gg.gg/kenia/ - http://skype.miss-bdsm.mcdir.ru/img/21.jpg \r\nLooking for a boyfriend!!! \r\nRegister and write me my nickname Xenia21 \r\nlink to my free webcam \r\nhttp://gg.gg/kenia/','cs','2019-06-20 14:13:52'),
	(520,'TimothyAdora','chepurnov.lavrentiy@mail.ru','Êóðñû','Thank you for registering on Webcam Software Cloud!   http://webcam-cloud.com/ \r\n \r\nWebcam software - All the functionality of expensive and complex solution \r\n \r\n<a href=http://www.webcam-cloud.com/business-surveillance.html>Webcam software - Video surveillance</a>','ru','2019-06-20 16:35:39'),
	(521,'acamar.cz','micgyhaelBut@gmail.com','Novou pracovni vyzvu','Please note an important  prize for winning. acamar.cz \r\nhttp://bit.ly/2Ky6jJZ','cs','2019-06-21 00:42:49'),
	(522,'Davidped','kupriyenkov.borislav@mail.ru','Êóðñû','смотреть онлайн бесплатно \r\n \r\n','ru','2019-06-21 02:12:55'),
	(523,'Donaldlic','nevara.lavrentiy@mail.ru','Êóðñû','смотреть онлайн бесплатно \r\n \r\n<a href=https://serial-online.info/3301-devjanostye-90-e-veselo-i-gromko-1213141516-serija-2019.html>https://serial-online.info/3301-devjanostye-90-e-veselo-i-gromko-1213141516-serija-2019.html</a>','ru','2019-06-21 02:12:55'),
	(524,'Normater','dimas.dimonov.77@bk.ru','Novou pracovni vyzvu','I really want to fuck myself in the ass on the camera!!!! \r\nI\'m waiting for you!! \r\nand my ass wants to fuck! \r\n \r\nhttp://gg.gg/kenia/ - http://skype.miss-bdsm.mcdir.ru/img/77.jpg|http://gg.gg/kenia/ -  \r\nMy cunt is always wet mmm .... \r\nhttp://skype.miss-bdsm.mcdir.ru/img/21.jpg|http://gg.gg/kenia/ -  \r\n \r\nRegister and write me my nickname Xenia21 \r\nLink to my free webcam \r\nhttp://gg.gg/kenia/','cs','2019-06-21 11:05:20'),
	(525,'Vodanance','starovojtovgeorgij8383@mail.ru','Novou pracovni vyzvu','Мы развозим питьевую воду как частным, так и юридическим лицам. Наша транспортная служба осуществляет доставку питьевой воды на следующий день после заказа. 	 \r\n \r\n<a href=http://voda-nn.ru>заказ воды</a>        \r\nСрочная доставка в день заказа доступна для владельцев клубных карт. Доставка воды происходит во все районы Нижнего Новгорода, в верхнюю и нижнюю части города: <a href=http://voda-nn.ru>voda-nn.ru</a>','ru','2019-06-21 15:26:15'),
	(526,'Pennyriz','petrovapenny@gmail.com','Novou pracovni vyzvu','<b><a href=https://velpanex.ru/shop/22/desc/alecnib>Alecnib (Алектиниб) - Алекниб (Alectinib) - аналог Алесенса</a></b> средство нового поколения. Относиться данный препарат к клинико-фармакологическому подклассу веществ, которые борются с опухолью, предотвращают и останавливают ее распространение в организме. Препарат имеет возможность блокировать фермент протеинкиназы, что способствует остановке распространению опухолевых тканей в организме. \r\n \r\nПоказание к применению \r\nПрепарат принимается для борьбы с ALK-позитивным немелкоклеточным раком легкого. На <b><a href=https://velpanex.ru/shop/22/desc/alecnib>Alecnib (Алектиниб) - Алекниб (Alectinib) - аналог Алесенса цена</a></b> указана на сайте, вы прямо сейчас можете заказать его с доставкой. \r\n \r\nСпособ применения \r\nОчень важно знать и способ правильного, предусмотренного инструкцией и медицинским назначением применения препарата для более эффективного воздействия на организм пациента. Прежде всего, надо сказать, что лекарственное средство производиться и выпускается в капсулах, для внутреннего применения. Их ни в коем случае нельзя раскрывать и высыпать. Способ приема пероральный. Капсулу необходимо заглатывать целиком и запить большим количеством воды, противопоказано запивать препарат грейпфрутовым соком, так как может произойти нежелательная химическая реакция для организма. Дозировка зависит от типа терапии. Согласно инструкции производителя рекомендуется принимать по 600 мг препарата (это ровно 4 целых капсулы) дважды в сутки во время еды. Длительность курса длится до наступления положительного эффекта, или если возникают сильные и тяжелые побочные действия, то тогда курс прекращается. \r\nТак же при необходимости врач может снижать дневную дозу препарата Если вас интересует на <a href=https://velpanex.ru/shop/22/desc/alecnib>Alecnib (Алектиниб) - Алекниб (Alectinib) - аналог Алесенса стоимость</a></b> и доставка – звоните, мы всегда рады помочь с оформлением заказа. \r\n \r\nПротивопоказания \r\nКак и любой препарат, есть группы лиц, которым он противопоказан следующим, к таким группам лиц относятся: • Лица, имеющие непереносимость к любым компонентам из состава лекарственного средства; • Лица до восемнадцати лет, вынашивающие ребенка и кормящие грудью; • Лица, у которых имеется тяжелая почечная недостаточность; • Лица, которым необходим гемодиализ. \r\n \r\nПобочные эффекты \r\nВ целом про <b><a href=https://velpanex.ru/shop/22/desc/alecnib>Alecnib (Алектиниб) - Алекниб (Alectinib) - аналог Алесенса отзывы</a></b> встречаются положительные. Но иногда в процессе применения у организма могут возникнуть негативные реакции на препарат, а именно - возможно поражение инфекцией, наблюдение резкого спада аппетита, ухудшения зрительной функцией организма, головокружение и появление головных болей. Возможно, будет повышаться артериальное давление, и образовываться гематомы. Негативная химическая реакция может вызвать и воспаления слизистой рта, боли в брюшной полости, расстройство желудка, вследствие чего будет ненормальный стул. Болевые ощущения в мышцах и суставах, а также снижение веса, нарушения кожных покровов, отек нижних конечностей, одышка и кашель. Если вам нужно <b><a href=https://velpanex.ru/shop/22/desc/alecnib>Alecnib (Алектиниб) - Алекниб (Alectinib) - аналог Алесенса купить</a></b> дешево – ждем вашего звонка. \r\n \r\n<a href=https://velpanex.ru/shop/22/desc/alecnib>алектиниб</a> \r\n<a href=https://velpanex.ru/shop/22/desc/alecnib>алектиниб инструкция</a> \r\n<a href=https://velpanex.ru/shop/22/desc/alecnib>алектиниб цена</a> \r\n<a href=https://velpanex.ru/shop/22/desc/alecnib>алектиниб отзывы</a> \r\n<a href=https://velpanex.ru/shop/22/desc/alecnib>алектиниб инструкция +по применению</a> \r\n<a href=https://velpanex.ru/shop/22/desc/alecnib>алектиниб форма выпуска</a> \r\n<a href=https://velpanex.ru/shop/22/desc/alecnib>алектиниб купить</a> \r\n<a href=https://velpanex.ru/shop/22/desc/alecnib>алектиниб отзывы пациентов</a> \r\n<a href=https://velpanex.ru/shop/22/desc/alecnib>алектиниб цена омск</a> \r\n<a href=https://velpanex.ru/shop/22/desc/alecnib>алектиниб купить +в москве</a> \r\n<a href=https://velpanex.ru/shop/22/desc/alecnib>алеценза алектиниб инструкция +по применению</a> \r\n<a href=https://velpanex.ru/shop/22/desc/alecnib>Алесенса (Alectinib) - Alecensa (Алектиниб)</a> \r\n<a href=https://velpanex.ru/shop/22/desc/alecnib>Алесенса (Alectinib) - Alecensa (Алектиниб) купить</a> \r\n<a href=https://velpanex.ru/shop/22/desc/alecnib>Алесенса (Alectinib) - Alecensa (Алектиниб) цена</a> \r\n<a href=https://velpanex.ru/shop/22/desc/alecnib>Алесенса (Alectinib) - Alecensa (Алектиниб) стоимость</a> \r\n<a href=https://velpanex.ru/shop/22/desc/alecnib>Алесенса (Alectinib) - Alecensa (Алектиниб) отзывы</a> \r\n<a href=https://velpanex.ru/shop/22/desc/alecnib>alectinib</a>','ru','2019-06-21 19:40:22'),
	(527,'DavidTon','wlms111@rambler.ru','Novou pracovni vyzvu','<b> <a href=https://velpanex.ru/shop/23/desc/ibruxen>Ibruxen (Ибрутиниб 140мг) - Ибруксен ( Ibrutinib) – аналог Имбрувика</a> </b> представляет собой лекарственный препарат, действующий на основе низкомолекулярного ингибитора тирозининазы Брутона. \r\nФорма выпуска \r\nВыпуск лекарства осуществляется в виде капсул, основным веществом которых является ибрутиниб. \r\nДействие препарата \r\nРекомендуется принимать препарат за несколько часов либо до еды, либо после. Попадая в организм, лекарство сразу же абсорбируется. Действие препарата направлено на борьбу с раковыми клетками: он останавливает процесс их роста, тем самым приводя к уменьшению опухоли. Если вы хотите <b> <a href=https://velpanex.ru/shop/23/desc/ibruxen>Ibruxen (Ибрутиниб 140мг) - Ибруксен ( Ibrutinib ) – аналог Имбрувика купить</a> </b> недорого, тогда оформляйте заказ на нашем сайте. \r\nПоказания к применению \r\nПрием лекарственного средства осуществляется взрослыми, имеющими следующие заболевания: • Мантийноклеточная лимфома; • Лимфоцитарный лейкоз; • Макроглобулинемия Вальденстрема. В основном, лечение данным препаратом осуществляется в том случае, если пациенты не могут пройти курс химиотерапии или иммуннотерапии. Про <b> <a href=https://velpanex.ru/shop/23/desc/ibruxen>Ibruxen (Ибрутиниб 140мг) - Ибруксен ( Ibrutinib ) – аналог Имбрувика отзывы</a> </b> по большей части положительные. \r\nПобочное действие \r\nВ качестве побочных эффектов можно отметить: • нарушения работоспособности нервной системы; • нарушения работоспособности желудочно-кишечного тракта; • нарушения зрения; • аллергические реакции. Также может проявиться слабость или отек. Если побочные эффекты имеют слабое действие, то прием препарата продолжается в обычном режиме. В противном случае при ухудшении состояния пациента прием препарата прекращается и назначается консультация у лечащего врача. Узнать, какая сегодня на <b> <a href=https://velpanex.ru/shop/23/desc/ibruxen>Ibruxen (Ибрутиниб 140мг) - Ибруксен ( Ibrutinib ) – аналог Имбрувика стоимость</a> </b>можно, позвонив в нашу аптеку. \r\nПротивопоказания \r\nИбрутиниб не рекомендуется принимать: • беременным и кормящим женщинам; • детям в возрасте до 18 лет; • больным, имеющим гиперчувствительность к какому-либо из компонентов препарата; • пациентам, у которых имеются проблемы с печенью и почками. Также запрещено применение препарата в случаях, если ведется параллельный курс лечения мощных препаратов. Среди тех, кто был вынужден пройти курс лечения данным препаратом, было отмечено тяжелое влияние Ибрутиниба на организм. По мнению некоторых, в течение приема лекарства проявились многие побочные эффекты, особенно часто – кровотечения и нарушения дыхательных функций. Все это приводило к тому, что нужно было постоянно корректировать дозу лекарства. В любом случае отпуск препарата осуществляется по рецепту врача. И для того, чтобы был назначен именно \r\n<b> <a href=https://velpanex.ru/shop/23/desc/ibruxen>Ibruxen (Ибрутиниб 140мг) - Ибруксен ( Ibrutinib ) – аналог Имбрувика цена</a> </b>  которого более доступна, необходимо пройти специальное обследование и сдать требуемые анализы. Лечащий врач сделает вывод о виде заболевания и выпишет соответствующий рецепт \r\n \r\n<a href=https://velpanex.ru/shop/23/desc/ibruxen>ибрутиниб</a> \r\n<a href=https://velpanex.ru/shop/23/desc/ibruxen>ибрутиниб цена</a> \r\n<a href=https://velpanex.ru/shop/23/desc/ibruxen>ибрутиниб инструкция</a> \r\n<a href=https://velpanex.ru/shop/23/desc/ibruxen>ибрутиниб инструкция +по применению</a> \r\n<a href=https://velpanex.ru/shop/23/desc/ibruxen>препарат ибрутиниб</a> \r\n<a href=https://velpanex.ru/shop/23/desc/ibruxen>ибрутиниб отзывы</a> \r\n<a href=https://velpanex.ru/shop/23/desc/ibruxen>ибрутиниб 140 мг</a> \r\n<a href=https://velpanex.ru/shop/23/desc/ibruxen>ибрутиниб купить</a> \r\n<a href=https://velpanex.ru/shop/23/desc/ibruxen>ибрутиниб аналоги</a> \r\n<a href=https://velpanex.ru/shop/23/desc/ibruxen>ибрутиниб ibrutinib цена</a> \r\n<a href=https://velpanex.ru/shop/23/desc/ibruxen>ибрутиниб цена +в россии</a> \r\n<a href=https://velpanex.ru/shop/23/desc/ibruxen>дженерик ибрутиниб</a> \r\n<a href=https://velpanex.ru/shop/23/desc/ibruxen>imbruvica ибрутиниб 140 мг</a> \r\n<a href=https://velpanex.ru/shop/23/desc/ibruxen>ибрутиниб цена +в москве</a> \r\n<a href=https://velpanex.ru/shop/23/desc/ibruxen>лекарство ибрутиниб</a> \r\n<a href=https://velpanex.ru/shop/23/desc/ibruxen>хлл ибрутинибом</a> \r\n<a href=https://velpanex.ru/shop/23/desc/ibruxen>ибрутиниб отзывы пациентов</a> \r\n<a href=https://velpanex.ru/shop/23/desc/ibruxen>ибрутиниб 420</a> \r\n<a href=https://velpanex.ru/shop/23/desc/ibruxen>лечение хлл ибрутинибом</a> \r\n<a href=https://velpanex.ru/shop/23/desc/ibruxen>ибрутиниб торговое название</a> \r\n<a href=https://velpanex.ru/shop/23/desc/ibruxen>ибрутиниб купить +в москве</a> \r\n<a href=https://velpanex.ru/shop/23/desc/ibruxen>ибрутиниб купить +в петербурге</a> \r\n<a href=https://velpanex.ru/shop/23/desc/ibruxen>результат лечения хлл мабтера плюс ибрутиниб</a> \r\n<a href=https://velpanex.ru/shop/23/desc/ibruxen>ибрутиниб +как получить бесплатно</a> \r\n<a href=https://velpanex.ru/shop/23/desc/ibruxen>ибрутиниб отзывы больных</a> \r\n<a href=https://velpanex.ru/shop/23/desc/ibruxen>ибрутиниб рлс</a> \r\n<a href=https://velpanex.ru/shop/23/desc/ibruxen>ибрутиниб форум</a> \r\n<a href=https://velpanex.ru/shop/23/desc/ibruxen>ибрутиниб имбрувика цена</a> \r\n<a href=https://velpanex.ru/shop/23/desc/ibruxen>имбрувика</a> \r\n<a href=https://velpanex.ru/shop/23/desc/ibruxen>имбрувика цена</a> \r\n<a href=https://velpanex.ru/shop/23/desc/ibruxen>имбрувика инструкция</a> \r\n<a href=https://velpanex.ru/shop/23/desc/ibruxen>имбрувика применение</a> \r\n<a href=https://velpanex.ru/shop/23/desc/ibruxen>имбрувика инструкция +по применению</a> \r\n<a href=https://velpanex.ru/shop/23/desc/ibruxen>имбрувика цена +в рублях</a> \r\n<a href=https://velpanex.ru/shop/23/desc/ibruxen>имбрувика отзывы</a> \r\n<a href=https://velpanex.ru/shop/23/desc/ibruxen>имбрувика купить</a> \r\n<a href=https://velpanex.ru/shop/23/desc/ibruxen>продам имбрувика</a> \r\n<a href=https://velpanex.ru/shop/23/desc/ibruxen>имбрувика аналоги</a> \r\n<a href=https://velpanex.ru/shop/23/desc/ibruxen>имбрувика imbruvica</a> \r\n<a href=https://velpanex.ru/shop/23/desc/ibruxen>имбрувика цена +в москве</a> \r\n<a href=https://velpanex.ru/shop/23/desc/ibruxen>имбрувика форум</a> \r\n<a href=https://velpanex.ru/shop/23/desc/ibruxen>имбрувика +от частных лиц</a> \r\n<a href=https://velpanex.ru/shop/23/desc/ibruxen>имбрувика купить +в москве</a> \r\n<a href=https://velpanex.ru/shop/23/desc/ibruxen>имбрувика продам остатки</a> \r\n<a href=https://velpanex.ru/shop/23/desc/ibruxen>крым имбрувика</a> \r\n<a href=https://velpanex.ru/shop/23/desc/ibruxen>имбрувика отзывы форум</a> \r\n<a href=https://velpanex.ru/shop/23/desc/ibruxen>имбрувика производитель</a> \r\n<a href=https://velpanex.ru/shop/23/desc/ibruxen>препарат имбрувика</a> \r\n<a href=https://velpanex.ru/shop/23/desc/ibruxen>лекарство имбрувика</a> \r\n<a href=https://velpanex.ru/shop/23/desc/ibruxen>имбрувика аптека бурденко</a> \r\n<a href=https://velpanex.ru/shop/23/desc/ibruxen>ибрутиниб имбрувика цена</a> \r\n<a href=https://velpanex.ru/shop/23/desc/ibruxen>LuciBru купить</a> \r\n<a href=https://velpanex.ru/shop/23/desc/ibruxen>Lucibru цена</a> \r\n<a href=https://velpanex.ru/shop/23/desc/ibruxen>Lucibru стоимость</a> \r\n<a href=https://velpanex.ru/shop/23/desc/ibruxen>Lucibru отзывы</a>','ru','2019-06-21 19:40:24'),
	(528,'Eric','eric@talkwithcustomer.com','Courses','Hello,\r\n\r\nLet’s take a quick trip to Tomorrow-land.\r\n\r\nI’m not talking about a theme park, I’m talking about your business’s future…\r\n\r\nDon’t worry, we won’t even need a crystal ball.  \r\n\r\nJust imagine…\r\n\r\n… a future where the money you invest in driving traffic to your acamar.cz site pays off with tons of calls from qualified leads. \r\n\r\nAnd the difference between what you experienced in the past is staggering – you’re seeing 10X, 20X, 50X, even up to a 100X more leads coming from your acamar.cz website.  Leads that are already engaged with what you have to offer and are ready to learn more and even open their wallets.\r\n\r\nSeeing all this taking place in your business, you think back: \r\n\r\n“What did I do only a short time ago that made such a huge difference?”\r\n\r\nAnd then it hits you:  \r\n\r\nYou took advantage of a free 14 day Test Drive of TalkWithCustomer.\r\n\r\nYou installed TalkWithCustomer on your website – it was a snap.\r\n\r\nAnd practically overnight customers started engaging more regularly and calling your business. Like this:\r\n\r\n”EMA has been looking for ways to reach out to an audience. TalkWithCustomer so far is the most direct call of action. It has produced above average closing ratios and we are thrilled. Thank you for providing a real and effective tool to generate REAL leads.”  - Pat MontesDeOca\r\n\r\nSince you installed TalkWithCustomer it’s been great.\r\n\r\nIt’s fun to dream, but this isn’t just a dream. It could be your very real tomorrow. \r\n\r\nAll you have to do is CLICK HERE http://www.talkwithcustomer.com to sign up to try TalkWithCustomer today.\r\n\r\nNot tomorrow. Today.\r\n\r\nBecause there’s no better time than now to make your business work the way you’ve always wanted. \r\n\r\nSincerely,\r\nEric\r\n\r\nPS: Remember, there’s absolutely NO risk to you – if you’re 100% satisfied after the 14 days pass, there’s no obligation.  And even ONE more lead-turned-into-customer could be worth hundreds, even thousands to you over their lifetime. Don’t let the moment pass you by.  CLICK HERE http://www.talkwithcustomer.com to sign up for this free test drive now.  \r\n\r\nIf you\'d like to unsubscribe click here. http://liveserveronline.com/talkwithcustomer.aspx?d=acamar.cz\r\n','en','2019-06-21 20:39:35'),
	(529,'Normater','dimas.dimonov.77@bk.ru','Novou pracovni vyzvu','I really want to fuck myself in the ass on the camera!!!! \r\nI\'m waiting for you!! \r\nand my ass wants to fuck! \r\n \r\nhttp://gg.gg/kenia/ - http://skype.miss-bdsm.mcdir.ru/img/77.jpg|http://gg.gg/kenia/ -  \r\nMy cunt is always wet mmm .... \r\nhttp://skype.miss-bdsm.mcdir.ru/img/21.jpg|http://gg.gg/kenia/ -  \r\n \r\nRegister and write me my nickname Xenia21 \r\nLink to my free webcam \r\nhttp://gg.gg/kenia/','cs','2019-06-22 08:49:53'),
	(530,'JeromeSpich','kelly.cruz@evrosis.com','Novou pracovni vyzvu','EVROSIS Technologies’s turnkey solutions: we customize our products and services to meet the exact requirements of our clients. At EVROSIS TECHNOLOGIES, our developers, engineers, and data scientists are experts in Financial Engineering, High Frequency Trading, Trading Platform & financial markets. \r\n \r\nOur competitive strengths: High Speed Networks Development, High Performance Computing, Deep Learning A.I., High Sharpe Ratio Trading models, and talented Quant Traders. \r\n \r\nYou can Get custom Trading Solutions for any Exchanges/ECNs in The World or use pre-prepared Solutions and Profit from a state-of-the-Art Model. You will save Time and Money by Working with Us. \r\n \r\nContact us and we will implement your needs. \r\n \r\nKind regards \r\n \r\nKelly Cruz \r\nSales \r\n \r\nWebsite : http://bit.ly/2ZBxNmu \r\nSkype: support.evrosis \r\nE-mail : info@evrosis.com \r\nEVROSIS Technologies Ltd. \r\n130 Old Street, London, United Kingdom, EC1V 9BD','cs','2019-06-22 19:54:43'),
	(531,'Normater','dimas.dimonov.77@bk.ru','Kurzy','I really want to fuck myself in the ass on the camera!!!! \r\nI\'m waiting for you!! \r\nand my ass wants to fuck! \r\n \r\nhttp://gg.gg/kenia/ - http://skype.miss-bdsm.mcdir.ru/img/77.jpg|http://gg.gg/kenia/ -  \r\nMy cunt is always wet mmm .... \r\nhttp://skype.miss-bdsm.mcdir.ru/img/21.jpg|http://gg.gg/kenia/ -  \r\n \r\nRegister and write me my nickname Xenia21 \r\nLink to my free webcam \r\nhttp://gg.gg/kenia/','cs','2019-06-23 04:03:58'),
	(532,'Thomasvat','mishakokosh12@gmail.com','Êóðñû','Здравствуйте уважаемые форумчане, подскажите где можно скачать или слушать музыку, \r\nв основном всегда качаю здесь: \r\n \r\n \r\nhttps://musicmy.top - музыка 2018 слушать онлайн бесплатно         ','ru','2019-06-23 09:54:01'),
	(533,'Jameslix','serp.ki.ngz@gmail.com','Novou pracovni vyzvu','Les meilleures filles pour le sexe dans votre ville: http://soo.gd/S16mo','ru','2019-06-23 10:08:58'),
	(534,'DavidNus','vika1iv@yandex.ua','Novou pracovni vyzvu','Tor browser \r\nBest Anonymous Browser in the World \r\nTor browser \r\nЛучший аннонимный браузер в мире \r\n<a href=http://a2ztranslate.com/browser/avto/16339-ustanovit-brauzer-tor-10.html>СѓСЃС‚Р°РЅРѕРІРёС‚СЊ Р±СЂР°СѓР·РµСЂ tor 10</a>\r\n<a href=http://a2ztranslate.com/browser/bmw/92320-tor-brauzer-a.html>С‚РѕСЂ Р±СЂР°СѓР·РµСЂ Р°</a>\r\n<a href=http://a2ztranslate.com/browser/audi/04498-tor-tor-skachat-brauzer-k.html>tor С‚РѕСЂ СЃРєР°С‡Р°С‚СЊ Р±СЂР°СѓР·РµСЂ Рє</a>\r\n<a href=http://a2ztranslate.com/browser/avto/52651-brauzer-tor-skachat-na-russkom-1.html>Р±СЂР°СѓР·РµСЂ С‚РѕСЂ СЃРєР°С‡Р°С‚СЊ РЅР° СЂСѓСЃСЃРєРѕРј 1</a>\r\n<a href=http://a2ztranslate.com/browser/goroskopy/17877-tor-browser-phone-o.html>tor browser phone Рѕ</a>\r\n','ru','2019-06-23 15:27:46'),
	(535,'Arnoldner','sazhin.vladlen@mail.ru','Êóðñû','Black PR on the example of Arnaud Massartic we omit sites. \r\n \r\n<a href=https://www.realscam.com/f12/arnaud-massartic-3034/>Black PR on the example of Arnaud Massartic we omit sites.</a>','ru','2019-06-23 16:06:10'),
	(536,'JoshuaRus','grisha.burmyakov@mail.ru','Êóðñû','Our work on the example of Arnaud Massartic \r\n \r\n<a href=https://www.realscam.com/f12/arnaud-massartic-3034/>Our work on the example of Arnaud Massartic</a>','ru','2019-06-23 17:06:55'),
	(537,'SherriCip','simonna86@bk.ru','Kurzy','I really want to fuck myself in the ass on the camera!!!! \r\nI\'m waiting for you!! \r\nand my ass wants to fuck! \r\n \r\nhttp://gg.gg/kenia/ - http://skype.miss-bdsm.mcdir.ru/img/77.jpg|http://gg.gg/kenia/ -  \r\nMy cunt is always wet mmm .... \r\nhttp://skype.miss-bdsm.mcdir.ru/img/21.jpg|http://gg.gg/kenia/ -  \r\n \r\nRegister and write me my nickname Xenia21 \r\nLink to my free webcam \r\nhttp://gg.gg/kenia/','cs','2019-06-24 02:09:20'),
	(538,'SherriCip','simonna86@bk.ru','Novou pracovni vyzvu','I really want to fuck myself in the ass on the camera!!!! \r\nI\'m waiting for you!! \r\nand my ass wants to fuck! \r\n \r\nhttp://gg.gg/kenia/ - http://skype.miss-bdsm.mcdir.ru/img/77.jpg|http://gg.gg/kenia/ -  \r\nMy cunt is always wet mmm .... \r\nhttp://skype.miss-bdsm.mcdir.ru/img/21.jpg|http://gg.gg/kenia/ -  \r\n \r\nRegister and write me my nickname Xenia21 \r\nLink to my free webcam \r\nhttp://gg.gg/kenia/','cs','2019-06-25 00:12:07'),
	(539,'Robertdeede','miroslav.napokin@mail.ru','Novou pracovni vyzvu','надгробия москва \r\n \r\n<a href=https://pqd.ru>купить элитные памятники</a>','ru','2019-06-25 05:12:40'),
	(540,'HowardKah','larion.dukhvalov@mail.ru','Êóðñû','хованское кладбище официальный сайт \r\n \r\n<a href=https://dymovskiy.ru/>Изготовление памятников Подмосковье</a>','ru','2019-06-25 05:12:40'),
	(541,'Eugenegroff','tolstobrov_sashuta@mail.ru','Novou pracovni vyzvu','памятники на могилу \r\n \r\n<a href=https://iritual.ru/>цветник на могилу</a>','ru','2019-06-25 05:12:40'),
	(542,'LeonardPah','kuryndin.slava@mail.ru','Novou pracovni vyzvu','адвокаты Запорожье \r\n \r\n<a href=https://www.061.ua/ads/370053>адвокаты запорожья</a>','ru','2019-06-25 05:21:12'),
	(543,'SherriCip','simonna86@bk.ru','Novou pracovni vyzvu','I really want to fuck myself in the ass on the camera!!!! \r\nI\'m waiting for you!! \r\nand my ass wants to fuck! \r\n \r\nhttp://gg.gg/kenia/ - http://skype.miss-bdsm.mcdir.ru/img/77.jpg|http://gg.gg/kenia/ -  \r\nMy cunt is always wet mmm .... \r\nhttp://skype.miss-bdsm.mcdir.ru/img/21.jpg|http://gg.gg/kenia/ -  \r\n \r\nRegister and write me my nickname Xenia21 \r\nLink to my free webcam \r\nhttp://gg.gg/kenia/','cs','2019-06-25 19:55:21'),
	(544,'Williamabent','taisya_rybnova@mail.ru','Kurzy','[url=https://arcticboost.net/]buy cs go account cheap[/url] - mm boosting service, boosting esea','cs','2019-06-26 13:36:52'),
	(545,'DOLItes','vudje6ntw@magdalenabus.tk','Kurzy','It only seems like a moment ago that we were writing about protecting your skin in the summer months and now the colder months are here.  \r\n<a href=http://chemicalpeel.in/category/light-chemical-peel-before-and-after>light chemical peel before and after</a> ','cs','2019-06-26 15:26:51'),
	(546,'LeslieRuido','vebeyplemh03@yandex.ru','Êóðñû','<p> \r\n<strong>UPaySystem</strong> is an online payment gateway system script made with PHP & MySQL. Wanna start your own payment gateway like <strong>PayPal, Perfect Money, Bitcoin</strong> or other’s. Than <strong>UPaySystem</strong> is the best solution for you. you can start your own payment gateway system just 5 minutes. It is responsive and fully dynamic. easy to controll full system. You can manage Tax, Registration, SMS & Email Notification, Withdraw and Deposite.<br /> \r\n<br /> \r\n<u><strong>List of features:</strong></u><br /> \r\n<br /> \r\n<em>Transfer funds anonymously worldwide using your email address;<br /> \r\nRequest funds;<br /> \r\nPayment transactions;<br /> \r\nDeposit with prepaid cards;<br /> \r\nInstant Ordering;<br /> \r\nAPI support for sellers;<br /> \r\nMultilingual;<br /> \r\nMulticurrency;<br /> \r\nEtc.</em> \r\n</p> \r\n<hr /> \r\n<p> \r\n<br /> \r\n<u><strong>Functional:</strong></u></p> \r\n<ul> \r\n<li>Sending a request and receiving cash</li> \r\n<li>Deposit and Withdrawal</li> \r\n<li>Payment transactions</li> \r\n<li>Advanced Security System</li> \r\n<li>Making simple orders of goods</li> \r\n<li>Multilingual</li> \r\n<li>Geo targeting</li> \r\n<li>API support</li> \r\n<li>Multicurrency</li> \r\n<li>Currency conversion</li> \r\n<li>Auto update currency rates</li> \r\n<li>etc.</li> \r\n</ul> \r\n<hr /> \r\n<p> \r\nThe demo version can be found <a href=\"https://psdemo.4wdp.com/\">Live Preview</a><br /> \r\n</p>','ru','2019-06-26 16:45:51'),
	(547,'CynthiaJew','senna.jon@bk.ru','Novou pracovni vyzvu','I really want to fuck myself in the ass on the camera!!!! \r\nI\'m waiting for you!! \r\nand my ass wants to fuck! \r\n \r\nhttp://gg.gg/kenia/ - http://skype.miss-bdsm.mcdir.ru/img/77.jpg|http://gg.gg/kenia/ -  \r\nMy cunt is always wet mmm .... \r\nhttp://skype.miss-bdsm.mcdir.ru/img/21.jpg|http://gg.gg/kenia/ -  \r\n \r\nRegister and write me my nickname Xenia21 \r\nLink to my free webcam \r\nhttp://gg.gg/kenia/','cs','2019-06-26 17:59:29'),
	(548,'h3j6h0t3','wjfqwusw@gmail.com','Novou pracovni vyzvu','<a href=\" https://essaywriterr.us/ \">essay writer reddit</a>, essay writer online \r\nessay writer online, <a href=\" https://essaywriterr.us/ \">cat essay writer</a> \r\nhttps://essaywriterr.us/','cs','2019-06-26 19:32:58'),
	(549,'Brooke Smith','brookecvsulsmith@aol.com','New professional challenge','Hi,\r\n  You have a great website.  May I ask how your SEO is doing?\r\n\r\nDo you have enough people coming to your website?\r\n\r\nWe can help improve your SEO.  \r\n\r\nhttps://businessseo.top/wal/?=acamar.cz\r\n\r\nRegards,\r\nBrooke\r\nSEO Expert\r\n\r\n\r\n\r\n\r\n\r\n\r\n\r\n\r\n\r\n\r\n500 Westover Dr #12733\r\nSanford, NC 27330\r\n\r\nIf you prefer not to receive commercial messages regarding seo for your business, please remove yourself here: https://www.businessseo.top/out.php/?site=acamar.cz\r\n','en','2019-06-26 23:18:09'),
	(550,'EGGgype','mgxhk7jeb@papillomadelete.info','Kurzy','We are a family owned and operated company and have . been in the dental industry business for 30+ years. Need something you dont see here on ebay?  \r\n<a href=http://eggrolls.ml/art/egg-roll-skillet/>Egg roll skillet</a> ','cs','2019-06-27 00:33:44'),
	(551,'Rachel Winter','rachel@explainmybusiness.com','New professional challenge','Hey, I checked out your site and it looks great- but I noticed you\'re missing a promotional/explainer video, something that clearly defines what makes your business unique and stand out. \r\n\r\nWithout an Explainer Video potential customers bounce right off your page! \r\n\r\nMy team located in Israel creates these clear 30-60 second promotional style videos at affordable rates. \r\n\r\nCheck out our site www.explainmybusiness.com\r\n','en','2019-06-27 07:57:04'),
	(552,'BimNag','bdxza1qml@body-lotion.biz','Kurzy','However, the Janata Dal (Secular)s ascendancy in Karnataka and its leader HD Kumaraswamys dexterity in coaxing the Congresss support on his terms  \r\n<a href=http://gaselectricity.in/earl-grey-tea-benefits-med-health-net-9gag>distinct flavor</a> ','cs','2019-06-27 15:03:19'),
	(553,'Carlafof','dimulyaw@bk.ru','Novou pracovni vyzvu','I really want to fuck myself in the ass on the camera!!!! \r\nI\'m waiting for you!! \r\nand my ass wants to fuck! \r\n \r\nhttp://gg.gg/kenia/ - http://skype.miss-bdsm.mcdir.ru/img/77.jpg|http://gg.gg/kenia/ -  \r\nMy cunt is always wet mmm .... \r\nhttp://skype.miss-bdsm.mcdir.ru/img/21.jpg|http://gg.gg/kenia/ -  \r\n \r\nRegister and write me my nickname Xenia21 \r\nLink to my free webcam \r\nhttp://gg.gg/kenia/','cs','2019-06-28 00:32:44'),
	(554,'Mauricetiz','miy371@aol.com','Novou pracovni vyzvu','Cannabis investoi Eurooppaan: https://chogoon.com/srt/rv5ni','ru','2019-06-28 04:18:44'),
	(555,'ContactForm','raphaeWrilky@gmail.com','Kurzy','Hi!  acamar.cz \r\n \r\nWe present oneself \r\n \r\nSending your commercial offer through the Contact us form which can be found on the sites in the contact partition. Contact form are filled in by our software and the captcha is solved. The superiority of this method is that messages sent through feedback forms are whitelisted. This method improve the probability that your message will be open. \r\n \r\nOur database contains more than 25 million sites around the world to which we can send your message. \r\n \r\nThe cost of one million messages 49 USD \r\n \r\nFREE TEST mailing of 50,000 messages to any country of your choice. \r\n \r\n \r\nThis message is automatically generated to use our contacts for communication. \r\n \r\n \r\n \r\nContact us. \r\nTelegram - @FeedbackFormEU \r\nSkype  FeedbackForm2019 \r\nWhatsApp - +44 7598 509161 \r\nEmail - FeedbackForm@make-success.com','cs','2019-06-28 07:27:27'),
	(556,'MatthewMaype','chattaya.c@zengroup.co.th','Novou pracovni vyzvu','Investeer in cannabis NZ: https://hideuri.com/aVXdGw','ru','2019-06-28 08:37:30'),
	(557,'DarylMor','rafaelblancogallardo@yahoo.es','Êóðñû','Wie man in die kanadische legale Cannabisindustrie investiert: http://v.ht/p5eH4','ru','2019-06-28 13:46:00'),
	(558,'Gudrunaluct','d.tyjk@bk.ru','Novou pracovni vyzvu','I really want to fuck myself in the ass on the camera!!!! \r\nI\'m waiting for you!! \r\nand my ass wants to fuck! \r\n \r\nhttp://gg.gg/kenia/ - http://skype.miss-bdsm.mcdir.ru/img/77.jpg|http://gg.gg/kenia/ -  \r\nMy cunt is always wet mmm .... \r\nhttp://skype.miss-bdsm.mcdir.ru/img/21.jpg|http://gg.gg/kenia/ -  \r\n \r\nRegister and write me my nickname Xenia21 \r\nLink to my free webcam \r\nhttp://gg.gg/kenia/','cs','2019-06-29 18:04:41'),
	(559,'Mauricetiz','waterskirace@comcast.net','Novou pracovni vyzvu','Girls are looking for sex in your city: https://chogoon.com/srt/sap7u','ru','2019-07-01 07:17:24');

/*!40000 ALTER TABLE `acamar_web_contact` ENABLE KEYS */;
UNLOCK TABLES;


# Dump of table acamar_web_contactcard
# ------------------------------------------------------------

DROP TABLE IF EXISTS `acamar_web_contactcard`;

CREATE TABLE `acamar_web_contactcard` (
  `cmsplugin_ptr_id` int(11) NOT NULL,
  `name` varchar(254) NOT NULL,
  `title` varchar(254) NOT NULL,
  `text` longtext NOT NULL,
  `phone` varchar(20) NOT NULL,
  `email` varchar(254) NOT NULL,
  `linkedin` varchar(200) NOT NULL,
  `image_id` int(11) NOT NULL,
  PRIMARY KEY (`cmsplugin_ptr_id`),
  KEY `acamar_web_contactcard_f33175e6` (`image_id`),
  CONSTRAINT `acamar_web_cmsplugin_ptr_id_24f68edf2ee23189_fk_cms_cmsplugin_id` FOREIGN KEY (`cmsplugin_ptr_id`) REFERENCES `cms_cmsplugin` (`id`),
  CONSTRAINT `acamar_web__image_id_680255a7dbc1be1f_fk_filer_image_file_ptr_id` FOREIGN KEY (`image_id`) REFERENCES `filer_image` (`file_ptr_id`)
) ENGINE=InnoDB DEFAULT CHARSET=utf8;

LOCK TABLES `acamar_web_contactcard` WRITE;
/*!40000 ALTER TABLE `acamar_web_contactcard` DISABLE KEYS */;

INSERT INTO `acamar_web_contactcard` (`cmsplugin_ptr_id`, `name`, `title`, `text`, `phone`, `email`, `linkedin`, `image_id`)
VALUES
	(89,'Tereza Simotová','pomáhá s administrativou','Patříte k Acamarádům a máte dotaz k faktuře, smlouvě nebo čemukoliv jinému? Napište mi, ráda pomůžu.\r\n\r\n','+420 720 959 035','tereza.simotova@acamar.cz','https://www.linkedin.com/in/tereza-simotová-450132167/',148),
	(91,'František Mareth','řeší nové zakázky','Hledáte IT profesionály pro svůj projekt? Spolu dohodneme, jak vám Acamar pomůže.\r\n','+420777655695','frantisek.mareth@acamar.cz','https://www.linkedin.com/in/marethf/',211),
	(92,'Blanka Rubišová','stará se o uchazeče i dodavatele','Láká vás nová pracovní výzva? Nebo máte kontakty na šikovné lidi? Obraťte se na mě. \r\n','+420 725 945 457','blanka.rubisova@acamar.cz','https://www.linkedin.com/in/blankarubisova/',126),
	(93,'Lucie Staňková','koordinuje kurzy','Dotazy ke kurzům pro budoucí testery řešte se mnou. Vše probereme a naplánujeme.\r\n','+420 724 271 755','lucie.stankova@acamar.cz','https://www.linkedin.com/in/lucie-stankova',135),
	(1200,'Tereza Simotová','Back office support','Are you an Acamarian wanting to ask about an invoice, contract or anything else? Tereza is your go-to person.\r\n\r\n','+420 720 959 035','tereza.simotova@acamar.cz','https://www.linkedin.com/in/tereza-simotová-450132167/',148),
	(1201,'Illya Pavlov','Executive director','Looking for IT professionals for your project?\r\nLet’s talk about how Acamar can help you.\r\n\r\n','+420 731 544 584','illya.pavlov@acamar.cz','https://www.linkedin.com/in/illyapavlov/',131),
	(1202,'Blanka Rubišová','Contact for candidates','Need a new challenge at work? Contact me.\r\nLet me offer you a project or connect you with the right people.\r\n','+420 725 945 457','blanka.rubisova@acamar.cz','https://www.linkedin.com/in/blankarubisova/',126),
	(1203,'Lucie Staňková','Course coordinator','Want to know more about courses for future testers? Contact me! We’ll discuss and plan everything.','+420 724 271 755','lucie.stankova@acamar.cz','https://www.linkedin.com/in/lucie-stankova',135),
	(1295,'Тереза Симотова','back office поддержка','Вы являетесь сотрудником компании \"Акамар\" и у вас есть вопросы по зарплате или счетам? Тереза ответит на эти и любые другие вопросы.','+420 720 959 035','tereza.simotova@acamar.cz','https://www.linkedin.com/in/tereza-simotová-450132167/',148),
	(1296,'Илья Павлов','Представитель и владелец фирмы','Вы нуждаетесь в профессиональных ИТ-специалистах для вашего проекта? Вместе мы определим, каким образом вам может помочь компания \"Акамар\".','+420 731 544 584','illya.pavlov@acamar.cz','https://www.linkedin.com/in/illyapavlov/',131),
	(1297,'Бланка Рубишова','Контакт для кандидатов','Если вы ищете новую работу, интерсные проекты и актуальные вакансии, свяжитесь со мной.','+420 725 945 457','blanka.rubisova@acamar.cz','https://www.linkedin.com/in/blankarubisova/',126),
	(1298,'Люция Станькова','Координатор курсов ','Вопросы, касающиеся курсов для будущих тестировщиков, можно решить со мной. Мы все подробно обсудим и распланируем.','+420 724 271 755','lucie.stankova@acamar.cz','https://www.linkedin.com/in/lucie-stankova',135),
	(3148,'Tereza Simotová','Back office support','Are you an Acamarian wanting to ask about an invoice, contract or anything else? Tereza is your go-to person.\r\n\r\n','+420 720 959 035','tereza.simotova@acamar.cz','https://www.linkedin.com/in/tereza-simotová-450132167/',148),
	(3149,'Illya Pavlov','Executive director','Looking for IT professionals for your project?\r\nLet’s talk about how Acamar can help you.\r\n\r\n','+420 731 544 584','illya.pavlov@acamar.cz','https://www.linkedin.com/in/illyapavlov/',131),
	(3150,'Blanka Rubišová','Contact for candidates','Need a new challenge at work? Contact me.\r\nLet me offer you a project or connect you with the right people.\r\n','+420 725 945 457','blanka.rubisova@acamar.cz','https://www.linkedin.com/in/blankarubisova/',126),
	(3151,'Lucie Staňková','Course coordinator','Want to know more about courses for future testers? Contact me! We’ll discuss and plan everything.','+420 724 271 755','lucie.stankova@acamar.cz','https://www.linkedin.com/in/lucie-stankova',135),
	(3670,'Тереза Симотова','back office поддержка','Вы являетесь сотрудником компании \"Акамар\" и у вас есть вопросы по зарплате или счетам? Тереза ответит на эти и любые другие вопросы.','+420 720 959 035','tereza.simotova@acamar.cz','https://www.linkedin.com/in/tereza-simotová-450132167/',148),
	(3671,'Илья Павлов','Представитель и владелец фирмы','Вы нуждаетесь в профессиональных ИТ-специалистах для вашего проекта? Вместе мы определим, каким образом вам может помочь компания \"Акамар\".','+420 731 544 584','illya.pavlov@acamar.cz','https://www.linkedin.com/in/illyapavlov/',131),
	(3672,'Бланка Рубишова','Контакт для кандидатов','Если вы ищете новую работу, интерсные проекты и актуальные вакансии, свяжитесь со мной.','+420 725 945 457','blanka.rubisova@acamar.cz','https://www.linkedin.com/in/blankarubisova/',126),
	(3673,'Люция Станькова','Координатор курсов ','Вопросы, касающиеся курсов для будущих тестировщиков, можно решить со мной. Мы все подробно обсудим и распланируем.','+420 724 271 755','lucie.stankova@acamar.cz','https://www.linkedin.com/in/lucie-stankova',135),
	(4921,'Tereza Simotová','pomáhá s administrativou','Patříte k Acamarádům a máte dotaz k faktuře, smlouvě nebo čemukoliv jinému? Napište mi, ráda pomůžu.\r\n\r\n','+420 720 959 035','tereza.simotova@acamar.cz','https://www.linkedin.com/in/tereza-simotová-450132167/',148),
	(4922,'František Mareth','řeší nové zakázky','Hledáte IT profesionály pro svůj projekt? Spolu dohodneme, jak vám Acamar pomůže.\r\n','+420777655695','frantisek.mareth@acamar.cz','https://www.linkedin.com/in/marethf/',211),
	(4923,'Blanka Rubišová','stará se o uchazeče i dodavatele','Láká vás nová pracovní výzva? Nebo máte kontakty na šikovné lidi? Obraťte se na mě. \r\n','+420 725 945 457','blanka.rubisova@acamar.cz','https://www.linkedin.com/in/blankarubisova/',126),
	(4924,'Lucie Staňková','koordinuje kurzy','Dotazy ke kurzům pro budoucí testery řešte se mnou. Vše probereme a naplánujeme.\r\n','+420 724 271 755','lucie.stankova@acamar.cz','https://www.linkedin.com/in/lucie-stankova',135);

/*!40000 ALTER TABLE `acamar_web_contactcard` ENABLE KEYS */;
UNLOCK TABLES;


# Dump of table acamar_web_contactformmodel
# ------------------------------------------------------------

DROP TABLE IF EXISTS `acamar_web_contactformmodel`;

CREATE TABLE `acamar_web_contactformmodel` (
  `cmsplugin_ptr_id` int(11) NOT NULL,
  `title` varchar(254) NOT NULL,
  `subtitle` varchar(254) NOT NULL,
  `name_label` varchar(254) NOT NULL,
  `email_label` varchar(254) NOT NULL,
  `purpose_label` varchar(254) NOT NULL,
  `text_label` varchar(254) NOT NULL,
  `button_text` varchar(254) NOT NULL,
  `success_text` varchar(254) NOT NULL,
  PRIMARY KEY (`cmsplugin_ptr_id`),
  CONSTRAINT `acamar_web_cmsplugin_ptr_id_458d4c88d4711ce9_fk_cms_cmsplugin_id` FOREIGN KEY (`cmsplugin_ptr_id`) REFERENCES `cms_cmsplugin` (`id`)
) ENGINE=InnoDB DEFAULT CHARSET=utf8;

LOCK TABLES `acamar_web_contactformmodel` WRITE;
/*!40000 ALTER TABLE `acamar_web_contactformmodel` DISABLE KEYS */;

INSERT INTO `acamar_web_contactformmodel` (`cmsplugin_ptr_id`, `title`, `subtitle`, `name_label`, `email_label`, `purpose_label`, `text_label`, `button_text`, `success_text`)
VALUES
	(94,'Nebo nám pošlete zprávu','Odpovíme nejpozději do 2 pracovních dní, spíš ale dřív','Vaše jméno','E-mail, kam vám odpovíme','Co byste rádi probrali?','Vaše zpráva','Odeslat','Ozveme se vám co nejdříve'),
	(1204,'Or send us a message','We’ll reply within two working days at the latest but quite likely sooner','Name','Contact email address','What would you like to discuss?','Your message','Submit','We will contact you as soon as possible'),
	(1299,'Или отправьте нам сообщение.','Мы ответим вам в течение 2 рабочих дней (или даже раньше)','Ваше имя','E-mail, на который придёт ответ','Что бы Вы хотели обсудить?','Ваше сообщение ','Отправить','Ozveme se vám co nejdříve'),
	(3152,'Or send us a message','We’ll reply within two working days at the latest but quite likely sooner','Name','Contact email address','What would you like to discuss?','Your message','Submit','We will contact you as soon as possible'),
	(3674,'Или отправьте нам сообщение.','Мы ответим вам в течение 2 рабочих дней (или даже раньше)','Ваше имя','E-mail, на который придёт ответ','Что бы Вы хотели обсудить?','Ваше сообщение ','Отправить','Ozveme se vám co nejdříve'),
	(4925,'Nebo nám pošlete zprávu','Odpovíme nejpozději do 2 pracovních dní, spíš ale dřív','Vaše jméno','E-mail, kam vám odpovíme','Co byste rádi probrali?','Vaše zpráva','Odeslat','Ozveme se vám co nejdříve');

/*!40000 ALTER TABLE `acamar_web_contactformmodel` ENABLE KEYS */;
UNLOCK TABLES;


# Dump of table acamar_web_contactformpurposeoption
# ------------------------------------------------------------

DROP TABLE IF EXISTS `acamar_web_contactformpurposeoption`;

CREATE TABLE `acamar_web_contactformpurposeoption` (
  `id` int(11) NOT NULL AUTO_INCREMENT,
  `name` varchar(254) NOT NULL,
  `form_id` int(11) NOT NULL,
  PRIMARY KEY (`id`),
  KEY `adf932cf25b6f9a3dc4ac4d491a9f2fe` (`form_id`),
  CONSTRAINT `adf932cf25b6f9a3dc4ac4d491a9f2fe` FOREIGN KEY (`form_id`) REFERENCES `acamar_web_contactformmodel` (`cmsplugin_ptr_id`)
) ENGINE=InnoDB DEFAULT CHARSET=utf8;

LOCK TABLES `acamar_web_contactformpurposeoption` WRITE;
/*!40000 ALTER TABLE `acamar_web_contactformpurposeoption` DISABLE KEYS */;

INSERT INTO `acamar_web_contactformpurposeoption` (`id`, `name`, `form_id`)
VALUES
	(1,'Obecný dotaz',94),
	(2,'Nábor nových profesionálů',94),
	(11,'Novou pracovní výzvu',94),
	(12,'Kurzy',94),
	(21,'General query',1204),
	(22,'Hiring new professionals',1204),
	(23,'New professional challenge',1204),
	(24,'Courses',1204),
	(25,'Общий вопрос',1299),
	(26,'Nábor nových profesionálů',1299),
	(27,'Novou pracovní výzvu',1299),
	(28,'Курсы',1299),
	(53,'General query',3152),
	(54,'Hiring new professionals',3152),
	(55,'New professional challenge',3152),
	(56,'Courses',3152),
	(89,'Общий вопрос',3674),
	(90,'Nábor nových profesionálů',3674),
	(91,'Novou pracovní výzvu',3674),
	(92,'Курсы',3674),
	(93,'Obecný dotaz',4925),
	(94,'Nábor nových profesionálů',4925),
	(95,'Novou pracovní výzvu',4925),
	(96,'Kurzy',4925);

/*!40000 ALTER TABLE `acamar_web_contactformpurposeoption` ENABLE KEYS */;
UNLOCK TABLES;


# Dump of table acamar_web_contactgrid
# ------------------------------------------------------------

DROP TABLE IF EXISTS `acamar_web_contactgrid`;

CREATE TABLE `acamar_web_contactgrid` (
  `cmsplugin_ptr_id` int(11) NOT NULL,
  `title` varchar(254) NOT NULL,
  PRIMARY KEY (`cmsplugin_ptr_id`),
  CONSTRAINT `acamar_web_cmsplugin_ptr_id_6f24abb82a4965b9_fk_cms_cmsplugin_id` FOREIGN KEY (`cmsplugin_ptr_id`) REFERENCES `cms_cmsplugin` (`id`)
) ENGINE=InnoDB DEFAULT CHARSET=utf8;

LOCK TABLES `acamar_web_contactgrid` WRITE;
/*!40000 ALTER TABLE `acamar_web_contactgrid` DISABLE KEYS */;

INSERT INTO `acamar_web_contactgrid` (`cmsplugin_ptr_id`, `title`)
VALUES
	(88,' Ozvěte se nám napřímo'),
	(1199,'Contact us directly'),
	(1294,'Свяжитесь с нами'),
	(3147,'Contact us directly'),
	(3669,'Свяжитесь с нами'),
	(4920,' Ozvěte se nám napřímo');

/*!40000 ALTER TABLE `acamar_web_contactgrid` ENABLE KEYS */;
UNLOCK TABLES;


# Dump of table acamar_web_contactperson
# ------------------------------------------------------------

DROP TABLE IF EXISTS `acamar_web_contactperson`;

CREATE TABLE `acamar_web_contactperson` (
  `cmsplugin_ptr_id` int(11) NOT NULL,
  `title` varchar(254) NOT NULL,
  `subtitle` varchar(254) NOT NULL,
  `person_name` varchar(254) NOT NULL,
  `person_title` varchar(254) NOT NULL,
  `person_phone` varchar(254) NOT NULL,
  `image_id` int(11) NOT NULL,
  `button_id` int(11) DEFAULT NULL,
  `more_id` int(11) DEFAULT NULL,
  PRIMARY KEY (`cmsplugin_ptr_id`),
  KEY `acamar_web_contactperson_f33175e6` (`image_id`),
  KEY `acamar_web_contactperson_2e479f87` (`button_id`),
  KEY `acamar_web_contactperson_1076c474` (`more_id`),
  CONSTRAINT `acamar_web_cmsplugin_ptr_id_6f975699e9910db0_fk_cms_cmsplugin_id` FOREIGN KEY (`cmsplugin_ptr_id`) REFERENCES `cms_cmsplugin` (`id`),
  CONSTRAINT `acamar_web_contac_more_id_6e68f831ef8d1bb5_fk_acamar_web_link_id` FOREIGN KEY (`more_id`) REFERENCES `acamar_web_link` (`id`),
  CONSTRAINT `acamar_web_cont_button_id_7a1aff82b501c9fe_fk_acamar_web_link_id` FOREIGN KEY (`button_id`) REFERENCES `acamar_web_link` (`id`),
  CONSTRAINT `acamar_web__image_id_461fc4388ecc057a_fk_filer_image_file_ptr_id` FOREIGN KEY (`image_id`) REFERENCES `filer_image` (`file_ptr_id`)
) ENGINE=InnoDB DEFAULT CHARSET=utf8;

LOCK TABLES `acamar_web_contactperson` WRITE;
/*!40000 ALTER TABLE `acamar_web_contactperson` DISABLE KEYS */;

INSERT INTO `acamar_web_contactperson` (`cmsplugin_ptr_id`, `title`, `subtitle`, `person_name`, `person_title`, `person_phone`, `image_id`, `button_id`, `more_id`)
VALUES
	(191,'Náš tým zkušených recruiterů je vám k dispozici','Sídlíme v Praze v Karlíně, přijedeme za vámi ale kamkoliv.','František Mareth','Business Development Consultant','+420 777 655 695',209,9,14),
	(280,'Chcete vědět víc? Napište nám','Odpovíme obvykle do druhého pracovního dne.','Lucie Staňková','Koordinátorka kurzů','+420 724 271 755',135,16,NULL),
	(351,'Máte dotazy? Pište nebo volejte','','Lucie Staňková','Koordinátorka kurzů','+420 724 271 755',135,3,NULL),
	(378,'Máte dotazy? Pište nebo volejte','','Lucie Staňková','Koordinátorka kurzů','724 271 755',149,3,NULL),
	(650,'Máte dotazy? Pište nebo volejte','','Lucie Staňková','Koordinátorka kurzů','724 271 755',16,3,NULL),
	(663,'Máte dotazy? Pište nebo volejte','','Lucie Staňková','Koordinátorka kurzů','724 271 755',135,3,NULL),
	(676,'Máte dotazy? Pište nebo volejte','','Lucie Staňková','Koordinátorka kurzů','724 271 755',135,3,NULL),
	(1223,'Our team of experienced recruiters is here for you','We are based in Karlín, Prague, but we’ll be happy to come to you anywhere.','František Mareth','Business Development Consultant','+420 777 655 695',209,9,14),
	(1240,'Chcete vědět víc? Napište nám','Odpovíme obvykle do druhého pracovního dne.','Lucie Staňková','Koordinátorka kurzů','+420 724 271 755',135,NULL,NULL),
	(1318,'Наш опытный коллектив специалистов по подбору персонала всегда к Вашим услугам ','Центральный офис находится в Праге в Карлине, но мы можем приехать к Вам куда угодно.','Франтишек Марет','Business Development Consultant','+420 777 655 695',209,9,14),
	(1335,'Хотите узнать больше? Напишите нам. ','Мы стараемся ответить в кратчайшем сроке. ','Люция Станькова','Kоординатор курсов','+420 724 271 755',135,NULL,NULL),
	(4138,'Chcete vědět víc? Napište nám','Odpovíme obvykle do druhého pracovního dne.','Lucie Staňková','Koordinátorka kurzů','+420 724 271 755',135,NULL,NULL),
	(4530,'У Вас вопросы? Пишите или звоните','','Луция Станькова','координатор курсов','+420 724 271 755',135,3,NULL),
	(4577,'У Вас вопросы? Пишите или звоните','','Луция Станькова',' координатор курсов','+420 724 271 755',135,3,NULL),
	(4607,'У Вас есть вопросы? Пишите или звоните','','Луция Станькова','координатор курсов','+420 724 271 755',135,3,NULL),
	(4637,'У Вас есть вопросы? Пишите или звоните','','Луция Станькова','координатор курсов','+420 724 271 755',135,3,NULL),
	(4655,'Хотите узнать больше? Напишите нам. ','Мы стараемся ответить в кратчайшем сроке. ','Люция Станькова','Kоординатор курсов','+420 724 271 755',135,NULL,NULL),
	(4769,'Náš tým zkušených recruiterů je vám k dispozici','Sídlíme v Praze v Karlíně, přijedeme za vámi ale kamkoliv.','František Mareth','Business Development Consultant','+420 777 655 695',209,9,14),
	(4787,'Our team of experienced recruiters is here for you','We are based in Karlín, Prague, but we’ll be happy to come to you anywhere.','František Mareth','Business Development Consultant','+420 777 655 695',209,9,14),
	(4805,'Наш опытный коллектив специалистов по подбору персонала всегда к Вашим услугам ','Центральный офис находится в Праге в Карлине, но мы можем приехать к Вам куда угодно.','Франтишек Марет','Business Development Consultant','+420 777 655 695',209,9,14),
	(4917,'Chcete vědět víc? Napište nám','Odpovíme obvykle do druhého pracovního dne.','Lucie Staňková','Koordinátorka kurzů','+420 724 271 755',135,16,NULL);

/*!40000 ALTER TABLE `acamar_web_contactperson` ENABLE KEYS */;
UNLOCK TABLES;


# Dump of table acamar_web_contactus
# ------------------------------------------------------------

DROP TABLE IF EXISTS `acamar_web_contactus`;

CREATE TABLE `acamar_web_contactus` (
  `cmsplugin_ptr_id` int(11) NOT NULL,
  `title` varchar(254) NOT NULL,
  `additional_link_id` int(11) DEFAULT NULL,
  `button_id` int(11) DEFAULT NULL,
  PRIMARY KEY (`cmsplugin_ptr_id`),
  KEY `acamar_web_contactus_0727b55a` (`additional_link_id`),
  KEY `acamar_web_contactus_2e479f87` (`button_id`),
  CONSTRAINT `acamar_additional_link_id_2dec4982307b3202_fk_acamar_web_link_id` FOREIGN KEY (`additional_link_id`) REFERENCES `acamar_web_link` (`id`),
  CONSTRAINT `acamar_web_cmsplugin_ptr_id_2275c1b8d63700a3_fk_cms_cmsplugin_id` FOREIGN KEY (`cmsplugin_ptr_id`) REFERENCES `cms_cmsplugin` (`id`),
  CONSTRAINT `acamar_web_cont_button_id_4d37e54aa0654431_fk_acamar_web_link_id` FOREIGN KEY (`button_id`) REFERENCES `acamar_web_link` (`id`)
) ENGINE=InnoDB DEFAULT CHARSET=utf8;

LOCK TABLES `acamar_web_contactus` WRITE;
/*!40000 ALTER TABLE `acamar_web_contactus` DISABLE KEYS */;

INSERT INTO `acamar_web_contactus` (`cmsplugin_ptr_id`, `title`, `additional_link_id`, `button_id`)
VALUES
	(140,'Nechte nám kontakt a sami uvidíte, co pro vás najdeme',7,6),
	(1190,'Give us your contact details and see what we can find for you',7,6),
	(1285,'Оставьте нам свои контактные данные и Вы сами увидите, что мы сможем Вам предложить',7,6),
	(4827,'Nechte nám kontakt a sami uvidíte, co pro vás najdeme',7,6),
	(4849,'Give us your contact details and see what we can find for you',7,6),
	(4970,'Оставьте нам свои контактные данные и Вы сами увидите, что мы сможем Вам предложить',7,6);

/*!40000 ALTER TABLE `acamar_web_contactus` ENABLE KEYS */;
UNLOCK TABLES;


# Dump of table acamar_web_coursebasicinfo
# ------------------------------------------------------------

DROP TABLE IF EXISTS `acamar_web_coursebasicinfo`;

CREATE TABLE `acamar_web_coursebasicinfo` (
  `cmsplugin_ptr_id` int(11) NOT NULL,
  `title` varchar(254) NOT NULL,
  PRIMARY KEY (`cmsplugin_ptr_id`),
  CONSTRAINT `acamar_web_cmsplugin_ptr_id_224b629aec79947e_fk_cms_cmsplugin_id` FOREIGN KEY (`cmsplugin_ptr_id`) REFERENCES `cms_cmsplugin` (`id`)
) ENGINE=InnoDB DEFAULT CHARSET=utf8;

LOCK TABLES `acamar_web_coursebasicinfo` WRITE;
/*!40000 ALTER TABLE `acamar_web_coursebasicinfo` DISABLE KEYS */;

INSERT INTO `acamar_web_coursebasicinfo` (`cmsplugin_ptr_id`, `title`)
VALUES
	(352,'Provedeme vás prvním setkáním s testováním'),
	(379,'Po našem proškolení se můžete hlásit do IT firmy'),
	(651,'Po našem proškolení se můžete hlásit do IT firmy'),
	(664,'Ukážeme vám práci s daty v IT'),
	(677,'Vyzkoušejte si komunikaci v síti Internet pomocí HTTP'),
	(4519,'На первой встрече ознакомитесь с тестированием'),
	(4566,'Мы Вам продемонстрируем работу с данными в IT'),
	(4596,'Протестируйте коммуникацию в сети Интернет с помощью HTTP'),
	(4626,'После нашего обучения можете поступаь в IT – компании');

/*!40000 ALTER TABLE `acamar_web_coursebasicinfo` ENABLE KEYS */;
UNLOCK TABLES;


# Dump of table acamar_web_coursebasicinfocard
# ------------------------------------------------------------

DROP TABLE IF EXISTS `acamar_web_coursebasicinfocard`;

CREATE TABLE `acamar_web_coursebasicinfocard` (
  `cmsplugin_ptr_id` int(11) NOT NULL,
  `title` varchar(254) NOT NULL,
  `image_id` int(11) NOT NULL,
  PRIMARY KEY (`cmsplugin_ptr_id`),
  KEY `acamar_web_coursebasicinfocard_f33175e6` (`image_id`),
  CONSTRAINT `acamar_web_cmsplugin_ptr_id_145e12fdd805d330_fk_cms_cmsplugin_id` FOREIGN KEY (`cmsplugin_ptr_id`) REFERENCES `cms_cmsplugin` (`id`),
  CONSTRAINT `acamar_web__image_id_35eb62bbf4b43426_fk_filer_image_file_ptr_id` FOREIGN KEY (`image_id`) REFERENCES `filer_image` (`file_ptr_id`)
) ENGINE=InnoDB DEFAULT CHARSET=utf8;

LOCK TABLES `acamar_web_coursebasicinfocard` WRITE;
/*!40000 ALTER TABLE `acamar_web_coursebasicinfocard` DISABLE KEYS */;

INSERT INTO `acamar_web_coursebasicinfocard` (`cmsplugin_ptr_id`, `title`, `image_id`)
VALUES
	(353,'Pro nováčky v IT',122),
	(354,'2 × 4 hodiny',124),
	(355,'Praha',123),
	(380,'Pro nováčky v IT',122),
	(381,'6 × 4 hodiny',124),
	(382,'Praha',123),
	(652,'Pro nováčky v IT',122),
	(653,'2 × 4 hodiny',124),
	(654,'Praha',123),
	(665,'Pro nováčky v IT',122),
	(666,'2 × 4 hodiny',124),
	(667,'Praha',123),
	(678,'Pro nováčky v IT',122),
	(679,'1 × 4 hodiny',124),
	(680,'Praha',123),
	(4520,'Для новичков в IТ',122),
	(4521,'2 × 4 часа',124),
	(4522,'Прага',123),
	(4567,'Для новичков в IТ',122),
	(4568,'2 × 4 часа',124),
	(4569,'Прага',123),
	(4597,'Для новичков в IТ',122),
	(4598,'2 × 4 часа',124),
	(4599,'Прага',124),
	(4627,'Для новичков в IТ',122),
	(4628,'6 × 4 часа',124),
	(4629,'Прага',123);

/*!40000 ALTER TABLE `acamar_web_coursebasicinfocard` ENABLE KEYS */;
UNLOCK TABLES;


# Dump of table acamar_web_coursebonuscard
# ------------------------------------------------------------

DROP TABLE IF EXISTS `acamar_web_coursebonuscard`;

CREATE TABLE `acamar_web_coursebonuscard` (
  `cmsplugin_ptr_id` int(11) NOT NULL,
  `title` varchar(254) NOT NULL,
  `text` longtext NOT NULL,
  PRIMARY KEY (`cmsplugin_ptr_id`),
  CONSTRAINT `acamar_web_cmsplugin_ptr_id_1d846dd90e390ad9_fk_cms_cmsplugin_id` FOREIGN KEY (`cmsplugin_ptr_id`) REFERENCES `cms_cmsplugin` (`id`)
) ENGINE=InnoDB DEFAULT CHARSET=utf8;

LOCK TABLES `acamar_web_coursebonuscard` WRITE;
/*!40000 ALTER TABLE `acamar_web_coursebonuscard` DISABLE KEYS */;

INSERT INTO `acamar_web_coursebonuscard` (`cmsplugin_ptr_id`, `title`, `text`)
VALUES
	(344,'3 000 Kč ','<p>Za samotný kurz Testing</p>\n'),
	(345,'Sleva 1 000 Kč','<p>Při přihlášení na víc než 1 školení</p>\n'),
	(346,'Bonus','<p>Pokud absolvujete 2 naše školení se 100% účastí, získáte bonusový kurz: Příprava na pohovor</p>\n'),
	(347,'Zdarma','<p>Pokud vám do roka seženeme práci v IT, dostanete zpátky dokonce plnou cenu školení</p>\n'),
	(371,'7 000 Kč ','<p><span style=\"font-size: 11pt;\"><span style=\"line-height: 22px;\"><span style=\"font-family: Arial, sans-serif;\"><span style=\"\"><span style=\"color: #000000;\"><span style=\"font-style: normal;\"><span style=\"\"><span style=\"font-weight: normal;\"><span style=\"letter-spacing: normal;\"><span style=\"\"><span style=\"\"><span style=\"white-space: normal;\"><span style=\"\"><span style=\"\"><span style=\"\"><span style=\"text-decoration: none;\"><span lang=\"cs\" style=\"font-size: 12pt;\"><span style=\"line-height: 24px;\">Je zvýhodněná cena za kompletní proškolení</span></span></span></span></span></span></span></span></span></span></span></span></span></span></span></span></span></span></p>\n'),
	(372,'Sleva 500 Kč','<p>Když kurzy absolvujete spolu s kamarádem</p>\n'),
	(373,'Bonus','<p>Pokud absolvujete 2 naše školení se 100% účastí, získáte bonusový kurz: Příprava na pohovor</p>\n'),
	(374,'Zdarma','<p style=\"\">Pokud vám do roka seženeme práci v IT, dostanete zpátky dokonce plnou cenu školení</p>\n'),
	(644,'3 000 Kč vč. DPH','<p>Za samotný kurz Testing</p>\n'),
	(645,'Sleva 1 000 Kč','<p>Při přihlášení na víc než 1 školení</p>\n'),
	(646,'Bonus','<p>Pokud absolvujete 2 naše školení se 100% účastí, získáte bonusový kurz: Příprava na pohovor.</p>\n'),
	(647,'Zdarma','<p>Pokud vám do roka seženeme práci v IT, dostanete zpátky dokonce plnou cenu školení.</p>\n'),
	(657,'3 000 Kč ','<p><span style=\"font-size: 11pt;\"><span style=\"line-height: 22px;\"><span style=\"font-family: Arial, sans-serif;\"><span style=\"\"><span style=\"color: #000000;\"><span style=\"font-style: normal;\"><span style=\"\"><span style=\"font-weight: normal;\"><span style=\"letter-spacing: normal;\"><span style=\"\"><span style=\"\"><span style=\"white-space: normal;\"><span style=\"\"><span style=\"\"><span style=\"\"><span style=\"text-decoration: none;\"><span lang=\"cs\" style=\"font-size: 12pt;\"><span style=\"line-height: 24px;\">Za samotný kurz SQL</span></span></span></span></span></span></span></span></span></span></span></span></span></span></span></span></span></span></p>\n'),
	(658,'Sleva 1 000 Kč','<p>Při přihlášení na víc než 1 školení</p>\n'),
	(659,'Bonus','<p>Pokud absolvujete 2 naše školení se 100% účastí, získáte bonusový kurz: Příprava na pohovor</p>\n'),
	(660,'Zdarma','<p>Pokud vám do roka seženeme práci v IT, dostanete zpátky dokonce plnou cenu školení</p>\n'),
	(670,'2 000 Kč ','<p><span style=\"font-size: 11pt;\"><span style=\"line-height: 22px;\"><span style=\"font-family: Arial, sans-serif;\"><span style=\"\"><span style=\"color: #000000;\"><span style=\"font-style: normal;\"><span style=\"\"><span style=\"font-weight: normal;\"><span style=\"letter-spacing: normal;\"><span style=\"\"><span style=\"\"><span style=\"white-space: normal;\"><span style=\"\"><span style=\"\"><span style=\"\"><span style=\"text-decoration: none;\"><span lang=\"cs\" style=\"font-size: 12pt;\"><span style=\"line-height: 24px;\">Za samotný kurz Web Services</span></span></span></span></span></span></span></span></span></span></span></span></span></span></span></span></span></span></p>\n'),
	(671,'Sleva 1 000 Kč','<p>Při přihlášení na víc než 1 školení</p>\n'),
	(672,'Bonus','<p>Pokud absolvujete 2 naše školení se 100% účastí, získáte bonusový kurz: Příprava na pohovor</p>\n'),
	(673,'Zdarma','<p>Pokud vám do roka seženeme práci v IT, dostanete zpátky dokonce plnou cenu školení</p>\n'),
	(4524,'3000 Крон','<p style=\"margin: 0in 0in 8pt;\"><span style=\"font-size: 11pt;\"><span style=\"line-height: 107%;\"><span style=\"font-family: Calibri,sans-serif;\">За курс Тестинг</span></span></span></p>\n'),
	(4525,'Скидка 1000','<p style=\"margin: 0in 0in 8pt;\"><span style=\"font-size: 11pt;\"><span style=\"line-height: 107%;\"><span style=\"font-family: Calibri,sans-serif;\">Регистрируясь на более чем на 1 курс</span></span></span></p>\n'),
	(4526,'Бонус','<p style=\"margin: 0in 0in 8pt;\"><span style=\"font-size: 11pt;\"><span style=\"line-height: 107%;\"><span style=\"font-family: Calibri,sans-serif;\">Если завершите 2 курса при 100% участии, Вы получите бонусный курс:<br>\nПодготовка к интервью</span></span></span></p>\n'),
	(4527,'Бесплатно','<p style=\"margin: 0in 0in 8pt;\"><span style=\"font-size: 11pt;\"><span style=\"line-height: 107%;\"><span style=\"font-family: Calibri,sans-serif;\">Если Вам в течение 12 месяцев найдем работу в IТ, Вы получите обратно полную сумму, оплаченную за обучение</span></span></span></p>\n'),
	(4571,'3 000 Крон','<p class=\"CxSpFirst\" style=\"\">За курс SQL</p>\n'),
	(4572,'Скидка 1000 Крон','<p>Регистрируясь на более чем на 1 курс</p>\n'),
	(4573,'Бонус','<p>Если завершите 2 курса при 100% участии, Вы получите бонусный курс:  Подготовка к интервью</p>\n'),
	(4574,'Бесплатно','<p>Если Вам в течение 12 месяцев найдем работу в IТ, Вы получите обратно полную сумму, оплаченную за обучение</p>\n'),
	(4601,'3 000 Крон','<p class=\"CxSpFirst\" style=\"\">За курс Web Services</p>\n'),
	(4602,'Скидка 1000 Крон','<p style=\"margin: 0in 0in 8pt;\"><span style=\"font-size: 11pt;\"><span style=\"line-height: 107%;\"><span style=\"font-family: Calibri,sans-serif;\">Регистрируясь на более чем на 1 курс</span></span></span></p>\n'),
	(4603,'Бонус','<p style=\"margin: 0in 0in 8pt;\"><span style=\"font-size: 11pt;\"><span style=\"line-height: 107%;\"><span style=\"font-family: Calibri,sans-serif;\">Если завершите 2 курса при 100% участии, Вы получите бонусный курс:<br>\nПодготовка к интервью.</span></span></span></p>\n'),
	(4604,'Бесплатно','<p style=\"margin: 0in 0in 8pt;\"><span style=\"font-size: 11pt;\"><span style=\"line-height: 107%;\"><span style=\"font-family: Calibri,sans-serif;\">Если Вам в течение 12 месяцев найдем работу в IТ, Вы получите обратно полную сумму, оплаченную за обучение</span></span></span></p>\n'),
	(4631,'7 000 крон','<p>Бюджетный вариант за все курсы</p>\n'),
	(4632,'Скидка 500 крон','<p>Когда курсы пройдете вместе с другом</p>\n'),
	(4633,'Бонус','<p>Если завершите 2 курса при 100% участии, Вы получите бонусный курс:  Подготовка к интервью</p>\n'),
	(4634,'Бесплатно','<p>Если Вам в течение 12 месяцев найдем работу в IТ, Вы получите обратно полную сумму, оплаченную за обучение</p>\n');

/*!40000 ALTER TABLE `acamar_web_coursebonuscard` ENABLE KEYS */;
UNLOCK TABLES;


# Dump of table acamar_web_coursebonuspanel
# ------------------------------------------------------------

DROP TABLE IF EXISTS `acamar_web_coursebonuspanel`;

CREATE TABLE `acamar_web_coursebonuspanel` (
  `cmsplugin_ptr_id` int(11) NOT NULL,
  `title` varchar(254) NOT NULL,
  PRIMARY KEY (`cmsplugin_ptr_id`),
  CONSTRAINT `acamar_web_cmsplugin_ptr_id_2ddadac9ac546d44_fk_cms_cmsplugin_id` FOREIGN KEY (`cmsplugin_ptr_id`) REFERENCES `cms_cmsplugin` (`id`)
) ENGINE=InnoDB DEFAULT CHARSET=utf8;

LOCK TABLES `acamar_web_coursebonuspanel` WRITE;
/*!40000 ALTER TABLE `acamar_web_coursebonuspanel` DISABLE KEYS */;

INSERT INTO `acamar_web_coursebonuspanel` (`cmsplugin_ptr_id`, `title`)
VALUES
	(343,'Cena a bonusy záleží na variantě, kterou zvolíte'),
	(370,'Cena a bonusy záleží na variantě, kterou zvolíte'),
	(643,'Cena a bonusy záleží na variantě, kterou zvolíte'),
	(656,'Cena a bonusy záleží na variantě, kterou zvolíte'),
	(669,'Cena a bonusy záleží na variantě, kterou zvolíte'),
	(4523,'Стоимость и бонусы зависят от варианта, который выберете'),
	(4570,'Стоимость и бонусы зависят от варианта, который выберете'),
	(4600,'Стоимость и бонусы зависят от варианта, который выберете.'),
	(4630,'Стоимость и бонусы зависят от варианта, который выберете');

/*!40000 ALTER TABLE `acamar_web_coursebonuspanel` ENABLE KEYS */;
UNLOCK TABLES;


# Dump of table acamar_web_courseenrollformmodel
# ------------------------------------------------------------

DROP TABLE IF EXISTS `acamar_web_courseenrollformmodel`;

CREATE TABLE `acamar_web_courseenrollformmodel` (
  `cmsplugin_ptr_id` int(11) NOT NULL,
  `title` varchar(254) NOT NULL,
  `name_label` varchar(254) NOT NULL,
  `phone_label` varchar(254) NOT NULL,
  `course_label` varchar(254) NOT NULL,
  `expectations_label` varchar(254) NOT NULL,
  `cv_label` varchar(254) NOT NULL,
  `submit_text` varchar(254) NOT NULL,
  `selected_text` varchar(30) NOT NULL,
  `thanks_page_id` int(11) NOT NULL,
  `cv_picker_label` varchar(254) NOT NULL,
  `email_label` varchar(254) NOT NULL,
  PRIMARY KEY (`cmsplugin_ptr_id`),
  KEY `acamar_web_courseenrollformmodel_4a2ae4b4` (`thanks_page_id`),
  CONSTRAINT `acamar_web_cmsplugin_ptr_id_6c2fedfd0708b7bd_fk_cms_cmsplugin_id` FOREIGN KEY (`cmsplugin_ptr_id`) REFERENCES `cms_cmsplugin` (`id`),
  CONSTRAINT `acamar_web_course_thanks_page_id_3796f07ff4d0586b_fk_cms_page_id` FOREIGN KEY (`thanks_page_id`) REFERENCES `cms_page` (`id`)
) ENGINE=InnoDB DEFAULT CHARSET=utf8;

LOCK TABLES `acamar_web_courseenrollformmodel` WRITE;
/*!40000 ALTER TABLE `acamar_web_courseenrollformmodel` DISABLE KEYS */;

INSERT INTO `acamar_web_courseenrollformmodel` (`cmsplugin_ptr_id`, `title`, `name_label`, `phone_label`, `course_label`, `expectations_label`, `cv_label`, `submit_text`, `selected_text`, `thanks_page_id`, `cv_picker_label`, `email_label`)
VALUES
	(560,'Údaje o vás','Jméno a příjmení','Váš telefon','Vyberte kurzy','Napište nám, co očekáváte od kurzu','Přiložte CV, ať vám kurz přizpůsobíme','Odeslat přihlášku','vybráno',19,'Vybrat soubor','Váš email'),
	(1250,'Údaje o vás','Jméno a příjmení','Váš telefon','Vyberte kurzy','Napište nám, co očekáváte od kurzu','Přiložte CV, ať vám kurz přizpůsobíme','Odeslat','vybráno',19,'Vybrat soubor','Váš email'),
	(1345,'Údaje o vás','Jméno a příjmení','Váš telefon','Vyberte kurzy','Napište nám, co očekáváte od kurzu','Přiložte CV, ať vám kurz přizpůsobíme','Odeslat','vybráno',19,'Vybrat soubor','Váš email'),
	(4216,'Údaje o vás','Jméno a příjmení','Váš telefon','Vyberte kurzy','Napište nám, co očekáváte od kurzu','Přiložte CV, ať vám kurz přizpůsobíme','Odeslat přihlášku','vybráno',19,'Vybrat soubor','Váš email');

/*!40000 ALTER TABLE `acamar_web_courseenrollformmodel` ENABLE KEYS */;
UNLOCK TABLES;


# Dump of table acamar_web_coursegenericregistration
# ------------------------------------------------------------

DROP TABLE IF EXISTS `acamar_web_coursegenericregistration`;

CREATE TABLE `acamar_web_coursegenericregistration` (
  `cmsplugin_ptr_id` int(11) NOT NULL,
  `title` varchar(254) NOT NULL,
  `text` longtext NOT NULL,
  `button_id` int(11) NOT NULL,
  PRIMARY KEY (`cmsplugin_ptr_id`),
  KEY `acamar_web_cour_button_id_5a990707fe3ca454_fk_acamar_web_link_id` (`button_id`),
  CONSTRAINT `acamar_web_cour_button_id_5a990707fe3ca454_fk_acamar_web_link_id` FOREIGN KEY (`button_id`) REFERENCES `acamar_web_link` (`id`),
  CONSTRAINT `acamar_web__cmsplugin_ptr_id_271c21f8ae6616e_fk_cms_cmsplugin_id` FOREIGN KEY (`cmsplugin_ptr_id`) REFERENCES `cms_cmsplugin` (`id`)
) ENGINE=InnoDB DEFAULT CHARSET=utf8;

LOCK TABLES `acamar_web_coursegenericregistration` WRITE;
/*!40000 ALTER TABLE `acamar_web_coursegenericregistration` DISABLE KEYS */;

INSERT INTO `acamar_web_coursegenericregistration` (`cmsplugin_ptr_id`, `title`, `text`, `button_id`)
VALUES
	(4636,'Запишитесь на все курсы','<p>Не позднее первый рабочий день после Вашей регистрации, Вам на э-мейл отправим ссылку на онлайн-тест логических задач</p>\n',4);

/*!40000 ALTER TABLE `acamar_web_coursegenericregistration` ENABLE KEYS */;
UNLOCK TABLES;


# Dump of table acamar_web_courselector
# ------------------------------------------------------------

DROP TABLE IF EXISTS `acamar_web_courselector`;

CREATE TABLE `acamar_web_courselector` (
  `cmsplugin_ptr_id` int(11) NOT NULL,
  `title` varchar(254) NOT NULL,
  `person_name` varchar(254) NOT NULL,
  `person_title` varchar(254) NOT NULL,
  `text` longtext NOT NULL,
  `person_image_id` int(11) NOT NULL,
  PRIMARY KEY (`cmsplugin_ptr_id`),
  KEY `acamar_web_courselector_bc4a8a96` (`person_image_id`),
  CONSTRAINT `acamar_web_cmsplugin_ptr_id_7fdf39e0bca70e3e_fk_cms_cmsplugin_id` FOREIGN KEY (`cmsplugin_ptr_id`) REFERENCES `cms_cmsplugin` (`id`),
  CONSTRAINT `acam_person_image_id_61a0a0f3d5981639_fk_filer_image_file_ptr_id` FOREIGN KEY (`person_image_id`) REFERENCES `filer_image` (`file_ptr_id`)
) ENGINE=InnoDB DEFAULT CHARSET=utf8;

LOCK TABLES `acamar_web_courselector` WRITE;
/*!40000 ALTER TABLE `acamar_web_courselector` DISABLE KEYS */;

INSERT INTO `acamar_web_courselector` (`cmsplugin_ptr_id`, `title`, `person_name`, `person_title`, `text`, `person_image_id`)
VALUES
	(270,' Kurzem vás provede Lucie','Lucie Tvrdíková','Lektorka kurzů','<p>Java programátorkou se <strong>Lucie Tvrdíková</strong> stala v roce 2009. Od té doby čerpá zkušenosti na různých projektech, vede menší tým lidí a učí juniory. V práci se dostane i k analýze, a když není k dispozici tester, zaskočí za něj.</p>\n\n<p>Zdá se vám, že dostat se do IT je složité? Lucka vám ukáže, že na začátku nepotřebujete nic jiného, než chuť se učit. Na kurzech je trpělivá lektorka, zato v práci známý puntičkář. Dokud je Lucie na projektu, best practices musí dodržovat nejen její tým, ale dokonce i zákazník a management.</p>\n\n<p>Když nepracuje, baví ji houbaření, rybaření a festivaly. A když se jí zrovna chce, ve vaření prý strčí do kapsy Pohlreicha.</p>\n',136),
	(1230,' Kurzem vás provede Lucie','Lucie Tvrdíková','Lektorka kurzů','<p>Java programátorkou se <strong>Lucie Tvrdíková</strong> stala v roce 2009. Od té doby čerpá zkušenosti na různých projektech, vede menší tým lidí a učí juniory. V práci se dostane i k analýze, a když není k dispozici tester, zaskočí za něj.</p>\n\n<p>Zdá se vám, že dostat se do IT je složité? Lucka vám ukáže, že na začátku nepotřebujete nic jiného, než chuť se učit. Na kurzech je trpělivá lektorka, zato v práci známý puntičkář. Dokud je Lucie na projektu, best practices musí dodržovat nejen její tým, ale dokonce i zákazník a management.</p>\n\n<p>Když nepracuje, baví ji houbaření, rybaření a festivaly. A když se jí zrovna chce, ve vaření prý strčí do kapsy Pohlreicha.</p>\n',136),
	(1325,'Курс ведет Люция Тврдикова','Люция Тврдикова','лектор курсов','<p><strong>Люция Тврдикова</strong> стала Java программистом в 2009 году. С тех пор получает опыт на различных проектах, руководит небольшой группой людей и обучает специалистов юниоров. Она также работает над анализами, и когда не хватает тестера, она способна его заменит.</p>\n\n<p>Вам кажется, что попасть в IT - это сложно? Люция Вам покажет, что в начале Вам ничего не нужно, только желание учиться. На курсах она терплива, за то на работе она известный педант. Пока Люция работает над проектом, лучшие виды практики, все, т.е. ее команда, заказчик и руководство должны соблюдать.</p>\n\n<p>Когда не работает, она любит ходить за грибами, увлекается рыбалкой и музыкальными фестивалями. Когда у нее настроение, и все получается, то она готовит лучше, чем Polreich.</p>\n',136),
	(4128,' Kurzem vás provede Lucie','Lucie Tvrdíková','Lektorka kurzů','<p>Java programátorkou se <strong>Lucie Tvrdíková</strong> stala v roce 2009. Od té doby čerpá zkušenosti na různých projektech, vede menší tým lidí a učí juniory. V práci se dostane i k analýze, a když není k dispozici tester, zaskočí za něj.</p>\n\n<p>Zdá se vám, že dostat se do IT je složité? Lucka vám ukáže, že na začátku nepotřebujete nic jiného, než chuť se učit. Na kurzech je trpělivá lektorka, zato v práci známý puntičkář. Dokud je Lucie na projektu, best practices musí dodržovat nejen její tým, ale dokonce i zákazník a management.</p>\n\n<p>Když nepracuje, baví ji houbaření, rybaření a festivaly. A když se jí zrovna chce, ve vaření prý strčí do kapsy Pohlreicha.</p>\n',136),
	(4645,'Курс ведет Люция Тврдикова','Люция Тврдикова','лектор курсов','<p><strong>Люция Тврдикова</strong> стала Java программистом в 2009 году. С тех пор получает опыт на различных проектах, руководит небольшой группой людей и обучает специалистов юниоров. Она также работает над анализами, и когда не хватает тестера, она способна его заменит.</p>\n\n<p>Вам кажется, что попасть в IT - это сложно? Люция Вам покажет, что в начале Вам ничего не нужно, только желание учиться. На курсах она терплива, за то на работе она известный педант. Пока Люция работает над проектом, лучшие виды практики, все, т.е. ее команда, заказчик и руководство должны соблюдать.</p>\n\n<p>Когда не работает, она любит ходить за грибами, увлекается рыбалкой и музыкальными фестивалями. Когда у нее настроение, и все получается, то она готовит лучше, чем Polreich.</p>\n',136),
	(4907,' Kurzem vás provede Lucie','Lucie Tvrdíková','Lektorka kurzů','<p>Java programátorkou se <strong>Lucie Tvrdíková</strong> stala v roce 2009. Od té doby čerpá zkušenosti na různých projektech, vede menší tým lidí a učí juniory. V práci se dostane i k analýze, a když není k dispozici tester, zaskočí za něj.</p>\n\n<p>Zdá se vám, že dostat se do IT je složité? Lucka vám ukáže, že na začátku nepotřebujete nic jiného, než chuť se učit. Na kurzech je trpělivá lektorka, zato v práci známý puntičkář. Dokud je Lucie na projektu, best practices musí dodržovat nejen její tým, ale dokonce i zákazník a management.</p>\n\n<p>Když nepracuje, baví ji houbaření, rybaření a festivaly. A když se jí zrovna chce, ve vaření prý strčí do kapsy Pohlreicha.</p>\n',136);

/*!40000 ALTER TABLE `acamar_web_courselector` ENABLE KEYS */;
UNLOCK TABLES;


# Dump of table acamar_web_coursepanel
# ------------------------------------------------------------

DROP TABLE IF EXISTS `acamar_web_coursepanel`;

CREATE TABLE `acamar_web_coursepanel` (
  `cmsplugin_ptr_id` int(11) NOT NULL,
  `title` varchar(254) NOT NULL,
  `subtitle` varchar(254) NOT NULL,
  `text` longtext NOT NULL,
  `template` varchar(20) NOT NULL,
  `button_id` int(11) DEFAULT NULL,
  PRIMARY KEY (`cmsplugin_ptr_id`),
  KEY `acamar_web_coursepanel_2e479f87` (`button_id`),
  CONSTRAINT `acamar_web_cmsplugin_ptr_id_36e6cab466946e5e_fk_cms_cmsplugin_id` FOREIGN KEY (`cmsplugin_ptr_id`) REFERENCES `cms_cmsplugin` (`id`),
  CONSTRAINT `acamar_web_cour_button_id_751a1eceb519b1c4_fk_acamar_web_link_id` FOREIGN KEY (`button_id`) REFERENCES `acamar_web_link` (`id`)
) ENGINE=InnoDB DEFAULT CHARSET=utf8;

LOCK TABLES `acamar_web_coursepanel` WRITE;
/*!40000 ALTER TABLE `acamar_web_coursepanel` DISABLE KEYS */;

INSERT INTO `acamar_web_coursepanel` (`cmsplugin_ptr_id`, `title`, `subtitle`, `text`, `template`, `button_id`)
VALUES
	(21,'Láká vás IT, ale teprve se učíte?','Naše školení vám doplní znalosti','Studujete nebo úplně měníte obor?\r\nKaždé z našich školení vám rozšíří obzory.\r\nA když absolvujete všechny, můžete se bez obav ucházet o pozici testera.\r\n\r\n\r\n','_alternative',2),
	(211,'Začínáte od nuly?','Absolvujte 3 navazující kurzy.','Už něco umíte? Posuňte se v konkrétním tématu','',NULL),
	(349,'Ať máte větší šanci na trhu práce, potřebujete znát také SQL a Web services','','','',NULL),
	(377,'Podívejte se na detaily kurzů ','','','',NULL),
	(649,'Ať máte větší šanci na trhu práce, potřebujete znát také SQL a Web services','','','',NULL),
	(662,'Ať máte větší šanci na trhu práce, potřebujete základy testování a Web Services','','','',NULL),
	(675,'Ať máte šanci na trhu práce mezi testery, potřebujete základy testování a SQL','','','',NULL),
	(1168,'Drawn towards IT, but still only learning?','Deepen your knowledge in our trainings','Still studying or changing disciplines?\r\nEach of our trainings will broaden your horizons.\r\nAnd if you complete all of them, you can easily apply for a tester position\r\n\r\n\r\n','_alternative',2),
	(1229,'Začínáte od nuly?','Absolvujte 3 navazující kurzy.','Už něco umíte? Posuňte se v konkrétním tématu','',NULL),
	(1263,'Вас привлекает IT-сфера, но Вы ещё пока находитесь в процессе обучения?','Предлагаемое нами обучение прекрасно дополнит Ваши знания','Вы учитесь или полностью меняете специальность? \r\nЛюбой из предлагаемых нами курсов расширит Ваш кругозор. \r\nЕсли Вы пройдёте все предлагаемые нами курсы, Вы смело можете выдвигать свою вакансию на вакансию тестировщика.\r\n\r\n\r\n','_alternative',2),
	(1324,'Начинаете с нуля?','Прослушаете 3 последующие курсы.','Уже что-то умеете? Продвинетесь в конкретной теме.','',NULL),
	(4127,'Začínáte od nuly?','Absolvujte 3 navazující kurzy.','Už něco umíte? Posuňte se v konkrétním tématu','',NULL),
	(4150,'Drawn towards IT, but still only learning?','Deepen your knowledge in our trainings','Still studying or changing disciplines?\r\nEach of our trainings will broaden your horizons.\r\nAnd if you complete all of them, you can easily apply for a tester position\r\n\r\n\r\n','_alternative',2),
	(4518,'Вас привлекает IT-сфера, но Вы ещё пока находитесь в процессе обучения?','Предлагаемое нами обучение прекрасно дополнит Ваши знания','Вы учитесь или полностью меняете специальность? \r\nЛюбой из предлагаемых нами курсов расширит Ваш кругозор. \r\nЕсли Вы пройдёте все предлагаемые нами курсы, Вы смело можете выдвигать свою вакансию на вакансию тестировщика.\r\n\r\n\r\n','_alternative',2),
	(4531,'Ознакомьтесь подробно с курсами','','','',NULL),
	(4578,'Ознакомьтесь подробно с курсами','','','',NULL),
	(4608,'Ознакомьтесь подробно с курсами','','','',NULL),
	(4638,'Ознакомьтесь подробно с курсами','','','',NULL),
	(4644,'Начинаете с нуля?','Прослушаете 3 последующие курсы.','Уже что-то умеете? Продвинетесь в конкретной теме.','',NULL),
	(4906,'Začínáte od nuly?','Absolvujte 3 navazující kurzy.','Už něco umíte? Posuňte se v konkrétním tématu','',NULL),
	(4988,'Láká vás IT, ale teprve se učíte?','Naše školení vám doplní znalosti','Studujete nebo úplně měníte obor?\r\nKaždé z našich školení vám rozšíří obzory.\r\nA když absolvujete všechny, můžete se bez obav ucházet o pozici testera.\r\n\r\n\r\n','_alternative',2);

/*!40000 ALTER TABLE `acamar_web_coursepanel` ENABLE KEYS */;
UNLOCK TABLES;


# Dump of table acamar_web_coursepanelitem
# ------------------------------------------------------------

DROP TABLE IF EXISTS `acamar_web_coursepanelitem`;

CREATE TABLE `acamar_web_coursepanelitem` (
  `id` int(11) NOT NULL AUTO_INCREMENT,
  `course_panel_id` int(11) NOT NULL,
  `course_id` int(11) NOT NULL,
  PRIMARY KEY (`id`),
  KEY `D15216c2d8139c3ceea062ce95203760` (`course_panel_id`),
  KEY `acamar_web_coursepanelitem_ea134da7` (`course_id`),
  CONSTRAINT `acamar_web_co_course_id_1e528d42cbdf6eae_fk_acamar_api_course_id` FOREIGN KEY (`course_id`) REFERENCES `acamar_api_course` (`id`),
  CONSTRAINT `D15216c2d8139c3ceea062ce95203760` FOREIGN KEY (`course_panel_id`) REFERENCES `acamar_web_coursepanel` (`cmsplugin_ptr_id`)
) ENGINE=InnoDB DEFAULT CHARSET=utf8;

LOCK TABLES `acamar_web_coursepanelitem` WRITE;
/*!40000 ALTER TABLE `acamar_web_coursepanelitem` DISABLE KEYS */;

INSERT INTO `acamar_web_coursepanelitem` (`id`, `course_panel_id`, `course_id`)
VALUES
	(9,21,1),
	(10,21,2),
	(11,349,2),
	(12,349,3),
	(15,377,1),
	(16,377,2),
	(17,377,3),
	(20,21,4),
	(24,21,3),
	(33,649,2),
	(34,649,4),
	(35,662,1),
	(36,662,3),
	(37,675,1),
	(38,675,2),
	(39,349,4),
	(40,662,4),
	(41,675,4),
	(74,1168,1),
	(75,1168,2),
	(76,1168,4),
	(77,1168,3),
	(78,1263,1),
	(79,1263,2),
	(80,1263,4),
	(81,1263,3),
	(298,4150,1),
	(299,4150,2),
	(300,4150,4),
	(301,4150,3),
	(322,4518,1),
	(323,4518,2),
	(324,4518,4),
	(325,4518,3),
	(326,4531,2),
	(327,4531,3),
	(328,4531,4),
	(329,1324,1),
	(330,1324,2),
	(331,1324,3),
	(332,1324,4),
	(341,4578,1),
	(342,4578,3),
	(343,4578,4),
	(348,4608,1),
	(349,4608,2),
	(350,4608,4),
	(355,4638,1),
	(356,4638,2),
	(357,4638,3),
	(358,4644,1),
	(359,4644,2),
	(360,4644,3),
	(361,4644,4),
	(370,4988,1),
	(371,4988,2),
	(372,4988,4),
	(373,4988,3);

/*!40000 ALTER TABLE `acamar_web_coursepanelitem` ENABLE KEYS */;
UNLOCK TABLES;


# Dump of table acamar_web_courseprogram
# ------------------------------------------------------------

DROP TABLE IF EXISTS `acamar_web_courseprogram`;

CREATE TABLE `acamar_web_courseprogram` (
  `cmsplugin_ptr_id` int(11) NOT NULL,
  `title` varchar(254) NOT NULL,
  `subtitle` varchar(254) NOT NULL,
  PRIMARY KEY (`cmsplugin_ptr_id`),
  CONSTRAINT `acamar_web_cmsplugin_ptr_id_7b4e5f580ceb7656_fk_cms_cmsplugin_id` FOREIGN KEY (`cmsplugin_ptr_id`) REFERENCES `cms_cmsplugin` (`id`)
) ENGINE=InnoDB DEFAULT CHARSET=utf8;

LOCK TABLES `acamar_web_courseprogram` WRITE;
/*!40000 ALTER TABLE `acamar_web_courseprogram` DISABLE KEYS */;

INSERT INTO `acamar_web_courseprogram` (`cmsplugin_ptr_id`, `title`, `subtitle`)
VALUES
	(375,'3 navazující kurzy vás připraví na požadavky firem',''),
	(648,'Na kurzu budete na svém notebooku pracovat v reálné aplikaci. A také se dozvíte…',''),
	(661,'Pracovat budeme v prostředí Oracle DB a nástroji Oracle SQL Developer ','Poznatky ale využijete i při práci s jinými relačními databázemi. Projdeme společně...'),
	(674,'Naučíte se pracovat s nástrojem SoapUI.','A také se dozvíte...'),
	(682,'Na kurzu budete na svém notebooku pracovat v reálné aplikaci.','A také se dozvíte… '),
	(4528,'На курсе Вы будете работать на вашем компьютере в реальной программе. А также узнаете...',''),
	(4575,'Работать будем в среде «Oracle DB» и инструментами «Oracle SQL Developer»','Знания используете также работая с другими реляционными базами данных.  Проходим вместе...'),
	(4605,'Вы освоите работу с инструментом «SoapUI» А также вы узнаете...',''),
	(4635,'3 последующие курсы Вас подготовят к требованиям компаний Тестинг вас поставит на стартовуюлинию.','');

/*!40000 ALTER TABLE `acamar_web_courseprogram` ENABLE KEYS */;
UNLOCK TABLES;


# Dump of table acamar_web_courseprogramitem
# ------------------------------------------------------------

DROP TABLE IF EXISTS `acamar_web_courseprogramitem`;

CREATE TABLE `acamar_web_courseprogramitem` (
  `id` int(11) NOT NULL AUTO_INCREMENT,
  `text` varchar(254) NOT NULL,
  `parent_id` int(11) NOT NULL,
  PRIMARY KEY (`id`),
  KEY `D6c3fc0c68e9ca8cf6afca846f26afbc` (`parent_id`),
  CONSTRAINT `D6c3fc0c68e9ca8cf6afca846f26afbc` FOREIGN KEY (`parent_id`) REFERENCES `acamar_web_courseprogram` (`cmsplugin_ptr_id`)
) ENGINE=InnoDB DEFAULT CHARSET=utf8;

LOCK TABLES `acamar_web_courseprogramitem` WRITE;
/*!40000 ALTER TABLE `acamar_web_courseprogramitem` DISABLE KEYS */;

INSERT INTO `acamar_web_courseprogramitem` (`id`, `text`, `parent_id`)
VALUES
	(9,'Testing vás dostane na samou startovní čáru.',375),
	(10,'SQL vám umožní smysluplně pracovat s daty.',375),
	(11,'Web Services vás připraví na časté testování v prostředí webu',375),
	(14,'jaké jsou obory v IT a jak se v nich vyznat',648),
	(15,'jaké fáze má IT projekt  a jak vypadá projektová dokumentace',648),
	(16,'co obnáší práce testera,   jaké jsou typy testů  a co je chyba v IT',648),
	(17,'jak fungují agilní  metodiky',648),
	(18,'Teorie SQL a databází',648),
	(19,'Co je SQL a databáze',661),
	(20,'Teorie SQL a databází',661),
	(21,'Rozdělení SQL',661),
	(22,'Základní operace nad záznamem, tzv. CRUD',661),
	(24,'Co jsou Web Services',674),
	(25,'Jak funguje HTTP',674),
	(26,'Čím se liší REST a SOAP',674),
	(27,'Jak testovat webové služby',674),
	(29,'Jaké jsou obory v IT a jak se v nich vyznat',682),
	(30,'Jaké fáze má IT projekt a jak vypadá projektová dokumentace',682),
	(31,'Co obnáší práce testera, jaké jsou typy testů a co je chyba v IT',682),
	(32,'Jak fungují agilní metodiky',682),
	(33,'Co je Join',661),
	(34,'Jak používat vybrané operátory a funkce',661),
	(35,'E-R modelování',661),
	(36,'Какие специальности в IТ, и как в них разобраться',4528),
	(37,'Какие этапы имеются IТ-проекте и как выглядит проектная документация',4528),
	(38,'Что собой несет работа тестировщика, какие типы тестов существуют, и что ошибка в IТ',4528),
	(39,'Как работают agile методологии',4528),
	(40,'Что такое SQL и базы данных',4575),
	(41,'Теория SQL и базы данных',4575),
	(42,'Разделение SQL',4575),
	(43,'Основные операции выше записи, так называемые CRUD',4575),
	(44,'Что такое Join',4575),
	(45,'Каким образом пользоваться выбранными операторами и функциями',4575),
	(46,'E-R моделирование',4575),
	(47,'Что такое Web Services',4605),
	(48,'Как работает HTTP',4605),
	(49,'Чем отличается REST и SOAP',4605),
	(50,'Как тестировать Web Services',4605),
	(51,'Тестинг вас поставит на стартовуюлинию.',4635),
	(52,'SQL Вам даст возможность эффективной работы с данными.',4635),
	(53,'Web Services Вас подготовит к постоянному тестированию в среде Web',4635);

/*!40000 ALTER TABLE `acamar_web_courseprogramitem` ENABLE KEYS */;
UNLOCK TABLES;


# Dump of table acamar_web_coursetermlist
# ------------------------------------------------------------

DROP TABLE IF EXISTS `acamar_web_coursetermlist`;

CREATE TABLE `acamar_web_coursetermlist` (
  `cmsplugin_ptr_id` int(11) NOT NULL,
  `title` varchar(254) NOT NULL,
  `subtitle` varchar(254) NOT NULL,
  `additional_registration` tinyint(1) NOT NULL,
  `additional_title` varchar(254) NOT NULL,
  `button_id` int(11) NOT NULL,
  PRIMARY KEY (`cmsplugin_ptr_id`),
  KEY `acamar_web_coursetermlist_2e479f87` (`button_id`),
  CONSTRAINT `acamar_web_cmsplugin_ptr_id_6d36f928cc09d277_fk_cms_cmsplugin_id` FOREIGN KEY (`cmsplugin_ptr_id`) REFERENCES `cms_cmsplugin` (`id`),
  CONSTRAINT `acamar_web_cour_button_id_210ac0673208db7b_fk_acamar_web_link_id` FOREIGN KEY (`button_id`) REFERENCES `acamar_web_link` (`id`)
) ENGINE=InnoDB DEFAULT CHARSET=utf8;

LOCK TABLES `acamar_web_coursetermlist` WRITE;
/*!40000 ALTER TABLE `acamar_web_coursetermlist` DISABLE KEYS */;

INSERT INTO `acamar_web_coursetermlist` (`cmsplugin_ptr_id`, `title`, `subtitle`, `additional_registration`, `additional_title`, `button_id`)
VALUES
	(384,'Vyberte si termín kurzu','Nejpozději 1 pracovní den po registraci vám do e-mailu pošleme odkaz na online test z logických úloh.',1,'Nevyhovuje vám termín? Přihlaste se i tak, dohodneme ho společně.',4),
	(655,'Vyberte si termín kurzu','Nejpozději 1 pracovní den po registraci vám do e-mailu pošleme odkaz na online test z logických úloh.',1,'Nevyhovuje vám termín? Přihlaste se i tak, dohodneme ho společně',4),
	(668,'Vyberte si termín kurzu','Nejpozději 1 pracovní den po registraci vám do e-mailu pošleme odkaz na online test z logických úloh.',1,'Nevyhovuje vám termín? Přihlaste se i tak, dohodneme ho společně.',4),
	(681,'Vyberte si termín kurzu','Nejpozději 1 pracovní den po registraci vám do e-mailu pošleme odkaz na online test z logických úloh.',1,'Nevyhovuje vám termín? Přihlaste se i tak, dohodneme ho společně.',4),
	(4529,'Выберите термин курса','Не позднее первый рабочий день после Вашей регистрации, Вам на э-мейл отправим ссылку на онлайн-тест логических задач',1,'Не подходит Вам этот термин? Запишитесь, будем решить вместе',4),
	(4576,'Выберите термин курса','Не позднее первый рабочий день после Вашей регистрации, Вам на э-мейл отправим ссылку на онлайн-тест логических задач.',1,'Вам не подходит этот термин? Запишитесь, будем вместе искать подxодящий.',4),
	(4606,'Выберите термин курса','Не позднее первый рабочий день после Вашей регистрации, Вам на э-мейл отправим ссылку на онлайн-тест логических задач',1,'Вам не подходит этот термин? Запишитесь, будем вместе искать подxодящий',4),
	(4918,'Vyberte si termín kurzu','Nejpozději 1 pracovní den po registraci vám do e-mailu pošleme odkaz na online test z logických úloh.',0,'Nevyhovuje vám termín? Přihlaste se i tak, dohodneme ho společně.',4);

/*!40000 ALTER TABLE `acamar_web_coursetermlist` ENABLE KEYS */;
UNLOCK TABLES;


# Dump of table acamar_web_coursetermlistadditional
# ------------------------------------------------------------

DROP TABLE IF EXISTS `acamar_web_coursetermlistadditional`;

CREATE TABLE `acamar_web_coursetermlistadditional` (
  `id` int(11) NOT NULL AUTO_INCREMENT,
  `address` varchar(254) NOT NULL,
  `description` varchar(254) NOT NULL,
  `parent_id` int(11) NOT NULL,
  PRIMARY KEY (`id`),
  KEY `acamar_web_coursetermlistadditional_6be37982` (`parent_id`),
  CONSTRAINT `f1670f3ef69b4b5ae26502a8a4b8f6a7` FOREIGN KEY (`parent_id`) REFERENCES `acamar_web_coursetermlist` (`cmsplugin_ptr_id`)
) ENGINE=InnoDB DEFAULT CHARSET=utf8;

LOCK TABLES `acamar_web_coursetermlistadditional` WRITE;
/*!40000 ALTER TABLE `acamar_web_coursetermlistadditional` DISABLE KEYS */;

INSERT INTO `acamar_web_coursetermlistadditional` (`id`, `address`, `description`, `parent_id`)
VALUES
	(7,'Karlínské nám. 8, Praha 8','První část',384),
	(8,'Karlínské nám. 8, Praha 8','Druhá část',384),
	(9,'Karlínské nám. 8, Praha 6','První část',655),
	(10,'Karlínské nám. 8, Praha 6','Druhá část',655),
	(11,'Karlínské nám. 8, Praha 8','První část',668),
	(12,'Karlínské nám. 8, Praha 8','Druhá část',668),
	(13,'Karlínské nám. 8, Praha 8','První část',681),
	(14,'Karlínské nám. 8, Praha 8','Druhá část',681),
	(15,'Karolinská 661/4, 186 00 Praha 8','1-я часть',4529),
	(16,'Karolinská 661/4, 186 00 Praha 8','2-я часть',4529),
	(17,'Karolinská 661/4, 186 00 Praha 8','1-я часть',4576),
	(18,'Karolinská 661/4, 186 00 Praha 8','2-я часть',4576),
	(19,'Karolinská 661/4, 186 00 Praha 8','1-я часть',4606),
	(20,'Karolinská 661/4, 186 00 Praha 8',' 2-я часть',4606);

/*!40000 ALTER TABLE `acamar_web_coursetermlistadditional` ENABLE KEYS */;
UNLOCK TABLES;


# Dump of table acamar_web_createteam
# ------------------------------------------------------------

DROP TABLE IF EXISTS `acamar_web_createteam`;

CREATE TABLE `acamar_web_createteam` (
  `cmsplugin_ptr_id` int(11) NOT NULL,
  `title` varchar(254) NOT NULL,
  `subtitle` longtext NOT NULL,
  PRIMARY KEY (`cmsplugin_ptr_id`),
  CONSTRAINT `acamar_web_cmsplugin_ptr_id_634e9582111e4041_fk_cms_cmsplugin_id` FOREIGN KEY (`cmsplugin_ptr_id`) REFERENCES `cms_cmsplugin` (`id`)
) ENGINE=InnoDB DEFAULT CHARSET=utf8;

LOCK TABLES `acamar_web_createteam` WRITE;
/*!40000 ALTER TABLE `acamar_web_createteam` DISABLE KEYS */;

INSERT INTO `acamar_web_createteam` (`cmsplugin_ptr_id`, `title`, `subtitle`)
VALUES
	(207,'Připravíme vás na pozici testera,','která v IT znamená startovní čáru'),
	(1192,'We help create teams','that work and get along well'),
	(1225,'Připravíme vás na pozici testera,','která v IT znamená startovní čáru'),
	(1287,' Мы помогаем создавать сплочённые и слаженно работающие коллективы,','в которых все члены понимают друг друга'),
	(1320,'Подгатовим Вас на позиции тестировщика,','которая в IT обозначает стартовую позицию.'),
	(3034,'We help create teams','that work and get along well'),
	(3614,' Мы помогаем создавать сплочённые и слаженно работающие коллективы,','в которых все члены понимают друг друга'),
	(4123,'Připravíme vás na pozici testera,','která v IT znamená startovní čáru'),
	(4172,'Pomáháme tvořit týmy,','které fungují a rozumí si'),
	(4640,'Подгатовим Вас на позиции тестировщика,','которая в IT обозначает стартовую позицию.'),
	(4896,'Pomáháme tvořit týmy,','které fungují a rozumí si'),
	(4902,'Připravíme vás na pozici testera,','která v IT znamená startovní čáru');

/*!40000 ALTER TABLE `acamar_web_createteam` ENABLE KEYS */;
UNLOCK TABLES;


# Dump of table acamar_web_createteamcard
# ------------------------------------------------------------

DROP TABLE IF EXISTS `acamar_web_createteamcard`;

CREATE TABLE `acamar_web_createteamcard` (
  `cmsplugin_ptr_id` int(11) NOT NULL,
  `title` varchar(254) NOT NULL,
  `subtitle` varchar(254) NOT NULL,
  `image_id` int(11) NOT NULL,
  PRIMARY KEY (`cmsplugin_ptr_id`),
  KEY `acamar_web_createteamcard_f33175e6` (`image_id`),
  CONSTRAINT `acamar_web_cmsplugin_ptr_id_6e94d1c102996bd5_fk_cms_cmsplugin_id` FOREIGN KEY (`cmsplugin_ptr_id`) REFERENCES `cms_cmsplugin` (`id`),
  CONSTRAINT `acamar_web__image_id_3aa85153393d4ccb_fk_filer_image_file_ptr_id` FOREIGN KEY (`image_id`) REFERENCES `filer_image` (`file_ptr_id`)
) ENGINE=InnoDB DEFAULT CHARSET=utf8;

LOCK TABLES `acamar_web_createteamcard` WRITE;
/*!40000 ALTER TABLE `acamar_web_createteamcard` DISABLE KEYS */;

INSERT INTO `acamar_web_createteamcard` (`cmsplugin_ptr_id`, `title`, `subtitle`, `image_id`)
VALUES
	(208,'Kurzy se hodí i pro úplné začátečníky','Přicházíte z jiného oboru? Vše vám srozumitelně vysvětlíme.',187),
	(209,'Během 6 setkání zvládneme teorii i praxi','Setkáváme se v Praze v prostorách Acamaru.',185),
	(210,'Po proškolení vás připravíme i na pohovor','V IT firmách je totiž přijímací řízení jiné, než jste zvyklí.',23),
	(1193,'600+ people','That’s how many candidates we’ve found interesting projects for',59),
	(1194,'98% IT professionals',' Continue working for the companies even after the 3-month trial period',24),
	(1195,'454 days','Is the average amount of time a contractor works on a project',23),
	(1196,'60 steaks','Eaten with Acamarians off-site',58),
	(1226,'Kurzy se hodí i pro úplné začátečníky','Přicházíte z jiného oboru? Vše vám srozumitelně vysvětlíme.',187),
	(1227,'Během 6 setkání zvládneme teorii i praxi','Setkáváme se v Praze v prostorách Acamaru.',185),
	(1228,'Po proškolení vás připravíme i na pohovor','V IT firmách je totiž přijímací řízení jiné, než jste zvyklí.',23),
	(1288,'Более 600 работникам','мы нашли интересные проекты',59),
	(1289,'98% профессионалов в IT-сфере','остаётся работать в фирме по истечении 3-ёх месяцев испытательного срока',24),
	(1290,'Примерно 451 день','сотрудники работают над определённым проектом',23),
	(1291,'60 стейков','Мы съедаем с нашими сотрудниками',58),
	(1321,'Курсы подходят для начинающиx.','У Вас другая специальность? Все Вам ясно и понятно объясним.',187),
	(1322,'В течение 6 сеансов Вы освоите теорию и практику.','Встречаемся в Праге в оффисе Acamar.',185),
	(1323,'После обучения Вас подготовим к интервю.','В IТ-компаниях проходят интервю по другому, чем Вы привыкли.',23),
	(3035,'600+ people','That’s how many candidates we’ve found interesting projects for',59),
	(3036,'98% IT professionals',' Continue working for the companies even after the 3-month trial period',24),
	(3037,'454 days','Is the average amount of time a contractor works on a project',23),
	(3038,'60 steaks','Eaten with Acamarians off-site',58),
	(3615,'Более 600 работникам','мы нашли интересные проекты',59),
	(3616,'98% профессионалов в IT-сфере','остаётся работать в фирме по истечении 3-ёх месяцев испытательного срока',24),
	(3617,'Примерно 451 день','сотрудники работают над определённым проектом',23),
	(3618,'60 стейков','Мы съедаем с нашими сотрудниками',58),
	(4124,'Kurzy se hodí i pro úplné začátečníky','Přicházíte z jiného oboru? Vše vám srozumitelně vysvětlíme.',187),
	(4125,'Během 6 setkání zvládneme teorii i praxi','Setkáváme se v Praze v prostorách Acamaru.',185),
	(4126,'Po proškolení vás připravíme i na pohovor','V IT firmách je totiž přijímací řízení jiné, než jste zvyklí.',23),
	(4173,'600+ lidem','jsme našli zajímavý projekt',59),
	(4174,'98 % IT profesionálů','zůstává ve firmě i po 3měsíční zkušební době',185),
	(4175,'454 dní','průměrně stráví kontraktoři na projektu',23),
	(4176,'60 steaků','s Acamarády sníme na offsitu',58),
	(4641,'Курсы подходят для начинающиx.','У Вас другая специальность? Все Вам ясно и понятно объясним.',187),
	(4642,'В течение 6 сеансов Вы освоите теорию и практику.','Встречаемся в Праге в оффисе Acamar.',185),
	(4643,'После обучения Вас подготовим к интервю.','В IТ-компаниях проходят интервю по другому, чем Вы привыкли.',23),
	(4897,'600+ lidem','jsme našli zajímavý projekt',59),
	(4898,'98 % IT profesionálů','zůstává ve firmě i po 3měsíční zkušební době',185),
	(4899,'454 dní','průměrně stráví kontraktoři na projektu',23),
	(4900,'60 steaků','s Acamarády sníme na offsitu',58),
	(4903,'Kurzy se hodí i pro úplné začátečníky','Přicházíte z jiného oboru? Vše vám srozumitelně vysvětlíme.',187),
	(4904,'Během 6 setkání zvládneme teorii i praxi','Setkáváme se v Praze v prostorách Acamaru.',185),
	(4905,'Po proškolení vás připravíme i na pohovor','V IT firmách je totiž přijímací řízení jiné, než jste zvyklí.',23);

/*!40000 ALTER TABLE `acamar_web_createteamcard` ENABLE KEYS */;
UNLOCK TABLES;


# Dump of table acamar_web_filervideo
# ------------------------------------------------------------

DROP TABLE IF EXISTS `acamar_web_filervideo`;

CREATE TABLE `acamar_web_filervideo` (
  `file_ptr_id` int(11) NOT NULL,
  PRIMARY KEY (`file_ptr_id`),
  CONSTRAINT `acamar_web_filervid_file_ptr_id_eedb7839b34f8bc_fk_filer_file_id` FOREIGN KEY (`file_ptr_id`) REFERENCES `filer_file` (`id`)
) ENGINE=InnoDB DEFAULT CHARSET=utf8;

LOCK TABLES `acamar_web_filervideo` WRITE;
/*!40000 ALTER TABLE `acamar_web_filervideo` DISABLE KEYS */;

INSERT INTO `acamar_web_filervideo` (`file_ptr_id`)
VALUES
	(1),
	(2),
	(3),
	(4),
	(198),
	(201);

/*!40000 ALTER TABLE `acamar_web_filervideo` ENABLE KEYS */;
UNLOCK TABLES;


# Dump of table acamar_web_graphcard
# ------------------------------------------------------------

DROP TABLE IF EXISTS `acamar_web_graphcard`;

CREATE TABLE `acamar_web_graphcard` (
  `cmsplugin_ptr_id` int(11) NOT NULL,
  `title` varchar(254) NOT NULL,
  `image_id` int(11) NOT NULL,
  PRIMARY KEY (`cmsplugin_ptr_id`),
  KEY `acamar_web_graphcard_f33175e6` (`image_id`),
  CONSTRAINT `acamar_web_cmsplugin_ptr_id_5100d464fd61b96b_fk_cms_cmsplugin_id` FOREIGN KEY (`cmsplugin_ptr_id`) REFERENCES `cms_cmsplugin` (`id`),
  CONSTRAINT `acamar_web__image_id_3e725eda4ab1d875_fk_filer_image_file_ptr_id` FOREIGN KEY (`image_id`) REFERENCES `filer_image` (`file_ptr_id`)
) ENGINE=InnoDB DEFAULT CHARSET=utf8;

LOCK TABLES `acamar_web_graphcard` WRITE;
/*!40000 ALTER TABLE `acamar_web_graphcard` DISABLE KEYS */;

INSERT INTO `acamar_web_graphcard` (`cmsplugin_ptr_id`, `title`, `image_id`)
VALUES
	(180,'Databázi kontaktů udržujeme živou',188),
	(181,'Toho pravého přivedeme i ze zahraničí',111),
	(182,'Najdeme odborníka i celý tým do každého oboru',184),
	(1208,'We keep our database of contacts alive and well',202),
	(1209,'We’ll even look abroad to find the right person for you',111),
	(1210,'We’ll find an expert or even an entire team for any discipline',203),
	(1303,'Наша база специалистов и компаний постоянно расширяется',204),
	(1304,'Именного того, кто Вам нужен, мы найдём и за границей',111),
	(1305,'Мы найдём профессионала и целую команду по любой специальности',205),
	(4754,'Databázi kontaktů udržujeme živou',188),
	(4755,'Toho pravého přivedeme i ze zahraničí',111),
	(4756,'Najdeme odborníka i celý tým do každého oboru',184),
	(4772,'We keep our database of contacts alive and well',202),
	(4773,'We’ll even look abroad to find the right person for you',111),
	(4774,'We’ll find an expert or even an entire team for any discipline',203),
	(4790,'Наша база специалистов и компаний постоянно расширяется',204),
	(4791,'Именного того, кто Вам нужен, мы найдём и за границей',111),
	(4792,'Мы найдём профессионала и целую команду по любой специальности',205);

/*!40000 ALTER TABLE `acamar_web_graphcard` ENABLE KEYS */;
UNLOCK TABLES;


# Dump of table acamar_web_graphcardtext
# ------------------------------------------------------------

DROP TABLE IF EXISTS `acamar_web_graphcardtext`;

CREATE TABLE `acamar_web_graphcardtext` (
  `id` int(11) NOT NULL AUTO_INCREMENT,
  `text` varchar(254) NOT NULL,
  `parent_id` int(11) NOT NULL,
  PRIMARY KEY (`id`),
  KEY `D6e3cc0a3e0b661dc1a5486d8b071e09` (`parent_id`),
  CONSTRAINT `D6e3cc0a3e0b661dc1a5486d8b071e09` FOREIGN KEY (`parent_id`) REFERENCES `acamar_web_graphcard` (`cmsplugin_ptr_id`)
) ENGINE=InnoDB DEFAULT CHARSET=utf8;

LOCK TABLES `acamar_web_graphcardtext` WRITE;
/*!40000 ALTER TABLE `acamar_web_graphcardtext` DISABLE KEYS */;

INSERT INTO `acamar_web_graphcardtext` (`id`, `text`, `parent_id`)
VALUES
	(1,'Pravidelně s kandidáty komunikujeme ​​​o pracovních novinkách',180),
	(2,'IT experty provázíme celé roky a sledujeme jejich růst',180),
	(3,'Propracovaný systém nám hlídá, kdy se komu uvolní kapacity',180),
	(4,'Brazílie, Rusko, Kazachstán… Přesídlíme kolegy přímo k vám',181),
	(5,'Hladce vyřešíme administrativu s vízy',181),
	(6,'Zajistíme kontraktorům veškerou podporu při stěhování',181),
	(7,'Známe specialisty pro běžné i netradiční technologie',182),
	(8,'V databázi máme lidi s neobvyklými kombinacemi schopností',182),
	(9,'Získáme šikovné spolupracovníky na 6 měsíců i na 3 roky',182),
	(82,'We regularly communicate with candidates about new open positions',1208),
	(83,'We accompany IT experts for years and watch them grow',1208),
	(84,'Our comprehensive system notifies us whenever someone becomes available',1208),
	(85,'Brazil, Russia, Kazakhstan… We’ll relocate your new colleagues to right where you need them',1209),
	(86,'We take care of visas and all the paperwork',1209),
	(87,'We provide complete support during relocation',1209),
	(88,'We know specialists in both regular and unconventional technologies',1210),
	(89,'Our database is full of people with unusual skillsets',1210),
	(90,'We’ll find you skilled colleagues for 6 months or even 3 years',1210),
	(91,'Мы регулярно обсуждаем с кандидатами на определённые должности новые предложения работы',1303),
	(92,'Многих IT-специалистов мы обеспечиваем работой долгие годы, следим следим за их профессиональным ростом и успехами',1303),
	(93,'Наша усовершенствованная система следит за тем, когда и кого есть возможность устроиться на новую работу или начать разрабатывать новый проект',1303),
	(94,'Бразилия, Россия, Казахстан… Доставим сотрудников прямо к Вам',1304),
	(95,'Без проблем решим административные вопросы насчёт визы',1304),
	(96,'Обеспечим сотрудникам, работающим по контракту, полную поддержку во время переезда',1304),
	(97,'Мы знаем специалистов для привычных и необычных, новейших технологий',1305),
	(98,'В нашей базе данных есть специалисты с необычными, особенным сочетаниями способностей, умений и талантов',1305),
	(99,'Мы подберём сотрудников на любой срок, который Вам нужен (неважно, нужен ли Вам сотрудник на полгода или три года)',1305),
	(523,'Pravidelně s kandidáty komunikujeme ​​​o pracovních novinkách',4754),
	(524,'IT experty provázíme celé roky a sledujeme jejich růst',4754),
	(525,'Propracovaný systém nám hlídá, kdy se komu uvolní kapacity',4754),
	(526,'Brazílie, Rusko, Kazachstán… Přesídlíme kolegy přímo k vám',4755),
	(527,'Hladce vyřešíme administrativu s vízy',4755),
	(528,'Zajistíme kontraktorům veškerou podporu při stěhování',4755),
	(529,'Známe specialisty pro běžné i netradiční technologie',4756),
	(530,'V databázi máme lidi s neobvyklými kombinacemi schopností',4756),
	(531,'Získáme šikovné spolupracovníky na 6 měsíců i na 3 roky',4756),
	(532,'We regularly communicate with candidates about new open positions',4772),
	(533,'We accompany IT experts for years and watch them grow',4772),
	(534,'Our comprehensive system notifies us whenever someone becomes available',4772),
	(535,'Brazil, Russia, Kazakhstan… We’ll relocate your new colleagues to right where you need them',4773),
	(536,'We take care of visas and all the paperwork',4773),
	(537,'We provide complete support during relocation',4773),
	(538,'We know specialists in both regular and unconventional technologies',4774),
	(539,'Our database is full of people with unusual skillsets',4774),
	(540,'We’ll find you skilled colleagues for 6 months or even 3 years',4774),
	(541,'Мы регулярно обсуждаем с кандидатами на определённые должности новые предложения работы',4790),
	(542,'Многих IT-специалистов мы обеспечиваем работой долгие годы, следим следим за их профессиональным ростом и успехами',4790),
	(543,'Наша усовершенствованная система следит за тем, когда и кого есть возможность устроиться на новую работу или начать разрабатывать новый проект',4790),
	(544,'Бразилия, Россия, Казахстан… Доставим сотрудников прямо к Вам',4791),
	(545,'Без проблем решим административные вопросы насчёт визы',4791),
	(546,'Обеспечим сотрудникам, работающим по контракту, полную поддержку во время переезда',4791),
	(547,'Мы знаем специалистов для привычных и необычных, новейших технологий',4792),
	(548,'В нашей базе данных есть специалисты с необычными, особенным сочетаниями способностей, умений и талантов',4792),
	(549,'Мы подберём сотрудников на любой срок, который Вам нужен (неважно, нужен ли Вам сотрудник на полгода или три года)',4792);

/*!40000 ALTER TABLE `acamar_web_graphcardtext` ENABLE KEYS */;
UNLOCK TABLES;


# Dump of table acamar_web_graphsection
# ------------------------------------------------------------

DROP TABLE IF EXISTS `acamar_web_graphsection`;

CREATE TABLE `acamar_web_graphsection` (
  `cmsplugin_ptr_id` int(11) NOT NULL,
  `button_id` int(11) DEFAULT NULL,
  PRIMARY KEY (`cmsplugin_ptr_id`),
  KEY `acamar_web_graphsection_2e479f87` (`button_id`),
  CONSTRAINT `acamar_web_cmsplugin_ptr_id_18bd3e2207b8c2ef_fk_cms_cmsplugin_id` FOREIGN KEY (`cmsplugin_ptr_id`) REFERENCES `cms_cmsplugin` (`id`),
  CONSTRAINT `acamar_web_grap_button_id_5f30a1f49531afeb_fk_acamar_web_link_id` FOREIGN KEY (`button_id`) REFERENCES `acamar_web_link` (`id`)
) ENGINE=InnoDB DEFAULT CHARSET=utf8;

LOCK TABLES `acamar_web_graphsection` WRITE;
/*!40000 ALTER TABLE `acamar_web_graphsection` DISABLE KEYS */;

INSERT INTO `acamar_web_graphsection` (`cmsplugin_ptr_id`, `button_id`)
VALUES
	(179,8),
	(1207,8),
	(1302,8),
	(4753,8),
	(4771,8),
	(4789,8);

/*!40000 ALTER TABLE `acamar_web_graphsection` ENABLE KEYS */;
UNLOCK TABLES;


# Dump of table acamar_web_link
# ------------------------------------------------------------

DROP TABLE IF EXISTS `acamar_web_link`;

CREATE TABLE `acamar_web_link` (
  `id` int(11) NOT NULL AUTO_INCREMENT,
  `text` varchar(255) NOT NULL,
  `external_link` varchar(2040) NOT NULL,
  `mailto` varchar(255) NOT NULL,
  `phone` varchar(255) NOT NULL,
  `target` varchar(255) NOT NULL,
  `internal_link_id` int(11) DEFAULT NULL,
  `anchor` varchar(255) NOT NULL,
  `text_cs` varchar(255),
  `text_en` varchar(255),
  `text_ru` varchar(255),
  PRIMARY KEY (`id`),
  KEY `acamar_web_link_302e44ef` (`internal_link_id`),
  CONSTRAINT `acamar_web_link_internal_link_id_367cfc6f26299b7f_fk_cms_page_id` FOREIGN KEY (`internal_link_id`) REFERENCES `cms_page` (`id`)
) ENGINE=InnoDB DEFAULT CHARSET=utf8;

LOCK TABLES `acamar_web_link` WRITE;
/*!40000 ALTER TABLE `acamar_web_link` DISABLE KEYS */;

INSERT INTO `acamar_web_link` (`id`, `text`, `external_link`, `mailto`, `phone`, `target`, `internal_link_id`, `anchor`, `text_cs`, `text_en`, `text_ru`)
VALUES
	(1,'Find me IT experts','','','','',9,'','Find me IT experts',NULL,NULL),
	(2,'Хочу о курсах узнать больше','','','','',11,'','Chci se o kurzech dovědět víc','I want to know more about the courses','Хочу о курсах узнать больше'),
	(3,'Отправить сообщение','','Lucie.Stankova@acamar.cz','','',NULL,'','Napište zprávu','','Отправить сообщение'),
	(4,'Записаться','','','','',15,'','Přihlásit se','','Записаться'),
	(5,'Více o acamaru','','','','',5,'','Více o acamaru',NULL,NULL),
	(6,'Я дам вам мои контактные данные','','','','',7,'contact-form','Nechám vám na sebe kontakt','I\'ll give you my contact details','Я дам вам мои контактные данные'),
	(7,'Я хочу узнать больше о Acamar','','','','',5,'','Chci poznat Acamar blíž','I want to know more about Acamar','Я хочу узнать больше о Acamar'),
	(8,'Najděte mi IT experty','','','','',7,'contact-form','Najděte mi IT experty','Find me IT experts','Найдите мне IT-експертов'),
	(9,'Napište Františkovi','','Frantisek.Mareth@acamar.cz','','',NULL,'','Napište Františkovi','Write to František','Напишите Франтишку'),
	(10,'Poohlížím se po práci','','','','',1,'','Poohlížím se po práci',NULL,NULL),
	(11,'Zjistěte o nás víc','','','','',5,'','Zjistěte o nás víc',NULL,NULL),
	(12,'I\'m looking for a job','','','','',3,'','Poohlížím se po práci','I\'m looking for a job',''),
	(13,'Najděte mi IT experty','','','','',9,'','Najděte mi IT experty',NULL,NULL),
	(14,'Познакомьтесь более подробно с Акамар','','','','',5,'','Chci se o Acamaru dozvědět víc','I want to know more about Acamar','Познакомьтесь более подробно с Акамар'),
	(15,'Více o acamaru','','','','',7,'','Více o acamaru',NULL,NULL),
	(16,'Napište zprávu','','Lucie.Stankova@acamar.cz','','',NULL,'','Napište zprávu','',''),
	(17,'Zpět na kurzy','','','','',11,'','Zpět na kurzy','','');

/*!40000 ALTER TABLE `acamar_web_link` ENABLE KEYS */;
UNLOCK TABLES;


# Dump of table acamar_web_loginpluginmodel
# ------------------------------------------------------------

DROP TABLE IF EXISTS `acamar_web_loginpluginmodel`;

CREATE TABLE `acamar_web_loginpluginmodel` (
  `cmsplugin_ptr_id` int(11) NOT NULL,
  `title` varchar(254) NOT NULL,
  `subtitle` varchar(254) NOT NULL,
  `username_label` varchar(254) NOT NULL,
  `password_label` varchar(254) NOT NULL,
  `button_text` varchar(254) NOT NULL,
  PRIMARY KEY (`cmsplugin_ptr_id`),
  CONSTRAINT `acamar_web_cmsplugin_ptr_id_442da07be2c372ab_fk_cms_cmsplugin_id` FOREIGN KEY (`cmsplugin_ptr_id`) REFERENCES `cms_cmsplugin` (`id`)
) ENGINE=InnoDB DEFAULT CHARSET=utf8;

LOCK TABLES `acamar_web_loginpluginmodel` WRITE;
/*!40000 ALTER TABLE `acamar_web_loginpluginmodel` DISABLE KEYS */;

INSERT INTO `acamar_web_loginpluginmodel` (`cmsplugin_ptr_id`, `title`, `subtitle`, `username_label`, `password_label`, `button_text`)
VALUES
	(584,'Login','','Username','Password','Submit'),
	(588,'Login','','Username','Password','Submit'),
	(1258,'Login','','Username','Password','Submit'),
	(1353,'Login','','Username','Password','Submit');

/*!40000 ALTER TABLE `acamar_web_loginpluginmodel` ENABLE KEYS */;
UNLOCK TABLES;


# Dump of table acamar_web_logo
# ------------------------------------------------------------

DROP TABLE IF EXISTS `acamar_web_logo`;

CREATE TABLE `acamar_web_logo` (
  `cmsplugin_ptr_id` int(11) NOT NULL,
  `image_id` int(11) NOT NULL,
  PRIMARY KEY (`cmsplugin_ptr_id`),
  KEY `acamar_web_logo_f33175e6` (`image_id`),
  CONSTRAINT `acamar_web_cmsplugin_ptr_id_71afeb18d9c797d7_fk_cms_cmsplugin_id` FOREIGN KEY (`cmsplugin_ptr_id`) REFERENCES `cms_cmsplugin` (`id`),
  CONSTRAINT `acamar_web_l_image_id_dbd9e8882c54d7f_fk_filer_image_file_ptr_id` FOREIGN KEY (`image_id`) REFERENCES `filer_image` (`file_ptr_id`)
) ENGINE=InnoDB DEFAULT CHARSET=utf8;



# Dump of table acamar_web_logopanel
# ------------------------------------------------------------

DROP TABLE IF EXISTS `acamar_web_logopanel`;

CREATE TABLE `acamar_web_logopanel` (
  `cmsplugin_ptr_id` int(11) NOT NULL,
  `title` varchar(254) NOT NULL,
  `button_id` int(11) DEFAULT NULL,
  PRIMARY KEY (`cmsplugin_ptr_id`),
  KEY `acamar_web_logopanel_2e479f87` (`button_id`),
  CONSTRAINT `acamar_web_cmsplugin_ptr_id_3848b5542678974e_fk_cms_cmsplugin_id` FOREIGN KEY (`cmsplugin_ptr_id`) REFERENCES `cms_cmsplugin` (`id`),
  CONSTRAINT `acamar_web_logo_button_id_102e6479e7576474_fk_acamar_web_link_id` FOREIGN KEY (`button_id`) REFERENCES `acamar_web_link` (`id`)
) ENGINE=InnoDB DEFAULT CHARSET=utf8;



# Dump of table acamar_web_mainbanner
# ------------------------------------------------------------

DROP TABLE IF EXISTS `acamar_web_mainbanner`;

CREATE TABLE `acamar_web_mainbanner` (
  `cmsplugin_ptr_id` int(11) NOT NULL,
  `template` varchar(100) NOT NULL,
  `title` varchar(254) NOT NULL,
  `subtitle` longtext NOT NULL,
  `background_image_id` int(11) DEFAULT NULL,
  `background_video_id` int(11) DEFAULT NULL,
  PRIMARY KEY (`cmsplugin_ptr_id`),
  KEY `acamar_web_mainbanner_560be1e0` (`background_image_id`),
  KEY `acamar_web_mainbanner_83b2608f` (`background_video_id`),
  CONSTRAINT `acamar_web_cmsplugin_ptr_id_1e062e2cece9fd7d_fk_cms_cmsplugin_id` FOREIGN KEY (`cmsplugin_ptr_id`) REFERENCES `cms_cmsplugin` (`id`),
  CONSTRAINT `a_background_image_id_8efa2628561db83_fk_filer_image_file_ptr_id` FOREIGN KEY (`background_image_id`) REFERENCES `filer_image` (`file_ptr_id`),
  CONSTRAINT `fca0ee4f4576d2c87579cdd76a7f30c5` FOREIGN KEY (`background_video_id`) REFERENCES `acamar_web_filervideo` (`file_ptr_id`)
) ENGINE=InnoDB DEFAULT CHARSET=utf8;

LOCK TABLES `acamar_web_mainbanner` WRITE;
/*!40000 ALTER TABLE `acamar_web_mainbanner` DISABLE KEYS */;

INSERT INTO `acamar_web_mainbanner` (`cmsplugin_ptr_id`, `template`, `title`, `subtitle`, `background_image_id`, `background_video_id`)
VALUES
	(1,'default','We connect companies and IT experts','who’ll get along, both at work and away from it',6,201),
	(8,'default','Propojujeme firmy a IT experty,','kteří si pracovně i osobně sednou',6,201),
	(36,'for_candidates','Víme o desítkách IT projektů.','A najdeme ten, který vás bude bavit',NULL,NULL),
	(87,'contact','Propojujeme firmy a IT experty','pro dobré vztahy a vydařené projekty',NULL,NULL),
	(177,'for_companies','Známe tisíce IT profesionálů.','A některé k vám dostaneme do 2 týdnů',NULL,NULL),
	(206,'course',' Chcete proniknout do oboru IT? Pomůžeme vám','',NULL,NULL),
	(262,'a-card','Acarta vám usnadňuje život,','ať řešíte daně, hypotéku nebo letenky',NULL,NULL),
	(337,'default','','',NULL,NULL),
	(338,'course','Získejte základní znalosti  pro pozici testera','',NULL,NULL),
	(559,'enroll_in_course','Přihlášení ke kurzu','Zatím nebudete nic platit, platba bude následovat až po úvodním online testu.',NULL,NULL),
	(583,'a-card','Login','',NULL,NULL),
	(587,'a-card','Login','',NULL,NULL),
	(630,'default','','',NULL,NULL),
	(825,'default','','',NULL,NULL),
	(859,'a-card','Acarta vám usnadňuje život,','ať řešíte daně, hypotéku nebo letenky',NULL,NULL),
	(1165,'default','Мы соединяем фирмы и профессионалов в сфере IT','которые во всём подходят друг другу \r\nне только в работе, но и в общении',NULL,201),
	(1169,'for_candidates','We know about dozens of IT projects.','And we’ll find the one you’ll enjoy',NULL,NULL),
	(1191,'we_are','We are recruiters who can actually hold a conversation with IT professionals',' ',NULL,NULL),
	(1198,'contact','We connect companies and IT experts','for good relationships and successful projects',NULL,NULL),
	(1206,'for_companies','We know thousands of IT professionals.','And we can bring some to you within 2 weeks',NULL,NULL),
	(1224,'course',' Chcete proniknout do oboru IT? Pomůžeme vám','',NULL,NULL),
	(1241,'a-card','Acarta vám usnadňuje život,','ať řešíte daně, hypotéku nebo letenky',NULL,NULL),
	(1249,'enroll_in_course','Přihlášení ke kurzu','Zatím nebudete nic platit, platba bude následovat až po úvodním online testu.',NULL,NULL),
	(1257,'a-card','Login','',NULL,NULL),
	(1259,'default','','',NULL,NULL),
	(1264,'for_candidates','Нам известно о десятках проектов в области IT-технологий','и мы найдём тот, который подойдёт именно Вам.',NULL,NULL),
	(1286,'we_are','Мы специалисты по подбору персонала в области IТ','',NULL,NULL),
	(1293,'contact','Мы соединяем компании с ИТ-профессионалами','для совместной работы в успешных проектах',NULL,NULL),
	(1301,'for_companies','Мы знакомы с тысячами профессионалов в IT-сфере','И некоторые из них будут работать в Вашей фирме уже через 2 недели',NULL,NULL),
	(1319,'course','Вы хотите попасть в ИТ? Мы поможем вам','',NULL,NULL),
	(1336,'a-card','Acarta vám usnadňuje život,','ať řešíte daně, hypotéku nebo letenky',NULL,NULL),
	(1344,'enroll_in_course','Přihlášení ke kurzu','Zatím nebudete nic platit, platba bude následovat až po úvodním online testu.',NULL,NULL),
	(1352,'a-card','Login','',NULL,NULL),
	(1354,'default','','',NULL,NULL),
	(3033,'we_are','We are recruiters who can actually hold a conversation with IT professionals',' ',NULL,NULL),
	(3146,'contact','We connect companies and IT experts','for good relationships and successful projects',NULL,NULL),
	(3613,'we_are','Мы специалисты по подбору персонала в области IТ','',NULL,NULL),
	(3668,'contact','Мы соединяем компании с ИТ-профессионалами','для совместной работы в успешных проектах',NULL,NULL),
	(4122,'course',' Chcete proniknout do oboru IT? Pomůžeme vám','',NULL,NULL),
	(4145,'default','We connect companies and IT experts','who’ll get along, both at work and away from it',6,201),
	(4155,'we_are','Jsme recruiteři, se kterými si IT profesionál má co říct','',NULL,NULL),
	(4215,'enroll_in_course','Přihlášení ke kurzu','Zatím nebudete nic platit, platba bude následovat až po úvodním online testu.',NULL,NULL),
	(4515,'default','Мы соединяем фирмы и профессионалов в сфере IT','которые во всём подходят друг другу \r\nне только в работе, но и в общении',NULL,201),
	(4639,'course','Вы хотите попасть в ИТ? Мы поможем вам','',NULL,NULL),
	(4752,'for_companies','Známe tisíce IT profesionálů.','A některé k vám dostaneme do 2 týdnů',NULL,NULL),
	(4770,'for_companies','We know thousands of IT professionals.','And we can bring some to you within 2 weeks',NULL,NULL),
	(4788,'for_companies','Мы знакомы с тысячами профессионалов в IT-сфере','И некоторые из них будут работать в Вашей фирме уже через 2 недели',NULL,NULL),
	(4806,'for_candidates','Víme o desítkách IT projektů.','A najdeme ten, který vás bude bavit',NULL,NULL),
	(4828,'for_candidates','We know about dozens of IT projects.','And we’ll find the one you’ll enjoy',NULL,NULL),
	(4894,'we_are','Jsme recruiteři, se kterými si IT profesionál má co říct','',NULL,NULL),
	(4901,'course',' Chcete proniknout do oboru IT? Pomůžeme vám','',NULL,NULL),
	(4919,'contact','Propojujeme firmy a IT experty','pro dobré vztahy a vydařené projekty',NULL,NULL),
	(4949,'for_candidates','Нам известно о десятках проектов в области IT-технологий','и мы найдём тот, который подойдёт именно Вам.',NULL,NULL),
	(4983,'default','Propojujeme firmy a IT experty,','kteří si pracovně i osobně sednou',6,201);

/*!40000 ALTER TABLE `acamar_web_mainbanner` ENABLE KEYS */;
UNLOCK TABLES;


# Dump of table acamar_web_mainbannercard
# ------------------------------------------------------------

DROP TABLE IF EXISTS `acamar_web_mainbannercard`;

CREATE TABLE `acamar_web_mainbannercard` (
  `cmsplugin_ptr_id` int(11) NOT NULL,
  `title` varchar(254) NOT NULL,
  `subtitle` longtext NOT NULL,
  `theme` varchar(30) NOT NULL,
  `button_id` int(11) DEFAULT NULL,
  PRIMARY KEY (`cmsplugin_ptr_id`),
  KEY `acamar_web_mainbannercard_2e479f87` (`button_id`),
  CONSTRAINT `acamar_web_cmsplugin_ptr_id_400f2e970410b715_fk_cms_cmsplugin_id` FOREIGN KEY (`cmsplugin_ptr_id`) REFERENCES `cms_cmsplugin` (`id`),
  CONSTRAINT `acamar_web_main_button_id_759ef74fad3853b9_fk_acamar_web_link_id` FOREIGN KEY (`button_id`) REFERENCES `acamar_web_link` (`id`)
) ENGINE=InnoDB DEFAULT CHARSET=utf8;

LOCK TABLES `acamar_web_mainbannercard` WRITE;
/*!40000 ALTER TABLE `acamar_web_mainbannercard` DISABLE KEYS */;

INSERT INTO `acamar_web_mainbannercard` (`cmsplugin_ptr_id`, `title`, `subtitle`, `theme`, `button_id`)
VALUES
	(2,'We take care of thousands of IT professionals.','We’ve been guiding them through their careers for years, so we know what they find attractive.','',12),
	(3,'Over 40 large, mostly international companies trust us.','We know their company cultures, the technology they use, their teams and their practices.','looking-for-gray',1),
	(9,'Staráme se o tisíce IT profesionálů. ','Roky je provázíme kariérou a víme, co je láká. ','',12),
	(10,'Věří nám na 40 velkých firem, nejčastěji mezinárodních. ','Známe jejich kulturu, používané technologie, týmy i zvyklosti. ','looking-for-gray',13),
	(4146,'We take care of thousands of IT professionals.','We’ve been guiding them through their careers for years, so we know what they find attractive.','',12),
	(4147,'Over 40 large, mostly international companies trust us.','We know their company cultures, the technology they use, their teams and their practices.','looking-for-gray',1),
	(4984,'Staráme se o tisíce IT profesionálů. ','Roky je provázíme kariérou a víme, co je láká. ','',12),
	(4985,'Věří nám na 40 velkých firem, nejčastěji mezinárodních. ','Známe jejich kulturu, používané technologie, týmy i zvyklosti. ','looking-for-gray',13);

/*!40000 ALTER TABLE `acamar_web_mainbannercard` ENABLE KEYS */;
UNLOCK TABLES;


# Dump of table acamar_web_map
# ------------------------------------------------------------

DROP TABLE IF EXISTS `acamar_web_map`;

CREATE TABLE `acamar_web_map` (
  `cmsplugin_ptr_id` int(11) NOT NULL,
  `title` longtext NOT NULL,
  `address` longtext NOT NULL,
  `ic` varchar(254) NOT NULL,
  `dic` varchar(254) NOT NULL,
  `phone` varchar(254) NOT NULL,
  `email` varchar(254) NOT NULL,
  PRIMARY KEY (`cmsplugin_ptr_id`),
  CONSTRAINT `acamar_web_cmsplugin_ptr_id_10c939cdba7c6ded_fk_cms_cmsplugin_id` FOREIGN KEY (`cmsplugin_ptr_id`) REFERENCES `cms_cmsplugin` (`id`)
) ENGINE=InnoDB DEFAULT CHARSET=utf8;

LOCK TABLES `acamar_web_map` WRITE;
/*!40000 ALTER TABLE `acamar_web_map` DISABLE KEYS */;

INSERT INTO `acamar_web_map` (`cmsplugin_ptr_id`, `title`, `address`, `ic`, `dic`, `phone`, `email`)
VALUES
	(95,'Kanceláře máme v centru Prahy','Karolinská 654/2\r\n186 00 Praha','IČ: 28960602','DIČ: CZ28960602','Telefon: +420 720 959 035','E-mail: info@acamar.cz'),
	(1205,'Our offices are located in downtown Prague','Karolinská 654/2\r\n186 00 Praha','ID: 28960602','VAT: CZ28960602','Phone: +420 720 959 035','E-mail: info@acamar.cz'),
	(1300,'Наш офис находится в центре Праги','Karolinská (Каролинска) 654/2\r\n186 00 Прага\r\n','ОКПО: 28960602','ИНН: CZ28960602','Телефон: +420 720 959 035','E-mail: info@acamar.cz'),
	(3153,'Our offices are located in downtown Prague','Karolinská 654/2\r\n186 00 Praha','ID: 28960602','VAT: CZ28960602','Phone: +420 720 959 035','E-mail: info@acamar.cz'),
	(3675,'Наш офис находится в центре Праги','Karolinská (Каролинска) 654/2\r\n186 00 Прага\r\n','ОКПО: 28960602','ИНН: CZ28960602','Телефон: +420 720 959 035','E-mail: info@acamar.cz'),
	(4926,'Kanceláře máme v centru Prahy','Karolinská 654/2\r\n186 00 Praha','IČ: 28960602','DIČ: CZ28960602','Telefon: +420 720 959 035','E-mail: info@acamar.cz');

/*!40000 ALTER TABLE `acamar_web_map` ENABLE KEYS */;
UNLOCK TABLES;


# Dump of table acamar_web_partnersitem
# ------------------------------------------------------------

DROP TABLE IF EXISTS `acamar_web_partnersitem`;

CREATE TABLE `acamar_web_partnersitem` (
  `cmsplugin_ptr_id` int(11) NOT NULL,
  `title` varchar(254) NOT NULL,
  `text` longtext NOT NULL,
  `image_id` int(11) NOT NULL,
  PRIMARY KEY (`cmsplugin_ptr_id`),
  KEY `acamar_web_partnersitem_f33175e6` (`image_id`),
  CONSTRAINT `acamar_web__cmsplugin_ptr_id_875380d0f14f986_fk_cms_cmsplugin_id` FOREIGN KEY (`cmsplugin_ptr_id`) REFERENCES `cms_cmsplugin` (`id`),
  CONSTRAINT `acamar_web__image_id_3fa356d3976601bc_fk_filer_image_file_ptr_id` FOREIGN KEY (`image_id`) REFERENCES `filer_image` (`file_ptr_id`)
) ENGINE=InnoDB DEFAULT CHARSET=utf8;

LOCK TABLES `acamar_web_partnersitem` WRITE;
/*!40000 ALTER TABLE `acamar_web_partnersitem` DISABLE KEYS */;

INSERT INTO `acamar_web_partnersitem` (`cmsplugin_ptr_id`, `title`, `text`, `image_id`)
VALUES
	(498,'Commerz Systems','<div class=\"text-weight-light\" style=\"\">\n<p>„Profesionální přístup, rychlá reakce na častou změnu požadovaných profilů, prověření kandidáti, velice příjemná spolupráce. To je Acamar!“<br>\n<br>\nIgor Savič, Group Leader v Commerz Systems</p>\n</div>\n',178),
	(627,'Reporting.cz','<div class=\"text-weight-light\" style=\"\">\n<p>„Pro náš projekt jsme potřebovali lidi, kteří mají kompetence v oblasti analýzy i vývoje. Acamar nám dodal špičkové odborníky, kteří naprosto splňovali naše požadavky.“<br>\n<br>\nMichal Rozehnal, CEO ve firmě Reporting.cz</p>\n</div>\n',181),
	(628,'Deloitte','<div class=\"text-weight-light\" style=\"\">\n<p>„Spolupráce s Acamarem vždy probíhala na velmi profesionální úrovni. Na čem jsme se domluvili, to platilo. Vždy jsem se na ně mohl spolehnout.“<br>\n<br>\nMartin Hudos, Senior Manager v Deloitte</p>\n</div>\n',70),
	(629,'Proboston','<div class=\"text-weight-light\" style=\"\">\n<p>„S Acamarem jsme si sedli už od začátku. Řekli jsme si, koho přesně potřebujeme. Obrovskou výhodou je, že nesleduje jenom zkušenosti potenciálního kandidáta, ale i jeho přístup a chování. A v neposlední řadě si představuje, zda daný člověk dokáže v našem dost složitém firemním ekosystémů fungovat.“<br>\n<br>\nFilip Líbal, jednatel Probostonu</p>\n</div>\n',180),
	(1212,'Commerz Systems','<div class=\"text-weight-light\" style=\"\">\n<p>\"Professional approach, quick response to the frequent change in the required profiles, background checks of candidates, very pleasant cooperation. That\'s Acamar!\"</p>\n\n<p>Igor Savič, Group Leader at Commerz Systems</p>\n</div>\n',178),
	(1213,'Reporting.cz','<div class=\"text-weight-light\" style=\"\">\n<p>\"For our project, we needed people, who are competent in the area of analysis and development. Acamar provided us with the best professionals, who absolutely met our requirements.“<br>\n<br>\nMichal Rozehnal, CEO at Reporting.cz</p>\n</div>\n',181),
	(1214,'Deloitte','<div class=\"text-weight-light\" style=\"\">\n<p>\"Cooperation with Acamar is always on a very professional level. Whatever we agree on is a done deal. I can always rely on them.“<br>\n<br>\nMartin Hudos, Senior Manager at Deloitte</p>\n</div>\n',70),
	(1215,'Proboston','<div class=\"text-weight-light\" style=\"\">\n<p>\"With Acamar, it all just clicked from the very beginning. We talked about what people we needed. The Acamar team aren’t interested only in experience but also in approach and behaviour of potential candidate, which is a huge advantage. Last but not least, they try to imagine how a given person could work in our quite comprehensive company ecosystem.“<br>\n<br>\nFilip Líbal, owner of Proboston</p>\n</div>\n',180),
	(1307,'Коммерческие системы','<div class=\"text-weight-light\" style=\"\">\n<p>«Профессиональный подход, быстрая реакция на частое изменение требуемых профилей, проверенные кандидаты, очень приятное сотрудничество. Это и есть компания Acamar!»</p>\n\n<p>Игорь Савич, руководитель группы Коммерческие системы</p>\n</div>\n',178),
	(1308,'Reporting.cz','<div class=\"text-weight-light\" style=\"\">\n<p>«Для нашего проекта нам нужны были люди, которые компетентны в области анализа и развития. Компания „Acamar“ нам прислала высококвалифицированных специалистов, полностью отвечающих нашим требованиям».<br>\n<br>\nМихал Розегнал, CEO в компании «Reporting.cz»</p>\n</div>\n',181),
	(1309,'Deloitte','<div class=\"text-weight-light\" style=\"\">\n<p>«Сотрудничество с компанией Acamar всегда проходило на высокопрофессиональном уровне. О чем договорились, то было выполнено. На них я мог положиться.»</p>\n\n<p>Мартин Гудос, Старший менеджер компании «Deloitte»</p>\n</div>\n',70),
	(1310,'Proboston','<div class=\"text-weight-light\" style=\"\">\n<p>«С фирмой «Акамар» мы нашли общий язык с самого начала. Мы просто сообщили, кто именно нам нужен. Огромное преимущество состоит в том, что для фирмы «Акамар» важен не только опыт работы и профессиональные навыки будущего кандидата, но и его отношение к работе, а также поведение. Немаловажную роль играет и то, что фирма «Акамар» обращает внимание на то, сможет ли человек ужиться в нашей достаточно сложной экосистеме фирмы».</p>\n\n<p>Филип Либал, владелец фирмы «Пробостон»</p>\n</div>\n',180),
	(4758,'Commerz Systems','<div class=\"text-weight-light\" style=\"\">\n<p>„Profesionální přístup, rychlá reakce na častou změnu požadovaných profilů, prověření kandidáti, velice příjemná spolupráce. To je Acamar!“<br>\n<br>\nIgor Savič, Group Leader v Commerz Systems</p>\n</div>\n',178),
	(4759,'Reporting.cz','<div class=\"text-weight-light\" style=\"\">\n<p>„Pro náš projekt jsme potřebovali lidi, kteří mají kompetence v oblasti analýzy i vývoje. Acamar nám dodal špičkové odborníky, kteří naprosto splňovali naše požadavky.“<br>\n<br>\nMichal Rozehnal, CEO ve firmě Reporting.cz</p>\n</div>\n',181),
	(4760,'Deloitte','<div class=\"text-weight-light\" style=\"\">\n<p>„Spolupráce s Acamarem vždy probíhala na velmi profesionální úrovni. Na čem jsme se domluvili, to platilo. Vždy jsem se na ně mohl spolehnout.“<br>\n<br>\nMartin Hudos, Senior Manager v Deloitte</p>\n</div>\n',70),
	(4761,'Proboston','<div class=\"text-weight-light\" style=\"\">\n<p>„S Acamarem jsme si sedli už od začátku. Řekli jsme si, koho přesně potřebujeme. Obrovskou výhodou je, že nesleduje jenom zkušenosti potenciálního kandidáta, ale i jeho přístup a chování. A v neposlední řadě si představuje, zda daný člověk dokáže v našem dost složitém firemním ekosystémů fungovat.“<br>\n<br>\nFilip Líbal, jednatel Probostonu</p>\n</div>\n',180),
	(4776,'Commerz Systems','<div class=\"text-weight-light\" style=\"\">\n<p>\"Professional approach, quick response to the frequent change in the required profiles, background checks of candidates, very pleasant cooperation. That\'s Acamar!\"</p>\n\n<p>Igor Savič, Group Leader at Commerz Systems</p>\n</div>\n',178),
	(4777,'Reporting.cz','<div class=\"text-weight-light\" style=\"\">\n<p>\"For our project, we needed people, who are competent in the area of analysis and development. Acamar provided us with the best professionals, who absolutely met our requirements.“<br>\n<br>\nMichal Rozehnal, CEO at Reporting.cz</p>\n</div>\n',181),
	(4778,'Deloitte','<div class=\"text-weight-light\" style=\"\">\n<p>\"Cooperation with Acamar is always on a very professional level. Whatever we agree on is a done deal. I can always rely on them.“<br>\n<br>\nMartin Hudos, Senior Manager at Deloitte</p>\n</div>\n',70),
	(4779,'Proboston','<div class=\"text-weight-light\" style=\"\">\n<p>\"With Acamar, it all just clicked from the very beginning. We talked about what people we needed. The Acamar team aren’t interested only in experience but also in approach and behaviour of potential candidate, which is a huge advantage. Last but not least, they try to imagine how a given person could work in our quite comprehensive company ecosystem.“<br>\n<br>\nFilip Líbal, owner of Proboston</p>\n</div>\n',180),
	(4794,'Коммерческие системы','<div class=\"text-weight-light\" style=\"\">\n<p>«Профессиональный подход, быстрая реакция на частое изменение требуемых профилей, проверенные кандидаты, очень приятное сотрудничество. Это и есть компания Acamar!»</p>\n\n<p>Игорь Савич, руководитель группы Коммерческие системы</p>\n</div>\n',178),
	(4795,'Reporting.cz','<div class=\"text-weight-light\" style=\"\">\n<p>«Для нашего проекта нам нужны были люди, которые компетентны в области анализа и развития. Компания „Acamar“ нам прислала высококвалифицированных специалистов, полностью отвечающих нашим требованиям».<br>\n<br>\nМихал Розегнал, CEO в компании «Reporting.cz»</p>\n</div>\n',181),
	(4796,'Deloitte','<div class=\"text-weight-light\" style=\"\">\n<p>«Сотрудничество с компанией Acamar всегда проходило на высокопрофессиональном уровне. О чем договорились, то было выполнено. На них я мог положиться.»</p>\n\n<p>Мартин Гудос, Старший менеджер компании «Deloitte»</p>\n</div>\n',70),
	(4797,'Proboston','<div class=\"text-weight-light\" style=\"\">\n<p>«С фирмой «Акамар» мы нашли общий язык с самого начала. Мы просто сообщили, кто именно нам нужен. Огромное преимущество состоит в том, что для фирмы «Акамар» важен не только опыт работы и профессиональные навыки будущего кандидата, но и его отношение к работе, а также поведение. Немаловажную роль играет и то, что фирма «Акамар» обращает внимание на то, сможет ли человек ужиться в нашей достаточно сложной экосистеме фирмы».</p>\n\n<p>Филип Либал, владелец фирмы «Пробостон»</p>\n</div>\n',180);

/*!40000 ALTER TABLE `acamar_web_partnersitem` ENABLE KEYS */;
UNLOCK TABLES;


# Dump of table acamar_web_partnersmodel
# ------------------------------------------------------------

DROP TABLE IF EXISTS `acamar_web_partnersmodel`;

CREATE TABLE `acamar_web_partnersmodel` (
  `cmsplugin_ptr_id` int(11) NOT NULL,
  `title` varchar(254) NOT NULL,
  PRIMARY KEY (`cmsplugin_ptr_id`),
  CONSTRAINT `acamar_web_p_cmsplugin_ptr_id_b2164f03c5b649_fk_cms_cmsplugin_id` FOREIGN KEY (`cmsplugin_ptr_id`) REFERENCES `cms_cmsplugin` (`id`)
) ENGINE=InnoDB DEFAULT CHARSET=utf8;

LOCK TABLES `acamar_web_partnersmodel` WRITE;
/*!40000 ALTER TABLE `acamar_web_partnersmodel` DISABLE KEYS */;

INSERT INTO `acamar_web_partnersmodel` (`cmsplugin_ptr_id`, `title`)
VALUES
	(183,'Nábor IT profesionálů nám dlouhodobě svěřují velké firmy'),
	(1211,'Larger companies turn to us for long-term IT recruitment'),
	(1306,'Подбор профессиналов в IT-сфере нам уже долгое время доверяют крупные фирмы'),
	(4757,'Nábor IT profesionálů nám dlouhodobě svěřují velké firmy'),
	(4775,'Larger companies turn to us for long-term IT recruitment'),
	(4793,'Подбор профессиналов в IT-сфере нам уже долгое время доверяют крупные фирмы');

/*!40000 ALTER TABLE `acamar_web_partnersmodel` ENABLE KEYS */;
UNLOCK TABLES;


# Dump of table acamar_web_positionsearch
# ------------------------------------------------------------

DROP TABLE IF EXISTS `acamar_web_positionsearch`;

CREATE TABLE `acamar_web_positionsearch` (
  `cmsplugin_ptr_id` int(11) NOT NULL,
  `title` varchar(254) NOT NULL,
  `search_placeholder` varchar(254) NOT NULL,
  `search_button` varchar(254) NOT NULL,
  `all_pacts_text` varchar(254) NOT NULL,
  `recruiter_text` varchar(254) NOT NULL,
  `recruiter_email_text` varchar(254) NOT NULL,
  `more_button_text` varchar(254) NOT NULL,
  `limit` smallint(5) unsigned DEFAULT NULL,
  PRIMARY KEY (`cmsplugin_ptr_id`),
  CONSTRAINT `acamar_web_cmsplugin_ptr_id_4a40868a19c81a5d_fk_cms_cmsplugin_id` FOREIGN KEY (`cmsplugin_ptr_id`) REFERENCES `cms_cmsplugin` (`id`)
) ENGINE=InnoDB DEFAULT CHARSET=utf8;

LOCK TABLES `acamar_web_positionsearch` WRITE;
/*!40000 ALTER TABLE `acamar_web_positionsearch` DISABLE KEYS */;

INSERT INTO `acamar_web_positionsearch` (`cmsplugin_ptr_id`, `title`, `search_placeholder`, `search_button`, `all_pacts_text`, `recruiter_text`, `recruiter_email_text`, `more_button_text`, `limit`)
VALUES
	(37,'Vyberte si z nejčerstvějších pozic','Napište, co hledáte','Hledat','Všechny úvazky','Provedu vás náborem','Napište mi e-mail','Ještě víc projektů',4),
	(1170,'Choose from the freshest positions','Join Czech and even international teams.','Search','List of positions','I’ll be your recruitment guide','Send me an e-mail','Even more projects',4),
	(1265,'Возможность выбрать из самых актуальных, только что появившихся вакансий','Просоединяйтесь к чешским и международным фирмам','Поиск','Список вакансий','Я вас познакомлю с вербовкой','Напишите e-mail','Ещё больше предложений',4),
	(4807,'Vyberte si z nejčerstvějších pozic','Napište, co hledáte','Hledat','Všechny úvazky','Provedu vás náborem','Napište mi e-mail','Ještě víc projektů',4),
	(4829,'Choose from the freshest positions','Join Czech and even international teams.','Search','List of positions','I’ll be your recruitment guide','Send me an e-mail','Even more projects',4),
	(4950,'Возможность выбрать из самых актуальных, только что появившихся вакансий','Просоединяйтесь к чешским и международным фирмам','Поиск','Список вакансий','Я вас познакомлю с вербовкой','Напишите e-mail','Ещё больше предложений',4);

/*!40000 ALTER TABLE `acamar_web_positionsearch` ENABLE KEYS */;
UNLOCK TABLES;


# Dump of table acamar_web_quote
# ------------------------------------------------------------

DROP TABLE IF EXISTS `acamar_web_quote`;

CREATE TABLE `acamar_web_quote` (
  `cmsplugin_ptr_id` int(11) NOT NULL,
  `title` varchar(254) NOT NULL,
  `subtitle` longtext NOT NULL,
  `text` longtext NOT NULL,
  `author` varchar(254) NOT NULL,
  `author_title` varchar(254) NOT NULL,
  `author_image_id` int(11) NOT NULL,
  PRIMARY KEY (`cmsplugin_ptr_id`),
  KEY `acamar_web_quote_9862231e` (`author_image_id`),
  CONSTRAINT `acamar_web_cmsplugin_ptr_id_1cabe846c17a746b_fk_cms_cmsplugin_id` FOREIGN KEY (`cmsplugin_ptr_id`) REFERENCES `cms_cmsplugin` (`id`),
  CONSTRAINT `acam_author_image_id_5df213014d499368_fk_filer_image_file_ptr_id` FOREIGN KEY (`author_image_id`) REFERENCES `filer_image` (`file_ptr_id`)
) ENGINE=InnoDB DEFAULT CHARSET=utf8;

LOCK TABLES `acamar_web_quote` WRITE;
/*!40000 ALTER TABLE `acamar_web_quote` DISABLE KEYS */;

INSERT INTO `acamar_web_quote` (`cmsplugin_ptr_id`, `title`, `subtitle`, `text`, `author`, `author_title`, `author_image_id`)
VALUES
	(104,'Poznáme, v jaké firmě vám bude dobře.','A když budete něco potřebovat, vyřešíme to klidně na pivu','<p>V každé firmě strávíme nějaký čas, ať poznáme její kulturu, podmínky i tým. Úplně všechno sice zařídit neumíme, ale vždycky hledáme projekt podle vašich požadavků. Chcete home office? Zařídíme to. Chcete si brát do práce psa? Víme, ve kterých firmách to bude v pohodě.</p>\n','Anna Vacíková','Account Manager',210),
	(1171,'We’ll find companies where you’ll feel comfortable working.','And if you need something, we can even talk about it over a glass of beer ','<p>“We spend some time in every company to get to know its culture, conditions, and team. No, we cannot take care of everything, but we always look for a project to match your requirements. Want to work from home? We can set that up. Want to bring your dog to the office? We know companies where it’s not a problem.”</p>\n','Anna Vacíková','Account Manager',210),
	(1266,'Мы выясним, в какой фирме Вы будете чувствовать себя как рыба в воде.','Если Вам что-то понадобится, мы решим все Ваши вопросы в неформальной обстановке за чашкой кофе.','<p>«В каждой фирме мы проводим определённое время, чтобы хорошо узнать её культуру, условия и команду. Сделать за Вас всё мы, конечно, не можем, но всегда ищем предложения, подходящие именно Вам. Предпочитаете работать на дому? Мы подберём для Вас возможные варианты. Хотите брать на работу свою собаку? Мы знаем, в каких фирмах с этим не будет никаких проблем».</p>\n','Анна Вацикова','Account Manager',210),
	(4808,'Poznáme, v jaké firmě vám bude dobře.','A když budete něco potřebovat, vyřešíme to klidně na pivu','<p>V každé firmě strávíme nějaký čas, ať poznáme její kulturu, podmínky i tým. Úplně všechno sice zařídit neumíme, ale vždycky hledáme projekt podle vašich požadavků. Chcete home office? Zařídíme to. Chcete si brát do práce psa? Víme, ve kterých firmách to bude v pohodě.</p>\n','Anna Vacíková','Account Manager',210),
	(4830,'We’ll find companies where you’ll feel comfortable working.','And if you need something, we can even talk about it over a glass of beer ','<p>“We spend some time in every company to get to know its culture, conditions, and team. No, we cannot take care of everything, but we always look for a project to match your requirements. Want to work from home? We can set that up. Want to bring your dog to the office? We know companies where it’s not a problem.”</p>\n','Anna Vacíková','Account Manager',210),
	(4951,'Мы выясним, в какой фирме Вы будете чувствовать себя как рыба в воде.','Если Вам что-то понадобится, мы решим все Ваши вопросы в неформальной обстановке за чашкой кофе.','<p>«В каждой фирме мы проводим определённое время, чтобы хорошо узнать её культуру, условия и команду. Сделать за Вас всё мы, конечно, не можем, но всегда ищем предложения, подходящие именно Вам. Предпочитаете работать на дому? Мы подберём для Вас возможные варианты. Хотите брать на работу свою собаку? Мы знаем, в каких фирмах с этим не будет никаких проблем».</p>\n','Анна Вацикова','Account Manager',210);

/*!40000 ALTER TABLE `acamar_web_quote` ENABLE KEYS */;
UNLOCK TABLES;


# Dump of table acamar_web_review
# ------------------------------------------------------------

DROP TABLE IF EXISTS `acamar_web_review`;

CREATE TABLE `acamar_web_review` (
  `id` int(11) NOT NULL AUTO_INCREMENT,
  `author` varchar(254) NOT NULL,
  `text` longtext NOT NULL,
  `image_id` int(11) DEFAULT NULL,
  `logo_id` int(11) DEFAULT NULL,
  `show` tinyint(1) NOT NULL,
  `author_cs` varchar(254) DEFAULT NULL,
  `author_en` varchar(254) DEFAULT NULL,
  `author_ru` varchar(254) DEFAULT NULL,
  `text_cs` longtext,
  `text_en` longtext,
  `text_ru` longtext,
  PRIMARY KEY (`id`),
  KEY `acamar_web_review_f33175e6` (`image_id`),
  KEY `acamar_web_review_8c0ff365` (`logo_id`),
  KEY `acamar_web_review_a7dd12b1` (`show`),
  CONSTRAINT `acamar_web_r_logo_id_22b1baedc30e226b_fk_filer_image_file_ptr_id` FOREIGN KEY (`logo_id`) REFERENCES `filer_image` (`file_ptr_id`),
  CONSTRAINT `acamar_web__image_id_6646c18c7e36abd2_fk_filer_image_file_ptr_id` FOREIGN KEY (`image_id`) REFERENCES `filer_image` (`file_ptr_id`)
) ENGINE=InnoDB DEFAULT CHARSET=utf8;

LOCK TABLES `acamar_web_review` WRITE;
/*!40000 ALTER TABLE `acamar_web_review` DISABLE KEYS */;

INSERT INTO `acamar_web_review` (`id`, `author`, `text`, `image_id`, `logo_id`, `show`, `author_cs`, `author_en`, `author_ru`, `text_cs`, `text_en`, `text_ru`)
VALUES
	(1,'Filip Líbal, jednatel Probostonu','S Acamarem jsme si sedli už od začátku. Řekli jsme si, koho přesně potřebujeme. Obrovskou výhodou je, že nesleduje jenom zkušenosti potenciálního kandidáta, ale i jeho přístup a chování. A v neposlední řadě si představuje, zda daný člověk dokáže v našem dost složitém firemním ekosystémů fungovat.',34,50,1,'Filip Líbal, jednatel Probostonu','Filip Líbal, owner of Proboston','Филип Либал, владелец фирмы «Пробостон»','S Acamarem jsme si sedli už od začátku. Řekli jsme si, koho přesně potřebujeme. Obrovskou výhodou je, že nesleduje jenom zkušenosti potenciálního kandidáta, ale i jeho přístup a chování. A v neposlední řadě si představuje, zda daný člověk dokáže v našem dost složitém firemním ekosystémů fungovat.','With Acamar, it all just clicked from the very beginning. We talked about what people we needed. The Acamar team aren’t interested only in experience but also in approach and behaviour of a potential candidate, which is a huge advantage. Last but not least, they try to imagine how a given person could work in our quite comprehensive company ecosystem.','С фирмой «Акамар» мы нашли общий язык с самого начала. Мы просто сообщили, кто именно нам нужен. Огромное преимущество состоит в том, что для фирмы «Акамар» важен не только опыт работы и профессиональные навыки будущего кандидата, но и его отношение к работе, а также поведение. Немаловажную роль играет и то, что фирма «Акамар» обращает внимание на то, сможет ли человек ужиться в нашей достаточно сложной экосистеме фирмы.'),
	(2,'Igor Savič, Group Leader v Commerz Systems','Profesionální přístup, rychlá reakce na častou změnu požadovaných profilů, prověření kandidáti, velice příjemná spolupráce. To je Acamar!“',NULL,NULL,0,'Igor Savič, Group Leader v Commerz Systems','','','Profesionální přístup, rychlá reakce na častou změnu požadovaných profilů, prověření kandidáti, velice příjemná spolupráce. To je Acamar!“','',''),
	(3,'Michal Rozehnal, CEO ve firmě Reporting.cz','Pro náš projekt jsme potřebovali lidi, kteří mají kompetence v oblasti analýzy i vývoje. Acamar nám dodal špičkové odborníky, kteří naprosto splňovali naše požadavky.',168,199,1,'Michal Rozehnal, CEO ve firmě Reporting.cz','Michal Rozehnal, CEO at Reporting.cz','Михал Розегнал, CEO в компании «Reporting.cz»','Pro náš projekt jsme potřebovali lidi, kteří mají kompetence v oblasti analýzy i vývoje. Acamar nám dodal špičkové odborníky, kteří naprosto splňovali naše požadavky.','For our project, we needed people, who are competent in the area of analysis and development. Acamar provided us with the best professionals, who absolutely met our requirements. ','Для нашего проекта нам нужны были люди, которые компетентны в области анализа и развития. Компания «Acamar» нам прислала высококвалифицированных специалистов, полностью отвечающих нашим требованиям.'),
	(4,'Martin Hudos, Senior Manager v Deloitte','Spolupráce s Acamarem vždy probíhala na velmi profesionální úrovni. Na čem jsme se domluvili, to platilo. Vždy jsem se na ně mohl spolehnout.',167,70,1,'Martin Hudos, Senior Manager v Deloitte','Martin Hudos, Senior Manager at Deloitte','Мартин Гудос, Старший менеджер компании «Deloitte»','Spolupráce s Acamarem vždy probíhala na velmi profesionální úrovni. Na čem jsme se domluvili, to platilo. Vždy jsem se na ně mohl spolehnout.','Cooperation with Acamar is always on a very professional level. Whatever we agree on is a done deal. I can always rely on them.','Сотрудничество с компанией Acamar всегда проходило на высокопрофессиональном уровне. О чем договорились, то было выполнено. На них я мог положиться.');

/*!40000 ALTER TABLE `acamar_web_review` ENABLE KEYS */;
UNLOCK TABLES;


# Dump of table acamar_web_reviewpanel
# ------------------------------------------------------------

DROP TABLE IF EXISTS `acamar_web_reviewpanel`;

CREATE TABLE `acamar_web_reviewpanel` (
  `cmsplugin_ptr_id` int(11) NOT NULL,
  `title` varchar(254) NOT NULL,
  `subtitle` longtext NOT NULL,
  `positions_pretext` varchar(254) NOT NULL,
  `positions_number` smallint(5) unsigned NOT NULL,
  `positions_posttext` varchar(254) NOT NULL,
  PRIMARY KEY (`cmsplugin_ptr_id`),
  CONSTRAINT `acamar_web_cmsplugin_ptr_id_514802ee0813ae85_fk_cms_cmsplugin_id` FOREIGN KEY (`cmsplugin_ptr_id`) REFERENCES `cms_cmsplugin` (`id`)
) ENGINE=InnoDB DEFAULT CHARSET=utf8;

LOCK TABLES `acamar_web_reviewpanel` WRITE;
/*!40000 ALTER TABLE `acamar_web_reviewpanel` DISABLE KEYS */;

INSERT INTO `acamar_web_reviewpanel` (`cmsplugin_ptr_id`, `title`, `subtitle`, `positions_pretext`, `positions_number`, `positions_posttext`)
VALUES
	(12,'Nejvíc nás těší seznamovat správné lidi.',' ','Už jsme našli toho pravého na',600,'+ pozic'),
	(1167,'We enjoy connecting the right people.',' ','We’ve found the right people for',600,'+ positions'),
	(1262,'Нам очень приятно соединять подходящих людей',' ','Мы нашли подходящих специалистов более чем на',600,'вакансий'),
	(4149,'We enjoy connecting the right people.',' ','We’ve found the right people for',600,'+ positions'),
	(4517,'Нам очень приятно соединять подходящих людей',' ','Мы нашли подходящих специалистов более чем на',600,'вакансий'),
	(4987,'Nejvíc nás těší seznamovat správné lidi.',' ','Už jsme našli toho pravého na',600,'+ pozic');

/*!40000 ALTER TABLE `acamar_web_reviewpanel` ENABLE KEYS */;
UNLOCK TABLES;


# Dump of table acamar_web_teamgrid
# ------------------------------------------------------------

DROP TABLE IF EXISTS `acamar_web_teamgrid`;

CREATE TABLE `acamar_web_teamgrid` (
  `cmsplugin_ptr_id` int(11) NOT NULL,
  `title` varchar(254) NOT NULL,
  `subtitle` longtext NOT NULL,
  `button_text` varchar(254) NOT NULL,
  `limit` smallint(5) unsigned DEFAULT NULL,
  `more_button_id` int(11),
  PRIMARY KEY (`cmsplugin_ptr_id`),
  KEY `acamar_web_teamgrid_1ddc32c5` (`more_button_id`),
  CONSTRAINT `acamar_web_cmsplugin_ptr_id_60fe7d11a344685b_fk_cms_cmsplugin_id` FOREIGN KEY (`cmsplugin_ptr_id`) REFERENCES `cms_cmsplugin` (`id`),
  CONSTRAINT `acamar_web_more_button_id_557e03e58171bb48_fk_acamar_web_link_id` FOREIGN KEY (`more_button_id`) REFERENCES `acamar_web_link` (`id`)
) ENGINE=InnoDB DEFAULT CHARSET=utf8;

LOCK TABLES `acamar_web_teamgrid` WRITE;
/*!40000 ALTER TABLE `acamar_web_teamgrid` DISABLE KEYS */;

INSERT INTO `acamar_web_teamgrid` (`cmsplugin_ptr_id`, `title`, `subtitle`, `button_text`, `limit`, `more_button_id`)
VALUES
	(1197,'Each of us is good at something','and together we do a good job','Show entire team',6,NULL),
	(1292,'Каждый наш сотрудник – профессионал своего дела,','благодаря чему мы можем обеспечить слаженную и уверенную работу всего коллектива','вся команда',6,NULL),
	(3039,'Each of us is good at something','and together we do a good job','Show entire team',6,NULL),
	(3619,'Каждый наш сотрудник – профессионал своего дела,','благодаря чему мы можем обеспечить слаженную и уверенную работу всего коллектива','вся команда',6,NULL),
	(4171,'Každý umíme něco','a dohromady nám práce odsýpá','Zobrazit celý tým',6,NULL),
	(4895,'Každý umíme něco','a dohromady nám práce odsýpá','Zobrazit celý tým',6,NULL);

/*!40000 ALTER TABLE `acamar_web_teamgrid` ENABLE KEYS */;
UNLOCK TABLES;


# Dump of table acamar_web_teammember
# ------------------------------------------------------------

DROP TABLE IF EXISTS `acamar_web_teammember`;

CREATE TABLE `acamar_web_teammember` (
  `id` int(11) NOT NULL AUTO_INCREMENT,
  `name` varchar(254) NOT NULL,
  `nickname` varchar(254) NOT NULL,
  `text` longtext NOT NULL,
  `order` int(10) unsigned NOT NULL,
  `image_id` int(11) NOT NULL,
  `nickname_cs` varchar(254) DEFAULT NULL,
  `nickname_en` varchar(254) DEFAULT NULL,
  `nickname_ru` varchar(254) DEFAULT NULL,
  `text_cs` longtext,
  `text_en` longtext,
  `text_ru` longtext,
  `linkedin` varchar(200) NOT NULL,
  `name_cs` varchar(254),
  `name_en` varchar(254),
  `name_ru` varchar(254),
  PRIMARY KEY (`id`),
  KEY `acamar_web_teammember_70a17ffa` (`order`),
  KEY `acamar_web_teammember_f33175e6` (`image_id`),
  CONSTRAINT `acamar_web__image_id_747a36ef35184325_fk_filer_image_file_ptr_id` FOREIGN KEY (`image_id`) REFERENCES `filer_image` (`file_ptr_id`)
) ENGINE=InnoDB DEFAULT CHARSET=utf8;

LOCK TABLES `acamar_web_teammember` WRITE;
/*!40000 ALTER TABLE `acamar_web_teammember` DISABLE KEYS */;

INSERT INTO `acamar_web_teammember` (`id`, `name`, `nickname`, `text`, `order`, `image_id`, `nickname_cs`, `nickname_en`, `nickname_ru`, `text_cs`, `text_en`, `text_ru`, `linkedin`, `name_cs`, `name_en`, `name_ru`)
VALUES
	(1,'Illya Pavlov','šéf přezdívaný „Šeřík“','Určuji ve firmě směr a cíl. Starám se o to, aby měli Acamarádi ty nejlepší podmínky k práci. Vnitřní klid a sílu dočerpávám v helmě nebo s kuchyňským nožem v rukou.',1,150,'šéf přezdívaný „Šeřík“','Executive director','Илья Павлов, Заведующий, псевдоним «Сирень»','Určuji ve firmě směr a cíl. Starám se o to, aby měli Acamarádi ty nejlepší podmínky k práci. Vnitřní klid a sílu dočerpávám v helmě nebo s kuchyňským nožem v rukou.','I define the company\'s direction and goal. I make sure my people have the best working conditions. I get my inner peace by wearing a helmet or with a kitchen knife in my hands. ','Я определяю направление и цель компании. Забочусь о том, чтобы у сотрудников компании  Acamar были самые лучшие условия труда. Внутреннее спокойствие и силу я подзаряжаю в мотоциклетном шлеме или с кухонным ножом в руке.','https://www.linkedin.com/in/illyapavlov/','Illya Pavlov','Illya Pavlov',NULL),
	(2,'Michala Klapalová','teamleaderka „Malina“','Už skoro 4 roky hledám nové duše pro naše zákazníky, což dnes dělám už se svým týmem. Kdybych nepracovala v Acamaru, nejspíš bych sbírala medaile za badminton, volejbal, běh i jízdu na kole.\r\n',3,152,'teamleaderka „Malina“','Team Leader','Михала Клапалова, Лидер команды, псевдоним «Малина»','Už skoro 4 roky hledám nové duše pro naše zákazníky, což dnes dělám už se svým týmem. Kdybych nepracovala v Acamaru, nejspíš bych sbírala medaile za badminton, volejbal, běh i jízdu na kole.\r\n','I have been looking for new souls for our customers for almost 4 years now, which I am now doing with my team. \r\nIf I weren\'t working for Acamar, I would probably be collecting medals for badminton, volleyball, running and cycling.\r\n','Я уже почти 4 года ищу новые „души“ для наших заказчиков, в настоящее время у меня для того есть уже своя команда. \r\nЕсли бы я не работала в компании Acamar, то я бы наверняка получала медали по бадминтону, волейболу, бегу и езде на велосипеде.','https://www.linkedin.com/in/michalavalova/','Michala Klapalová','Michala Klapalová',NULL),
	(3,'Blanka Rubišová','vůdkyně recruiterů alias „Karel“','Začínala jsem jako IT recruiterka a dnes se starám o náš rostoucí tým skvělých kolegů. I po 5 letech v Acamaru mě baví zlepšovat interní procesy a nestát na místě.\r\nKdyž se mi něco nelíbí, řeknu to dost hlasitě. Spíš než nákup oblečení mi udělá radost pivo a dobrá večeře.\r\n',2,151,'vůdkyně recruiterů alias „Karel“','Recruitment Leader','Бланка Рубишова, Главный агент по найму, псевдоним «Карел»','Začínala jsem jako IT recruiterka a dnes se starám o náš rostoucí tým skvělých kolegů. I po 5 letech v Acamaru mě baví zlepšovat interní procesy a nestát na místě.\r\nKdyž se mi něco nelíbí, řeknu to dost hlasitě. Spíš než nákup oblečení mi udělá radost pivo a dobrá večeře.\r\n',' I started off as an IT recruiter and today, I look after our growing team of excellent colleagues. Even after working for Acamar for 5 years, I enjoy improving internal processes and keep the company moving forward. If there is anything I don\'t like, I speak out loudly. I prefer beer and a good dinner to buying clothes. ','Я начинала как IT-рекрутер и в настоящее время забочусь о нашей увеличивающейся команде отличных коллег. И спустя пять лет работы в компании Acamar мне нравится улучшать внутренние процессы и двигаться вперед.\r\nКогда мне что-то не нравится, я об этом открыто заявлю. \r\nХороший ужин с пивом порадует меня больше  покупки новой одежды.\r\n','https://www.linkedin.com/in/blankarubisova/','Blanka Rubišová','Blanka Rubišová',NULL),
	(5,'Anna Vacíková','Account Manager „Vacka“','Podle 1. písmena v příjmení: Vstřícná, veselá, vyrovnaná, vytrvalá – s výsledky vždy včas. Kromě vedení týmu pomáhám největšímu zákazníkovi s plánováním a dodávkou vývojových kapacit. Radost mi dělá sport, přátelé a kultura.\r\n',5,210,'Account Manager „Vacka“','Account Manager','Анна Вацикова, Account Manager, псевдоним «Вацка»','Podle 1. písmena v příjmení: Vstřícná, veselá, vyrovnaná, vytrvalá – s výsledky vždy včas. Kromě vedení týmu pomáhám největšímu zákazníkovi s plánováním a dodávkou vývojových kapacit. Radost mi dělá sport, přátelé a kultura.\r\n','I am helpful, happy, balanced, persistent – with results always on time. Apart from leading a team, I help the biggest customer plan and supply development capacities.  \r\nI enjoy sports, friends and culture.\r\n','По первой букве в фамилии: веселая, встречная, выровненная и работа сделана всегда вовремя. \r\nЯ руковожу командой, помогаю самому крупному заказчику планировать поставку и потенциал мощностей. \r\nРадость мне доставляет спорт, друзья и культура.\r\n','https://www.linkedin.com/in/anna-vac%C3%ADkov%C3%A1-57329984/','Anna Vacíková','Anna Vacíková',NULL),
	(6,'Gabriela Skálová','Account Manager „Mojmír“','Mimo jiné jsem stála u zrodu našeho komplexního CRM, které je součástí našeho know-how. Ráda podnikám výlety s 2letou dcerkou, běhám nebo vyrazím do hor.\r\n',6,154,'Account Manager „Mojmír“','Account Manager','Габриела Скалова, Account Manager, псевдоним «Моймир»','Mimo jiné jsem stála u zrodu našeho komplexního CRM, které je součástí našeho know-how. Ráda podnikám výlety s 2letou dcerkou, běhám nebo vyrazím do hor.\r\n','Among other things, I was at the beginning of our complex CRM, which is currently our know-how. \r\nI like taking trips with my 2-year old daughter, running or hiking into the mountains. ',' Кроме прочего, я присутствовала при возникновении нашего комплексного CRM,  который является составной частью нашего ноу-хау. \r\nЛюблю ходить на прогулки с двухлетней дочкой, бегаю или отправляюсь в горы.','https://www.linkedin.com/in/gabriela-sk%C3%A1lov%C3%A1-561b4532/','Gabriela Skálová','Gabriela Skálová',NULL),
	(7,'Tereza Jarolímková','seniorní recruiterka „TýDžej“','Pro spokojenost klienta se umím rozkrájet. Proto drtivá většina mnou dodaných specialistů pochází z velkých dálek. V práci mě baví skvělý kolektiv. Mimo kancelář mě povětšinou uvidíte s přáteli u piva a pořádného hovězího steaku.\r\n',7,207,'seniorní recruiterka „TýDžej“','Senior Recruiter','Тереза Яролимкова, Старший рекрутер, псевдоним «ТиДжей»','Pro spokojenost klienta se umím rozkrájet. Proto drtivá většina mnou dodaných specialistů pochází z velkých dálek. V práci mě baví skvělý kolektiv. Mimo kancelář mě povětšinou uvidíte s přáteli u piva a pořádného hovězího steaku.\r\n','I do my best to keep the customer happy. Therefore, the vast majority of the specialists I provide come from afar. I like working with the great team.  \r\nOutside of the office, I am usually drinking beer and eating a hearty beef steak with friends. \r\n','Для удовлетворения клиентов могу расшибиться в лепешку. Поэтому большинство  рекомендованных мной специалистов приезжает издалека. На работе меня радует  прекрасный коллектив. \r\nВне офиса меня часто можно встретить с друзьями с кружкой пива и хорошим куском бифштекса.','https://www.linkedin.com/in/tereza-jarol%C3%ADmkov%C3%A1-3bb30a43/','Tereza Jarolímková','Tereza Jarolímková',NULL),
	(8,'Lucie Staňková','recruiterka „Batista“','Najdu lidi na projekt i tam, kde je ostatní nenajdou. Zároveň udržuji při životě testovací prostředí, naše kurzy a spoustu dalších věcí. Kromě toho zbožňuji hudbu: zpěv, kytaru, klávesy, klarinet, bicí i irské tance.\r\n',8,156,'recruiterka „Batista“','Recruiter','Луцие Станькова, Агент по найму, псевдоним «Батиста»','Najdu lidi na projekt i tam, kde je ostatní nenajdou. Zároveň udržuji při životě testovací prostředí, naše kurzy a spoustu dalších věcí. Kromě toho zbožňuji hudbu: zpěv, kytaru, klávesy, klarinet, bicí i irské tance.\r\n','I find people for the project, where others don\'t even look. I also keep the testing environment, our courses and many other things alive.  \r\nI also love music, singing, the guitar, the clarinet, the drums and Irish dancing.\r\n','Я найду людей для проекта и там, где их другие не найдут. Одновременно поддерживаю наше тестирование, курсы и много других вещей. \r\nКроме того я обожаю музыку: пение, гитару, клавишные инструменты, кларнет, ударные и ирландские танцы.','https://www.linkedin.com/in/lucie-sta%C5%88kov%C3%A1-7a3437b4/','Lucie Staňková','Lucie Staňková',NULL),
	(10,'Tereza Simotová','office koordinátorka „Simona“','V Acamaru se starám o to, aby všichni měli to, co potřebují a všechno bylo v kanceláři v pořádku. Zároveň držím pod palcem smlouvy, objednávky i faktury. Volno trávím s rodinou a dobrým pitím v ruce.\r\n',10,159,'office koordinátorka „Simona“','Office Coordinator','Тереза Симотова, Офис-координатор псевдоним «Симона»','V Acamaru se starám o to, aby všichni měli to, co potřebují a všechno bylo v kanceláři v pořádku. Zároveň držím pod palcem smlouvy, objednávky i faktury. Volno trávím s rodinou a dobrým pitím v ruce.\r\n','In Acamar, I make sure that everyone has what they need  and everything in the office is in order. I am also responsible for agreements, orders and invoices. I spend my free time with my family and a good drink in my hands. ','В компании „Acamar“ я забочусь о том, чтобы у всех было все необходимое и чтобы в офисе было все в порядке. Одновременно слежу за всеми договорами, заказами и счетами. \r\nСвободное время провожу с семьей за бокалом приятного напитка.','https://www.linkedin.com/in/tereza-simotov%C3%A1-450132167/','Tereza Simotová','Tereza Simotová',NULL),
	(11,'Šárka Bláhovcová','organizátor „Bláhovec“','Podpora a rozvoj brandu, spolupráce s vysokými školami, veletrhy, konference či meetupy – to všechno je moje práce. Nikdo si na mě nepřijde, neunikne mi žádný detail. Ve firmě mi říkají ekoaktivista. Když zrovna nepracuji, tak cestuji nebo se věnuji sportu.',11,16,'organizátor „Bláhovec“','Organizer','Шарка Благовцова Организатор псевдоним «Благовец»','Podpora a rozvoj brandu, spolupráce s vysokými školami, veletrhy, konference či meetupy – to všechno je moje práce. Nikdo si na mě nepřijde, neunikne mi žádný detail. Ve firmě mi říkají ekoaktivista. Když zrovna nepracuji, tak cestuji nebo se věnuji sportu.','Support and brand development, cooperation with universities, exhibitions, conferences and meet-ups – this is my job. No one catches me off guard, I don\'t miss any detail. They call me the eco-activist. When I am not working, I travel or play sports. ','Моей задачей является поддержка и развитие бренда, сотрудничество с высшими учебными заведениями, ярмарками, конференциями или встречами. У меня никто и ничто не останется незамеченным. В компании меня зовут эко-активистом. Когда не работаю, так путешествую или занимаюсь спортом. ','https://www.linkedin.com/in/sarkablahovcova/','Šárka Bláhovcová','Šárka Bláhovcová',NULL),
	(12,'Nikola Navrátilová','administrativní podpora „eNeN“','Na starosti mám fakturace, objednávky, administrativu i smlouvy. Zkrátka vše pro spokojenost našich lidí i zákazníků. Mám spoustu zájmů, drží mě ale dobrá káva, knihy, víno a výšlapy do přírody.\r\n',12,160,'administrativní podpora „eNeN“','Administrative Support','Никола Навратилова Административная поддержка, псевдоним «эНэН»','Na starosti mám fakturace, objednávky, administrativu i smlouvy. Zkrátka vše pro spokojenost našich lidí i zákazníků. Mám spoustu zájmů, drží mě ale dobrá káva, knihy, víno a výšlapy do přírody.\r\n','I am responsible for invoicing, orders, administration and agreements. In a nutshell, I make sure that our people and customers are happy. \r\nI have many hobbies. I like a good cup of coffee, books, wine and hiking into the nature. \r\n','Моей задачей являются административно-хозяйственные дела — заказы, договоры, оформление счетов. Короче говоря, все необходимое для удовлетворения заказчиков и наших сотрудников. \r\nЯ интересуюсь многим, но в первую очередь люблю хороший кофе, книги, вино и прогулки на природе. \r\n','https://www.linkedin.com/in/nikola-navr%C3%A1tilov%C3%A1-21481b97/','Nikola Navrátilová','Nikola Navrátilová',NULL),
	(15,'Markéta Koudelová','back office koordinátorka','Pečlivě, s úsměvem a včas zpracovávám a zefektivňuji administrativu pro naše největší zákazníky. Nejlépe si odpočinu u dobré knížky, čtení ale střídám se sportovními aktivitami.\r\n',15,206,'back office koordinátorka','Back Office Coordinator','Маркета Коуделова, Координатор вспомогательного отдела (Бэк-офис)','Pečlivě, s úsměvem a včas zpracovávám a zefektivňuji administrativu pro naše největší zákazníky. Nejlépe si odpočinu u dobré knížky, čtení ale střídám se sportovními aktivitami.\r\n','I thoroughly process and streamline administration for our biggest customers, all with a smile and in due time. \r\nI relax by reading a good book but I alternate reading with sports activities. \r\n','Старательно, с улыбкой и в срок обрабатываю административные материалы наших крупнейших заказчиков.\r\nЛучше всего я отдохну с хорошей книгой, но чтение я чередую со спортивными занятиями.','https://www.linkedin.com/in/mark%C3%A9ta-koudelov%C3%A1-398101126/','Markéta Koudelová','Markéta Koudelová',NULL),
	(17,'Jitka Kličková','alias „Nitka“','Vymýšlím jak zjednodušit a zprůhlednit administrativu tak, abychom se v blízké budoucnosti mohli zbavit co nejvíce papírů a podobných zbytečností. Ve volném čase se zajímám o vše kolem vína.\r\n',17,208,'alias „Nitka“','Administrative Support','Йитка Кличкова, Псевдоним «Нитка»','Vymýšlím jak zjednodušit a zprůhlednit administrativu tak, abychom se v blízké budoucnosti mohli zbavit co nejvíce papírů a podobných zbytečností. Ve volném čase se zajímám o vše kolem vína.\r\n','I think of ways to simplify and make administration more transparent so that we could get rid of as much paper and similar useless things in the near future as possible. \r\nIn my free time, I am interested in everything that has something to do with wine.','Я придумываю, как упростить и сделать более транспарантной административную деятельность, чтобы в будущем избавиться от множества бумаг и других бесполезных вещей. В свободное время я интересуюсь всем, что касается вина.','https://www.linkedin.com/in/jitka-kli%C4%8Dkov%C3%A1-a8b96b96/','Jitka Kličková','Jitka Kličková',NULL),
	(18,'František Mareth','Business Development Manager','Po předchozích zkušenostech z technologického consultingu a vývoje software jsem se rozhodl podpořit Acamar v jejich nové strategii. Hledám pro Acamar nové klienty, kteří chtějí pro sebe získat konkurenční výhodu při rozvoji jejich R&D nebo Shared Service Center. Pro nabrání nových sil si jdu zacvičit nebo zahrát tenis.',18,211,'Business Development Manager','Business Development Manager','Франтишек Марет, Business Development Manager','Po předchozích zkušenostech z technologického consultingu a vývoje software jsem se rozhodl podpořit Acamar v jejich nové strategii. Hledám pro Acamar nové klienty, kteří chtějí pro sebe získat konkurenční výhodu při rozvoji jejich R&D nebo Shared Service Center. Pro nabrání nových sil si jdu zacvičit nebo zahrát tenis.','After my previous experiences from technology consulting and software development area, I\'ve decided to support Acamar in their new strategy. I seek new clients who wish to gain a competitive advantage while developing their R&D or a Shared Service Center. After recruiting I usually work out or play tennis.','Исxодя из опытов технологического консталтинга и разработки программного обеспечения, я принял решение поддержать Acamar в ее новой стратегии. Я ищу для компании Acamar новых клиентов, которые хотят для себя приобрести конкурентное преимущество в развитии их R&D или Shared Service Center. Чтобы набрать новые силы иду в фитнесс или заняться теннисом.','https://www.linkedin.com/in/marethf/','František Mareth','František Mareth','František Mareth'),
	(19,'Tereza Birková','Back Office Koordinátorka','Spravuji fakturaci našich dvou nejobjemnějších vertikál a starám se o administrativu s tím spojenou. Mou snahou je udržet úsměv na rtech našich lidí i našich zákazníků. Na starosti mám také rozvoj a aktualizaci procesů.\r\nVolný čas trávím se svým psem, či na tréninku krav maga.\r\n',19,212,'Back Office Koordinátorka','Back Office Coordinator','Tереза Биркова, Координатор вспомогательного отдела (Бэк-офис)','Spravuji fakturaci našich dvou nejobjemnějších vertikál a starám se o administrativu s tím spojenou. Mou snahou je udržet úsměv na rtech našich lidí i našich zákazníků. Na starosti mám také rozvoj a aktualizaci procesů.\r\nVolný čas trávím se svým psem, či na tréninku krav maga.\r\n','I administer the invoicing of our two largest verticals and all the paperwork that comes with it. My job is to keep our employees and clients smiling. Process development and actualization are also my responsibilities. After work I train dogs, listen to music, hike in the nature or practice krav maga.','Суть моей работы заключается в обработке счет-фактур для наших двух главных вертикалей и одновременно я ответственна и за администрацию с тем связанную. Стараюсь, чтобы наши сотрудники и наши клиенты постоянно улыбались. Я также отвечаю за разработку и актуализацию процессов. \r\nПосле работы я занимаюсь собаками, слушаю музыку, хожу на природу или занимаюсь крав-магой.','https://www.linkedin.com/in/tereza-birkov%C3%A1-13377aba/','Tereza Birková','Tereza Birková','Tereza Birková');

/*!40000 ALTER TABLE `acamar_web_teammember` ENABLE KEYS */;
UNLOCK TABLES;


# Dump of table acamar_web_thanksbanner
# ------------------------------------------------------------

DROP TABLE IF EXISTS `acamar_web_thanksbanner`;

CREATE TABLE `acamar_web_thanksbanner` (
  `cmsplugin_ptr_id` int(11) NOT NULL,
  `title` varchar(254) NOT NULL,
  `text` longtext NOT NULL,
  `link_id` int(11),
  PRIMARY KEY (`cmsplugin_ptr_id`),
  KEY `acamar_web_thanksbanner_52034fe0` (`link_id`),
  CONSTRAINT `acamar_web_cmsplugin_ptr_id_376a0084fed632ed_fk_cms_cmsplugin_id` FOREIGN KEY (`cmsplugin_ptr_id`) REFERENCES `cms_cmsplugin` (`id`),
  CONSTRAINT `acamar_web_thanks_link_id_377402801c87ac41_fk_acamar_web_link_id` FOREIGN KEY (`link_id`) REFERENCES `acamar_web_link` (`id`)
) ENGINE=InnoDB DEFAULT CHARSET=utf8;

LOCK TABLES `acamar_web_thanksbanner` WRITE;
/*!40000 ALTER TABLE `acamar_web_thanksbanner` DISABLE KEYS */;

INSERT INTO `acamar_web_thanksbanner` (`cmsplugin_ptr_id`, `title`, `text`, `link_id`)
VALUES
	(631,'Děkujeme za přihlášku na kurz!','<p>Brzy vám přijde e-mail s přístupem do online testu z logických úloh. A tím to celé odstartujeme.</p>\n\n<p>Těšíme se na vás!</p>\n',17),
	(826,'Děkujeme za přihlášku na kurz!','<p>Brzy vám přijde e-mail s přístupem do online testu z logických úloh. A tím to celé odstartujeme.</p>\n\n<p>Těšíme se na vás!</p>\n',NULL),
	(1260,'Děkujeme za přihlášku na kurz!','<p>Brzy vám přijde e-mail s přístupem do online testu z logických úloh. A tím to celé odstartujeme.</p>\n\n<p>Těšíme se na vás!</p>\n',NULL),
	(1355,'Děkujeme za přihlášku na kurz!','<p>Brzy vám přijde e-mail s přístupem do online testu z logických úloh. A tím to celé odstartujeme.</p>\n\n<p>Těšíme se na vás!</p>\n',NULL);

/*!40000 ALTER TABLE `acamar_web_thanksbanner` ENABLE KEYS */;
UNLOCK TABLES;


# Dump of table acamar_web_timeline
# ------------------------------------------------------------

DROP TABLE IF EXISTS `acamar_web_timeline`;

CREATE TABLE `acamar_web_timeline` (
  `cmsplugin_ptr_id` int(11) NOT NULL,
  `title` varchar(254) NOT NULL,
  `subtitle` longtext NOT NULL,
  `subtitle_after` longtext NOT NULL,
  `title_after` varchar(254) NOT NULL,
  PRIMARY KEY (`cmsplugin_ptr_id`),
  CONSTRAINT `acamar_web_cmsplugin_ptr_id_4a089130b6d48fff_fk_cms_cmsplugin_id` FOREIGN KEY (`cmsplugin_ptr_id`) REFERENCES `cms_cmsplugin` (`id`)
) ENGINE=InnoDB DEFAULT CHARSET=utf8;

LOCK TABLES `acamar_web_timeline` WRITE;
/*!40000 ALTER TABLE `acamar_web_timeline` DISABLE KEYS */;

INSERT INTO `acamar_web_timeline` (`cmsplugin_ptr_id`, `title`, `subtitle`, `subtitle_after`, `title_after`)
VALUES
	(109,'Takhle probíhá spolupráce s námi','','',''),
	(184,' Ušetříme vám téměř veškeré starosti s náborem','','Díky tomu nezískáte jen externí pracovní sílu, ale právoplatného kolegu.','Kontraktory i vás dobře nalodíme. '),
	(274,'Takto může vypadat vaše cesta ​​​​​​​na pozici testera','','',''),
	(561,' Takto u nás kurzy probíhají','','',''),
	(1176,'This is how cooperation with us works','','',''),
	(1216,'Leave your recruitment worries to us','','so you won’t have just a good contractor, but a regular colleague as well.','We’ll get you and the contractors up to speed quickly,'),
	(1234,'Takto může vypadat vaše cesta ​​​​​​​na pozici testera','','',''),
	(1251,' Takto u nás kurzy probíhají','','',''),
	(1271,'Сотрудничество с нами происходит следующим образом','','',''),
	(1311,'Вам не нужно будет тратить время и энергию на подбор сотрудников:','','Блгодаря этому Вы не только получите внештатную рабочую силу, но и сотрудника, оформленного по всем юридическим правилам.  ','Сотрудников, которые будут работать по контракту, и Вас самих мы быстро введём в курс дела.'),
	(1329,'Так может выглядеть Ваш путь на позицию тестировщика.','','',''),
	(1346,' Takto u nás kurzy probíhají','','',''),
	(4132,'Takto může vypadat vaše cesta ​​​​​​​na pozici testera','','',''),
	(4217,' Takto u nás kurzy probíhají','','',''),
	(4649,'Так может выглядеть Ваш путь на позицию тестировщика.','','',''),
	(4762,' Ušetříme vám téměř veškeré starosti s náborem','','Díky tomu nezískáte jen externí pracovní sílu, ale právoplatného kolegu.','Kontraktory i vás dobře nalodíme. '),
	(4780,'Leave your recruitment worries to us','','so you won’t have just a good contractor, but a regular colleague as well.','We’ll get you and the contractors up to speed quickly,'),
	(4798,'Вам не нужно будет тратить время и энергию на подбор сотрудников:','','Блгодаря этому Вы не только получите внештатную рабочую силу, но и сотрудника, оформленного по всем юридическим правилам.  ','Сотрудников, которые будут работать по контракту, и Вас самих мы быстро введём в курс дела.'),
	(4813,'Takhle probíhá spolupráce s námi','','',''),
	(4835,'This is how cooperation with us works','','',''),
	(4911,'Takto může vypadat vaše cesta ​​​​​​​na pozici testera','','',''),
	(4956,'Сотрудничество с нами происходит следующим образом','','','');

/*!40000 ALTER TABLE `acamar_web_timeline` ENABLE KEYS */;
UNLOCK TABLES;


# Dump of table acamar_web_timelineitem
# ------------------------------------------------------------

DROP TABLE IF EXISTS `acamar_web_timelineitem`;

CREATE TABLE `acamar_web_timelineitem` (
  `cmsplugin_ptr_id` int(11) NOT NULL,
  `text` longtext NOT NULL,
  `image_id` int(11) DEFAULT NULL,
  `title` varchar(254) NOT NULL,
  PRIMARY KEY (`cmsplugin_ptr_id`),
  KEY `acamar_web_timelineitem_f33175e6` (`image_id`),
  CONSTRAINT `acamar_web_cmsplugin_ptr_id_129960fdde56965a_fk_cms_cmsplugin_id` FOREIGN KEY (`cmsplugin_ptr_id`) REFERENCES `cms_cmsplugin` (`id`),
  CONSTRAINT `acamar_web__image_id_57ab3a16399b9d64_fk_filer_image_file_ptr_id` FOREIGN KEY (`image_id`) REFERENCES `filer_image` (`file_ptr_id`)
) ENGINE=InnoDB DEFAULT CHARSET=utf8;

LOCK TABLES `acamar_web_timelineitem` WRITE;
/*!40000 ALTER TABLE `acamar_web_timelineitem` DISABLE KEYS */;

INSERT INTO `acamar_web_timelineitem` (`cmsplugin_ptr_id`, `text`, `image_id`, `title`)
VALUES
	(110,'Pošlete nám CV nebo odkaz na LinkedIn',97,''),
	(111,'Ozveme se a probereme, co vás zajímá',80,''),
	(112,'Pokud je to na místě, pošleme k vyplnění online test',85,''),
	(113,'Nabídneme vám projekt podle vašich preferencí',104,''),
	(114,'Sejdeme se osobně nebo online a detailně nabídku probereme',81,''),
	(115,'U klienta obvykle projdete technickým pohovorem s budoucím kolegou',83,''),
	(116,'Když vše klapne, provedeme vás nástupem',79,''),
	(117,'Proplácíme faktury, zveme vás na akce a jsme vám k dispozici',75,''),
	(118,'Vedeme vás v databázi a jak se bude blížit konec projektu, začneme posílat další nabídky',88,''),
	(185,'Probereme, jakého člověka potřebujete',176,''),
	(186,'Poznáme vaši firmu i tým, ať nováček zapadne',177,''),
	(187,'Během pár dní najdeme v databázi vhodné kandidáty',90,''),
	(188,'Uchazeče otestujeme podle vašich kritérií, ať jsou jakákoliv',93,''),
	(189,'Představíme vám prověřené kandidáty a povíme si, s kým se chcete setkat osobně',104,''),
	(190,'Vyřešíme veškerou administrativu za vás i vašeho nového kolegu',83,''),
	(275,'do některého z našich kurzů nebo na kompletní přípravu.',197,'Zaregistrujte se'),
	(276,'Nezkoušíme znalosti, jen logické\r\nmyšlení. K zařazení do kurzu vám stačí\r\ntest zvládnout na 60 %.',193,'Projdete online testem.'),
	(277,'a dostanete ke studiu podklady, se kterými můžete pokračovat doma.',192,'Absolvujete teorii i praxi'),
	(278,'Když se objeví vhodná pracovní nabídka,\r\n​hned vám napíšeme.',196,'Zařadíme vás do databáze testerů.'),
	(279,'V IT sektoru si firmy schopných lidí cení. ',195,'Pokud vám pozici najdeme, vrátíme vám peníze, '),
	(562,'z našich kurzů, nebo na kompletní přípravu.',97,'Zaregistrujte se do některého'),
	(563,'Nezkoušíme znalosti, jen logické myšlení. K zařazení do kurzu vám stačí\r\ntest zvládnout na 60%.',93,'Projdete online testem.'),
	(564,'Polovina bývá praktická a polovina teoretická.',92,'Absolvujete školení.'),
	(565,'Když se objeví vhodná pracovní nabídka, ​hned vám napíšeme.',90,'Zařadíme vás do databáze testerů.'),
	(566,' V IT sektoru si firmy schopných lidí cení.',104,'Pokud vám pozici najdeme vrátíme vám peníze.'),
	(1177,'Send us your CV or a link to your LinkedIn profile',97,''),
	(1178,'We’ll contact you and discuss what you’re interested in',80,''),
	(1179,'We’ll send you an online test, if applicable',85,''),
	(1180,'We’ll offer you a project to match your preferences',104,''),
	(1181,'We can meet in person or online to discuss our offer in detail',81,''),
	(1182,'In most cases, you’ll meet with a future colleague and discuss technical details',83,''),
	(1183,'If everything works out, we’ll walk you through how to join the company',79,''),
	(1184,'We pay your invoices, invite you to various events, and are here for you',75,''),
	(1185,'We’ll keep you in our database and start sending you new offers as your current project comes to an end.',88,''),
	(1217,'We’ll discuss what kind of specialist you need',176,''),
	(1218,'We’ll get familiar with your company and team to help the newcomer quickly fit in',177,''),
	(1219,'In just a few days we’ll identify suitable candidates in our database',90,''),
	(1220,'We’ll test the candidates based on criteria you define',93,''),
	(1221,'We’ll present the tested candidates to you and you’ll decide which you’d like to meet in person',104,''),
	(1222,'We’ll take care of all the paperwork, both for you and your new colleague',83,''),
	(1235,'do některého z našich kurzů nebo na kompletní přípravu.',197,'Zaregistrujte se'),
	(1236,'Nezkoušíme znalosti, jen logické\r\nmyšlení. K zařazení do kurzu vám stačí\r\ntest zvládnout na 60 %.',193,'Projdete online testem.'),
	(1237,'a dostanete ke studiu podklady, se kterými můžete pokračovat doma.',192,'Absolvujete teorii i praxi'),
	(1238,'Když se objeví vhodná pracovní nabídka,\r\n​hned vám napíšeme.',196,'Zařadíme vás do databáze testerů'),
	(1239,'V IT sektoru si firmy schopných lidí cení. ',195,'Pokud vám pozici najdeme vrátíme vám peníze, '),
	(1252,' Do některého z našich kurzů, nebo na kompletní přípravu ',97,'Zaregistrujte se'),
	(1253,'Nezkoušíme znalosti, jen logické myšlení. K zařazení do kurzu vám stačí\r\ntest zvládnout na 60%',93,'Projdete online testem'),
	(1254,'Polovina bývá praktická a polovina teoretická',92,'Absolvujete školení'),
	(1255,'Když se objeví vhodná pracovní nabídka, ​hned vám napíšeme',90,'Zařadíme vás do databáze testerů'),
	(1256,' V IT sektoru si firmy schopných lidí cení',104,'Pokud vám pozici najdeme vrátíme vám peníze'),
	(1272,'Вы посылаете нам своё резюме или ссылку на Вашу страницу на сайте LinkedIn',97,''),
	(1273,'В самые короткие сроки мы связываемся с Вами и обсуждаем, что именно Вас интересует',80,''),
	(1274,'Если всё в порядке, мы отправляем Вам онлайн-тест',85,''),
	(1275,'Затем мы предлагаем Вам работу, ориентируясь на Ваши требования, интересы и предпочтения',104,''),
	(1276,'После этого мы встречаемся лично или связываемся с Вами по Интернету и подробно обсуждаем предложение',81,''),
	(1277,'В фирме вы обычно проходите техническое собеседование со своим будущим коллегой',83,''),
	(1278,'Если всё проходит успешно, мы вводим Вас в курс дела, чтобы Вы могли начать работать',79,''),
	(1279,'Мы переводим зарплату и приглашаем Вас на разные мероприятия',75,''),
	(1280,'Вы числитесь в нашей базе данных: как только работа над определённым проектом подходит к концу, мы сразу отправляем новые предложения',88,''),
	(1312,'Мы обсудим с Вами, какой именно сотрудник Вам нужен',176,''),
	(1313,'Затем мы подробно ознакомимся с Вашей фирмой и коллективом, чтобы новый сотрудник по всем заявленным критериям соответствовал Вашим требованиям',177,''),
	(1314,'В течение нескольких дней мы найдём в нашей базе данных новых кандидатов для Вас',90,''),
	(1315,'С претендентами на должность мы проведём тест в соответствии со всеми Вашими критериями',93,''),
	(1316,'Мы представим Вам проверенных кандидатов и Вы скажете, с кем бы Вы хотели встретиться лично и провести собеседование',104,''),
	(1317,'Мы решим за Вас и Вашего нового сотрудника все административные вопросы',83,''),
	(1330,' на любой из наших курсов или дополнительную подготовку.',197,'Зарегистрируйтесь'),
	(1331,'Не проверяем Ваши знания, только логическое мышление. Для зачисления в курс достаточно набрать 60 % баллов из теста.',193,'Пройдите онлайн-тест.'),
	(1332,'и Вы получите учебные материалы для подготовки дома. ',192,'Прослушаете лекции теории и практики,'),
	(1333,'Когда появится вакансия, сразу с Вами войдем  контакт.',196,'Мы Вас зачислим в базу данныx тестеров.'),
	(1334,'IТ- компании высоко ценят талантливыx людей.',195,'Если Вам найдем работу, мы вернем Вам деньги.'),
	(1347,' Do některého z našich kurzů, nebo na kompletní přípravu ',97,'Zaregistrujte se'),
	(1348,'Nezkoušíme znalosti, jen logické myšlení. K zařazení do kurzu vám stačí\r\ntest zvládnout na 60%',93,'Projdete online testem'),
	(1349,'Polovina bývá praktická a polovina teoretická',92,'Absolvujete školení'),
	(1350,'Když se objeví vhodná pracovní nabídka, ​hned vám napíšeme',90,'Zařadíme vás do databáze testerů'),
	(1351,' V IT sektoru si firmy schopných lidí cení',104,'Pokud vám pozici najdeme vrátíme vám peníze'),
	(4133,'do některého z našich kurzů nebo na kompletní přípravu.',197,'Zaregistrujte se'),
	(4134,'Nezkoušíme znalosti, jen logické\r\nmyšlení. K zařazení do kurzu vám stačí\r\ntest zvládnout na 60 %.',193,'Projdete online testem.'),
	(4135,'a dostanete ke studiu podklady, se kterými můžete pokračovat doma.',192,'Absolvujete teorii i praxi'),
	(4136,'Když se objeví vhodná pracovní nabídka,\r\n​hned vám napíšeme.',196,'Zařadíme vás do databáze testerů'),
	(4137,'V IT sektoru si firmy schopných lidí cení. ',195,'Pokud vám pozici najdeme vrátíme vám peníze, '),
	(4218,'z našich kurzů, nebo na kompletní přípravu.',97,'Zaregistrujte se do některého'),
	(4219,'Nezkoušíme znalosti, jen logické myšlení. K zařazení do kurzu vám stačí\r\ntest zvládnout na 60%.',93,'Projdete online testem.'),
	(4220,'Polovina bývá praktická a polovina teoretická.',92,'Absolvujete školení.'),
	(4221,'Když se objeví vhodná pracovní nabídka, ​hned vám napíšeme.',90,'Zařadíme vás do databáze testerů.'),
	(4222,' V IT sektoru si firmy schopných lidí cení.',104,'Pokud vám pozici najdeme vrátíme vám peníze.'),
	(4650,' на любой из наших курсов или дополнительную подготовку.',197,'Зарегистрируйтесь'),
	(4651,'Не проверяем Ваши знания, только логическое мышление. Для зачисления в курс достаточно набрать 60 % баллов из теста.',193,'Пройдите онлайн-тест.'),
	(4652,'и Вы получите учебные материалы для подготовки дома. ',192,'Прослушаете лекции теории и практики,'),
	(4653,'Когда появится вакансия, сразу с Вами войдем  контакт.',196,'Мы Вас зачислим в базу данныx тестеров.'),
	(4654,'IТ- компании высоко ценят талантливыx людей.',195,'Если Вам найдем работу, мы вернем Вам деньги.'),
	(4763,'Probereme, jakého člověka potřebujete',176,''),
	(4764,'Poznáme vaši firmu i tým, ať nováček zapadne',177,''),
	(4765,'Během pár dní najdeme v databázi vhodné kandidáty',90,''),
	(4766,'Uchazeče otestujeme podle vašich kritérií, ať jsou jakákoliv',93,''),
	(4767,'Představíme vám prověřené kandidáty a povíme si, s kým se chcete setkat osobně',104,''),
	(4768,'Vyřešíme veškerou administrativu za vás i vašeho nového kolegu',83,''),
	(4781,'We’ll discuss what kind of specialist you need',176,''),
	(4782,'We’ll get familiar with your company and team to help the newcomer quickly fit in',177,''),
	(4783,'In just a few days we’ll identify suitable candidates in our database',90,''),
	(4784,'We’ll test the candidates based on criteria you define',93,''),
	(4785,'We’ll present the tested candidates to you and you’ll decide which you’d like to meet in person',104,''),
	(4786,'We’ll take care of all the paperwork, both for you and your new colleague',83,''),
	(4799,'Мы обсудим с Вами, какой именно сотрудник Вам нужен',176,''),
	(4800,'Затем мы подробно ознакомимся с Вашей фирмой и коллективом, чтобы новый сотрудник по всем заявленным критериям соответствовал Вашим требованиям',177,''),
	(4801,'В течение нескольких дней мы найдём в нашей базе данных новых кандидатов для Вас',90,''),
	(4802,'С претендентами на должность мы проведём тест в соответствии со всеми Вашими критериями',93,''),
	(4803,'Мы представим Вам проверенных кандидатов и Вы скажете, с кем бы Вы хотели встретиться лично и провести собеседование',104,''),
	(4804,'Мы решим за Вас и Вашего нового сотрудника все административные вопросы',83,''),
	(4814,'Pošlete nám CV nebo odkaz na LinkedIn',97,''),
	(4815,'Ozveme se a probereme, co vás zajímá',80,''),
	(4816,'Pokud je to na místě, pošleme k vyplnění online test',85,''),
	(4817,'Nabídneme vám projekt podle vašich preferencí',104,''),
	(4818,'Sejdeme se osobně nebo online a detailně nabídku probereme',81,''),
	(4819,'U klienta obvykle projdete technickým pohovorem s budoucím kolegou',83,''),
	(4820,'Když vše klapne, provedeme vás nástupem',79,''),
	(4821,'Proplácíme faktury, zveme vás na akce a jsme vám k dispozici',75,''),
	(4822,'Vedeme vás v databázi a jak se bude blížit konec projektu, začneme posílat další nabídky',88,''),
	(4836,'Send us your CV or a link to your LinkedIn profile',97,''),
	(4837,'We’ll contact you and discuss what you’re interested in',80,''),
	(4838,'We’ll send you an online test, if applicable',85,''),
	(4839,'We’ll offer you a project to match your preferences',104,''),
	(4840,'We can meet in person or online to discuss our offer in detail',81,''),
	(4841,'In most cases, you’ll meet with a future colleague and discuss technical details',83,''),
	(4842,'If everything works out, we’ll walk you through how to join the company',79,''),
	(4843,'We pay your invoices, invite you to various events, and are here for you',75,''),
	(4844,'We’ll keep you in our database and start sending you new offers as your current project comes to an end.',88,''),
	(4912,'do některého z našich kurzů nebo na kompletní přípravu.',197,'Zaregistrujte se'),
	(4913,'Nezkoušíme znalosti, jen logické\r\nmyšlení. K zařazení do kurzu vám stačí\r\ntest zvládnout na 60 %.',193,'Projdete online testem.'),
	(4914,'a dostanete ke studiu podklady, se kterými můžete pokračovat doma.',192,'Absolvujete teorii i praxi'),
	(4915,'Když se objeví vhodná pracovní nabídka,\r\n​hned vám napíšeme.',196,'Zařadíme vás do databáze testerů.'),
	(4916,'V IT sektoru si firmy schopných lidí cení. ',195,'Pokud vám pozici najdeme, vrátíme vám peníze, '),
	(4957,'Вы посылаете нам своё резюме или ссылку на Вашу страницу на сайте LinkedIn',97,''),
	(4958,'В самые короткие сроки мы связываемся с Вами и обсуждаем, что именно Вас интересует',80,''),
	(4959,'Если всё в порядке, мы отправляем Вам онлайн-тест',85,''),
	(4960,'Затем мы предлагаем Вам работу, ориентируясь на Ваши требования, интересы и предпочтения',104,''),
	(4961,'После этого мы встречаемся лично или связываемся с Вами по Интернету и подробно обсуждаем предложение',81,''),
	(4962,'В фирме вы обычно проходите техническое собеседование со своим будущим коллегой',83,''),
	(4963,'Если всё проходит успешно, мы вводим Вас в курс дела, чтобы Вы могли начать работать',79,''),
	(4964,'Мы переводим зарплату и приглашаем Вас на разные мероприятия',75,''),
	(4965,'Вы числитесь в нашей базе данных: как только работа над определённым проектом подходит к концу, мы сразу отправляем новые предложения',88,'');

/*!40000 ALTER TABLE `acamar_web_timelineitem` ENABLE KEYS */;
UNLOCK TABLES;


# Dump of table acamar_web_workelipse
# ------------------------------------------------------------

DROP TABLE IF EXISTS `acamar_web_workelipse`;

CREATE TABLE `acamar_web_workelipse` (
  `cmsplugin_ptr_id` int(11) NOT NULL,
  `title` varchar(254) NOT NULL,
  PRIMARY KEY (`cmsplugin_ptr_id`),
  CONSTRAINT `acamar_web_cmsplugin_ptr_id_7c577d1a9f58f3f9_fk_cms_cmsplugin_id` FOREIGN KEY (`cmsplugin_ptr_id`) REFERENCES `cms_cmsplugin` (`id`)
) ENGINE=InnoDB DEFAULT CHARSET=utf8;

LOCK TABLES `acamar_web_workelipse` WRITE;
/*!40000 ALTER TABLE `acamar_web_workelipse` DISABLE KEYS */;

INSERT INTO `acamar_web_workelipse` (`cmsplugin_ptr_id`, `title`)
VALUES
	(11,' Spolupracuje se s námi dobře, protože…'),
	(1166,'We are easy to cooperate with because…'),
	(1261,'Сотрудничество с нами выгодно, потому что...'),
	(4148,'We are easy to cooperate with because…'),
	(4516,'Сотрудничество с нами выгодно, потому что...'),
	(4986,' Spolupracuje se s námi dobře, protože…');

/*!40000 ALTER TABLE `acamar_web_workelipse` ENABLE KEYS */;
UNLOCK TABLES;


# Dump of table acamar_web_workelipsecolumn
# ------------------------------------------------------------

DROP TABLE IF EXISTS `acamar_web_workelipsecolumn`;

CREATE TABLE `acamar_web_workelipsecolumn` (
  `id` int(11) NOT NULL AUTO_INCREMENT,
  `title` varchar(254) NOT NULL,
  `text` longtext NOT NULL,
  `image_id` int(11) NOT NULL,
  `parent_id` int(11) NOT NULL,
  PRIMARY KEY (`id`),
  KEY `db26aebe513e86e567054fe36ca22ebf` (`parent_id`),
  KEY `acamar_web_workelipsecolumn_f33175e6` (`image_id`),
  CONSTRAINT `acamar_web__image_id_6f537d3d5e39ca81_fk_filer_image_file_ptr_id` FOREIGN KEY (`image_id`) REFERENCES `filer_image` (`file_ptr_id`),
  CONSTRAINT `db26aebe513e86e567054fe36ca22ebf` FOREIGN KEY (`parent_id`) REFERENCES `acamar_web_workelipse` (`cmsplugin_ptr_id`)
) ENGINE=InnoDB DEFAULT CHARSET=utf8;

LOCK TABLES `acamar_web_workelipsecolumn` WRITE;
/*!40000 ALTER TABLE `acamar_web_workelipsecolumn` DISABLE KEYS */;

INSERT INTO `acamar_web_workelipsecolumn` (`id`, `title`, `text`, `image_id`, `parent_id`)
VALUES
	(1,'Máme velkou a živou databázi kontaktů','Systémy nám hlásí, kdy komu končí projekt. Rychle dostaneme do firmy kontraktora i celý tým.\r\n\r\n\r\n\r\n\r\n',35,11),
	(2,'Dosáhneme za hranice České republiky','Najdeme odborníky do mezinárodních týmů. V Praze, ale taky v Evropě a mimo ni.\r\n\r\n',213,11),
	(3,'Jednáme na rovinu a zajímáme se','Naši kontraktoři nám říkají Acamarádi. Bez osobního přístupu to ani nejde.\r\n',24,11),
	(52,'We have a large database of active contacts','Our systems tell us when projects end and who’s going to be available.\r\nWe’ll quickly bring the contractor as well as the entire team to the company.',35,1166),
	(53,'We reach even beyond the borders of the Czech Republic','We’ll find experts for international teams.\r\nIn Prague, in Europe, or outside of it.\r\n\r\n',27,1166),
	(54,'We treat everybody fair and are interested in what we do','Our contractors call us Acamarians.\r\nPersonal approach is absolutely essential in this job.\r\n\r\n\r\n',24,1166),
	(55,'У нас большая база специалистов и фирм и она постоянно расширяется.','Системы сообщают нам, когда Ваша работа или Ваш проект подходит к концу. Мы быстро найдём в фирму сотрудника, который будет работать по контракту, а если вам нужно, то и целую команду.\r\n\r\n',35,1261),
	(56,'Мы сотрудничаем с фирмами и IT-профессионалами за пределами Чешской республики.','Мы найдём специалистов в международные компании\r\nВ Праге, а также в Европе и за её пределами.',27,1261),
	(57,'Мы ведём дела добросоветно и всегда интересуемся сотрудниками, заключившими с нами контракт','Специалисты, которые с нами сотрудничают, считают нас помощниками и даже друзьями.\r\nК каждому специалисту мы находим индивидуальный подход, без которого не представляем свою работу.',24,1261),
	(220,'We have a large database of active contacts','Our systems tell us when projects end and who’s going to be available.\r\nWe’ll quickly bring the contractor as well as the entire team to the company.',35,4148),
	(221,'We reach even beyond the borders of the Czech Republic','We’ll find experts for international teams.\r\nIn Prague, in Europe, or outside of it.\r\n\r\n',27,4148),
	(222,'We treat everybody fair and are interested in what we do','Our contractors call us Acamarians.\r\nPersonal approach is absolutely essential in this job.\r\n\r\n\r\n',24,4148),
	(238,'У нас большая база специалистов и фирм и она постоянно расширяется.','Системы сообщают нам, когда Ваша работа или Ваш проект подходит к концу. Мы быстро найдём в фирму сотрудника, который будет работать по контракту, а если вам нужно, то и целую команду.\r\n\r\n',35,4516),
	(239,'Мы сотрудничаем с фирмами и IT-профессионалами за пределами Чешской республики.','Мы найдём специалистов в международные компании\r\nВ Праге, а также в Европе и за её пределами.',27,4516),
	(240,'Мы ведём дела добросоветно и всегда интересуемся сотрудниками, заключившими с нами контракт','Специалисты, которые с нами сотрудничают, считают нас помощниками и даже друзьями.\r\nК каждому специалисту мы находим индивидуальный подход, без которого не представляем свою работу.',24,4516),
	(247,'Máme velkou a živou databázi kontaktů','Systémy nám hlásí, kdy komu končí projekt. Rychle dostaneme do firmy kontraktora i celý tým.\r\n\r\n\r\n\r\n\r\n',35,4986),
	(248,'Dosáhneme za hranice České republiky','Najdeme odborníky do mezinárodních týmů. V Praze, ale taky v Evropě a mimo ni.\r\n\r\n',213,4986),
	(249,'Jednáme na rovinu a zajímáme se','Naši kontraktoři nám říkají Acamarádi. Bez osobního přístupu to ani nejde.\r\n',24,4986);

/*!40000 ALTER TABLE `acamar_web_workelipsecolumn` ENABLE KEYS */;
UNLOCK TABLES;


# Dump of table auth_group
# ------------------------------------------------------------

DROP TABLE IF EXISTS `auth_group`;

CREATE TABLE `auth_group` (
  `id` int(11) NOT NULL AUTO_INCREMENT,
  `name` varchar(80) NOT NULL,
  PRIMARY KEY (`id`),
  UNIQUE KEY `name` (`name`)
) ENGINE=InnoDB DEFAULT CHARSET=utf8;

LOCK TABLES `auth_group` WRITE;
/*!40000 ALTER TABLE `auth_group` DISABLE KEYS */;

INSERT INTO `auth_group` (`id`, `name`)
VALUES
	(1,'Kontraktori');

/*!40000 ALTER TABLE `auth_group` ENABLE KEYS */;
UNLOCK TABLES;


# Dump of table auth_group_permissions
# ------------------------------------------------------------

DROP TABLE IF EXISTS `auth_group_permissions`;

CREATE TABLE `auth_group_permissions` (
  `id` int(11) NOT NULL AUTO_INCREMENT,
  `group_id` int(11) NOT NULL,
  `permission_id` int(11) NOT NULL,
  PRIMARY KEY (`id`),
  UNIQUE KEY `group_id` (`group_id`,`permission_id`),
  KEY `auth_group__permission_id_1f49ccbbdc69d2fc_fk_auth_permission_id` (`permission_id`),
  CONSTRAINT `auth_group_permission_group_id_689710a9a73b7457_fk_auth_group_id` FOREIGN KEY (`group_id`) REFERENCES `auth_group` (`id`),
  CONSTRAINT `auth_group__permission_id_1f49ccbbdc69d2fc_fk_auth_permission_id` FOREIGN KEY (`permission_id`) REFERENCES `auth_permission` (`id`)
) ENGINE=InnoDB DEFAULT CHARSET=utf8;



# Dump of table auth_permission
# ------------------------------------------------------------

DROP TABLE IF EXISTS `auth_permission`;

CREATE TABLE `auth_permission` (
  `id` int(11) NOT NULL AUTO_INCREMENT,
  `name` varchar(255) NOT NULL,
  `content_type_id` int(11) NOT NULL,
  `codename` varchar(100) NOT NULL,
  PRIMARY KEY (`id`),
  UNIQUE KEY `content_type_id` (`content_type_id`,`codename`),
  CONSTRAINT `auth__content_type_id_508cf46651277a81_fk_django_content_type_id` FOREIGN KEY (`content_type_id`) REFERENCES `django_content_type` (`id`)
) ENGINE=InnoDB DEFAULT CHARSET=utf8;

LOCK TABLES `auth_permission` WRITE;
/*!40000 ALTER TABLE `auth_permission` DISABLE KEYS */;

INSERT INTO `auth_permission` (`id`, `name`, `content_type_id`, `codename`)
VALUES
	(1,'Can use Structure mode',1,'use_structure'),
	(2,'Can change page',2,'change_page'),
	(3,'Can add log entry',3,'add_logentry'),
	(4,'Can change log entry',3,'change_logentry'),
	(5,'Can delete log entry',3,'delete_logentry'),
	(6,'Can add permission',4,'add_permission'),
	(7,'Can change permission',4,'change_permission'),
	(8,'Can delete permission',4,'delete_permission'),
	(9,'Can add group',5,'add_group'),
	(10,'Can change group',5,'change_group'),
	(11,'Can delete group',5,'delete_group'),
	(12,'Can add user',6,'add_user'),
	(13,'Can change user',6,'change_user'),
	(14,'Can delete user',6,'delete_user'),
	(15,'Can add content type',7,'add_contenttype'),
	(16,'Can change content type',7,'change_contenttype'),
	(17,'Can delete content type',7,'delete_contenttype'),
	(18,'Can add session',8,'add_session'),
	(19,'Can change session',8,'change_session'),
	(20,'Can delete session',8,'delete_session'),
	(21,'Can add site',9,'add_site'),
	(22,'Can change site',9,'change_site'),
	(23,'Can delete site',9,'delete_site'),
	(24,'Can add user setting',10,'add_usersettings'),
	(25,'Can change user setting',10,'change_usersettings'),
	(26,'Can delete user setting',10,'delete_usersettings'),
	(27,'Can add page',2,'add_page'),
	(28,'Can delete page',2,'delete_page'),
	(29,'Can view page',2,'view_page'),
	(30,'Can publish page',2,'publish_page'),
	(31,'Can edit static placeholders',2,'edit_static_placeholder'),
	(32,'Can add Page global permission',12,'add_globalpagepermission'),
	(33,'Can change Page global permission',12,'change_globalpagepermission'),
	(34,'Can delete Page global permission',12,'delete_globalpagepermission'),
	(35,'Can add Page permission',13,'add_pagepermission'),
	(36,'Can change Page permission',13,'change_pagepermission'),
	(37,'Can delete Page permission',13,'delete_pagepermission'),
	(38,'Can add User (page)',14,'add_pageuser'),
	(39,'Can change User (page)',14,'change_pageuser'),
	(40,'Can delete User (page)',14,'delete_pageuser'),
	(41,'Can add User group (page)',15,'add_pageusergroup'),
	(42,'Can change User group (page)',15,'change_pageusergroup'),
	(43,'Can delete User group (page)',15,'delete_pageusergroup'),
	(44,'Can add placeholder',1,'add_placeholder'),
	(45,'Can change placeholder',1,'change_placeholder'),
	(46,'Can delete placeholder',1,'delete_placeholder'),
	(47,'Can add cms plugin',16,'add_cmsplugin'),
	(48,'Can change cms plugin',16,'change_cmsplugin'),
	(49,'Can delete cms plugin',16,'delete_cmsplugin'),
	(50,'Can add title',17,'add_title'),
	(51,'Can change title',17,'change_title'),
	(52,'Can delete title',17,'delete_title'),
	(53,'Can add placeholder reference',18,'add_placeholderreference'),
	(54,'Can change placeholder reference',18,'change_placeholderreference'),
	(55,'Can delete placeholder reference',18,'delete_placeholderreference'),
	(56,'Can add static placeholder',19,'add_staticplaceholder'),
	(57,'Can change static placeholder',19,'change_staticplaceholder'),
	(58,'Can delete static placeholder',19,'delete_staticplaceholder'),
	(59,'Can add alias plugin model',20,'add_aliaspluginmodel'),
	(60,'Can change alias plugin model',20,'change_aliaspluginmodel'),
	(61,'Can delete alias plugin model',20,'delete_aliaspluginmodel'),
	(62,'Can add urlconf revision',21,'add_urlconfrevision'),
	(63,'Can change urlconf revision',21,'change_urlconfrevision'),
	(64,'Can delete urlconf revision',21,'delete_urlconfrevision'),
	(65,'Can add cache key',23,'add_cachekey'),
	(66,'Can change cache key',23,'change_cachekey'),
	(67,'Can delete cache key',23,'delete_cachekey'),
	(68,'Can add Folder',24,'add_folder'),
	(69,'Can change Folder',24,'change_folder'),
	(70,'Can delete Folder',24,'delete_folder'),
	(71,'Can use directory listing',24,'can_use_directory_listing'),
	(72,'Can add folder permission',25,'add_folderpermission'),
	(73,'Can change folder permission',25,'change_folderpermission'),
	(74,'Can delete folder permission',25,'delete_folderpermission'),
	(75,'Can add file',26,'add_file'),
	(76,'Can change file',26,'change_file'),
	(77,'Can delete file',26,'delete_file'),
	(78,'Can add clipboard',27,'add_clipboard'),
	(79,'Can change clipboard',27,'change_clipboard'),
	(80,'Can delete clipboard',27,'delete_clipboard'),
	(81,'Can add clipboard item',28,'add_clipboarditem'),
	(82,'Can change clipboard item',28,'change_clipboarditem'),
	(83,'Can delete clipboard item',28,'delete_clipboarditem'),
	(84,'Can add image',29,'add_image'),
	(85,'Can change image',29,'change_image'),
	(86,'Can delete image',29,'delete_image'),
	(87,'Can add thumbnail option',30,'add_thumbnailoption'),
	(88,'Can change thumbnail option',30,'change_thumbnailoption'),
	(89,'Can delete thumbnail option',30,'delete_thumbnailoption'),
	(90,'Can add source',31,'add_source'),
	(91,'Can change source',31,'change_source'),
	(92,'Can delete source',31,'delete_source'),
	(93,'Can add thumbnail',32,'add_thumbnail'),
	(94,'Can change thumbnail',32,'change_thumbnail'),
	(95,'Can delete thumbnail',32,'delete_thumbnail'),
	(96,'Can add thumbnail dimensions',33,'add_thumbnaildimensions'),
	(97,'Can change thumbnail dimensions',33,'change_thumbnaildimensions'),
	(98,'Can delete thumbnail dimensions',33,'delete_thumbnaildimensions'),
	(99,'Can add text',34,'add_text'),
	(100,'Can change text',34,'change_text'),
	(101,'Can delete text',34,'delete_text'),
	(102,'Can add Page meta info (all languages)',35,'add_pagemeta'),
	(103,'Can change Page meta info (all languages)',35,'change_pagemeta'),
	(104,'Can delete Page meta info (all languages)',35,'delete_pagemeta'),
	(105,'Can add Page meta info (language-dependent)',36,'add_titlemeta'),
	(106,'Can change Page meta info (language-dependent)',36,'change_titlemeta'),
	(107,'Can delete Page meta info (language-dependent)',36,'delete_titlemeta'),
	(108,'Can add Page meta info (language-dependent)',37,'add_genericmetaattribute'),
	(109,'Can change Page meta info (language-dependent)',37,'change_genericmetaattribute'),
	(110,'Can delete Page meta info (language-dependent)',37,'delete_genericmetaattribute'),
	(111,'Can add Position category',38,'add_positioncategory'),
	(112,'Can change Position category',38,'change_positioncategory'),
	(113,'Can delete Position category',38,'delete_positioncategory'),
	(114,'Can add Position pact',39,'add_positionpact'),
	(115,'Can change Position pact',39,'change_positionpact'),
	(116,'Can delete Position pact',39,'delete_positionpact'),
	(117,'Can add Position technology',40,'add_positiontechnology'),
	(118,'Can change Position technology',40,'change_positiontechnology'),
	(119,'Can delete Position technology',40,'delete_positiontechnology'),
	(120,'Can add Position',41,'add_position'),
	(121,'Can change Position',41,'change_position'),
	(122,'Can delete Position',41,'delete_position'),
	(123,'Can add filer video',42,'add_filervideo'),
	(124,'Can change filer video',42,'change_filervideo'),
	(125,'Can delete filer video',42,'delete_filervideo'),
	(126,'Can add main banner',43,'add_mainbanner'),
	(127,'Can change main banner',43,'change_mainbanner'),
	(128,'Can delete main banner',43,'delete_mainbanner'),
	(129,'Can add main banner card',44,'add_mainbannercard'),
	(130,'Can change main banner card',44,'change_mainbannercard'),
	(131,'Can delete main banner card',44,'delete_mainbannercard'),
	(132,'Can add work elipse column',45,'add_workelipsecolumn'),
	(133,'Can change work elipse column',45,'change_workelipsecolumn'),
	(134,'Can delete work elipse column',45,'delete_workelipsecolumn'),
	(135,'Can add work elipse',46,'add_workelipse'),
	(136,'Can change work elipse',46,'change_workelipse'),
	(137,'Can delete work elipse',46,'delete_workelipse'),
	(138,'Can add Review',47,'add_review'),
	(139,'Can change Review',47,'change_review'),
	(140,'Can delete Review',47,'delete_review'),
	(141,'Can add review panel',48,'add_reviewpanel'),
	(142,'Can change review panel',48,'change_reviewpanel'),
	(143,'Can delete review panel',48,'delete_reviewpanel'),
	(144,'Can add logo panel',49,'add_logopanel'),
	(145,'Can change logo panel',49,'change_logopanel'),
	(146,'Can delete logo panel',49,'delete_logopanel'),
	(147,'Can add logo',50,'add_logo'),
	(148,'Can change logo',50,'change_logo'),
	(149,'Can delete logo',50,'delete_logo'),
	(150,'Can add course panel',51,'add_coursepanel'),
	(151,'Can change course panel',51,'change_coursepanel'),
	(152,'Can delete course panel',51,'delete_coursepanel'),
	(153,'Can add create team',52,'add_createteam'),
	(154,'Can change create team',52,'change_createteam'),
	(155,'Can delete create team',52,'delete_createteam'),
	(156,'Can add create team card',53,'add_createteamcard'),
	(157,'Can change create team card',53,'change_createteamcard'),
	(158,'Can delete create team card',53,'delete_createteamcard'),
	(159,'Can add team grid',54,'add_teamgrid'),
	(160,'Can change team grid',54,'change_teamgrid'),
	(161,'Can delete team grid',54,'delete_teamgrid'),
	(162,'Can add Team member',55,'add_teammember'),
	(163,'Can change Team member',55,'change_teammember'),
	(164,'Can delete Team member',55,'delete_teammember'),
	(165,'Can add contact grid',56,'add_contactgrid'),
	(166,'Can change contact grid',56,'change_contactgrid'),
	(167,'Can delete contact grid',56,'delete_contactgrid'),
	(168,'Can add contact card',57,'add_contactcard'),
	(169,'Can change contact card',57,'change_contactcard'),
	(170,'Can delete contact card',57,'delete_contactcard'),
	(171,'Can add Purpose option',58,'add_contactformpurposeoption'),
	(172,'Can change Purpose option',58,'change_contactformpurposeoption'),
	(173,'Can delete Purpose option',58,'delete_contactformpurposeoption'),
	(174,'Can add contact form model',59,'add_contactformmodel'),
	(175,'Can change contact form model',59,'change_contactformmodel'),
	(176,'Can delete contact form model',59,'delete_contactformmodel'),
	(177,'Can add map',60,'add_map'),
	(178,'Can change map',60,'change_map'),
	(179,'Can delete map',60,'delete_map'),
	(180,'Can add position search',61,'add_positionsearch'),
	(181,'Can change position search',61,'change_positionsearch'),
	(182,'Can delete position search',61,'delete_positionsearch'),
	(183,'Can add quote',62,'add_quote'),
	(184,'Can change quote',62,'change_quote'),
	(185,'Can delete quote',62,'delete_quote'),
	(186,'Can add bubble panel',63,'add_bubblepanel'),
	(187,'Can change bubble panel',63,'change_bubblepanel'),
	(188,'Can delete bubble panel',63,'delete_bubblepanel'),
	(189,'Can add bubble card',64,'add_bubblecard'),
	(190,'Can change bubble card',64,'change_bubblecard'),
	(191,'Can delete bubble card',64,'delete_bubblecard'),
	(192,'Can add timeline',65,'add_timeline'),
	(193,'Can change timeline',65,'change_timeline'),
	(194,'Can delete timeline',65,'delete_timeline'),
	(195,'Can add timeline item',66,'add_timelineitem'),
	(196,'Can change timeline item',66,'change_timelineitem'),
	(197,'Can delete timeline item',66,'delete_timelineitem'),
	(198,'Can add contact us',67,'add_contactus'),
	(199,'Can change contact us',67,'change_contactus'),
	(200,'Can delete contact us',67,'delete_contactus'),
	(201,'Can add aca friend panel',68,'add_acafriendpanel'),
	(202,'Can change aca friend panel',68,'change_acafriendpanel'),
	(203,'Can delete aca friend panel',68,'delete_acafriendpanel'),
	(204,'Can add aca friend card',69,'add_acafriendcard'),
	(205,'Can change aca friend card',69,'change_acafriendcard'),
	(206,'Can delete aca friend card',69,'delete_acafriendcard'),
	(207,'Can add Course',70,'add_coursepanelitem'),
	(208,'Can change Course',70,'change_coursepanelitem'),
	(209,'Can delete Course',70,'delete_coursepanelitem'),
	(210,'Can add contact person',71,'add_contactperson'),
	(211,'Can change contact person',71,'change_contactperson'),
	(212,'Can delete contact person',71,'delete_contactperson'),
	(213,'Can add graph section',72,'add_graphsection'),
	(214,'Can change graph section',72,'change_graphsection'),
	(215,'Can delete graph section',72,'delete_graphsection'),
	(216,'Can add graph card',73,'add_graphcard'),
	(217,'Can change graph card',73,'change_graphcard'),
	(218,'Can delete graph card',73,'delete_graphcard'),
	(219,'Can add Graph card text',74,'add_graphcardtext'),
	(220,'Can change Graph card text',74,'change_graphcardtext'),
	(221,'Can delete Graph card text',74,'delete_graphcardtext'),
	(222,'Can add partners model',75,'add_partnersmodel'),
	(223,'Can change partners model',75,'change_partnersmodel'),
	(224,'Can delete partners model',75,'delete_partnersmodel'),
	(225,'Can add course lector',76,'add_courselector'),
	(226,'Can change course lector',76,'change_courselector'),
	(227,'Can delete course lector',76,'delete_courselector'),
	(228,'Can add acard benefits',77,'add_acardbenefits'),
	(229,'Can change acard benefits',77,'change_acardbenefits'),
	(230,'Can delete acard benefits',77,'delete_acardbenefits'),
	(231,'Can add acard benefits item',78,'add_acardbenefitsitem'),
	(232,'Can change acard benefits item',78,'change_acardbenefitsitem'),
	(233,'Can delete acard benefits item',78,'delete_acardbenefitsitem'),
	(234,'Can add link',79,'add_link'),
	(235,'Can change link',79,'change_link'),
	(236,'Can delete link',79,'delete_link'),
	(237,'Can add Course',80,'add_course'),
	(238,'Can change Course',80,'change_course'),
	(239,'Can delete Course',80,'delete_course'),
	(240,'Can add Course term',81,'add_courseterm'),
	(241,'Can change Course term',81,'change_courseterm'),
	(242,'Can delete Course term',81,'delete_courseterm'),
	(243,'Can add Course term - item',82,'add_coursetermitem'),
	(244,'Can change Course term - item',82,'change_coursetermitem'),
	(245,'Can delete Course term - item',82,'delete_coursetermitem'),
	(246,'Can add course bonus panel',83,'add_coursebonuspanel'),
	(247,'Can change course bonus panel',83,'change_coursebonuspanel'),
	(248,'Can delete course bonus panel',83,'delete_coursebonuspanel'),
	(249,'Can add course bonus card',84,'add_coursebonuscard'),
	(250,'Can change course bonus card',84,'change_coursebonuscard'),
	(251,'Can delete course bonus card',84,'delete_coursebonuscard'),
	(252,'Can add course program',85,'add_courseprogram'),
	(253,'Can change course program',85,'change_courseprogram'),
	(254,'Can delete course program',85,'delete_courseprogram'),
	(255,'Can add course program item',86,'add_courseprogramitem'),
	(256,'Can change course program item',86,'change_courseprogramitem'),
	(257,'Can delete course program item',86,'delete_courseprogramitem'),
	(258,'Can add course term list',87,'add_coursetermlist'),
	(259,'Can change course term list',87,'change_coursetermlist'),
	(260,'Can delete course term list',87,'delete_coursetermlist'),
	(261,'Can add Additional registration - item',88,'add_coursetermlistadditional'),
	(262,'Can change Additional registration - item',88,'change_coursetermlistadditional'),
	(263,'Can delete Additional registration - item',88,'delete_coursetermlistadditional'),
	(264,'Can add course generic registration',89,'add_coursegenericregistration'),
	(265,'Can change course generic registration',89,'change_coursegenericregistration'),
	(266,'Can delete course generic registration',89,'delete_coursegenericregistration'),
	(267,'Can add course basic info',90,'add_coursebasicinfo'),
	(268,'Can change course basic info',90,'change_coursebasicinfo'),
	(269,'Can delete course basic info',90,'delete_coursebasicinfo'),
	(270,'Can add course basic info card',91,'add_coursebasicinfocard'),
	(271,'Can change course basic info card',91,'change_coursebasicinfocard'),
	(272,'Can delete course basic info card',91,'delete_coursebasicinfocard'),
	(273,'Can add partners item',92,'add_partnersitem'),
	(274,'Can change partners item',92,'change_partnersitem'),
	(275,'Can delete partners item',92,'delete_partnersitem'),
	(276,'Can add Course registration',93,'add_courseenroll'),
	(277,'Can change Course registration',93,'change_courseenroll'),
	(278,'Can delete Course registration',93,'delete_courseenroll'),
	(279,'Can add course enroll form model',94,'add_courseenrollformmodel'),
	(280,'Can change course enroll form model',94,'change_courseenrollformmodel'),
	(281,'Can delete course enroll form model',94,'delete_courseenrollformmodel'),
	(282,'Can add login plugin model',95,'add_loginpluginmodel'),
	(283,'Can change login plugin model',95,'change_loginpluginmodel'),
	(284,'Can delete login plugin model',95,'delete_loginpluginmodel'),
	(285,'Can add Contact',96,'add_contact'),
	(286,'Can change Contact',96,'change_contact'),
	(287,'Can delete Contact',96,'delete_contact'),
	(288,'Can add thanks banner',97,'add_thanksbanner'),
	(289,'Can change thanks banner',97,'change_thanksbanner'),
	(290,'Can delete thanks banner',97,'delete_thanksbanner'),
	(291,'Can add Position application',98,'add_positionapply'),
	(292,'Can change Position application',98,'change_positionapply'),
	(293,'Can delete Position application',98,'delete_positionapply'),
	(294,'Can add Recruiter',99,'add_recruiter'),
	(295,'Can change Recruiter',99,'change_recruiter'),
	(296,'Can delete Recruiter',99,'delete_recruiter');

/*!40000 ALTER TABLE `auth_permission` ENABLE KEYS */;
UNLOCK TABLES;


# Dump of table auth_user
# ------------------------------------------------------------

DROP TABLE IF EXISTS `auth_user`;

CREATE TABLE `auth_user` (
  `id` int(11) NOT NULL AUTO_INCREMENT,
  `password` varchar(128) NOT NULL,
  `last_login` datetime DEFAULT NULL,
  `is_superuser` tinyint(1) NOT NULL,
  `username` varchar(30) NOT NULL,
  `first_name` varchar(30) NOT NULL,
  `last_name` varchar(30) NOT NULL,
  `email` varchar(254) NOT NULL,
  `is_staff` tinyint(1) NOT NULL,
  `is_active` tinyint(1) NOT NULL,
  `date_joined` datetime NOT NULL,
  PRIMARY KEY (`id`),
  UNIQUE KEY `username` (`username`)
) ENGINE=InnoDB DEFAULT CHARSET=utf8;

LOCK TABLES `auth_user` WRITE;
/*!40000 ALTER TABLE `auth_user` DISABLE KEYS */;

INSERT INTO `auth_user` (`id`, `password`, `last_login`, `is_superuser`, `username`, `first_name`, `last_name`, `email`, `is_staff`, `is_active`, `date_joined`)
VALUES
	(1,'pbkdf2_sha256$20000$IE7WwKtOwfqc$s2zjyEAk4vQVma9uc7sn6/nT8oEX7snF0LIGfrH+eIQ=','2019-06-19 11:36:43',1,'admin','','','',1,1,'2018-07-19 10:51:31'),
	(48,'pbkdf2_sha256$20000$LZpp4NHRjm62$rj2ujBM2e3L/x02DTbpLJU4BbuV2OT1e7G660Ffas5g=',NULL,0,'abdurahmanov@gmail.com','Alisher','Abdurahmanov','abdurahmanov@gmail.com',0,1,'2018-07-31 08:18:47'),
	(49,'pbkdf2_sha256$20000$hzbADFbsWjwZ$Ki33ohsmXdVjbZ3TQAD5BRMqqwRUtcMPF5Cz5XddGg0=',NULL,0,'Rudolf.Balada@gmail.com','Rudolf','Balada','Rudolf.Balada@gmail.com',0,1,'2018-07-31 08:18:47'),
	(50,'pbkdf2_sha256$20000$fw2HxW8SEMFm$fQVwi4I2V9ahKyQ2jFiNylOw6lwFWnptYdfS1ncDw3Q=',NULL,0,'petr@bohuslavek.com','Petr','Bohuslávek','petr@bohuslavek.com',0,1,'2018-07-31 08:18:47'),
	(51,'pbkdf2_sha256$20000$PPrO1JzZxDzL$3OPrZUylx9/pJBSgT+kXdrIJ2tZoIYUaRM6lm5p/W34=',NULL,0,'eva.mullins@gmail.com','Eva','Černá','eva.mullins@gmail.com',0,1,'2018-07-31 08:18:48'),
	(52,'pbkdf2_sha256$20000$SRHJj6SFYvhT$BEBXq3ppcLuMhiEGO/AMhlJPDq1bjKhbyZYWRgjVeoo=',NULL,0,'gothalgo@gmail.com','Marko','Čierny','gothalgo@gmail.com',0,1,'2018-07-31 08:18:48'),
	(53,'pbkdf2_sha256$20000$XRubSwFzImzv$GvdPiY3PnLZeYNc+psZbzcdz00XIa3lf3pSic+zdRd0=',NULL,0,'diazlucido@gmail.com','David','Diaz','diazlucido@gmail.com',0,1,'2018-07-31 08:18:48'),
	(54,'pbkdf2_sha256$20000$D145qkRUsfuk$WABADcBc7sEKpyKgAWxAJVwKsB9EaJXLoD7ljAwFK2w=',NULL,0,'miredolezal5@gmail.com','Miroslav','Doležal','miredolezal5@gmail.com',0,1,'2018-07-31 08:18:48'),
	(55,'pbkdf2_sha256$20000$Z9rIbPfoM3GY$Q04q3DyFMs8igtDVMrJnEEMv8f7+LyaSPJ0Sd/sP2jI=',NULL,0,'old@dosedel.cz','Oldřich','Doseděl','old@dosedel.cz',0,1,'2018-07-31 08:18:48'),
	(56,'pbkdf2_sha256$20000$aXvzflKYgbrb$PLW4dks3mFpwFQOWwdMBy0HCQ77aJiUgOJZ8Nk07pxA=',NULL,0,'jakub@esterka.cz','Jakub','Esterka','jakub@esterka.cz',0,1,'2018-07-31 08:18:48'),
	(57,'pbkdf2_sha256$20000$3TxCP8JugYbE$QOjhQgbyHFG/IC3nqA5hqJkPSk1zd/WeccD5kzTitTE=',NULL,0,'tomasgrosup@gmail.com','Tomáš','Grošup','tomasgrosup@gmail.com',0,1,'2018-07-31 08:18:48'),
	(58,'pbkdf2_sha256$20000$2Y5EnBq9fmL8$7ltKxso+R8FoVrHG6JLe0DcvezR4HI/f/mHFp7Phe1Y=',NULL,0,'halmil@seznam.cz','Miloš','Halčák','halmil@seznam.cz',0,1,'2018-07-31 08:18:48'),
	(59,'pbkdf2_sha256$20000$uy16BV4fUJHI$RcdAAT9tbhOU4UbxYxzpMhuiZyM3J8zsi6veG7VBuNk=',NULL,0,'hamendi@hotmail.co.uk','Mohammed','Hamendi','hamendi@hotmail.co.uk',0,1,'2018-07-31 08:18:49'),
	(60,'pbkdf2_sha256$20000$lvc0CxLX8rXP$0HfvBoAt73zgIr6UcIKQgqBymhurAzuZLlyRCoNCcqg=',NULL,0,'t.jura@volny.cz','Tomáš','Jura','t.jura@volny.cz',0,1,'2018-07-31 08:18:49'),
	(61,'pbkdf2_sha256$20000$zTKvlbEUsoGx$7mUlzHiMNyAH3zDCAZQsb1E7ieOr+3gvzsKy7kuvFDA=',NULL,0,'ondrej.kavula@gmail.com','Ondřej','Kavula','ondrej.kavula@gmail.com',0,1,'2018-07-31 08:18:49'),
	(62,'pbkdf2_sha256$20000$M2V87mPCAfwV$OT2WIozHDFT5T55c4bn0KnOgPMSi/xKG/qj/dX5Qbd8=',NULL,0,'ondrej.kmonicek@gmail.com','Ondřej','Kmoníček','ondrej.kmonicek@gmail.com',0,1,'2018-07-31 08:18:49'),
	(63,'pbkdf2_sha256$20000$Fm1SWiQkbbjz$tN+RRZmpZqtekhsnU0LwkjV5oxDQNIbl/+jkI2blf1c=',NULL,0,'lukas@komarek.me','Lukáš','Komárek','lukas@komarek.me',0,1,'2018-07-31 08:18:49'),
	(64,'pbkdf2_sha256$20000$NljZ7MHziNU8$RE2Hz6q+4SJ3eGqBUsHZ9QbITxT9Xvh6x6GcxyncD0w=',NULL,0,'vojtech@kotous.cz','Vojtěch','Kotous','vojtech@kotous.cz',0,1,'2018-07-31 08:18:49'),
	(65,'pbkdf2_sha256$20000$3KYuBCOexa1I$b68xfpeRmwasDpRDPA+eAzmyuF0kbkW0qUEOD7n05x0=',NULL,0,'jirkakurka@seznam.cz','Jiří','Kůrka','jirkakurka@seznam.cz',0,1,'2018-07-31 08:18:49'),
	(66,'pbkdf2_sha256$20000$cqeUXeZlSl3I$cfPvxO8mIUmU8h9FmTYZLJDmdzALGbBEj5evsyk7GpY=',NULL,0,'tomas.kuryl@gmail.com','Tomáš','Kuryl','tomas.kuryl@gmail.com',0,1,'2018-07-31 08:18:50'),
	(67,'pbkdf2_sha256$20000$y9OKRtymMTqk$dEdJq77RIgBIMXu/netzMdmy2SRvbtfnXI1duVJqASA=',NULL,0,'jakubmares@ymail.com','Jakub','Mareš','jakubmares@ymail.com',0,1,'2018-07-31 08:18:50'),
	(68,'pbkdf2_sha256$20000$iQnGYA97PB4G$NimXYVzCFBBHIUQgG8PIK3yeWdIRbNN9dCU+vuZKjGg=',NULL,0,'markvart12@gmail.com','Petr','Markvart','markvart12@gmail.com',0,1,'2018-07-31 08:18:50'),
	(69,'pbkdf2_sha256$20000$zgdbsJdx0sBj$KFkFEeps0ODj++9C4ZOnU2pDeHBbxgCvXua0aO3gH3o=',NULL,0,'honza.pikora@gmail.com','Jan','Pikora','honza.pikora@gmail.com',0,1,'2018-07-31 08:18:50'),
	(70,'pbkdf2_sha256$20000$zU3yEhX2KPNA$uEuVVyVZX3+tWUM9Jrv1cqAStduEetn24BS7FZy0uqY=',NULL,0,'siro.david@gmail.com','Dávid','Siro','siro.david@gmail.com',0,1,'2018-07-31 08:18:50'),
	(71,'pbkdf2_sha256$20000$qaASynZgabid$xpopqnxvjgH/5+SBBqgpOmvInNAtfqEwFe/MbUIUbpE=',NULL,0,'pavel@slavetinsky.cz','Jan','Slavětínský','pavel@slavetinsky.cz',0,1,'2018-07-31 08:18:50'),
	(72,'pbkdf2_sha256$20000$ebPe2BZImCq0$WsWk7CqhHpGHN90sASbf8qCTeW4pQ8Kr+ZDhz9FmEqk=',NULL,0,'tomas1.suchy1@gmail.com','Tomáš','Suchý','tomas1.suchy1@gmail.com',0,1,'2018-07-31 08:18:50'),
	(73,'pbkdf2_sha256$20000$gostiHxg1OHl$2ZdzaNCLpYCVPp2YK9FsK9uIfOLwpBnSlJYeefFhAbo=',NULL,0,'tomas.toth@seznam.cz','Tomáš','Tóth','tomas.toth@seznam.cz',0,1,'2018-07-31 08:18:51'),
	(74,'pbkdf2_sha256$20000$on14X8ASLxLk$2P/lylMeHzmVNHHWlp3VysUsJrAgQAK/yV0KPAfFaDQ=',NULL,0,'lucie.tvrdikova@gmail.com','Lucie','Tvrdíková','lucie.tvrdikova@gmail.com',0,1,'2018-07-31 08:18:51'),
	(75,'pbkdf2_sha256$20000$mP7e59IDDGNK$8tGidJ+tWynlApxt3DC0IEt1KwvLGfO2yoMEFOMwk84=',NULL,0,'vichmartin@gmail.com','Martin','Vích','vichmartin@gmail.com',0,1,'2018-07-31 08:18:51'),
	(76,'pbkdf2_sha256$20000$8iGtwg2GN2B4$ZPB2ECwykoZ4onkKL8SW+UwjSnobf1Z/uC2qsQkbcDA=',NULL,0,'brenerpetr@gmail.com','Petr','Brener','brenerpetr@gmail.com',0,1,'2018-07-31 08:18:51'),
	(77,'pbkdf2_sha256$20000$BdSr8mZWZToJ$YrE4mPMD1LG1SyrUDMN3RFxQsUXyoQ2UGRQKIOuaUII=',NULL,0,'petr.kolarik@gmail.com','Petr','Kolařík','petr.kolarik@gmail.com',0,1,'2018-07-31 08:18:51'),
	(78,'pbkdf2_sha256$20000$iu1gi4rBgZ3K$2eaB4D6TmI9paeP1FfVQi3n1jv4n8M9SRsstxW5aMJg=',NULL,0,'karel.nekolny@gmail.com','Karel','Nekolný','karel.nekolny@gmail.com',0,1,'2018-07-31 08:18:51'),
	(79,'pbkdf2_sha256$20000$ZhduiPFTCp6Y$oATxkN6uZtAPoX/qHG0Agckbjrq36ossK9kpc2EgGx4=',NULL,0,'ewgeniy.rybak@gmail.com','Evgeniy','Rybak','ewgeniy.rybak@gmail.com',0,1,'2018-07-31 08:18:51'),
	(80,'pbkdf2_sha256$20000$e66ceVIpLKpW$q09Q5wMemy6UUTG5gVmHSQdtmRNcZ+bl/8L285bHvQM=',NULL,0,'mazek23@icloud.com','Zdeněk','Macíček','mazek23@icloud.com',0,1,'2018-07-31 08:18:51'),
	(81,'pbkdf2_sha256$20000$ppb2tqGEnkKc$vi0tEI3t2QPmB+fcVaoIwE8bGzyoB7Stz4XJwP/pucM=',NULL,0,'zika.daniel@gmail.com','Daniel','Zíka','zika.daniel@gmail.com',0,1,'2018-07-31 08:18:52'),
	(82,'pbkdf2_sha256$20000$kEgbRJ7solYj$76X522ohUATUquGqlbcqvalZ8WNbjjk8ZvDBkR64NZA=',NULL,0,'nikol.navratilova@acamar.cz','Nikola','Navrátilová','nikol.navratilova@acamar.cz',0,1,'2018-07-31 08:18:52'),
	(83,'pbkdf2_sha256$20000$Hct8aJzqxUob$a6Whyx6I3zBCn1vL7Ih9xoSC5gU8Owt8316kxP77YVs=',NULL,0,'michal.semelka@gmail.com','Michal','Semelka','michal.semelka@gmail.com',0,1,'2018-07-31 08:18:52'),
	(84,'pbkdf2_sha256$20000$u1dCu9f5tbFt$NT3IBzDrAnJ08EipSvTfF+yXDBsTIU5IIdF16ir4Q0A=',NULL,0,'blanka.rubišová@acamar.cz','Blanka','Rubišová','blanka.rubišová@acamar.cz',0,1,'2018-07-31 08:18:52'),
	(85,'pbkdf2_sha256$20000$EO42P0e2zt6J$0jMhd5ax4RmCnUbncTFQAU5HOy91xTLe2G/Hz9/C3Pk=','2018-08-03 08:10:03',0,'anna.vacíková@acamar.cz','Anna','Vacíková','anna.vacíková@acamar.cz',0,1,'2018-07-31 08:18:52'),
	(86,'pbkdf2_sha256$20000$qv59FdBxsiGu$L8OukAZJ4CShWBHdXpxRodX012OJSjlh6C9l0YfppnA=',NULL,0,'lucie.stankova@acamar.cz','Lucie','Staňková','lucie.stankova@acamar.cz',0,1,'2018-07-31 08:18:52'),
	(87,'pbkdf2_sha256$20000$FUNDR0Ax3dWO$tAPahkuXKwZSF4s/1Itg+QebhdNRPSNGwWisqDDxdUc=',NULL,0,'sarka.blahovcová@acamar.cz','Šárka','Bláhovcová','sarka.blahovcová@acamar.cz',0,1,'2018-07-31 08:18:52'),
	(88,'pbkdf2_sha256$20000$pFmizzriK9I2$3zFJeM0txHi5qwfqcZVrmvP31QVYxKMtGjj5yxsuzH0=',NULL,0,'tereza.jarolimova@acamar.cz','Tereza','Jarolímková','tereza.jarolimova@acamar.cz',0,1,'2018-07-31 08:18:53'),
	(89,'pbkdf2_sha256$20000$5cNGuEhIFFXx$JxQ8+KbRsjEMyQ48py6h1d5ME9bhoAV+4jrfszcCHW0=',NULL,0,'jitka.klickova@acamar.cz','Jitka','Kličková','jitka.klickova@acamar.cz',0,1,'2018-07-31 08:18:53'),
	(90,'pbkdf2_sha256$20000$HWzZ9k3Jhgv8$Kvwk4AWTj6nyVp4RXNsch0gMSF3rNcINM0zkGZuwOB0=','2019-06-27 08:09:04',1,'Sarka.Blahovcova','Šárka','Blahovcova','sarka.blahovcova@acamar.cz',1,1,'2018-11-06 16:03:16'),
	(91,'pbkdf2_sha256$20000$8rCgiSo3BbEz$xekS248o1ae8QTRlWxX/gnbImfpBkElAaI/rLf5aWu8=','2019-06-26 13:18:48',1,'David.Vavruska','David','Vavruska','david.vavruska@adastragrp.com',1,1,'2019-05-06 11:32:06'),
	(92,'pbkdf2_sha256$20000$PpuFPeItWB2G$eyy0EcvftxLcXOOR0faKNHuAtM/YXZGeKnT8r2xb6T8=','2019-05-06 11:41:23',1,'Petra.Megova','Petra','Megova','petra.megova@adastragrp.com',1,1,'2019-05-06 11:39:57');

/*!40000 ALTER TABLE `auth_user` ENABLE KEYS */;
UNLOCK TABLES;


# Dump of table auth_user_groups
# ------------------------------------------------------------

DROP TABLE IF EXISTS `auth_user_groups`;

CREATE TABLE `auth_user_groups` (
  `id` int(11) NOT NULL AUTO_INCREMENT,
  `user_id` int(11) NOT NULL,
  `group_id` int(11) NOT NULL,
  PRIMARY KEY (`id`),
  UNIQUE KEY `user_id` (`user_id`,`group_id`),
  KEY `auth_user_groups_group_id_33ac548dcf5f8e37_fk_auth_group_id` (`group_id`),
  CONSTRAINT `auth_user_groups_group_id_33ac548dcf5f8e37_fk_auth_group_id` FOREIGN KEY (`group_id`) REFERENCES `auth_group` (`id`),
  CONSTRAINT `auth_user_groups_user_id_4b5ed4ffdb8fd9b0_fk_auth_user_id` FOREIGN KEY (`user_id`) REFERENCES `auth_user` (`id`)
) ENGINE=InnoDB DEFAULT CHARSET=utf8;



# Dump of table auth_user_user_permissions
# ------------------------------------------------------------

DROP TABLE IF EXISTS `auth_user_user_permissions`;

CREATE TABLE `auth_user_user_permissions` (
  `id` int(11) NOT NULL AUTO_INCREMENT,
  `user_id` int(11) NOT NULL,
  `permission_id` int(11) NOT NULL,
  PRIMARY KEY (`id`),
  UNIQUE KEY `user_id` (`user_id`,`permission_id`),
  KEY `auth_user_u_permission_id_384b62483d7071f0_fk_auth_permission_id` (`permission_id`),
  CONSTRAINT `auth_user_user_permissi_user_id_7f0938558328534a_fk_auth_user_id` FOREIGN KEY (`user_id`) REFERENCES `auth_user` (`id`),
  CONSTRAINT `auth_user_u_permission_id_384b62483d7071f0_fk_auth_permission_id` FOREIGN KEY (`permission_id`) REFERENCES `auth_permission` (`id`)
) ENGINE=InnoDB DEFAULT CHARSET=utf8;



# Dump of table cms_aliaspluginmodel
# ------------------------------------------------------------

DROP TABLE IF EXISTS `cms_aliaspluginmodel`;

CREATE TABLE `cms_aliaspluginmodel` (
  `cmsplugin_ptr_id` int(11) NOT NULL,
  `plugin_id` int(11) DEFAULT NULL,
  `alias_placeholder_id` int(11) DEFAULT NULL,
  PRIMARY KEY (`cmsplugin_ptr_id`),
  KEY `cms_aliaspluginmo_plugin_id_6cb0e8f62e7b802f_fk_cms_cmsplugin_id` (`plugin_id`),
  KEY `cms_aliaspluginmodel_921abf5c` (`alias_placeholder_id`),
  CONSTRAINT `cms_aliaspluginmo_plugin_id_6cb0e8f62e7b802f_fk_cms_cmsplugin_id` FOREIGN KEY (`plugin_id`) REFERENCES `cms_cmsplugin` (`id`),
  CONSTRAINT `cms_aliaspl_cmsplugin_ptr_id_a146238a4a634c4_fk_cms_cmsplugin_id` FOREIGN KEY (`cmsplugin_ptr_id`) REFERENCES `cms_cmsplugin` (`id`),
  CONSTRAINT `cms__alias_placeholder_id_19ff87f4b6506f7d_fk_cms_placeholder_id` FOREIGN KEY (`alias_placeholder_id`) REFERENCES `cms_placeholder` (`id`)
) ENGINE=InnoDB DEFAULT CHARSET=utf8;



# Dump of table cms_cmsplugin
# ------------------------------------------------------------

DROP TABLE IF EXISTS `cms_cmsplugin`;

CREATE TABLE `cms_cmsplugin` (
  `id` int(11) NOT NULL AUTO_INCREMENT,
  `position` smallint(5) unsigned NOT NULL,
  `language` varchar(15) NOT NULL,
  `plugin_type` varchar(50) NOT NULL,
  `creation_date` datetime NOT NULL,
  `changed_date` datetime NOT NULL,
  `parent_id` int(11) DEFAULT NULL,
  `placeholder_id` int(11) DEFAULT NULL,
  `depth` int(10) unsigned NOT NULL,
  `numchild` int(10) unsigned NOT NULL,
  `path` varchar(255) NOT NULL,
  PRIMARY KEY (`id`),
  UNIQUE KEY `cms_cmsplugin_path_7692c19a7d5df9d5_uniq` (`path`),
  KEY `cms_cmsplugin_8512ae7d` (`language`),
  KEY `cms_cmsplugin_b5e4cf8f` (`plugin_type`),
  KEY `cms_cmsplugin_6be37982` (`parent_id`),
  KEY `cms_cmsplugin_667a6151` (`placeholder_id`),
  CONSTRAINT `cms_cmsplugin_parent_id_3227a3752b89b923_fk_cms_cmsplugin_id` FOREIGN KEY (`parent_id`) REFERENCES `cms_cmsplugin` (`id`),
  CONSTRAINT `cms_cmsplu_placeholder_id_45e08772be34ec0f_fk_cms_placeholder_id` FOREIGN KEY (`placeholder_id`) REFERENCES `cms_placeholder` (`id`)
) ENGINE=InnoDB DEFAULT CHARSET=utf8;

LOCK TABLES `cms_cmsplugin` WRITE;
/*!40000 ALTER TABLE `cms_cmsplugin` DISABLE KEYS */;

INSERT INTO `cms_cmsplugin` (`id`, `position`, `language`, `plugin_type`, `creation_date`, `changed_date`, `parent_id`, `placeholder_id`, `depth`, `numchild`, `path`)
VALUES
	(1,0,'en','MainBannerPlugin','2018-07-19 11:05:10','2018-10-25 09:46:22',NULL,2,1,2,'0001'),
	(2,0,'en','MainBannerCardPlugin','2018-07-19 11:13:08','2018-09-24 13:07:35',1,2,2,0,'00010001'),
	(3,1,'en','MainBannerCardPlugin','2018-07-19 11:13:46','2018-09-13 12:56:54',1,2,2,0,'00010002'),
	(8,0,'cs','MainBannerPlugin','2018-07-19 11:05:10','2018-11-13 17:07:23',NULL,2,1,2,'0004'),
	(9,0,'cs','MainBannerCardPlugin','2018-07-19 11:13:08','2018-09-14 11:12:12',8,2,2,0,'00040001'),
	(10,1,'cs','MainBannerCardPlugin','2018-07-19 11:13:46','2018-09-13 09:44:55',8,2,2,0,'00040002'),
	(11,0,'cs','WorkElipsePlugin','2018-07-19 11:19:48','2019-06-26 13:50:31',NULL,3,1,0,'0005'),
	(12,1,'cs','ReviewPanelPlugin','2018-07-19 11:20:38','2018-08-14 18:39:49',NULL,3,1,0,'0006'),
	(21,2,'cs','CoursePanelPlugin','2018-07-19 11:30:10','2018-10-23 14:10:10',NULL,3,1,0,'0008'),
	(36,0,'cs','MainBannerPlugin','2018-07-19 11:31:38','2018-09-06 11:17:36',NULL,6,1,0,'000E'),
	(37,0,'cs','PositionSearchPlugin','2018-07-19 11:33:11','2018-10-29 14:13:33',NULL,8,1,0,'000F'),
	(87,0,'cs','MainBannerPlugin','2018-07-19 11:55:18','2018-07-27 13:33:04',NULL,18,1,0,'000W'),
	(88,0,'cs','ContactGridPlugin','2018-07-19 11:56:17','2018-07-19 11:56:17',NULL,20,1,4,'000X'),
	(89,2,'cs','ContactCardPlugin','2018-07-19 11:58:08','2018-07-30 15:41:58',88,20,2,0,'000X0001'),
	(91,0,'cs','ContactCardPlugin','2018-07-19 11:58:08','2019-02-08 15:55:42',88,20,2,0,'000X0002'),
	(92,1,'cs','ContactCardPlugin','2018-07-19 11:58:08','2018-07-27 13:36:01',88,20,2,0,'000X0003'),
	(93,3,'cs','ContactCardPlugin','2018-07-19 11:58:08','2018-07-30 15:46:22',88,20,2,0,'000X0004'),
	(94,1,'cs','ContactFormPlugin','2018-07-19 11:59:53','2018-07-31 14:47:30',NULL,20,1,0,'000Z'),
	(95,2,'cs','MapPlugin','2018-07-19 12:00:46','2018-08-14 20:11:12',NULL,20,1,0,'0010'),
	(104,1,'cs','QuotePlugin','2018-07-19 15:10:12','2019-01-07 15:40:31',NULL,8,1,0,'0015'),
	(105,2,'cs','BubblePanelPlugin','2018-07-19 15:10:30','2018-07-19 15:10:30',NULL,8,1,3,'0016'),
	(106,0,'cs','BubbleCardPlugin','2018-07-19 15:11:01','2018-10-23 14:02:02',105,8,2,0,'00160001'),
	(107,1,'cs','BubbleCardPlugin','2018-07-19 15:11:26','2018-07-27 13:22:23',105,8,2,0,'00160002'),
	(108,2,'cs','BubbleCardPlugin','2018-07-19 15:11:54','2018-07-27 13:22:49',105,8,2,0,'00160003'),
	(109,3,'cs','TimelinePlugin','2018-07-19 15:12:17','2018-07-27 13:23:33',NULL,8,1,9,'0017'),
	(110,0,'cs','TimelineItemPlugin','2018-07-19 15:13:33','2018-07-19 15:13:33',109,8,2,0,'00170001'),
	(111,1,'cs','TimelineItemPlugin','2018-07-19 15:13:54','2018-07-27 13:23:58',109,8,2,0,'00170002'),
	(112,2,'cs','TimelineItemPlugin','2018-07-19 15:14:17','2018-07-19 15:14:17',109,8,2,0,'00170003'),
	(113,3,'cs','TimelineItemPlugin','2018-07-19 15:14:41','2018-07-27 13:24:29',109,8,2,0,'00170004'),
	(114,4,'cs','TimelineItemPlugin','2018-07-19 15:15:03','2018-07-19 15:15:03',109,8,2,0,'00170005'),
	(115,5,'cs','TimelineItemPlugin','2018-07-19 15:15:21','2018-07-19 15:15:21',109,8,2,0,'00170006'),
	(116,6,'cs','TimelineItemPlugin','2018-07-19 15:15:47','2018-07-19 15:15:47',109,8,2,0,'00170007'),
	(117,7,'cs','TimelineItemPlugin','2018-07-19 15:16:05','2018-07-19 15:16:05',109,8,2,0,'00170008'),
	(118,8,'cs','TimelineItemPlugin','2018-07-19 15:16:26','2018-07-19 15:16:26',109,8,2,0,'00170009'),
	(136,4,'cs','AcaFriendPanelPlugin','2018-07-20 12:01:20','2018-07-20 12:01:20',NULL,8,1,3,'001D'),
	(137,0,'cs','AcaFriendCardPlugin','2018-07-20 12:02:06','2018-08-14 15:03:50',136,8,2,0,'001D0001'),
	(138,1,'cs','AcaFriendCardPlugin','2018-07-20 12:03:14','2018-08-14 15:04:46',136,8,2,0,'001D0002'),
	(139,2,'cs','AcaFriendCardPlugin','2018-07-20 12:04:08','2018-09-12 07:55:49',136,8,2,0,'001D0003'),
	(140,5,'cs','ContactUsPlugin','2018-07-20 12:04:47','2018-12-17 11:57:52',NULL,8,1,0,'001E'),
	(177,0,'cs','MainBannerPlugin','2018-07-23 14:48:27','2018-07-23 14:49:25',NULL,24,1,0,'001R'),
	(179,0,'cs','GraphSectionPlugin','2018-07-23 14:50:24','2018-12-17 12:40:34',NULL,26,1,3,'001T'),
	(180,0,'cs','GraphCardPlugin','2018-07-23 14:51:56','2018-08-08 18:12:35',179,26,2,0,'001T0001'),
	(181,1,'cs','GraphCardPlugin','2018-07-23 14:53:05','2018-07-23 14:53:05',179,26,2,0,'001T0002'),
	(182,2,'cs','GraphCardPlugin','2018-07-23 14:57:00','2018-08-02 08:48:14',179,26,2,0,'001T0003'),
	(183,1,'cs','PartnersPlugin','2018-07-23 14:57:43','2018-07-23 14:57:43',NULL,26,1,4,'001U'),
	(184,2,'cs','TimelinePlugin','2018-07-23 14:58:22','2018-08-09 12:46:12',NULL,26,1,6,'001V'),
	(185,0,'cs','TimelineItemPlugin','2018-07-23 14:58:56','2018-08-01 11:07:38',184,26,2,0,'001V0001'),
	(186,1,'cs','TimelineItemPlugin','2018-07-23 14:59:35','2018-08-01 11:08:25',184,26,2,0,'001V0002'),
	(187,2,'cs','TimelineItemPlugin','2018-07-23 15:00:03','2018-07-23 15:00:03',184,26,2,0,'001V0003'),
	(188,3,'cs','TimelineItemPlugin','2018-07-23 15:01:48','2018-07-23 15:01:48',184,26,2,0,'001V0004'),
	(189,4,'cs','TimelineItemPlugin','2018-07-23 15:02:10','2018-07-23 15:02:10',184,26,2,0,'001V0005'),
	(190,5,'cs','TimelineItemPlugin','2018-07-23 15:02:31','2018-07-23 15:02:31',184,26,2,0,'001V0006'),
	(191,3,'cs','ContactPersonPlugin','2018-07-23 15:04:27','2019-01-07 15:33:28',NULL,26,1,0,'001W'),
	(206,0,'cs','MainBannerPlugin','2018-07-23 15:05:32','2018-07-23 15:05:56',NULL,30,1,0,'0022'),
	(207,0,'cs','CreateTeamPlugin','2018-07-23 15:06:31','2018-07-23 15:06:31',NULL,32,1,3,'0023'),
	(208,0,'cs','CreateTeamCardPlugin','2018-07-23 15:06:57','2018-08-02 09:06:41',207,32,2,0,'00230001'),
	(209,1,'cs','CreateTeamCardPlugin','2018-07-23 15:07:18','2018-08-02 09:03:44',207,32,2,0,'00230002'),
	(210,2,'cs','CreateTeamCardPlugin','2018-07-23 15:07:48','2018-07-23 15:07:48',207,32,2,0,'00230003'),
	(211,1,'cs','CoursePanelPlugin','2018-07-23 15:08:26','2019-01-14 10:20:05',NULL,32,1,0,'0024'),
	(262,0,'cs','MainBannerPlugin','2018-07-24 12:52:29','2018-07-27 14:11:31',NULL,36,1,0,'002L'),
	(263,0,'cs','AcardBenefitsPlugin','2018-07-24 12:53:54','2018-07-27 14:15:19',NULL,38,1,6,'002M'),
	(264,0,'cs','AcardBenefitsItemPlugin','2018-07-24 12:54:35','2018-07-30 15:04:17',263,38,2,0,'002M0001'),
	(265,1,'cs','AcardBenefitsItemPlugin','2018-07-24 12:55:29','2018-07-30 12:07:03',263,38,2,0,'002M0002'),
	(270,2,'cs','CourseLectorPlugin','2018-07-24 13:02:54','2018-09-06 11:27:56',NULL,32,1,0,'002P'),
	(271,3,'cs','AcaFriendPanelPlugin','2018-07-24 13:03:41','2018-07-24 13:03:41',NULL,32,1,2,'002Q'),
	(272,0,'cs','AcaFriendCardPlugin','2018-07-24 13:04:28','2018-10-30 12:45:17',271,32,2,0,'002Q0001'),
	(273,1,'cs','AcaFriendCardPlugin','2018-07-24 13:05:08','2018-10-23 14:07:07',271,32,2,0,'002Q0002'),
	(274,4,'cs','TimelinePlugin','2018-07-24 13:05:53','2018-07-24 13:05:53',NULL,32,1,5,'002R'),
	(275,0,'cs','TimelineItemPlugin','2018-07-24 13:06:43','2018-09-06 11:24:20',274,32,2,0,'002R0001'),
	(276,1,'cs','TimelineItemPlugin','2018-07-24 13:07:44','2018-09-06 11:24:57',274,32,2,0,'002R0002'),
	(277,2,'cs','TimelineItemPlugin','2018-07-24 13:08:20','2018-09-06 11:26:14',274,32,2,0,'002R0003'),
	(278,3,'cs','TimelineItemPlugin','2018-07-24 13:08:56','2018-10-23 14:08:51',274,32,2,0,'002R0004'),
	(279,4,'cs','TimelineItemPlugin','2018-07-24 13:09:29','2018-10-23 14:07:52',274,32,2,0,'002R0005'),
	(280,5,'cs','ContactPersonPlugin','2018-07-24 13:11:10','2018-12-17 12:05:27',NULL,32,1,0,'002S'),
	(337,0,'en','MainBannerPlugin','2018-07-26 10:47:14','2018-07-26 10:47:14',NULL,42,1,0,'003E'),
	(338,0,'cs','MainBannerPlugin','2018-07-26 10:47:19','2018-07-26 10:47:48',NULL,42,1,0,'003F'),
	(343,1,'cs','CourseBonusPanelPlugin','2018-07-26 10:49:52','2018-07-26 12:41:45',NULL,43,1,4,'003H'),
	(344,0,'cs','CourseBonusCardPlugin','2018-07-26 10:50:23','2018-10-26 13:17:49',343,43,2,0,'003H0001'),
	(345,1,'cs','CourseBonusCardPlugin','2018-07-26 10:51:00','2018-10-26 13:17:53',343,43,2,0,'003H0002'),
	(346,2,'cs','CourseBonusCardPlugin','2018-07-26 10:51:22','2018-10-26 13:17:57',343,43,2,0,'003H0003'),
	(347,3,'cs','CourseBonusCardPlugin','2018-07-26 10:51:45','2018-10-26 13:18:00',343,43,2,0,'003H0004'),
	(349,5,'cs','CoursePanelPlugin','2018-07-26 10:54:04','2018-07-31 13:23:15',NULL,43,1,0,'00AU'),
	(351,4,'cs','ContactPersonPlugin','2018-07-26 12:09:58','2018-10-23 14:17:39',NULL,43,1,0,'003M'),
	(352,0,'cs','CourseBasicInfoPlugin','2018-07-26 12:41:39','2018-07-31 13:07:18',NULL,43,1,3,'003N'),
	(353,0,'cs','CourseBasicInfoCardPlugin','2018-07-26 12:42:11','2018-07-27 09:49:13',352,43,2,0,'003N0001'),
	(354,1,'cs','CourseBasicInfoCardPlugin','2018-07-26 12:42:26','2018-07-27 13:52:09',352,43,2,0,'003N0002'),
	(355,2,'cs','CourseBasicInfoCardPlugin','2018-07-26 12:42:42','2018-07-27 09:49:52',352,43,2,0,'003N0003'),
	(370,1,'cs','CourseBonusPanelPlugin','2018-07-26 10:49:52','2018-07-26 12:47:30',NULL,49,1,4,'003V'),
	(371,0,'cs','CourseBonusCardPlugin','2018-07-26 10:50:23','2018-10-26 13:25:58',370,49,2,0,'003V0001'),
	(372,1,'cs','CourseBonusCardPlugin','2018-07-26 10:51:00','2018-10-26 13:25:53',370,49,2,0,'003V0002'),
	(373,2,'cs','CourseBonusCardPlugin','2018-07-26 10:51:22','2018-10-26 13:25:49',370,49,2,0,'003V0003'),
	(374,3,'cs','CourseBonusCardPlugin','2018-07-26 10:51:45','2018-10-26 13:25:46',370,49,2,0,'003V0004'),
	(375,2,'cs','CourseProgramPlugin','2018-07-26 10:52:57','2018-07-27 14:01:07',NULL,49,1,0,'003W'),
	(377,5,'cs','CoursePanelPlugin','2018-07-26 10:54:04','2019-01-16 13:36:29',NULL,49,1,0,'00AX'),
	(378,4,'cs','ContactPersonPlugin','2018-07-26 12:09:58','2019-01-16 13:36:29',NULL,49,1,0,'003Z'),
	(379,0,'cs','CourseBasicInfoPlugin','2018-07-26 12:41:39','2018-07-27 13:53:15',NULL,49,1,3,'0040'),
	(380,0,'cs','CourseBasicInfoCardPlugin','2018-07-26 12:42:11','2018-07-31 14:02:48',379,49,2,0,'00400001'),
	(381,1,'cs','CourseBasicInfoCardPlugin','2018-07-26 12:42:26','2018-07-31 14:11:04',379,49,2,0,'00400002'),
	(382,2,'cs','CourseBasicInfoCardPlugin','2018-07-26 12:42:42','2018-07-31 14:03:04',379,49,2,0,'00400003'),
	(384,3,'cs','CourseTermListPlugin','2018-07-26 13:02:42','2019-04-05 12:52:58',NULL,43,1,0,'0042'),
	(497,2,'cs','AcardBenefitsItemPlugin','2018-07-27 07:24:20','2018-07-30 15:04:57',263,38,2,0,'002M0003'),
	(498,0,'cs','PartnersItemPlugin','2018-07-27 08:52:56','2018-08-01 11:16:16',183,26,2,0,'001U0001'),
	(548,3,'cs','AcardBenefitsItemPlugin','2018-07-30 09:24:59','2018-08-02 09:07:20',263,38,2,0,'002M0004'),
	(549,4,'cs','AcardBenefitsItemPlugin','2018-07-30 09:29:57','2018-07-30 12:07:43',263,38,2,0,'002M0005'),
	(550,5,'cs','AcardBenefitsItemPlugin','2018-07-30 09:33:05','2018-07-30 12:07:53',263,38,2,0,'002M0006'),
	(559,0,'cs','MainBannerPlugin','2018-07-30 11:18:47','2018-07-30 11:19:48',NULL,51,1,0,'005V'),
	(560,0,'cs','CourseEnrollFormPlugin','2018-07-30 11:21:02','2018-11-19 11:15:19',NULL,53,1,0,'005W'),
	(561,1,'cs','TimelinePlugin','2018-07-30 11:21:24','2018-07-30 11:21:24',NULL,53,1,5,'005X'),
	(562,0,'cs','TimelineItemPlugin','2018-07-30 11:22:29','2018-10-23 14:14:48',561,53,2,0,'005X0001'),
	(563,1,'cs','TimelineItemPlugin','2018-07-30 11:23:57','2018-10-23 14:14:59',561,53,2,0,'005X0002'),
	(564,2,'cs','TimelineItemPlugin','2018-07-30 11:24:28','2018-10-23 14:13:56',561,53,2,0,'005X0003'),
	(565,3,'cs','TimelineItemPlugin','2018-07-30 11:24:57','2018-10-23 14:14:02',561,53,2,0,'005X0004'),
	(566,4,'cs','TimelineItemPlugin','2018-07-30 11:25:45','2018-10-23 14:14:08',561,53,2,0,'005X0005'),
	(583,0,'cs','MainBannerPlugin','2018-07-30 15:54:40','2018-07-30 15:55:37',NULL,57,1,0,'0065'),
	(584,0,'cs','LoginPlugin','2018-07-30 15:55:53','2018-07-30 15:55:53',NULL,59,1,0,'0066'),
	(587,0,'cs','MainBannerPlugin','2018-07-30 15:54:40','2018-07-30 15:57:37',NULL,60,1,0,'0067'),
	(588,0,'cs','LoginPlugin','2018-07-30 15:55:53','2018-07-30 15:57:37',NULL,62,1,0,'0068'),
	(627,1,'cs','PartnersItemPlugin','2018-07-27 08:52:56','2018-08-01 11:16:55',183,26,2,0,'001U0002'),
	(628,2,'cs','PartnersItemPlugin','2018-07-27 08:52:56','2018-08-01 11:17:38',183,26,2,0,'001U0003'),
	(629,3,'cs','PartnersItemPlugin','2018-07-27 08:52:56','2018-08-01 11:18:20',183,26,2,0,'001U0004'),
	(630,0,'cs','MainBannerPlugin','2018-07-31 11:31:21','2018-07-31 11:31:21',NULL,63,1,0,'006N'),
	(631,0,'cs','ThanksBannerPlugin','2018-07-31 11:31:59','2019-01-03 09:02:16',NULL,65,1,0,'006O'),
	(642,0,'cs','PlaceholderPlugin','2018-07-31 11:33:32','2018-07-31 11:33:32',NULL,1,1,0,'006U'),
	(643,1,'cs','CourseBonusPanelPlugin','2018-07-26 10:49:52','2018-07-31 11:33:32',NULL,69,1,4,'006V'),
	(644,0,'cs','CourseBonusCardPlugin','2018-07-26 10:50:23','2018-07-31 11:33:32',643,69,2,0,'006V0001'),
	(645,1,'cs','CourseBonusCardPlugin','2018-07-26 10:51:00','2018-07-31 11:33:32',643,69,2,0,'006V0002'),
	(646,2,'cs','CourseBonusCardPlugin','2018-07-26 10:51:22','2018-07-31 11:33:33',643,69,2,0,'006V0003'),
	(647,3,'cs','CourseBonusCardPlugin','2018-07-26 10:51:45','2018-07-31 11:33:33',643,69,2,0,'006V0004'),
	(648,2,'cs','CourseProgramPlugin','2018-07-26 10:52:57','2018-07-31 11:33:33',NULL,69,1,0,'006W'),
	(649,5,'cs','CoursePanelPlugin','2018-07-26 10:54:04','2018-07-31 11:33:33',NULL,69,1,0,'006X'),
	(650,4,'cs','ContactPersonPlugin','2018-07-26 12:09:58','2018-07-31 11:33:33',NULL,69,1,0,'006Y'),
	(651,0,'cs','CourseBasicInfoPlugin','2018-07-26 12:41:39','2018-07-31 11:33:33',NULL,69,1,3,'006Z'),
	(652,0,'cs','CourseBasicInfoCardPlugin','2018-07-26 12:42:11','2018-07-31 11:33:33',651,69,2,0,'006Z0001'),
	(653,1,'cs','CourseBasicInfoCardPlugin','2018-07-26 12:42:26','2018-07-31 11:33:33',651,69,2,0,'006Z0002'),
	(654,2,'cs','CourseBasicInfoCardPlugin','2018-07-26 12:42:42','2018-07-31 11:33:33',651,69,2,0,'006Z0003'),
	(655,3,'cs','CourseTermListPlugin','2018-07-26 13:02:42','2018-07-31 11:33:33',NULL,69,1,0,'0070'),
	(656,1,'cs','CourseBonusPanelPlugin','2018-07-26 10:49:52','2018-07-31 13:40:00',NULL,45,1,4,'0071'),
	(657,0,'cs','CourseBonusCardPlugin','2018-07-26 10:50:23','2018-10-26 13:18:41',656,45,2,0,'00710001'),
	(658,1,'cs','CourseBonusCardPlugin','2018-07-26 10:51:00','2018-10-26 13:18:45',656,45,2,0,'00710002'),
	(659,2,'cs','CourseBonusCardPlugin','2018-07-26 10:51:22','2018-10-26 13:18:48',656,45,2,0,'00710003'),
	(660,3,'cs','CourseBonusCardPlugin','2018-07-26 10:51:45','2018-10-26 13:18:52',656,45,2,0,'00710004'),
	(661,2,'cs','CourseProgramPlugin','2018-07-26 10:52:57','2018-07-31 13:47:02',NULL,45,1,0,'0072'),
	(662,5,'cs','CoursePanelPlugin','2018-07-26 10:54:04','2018-07-31 13:48:40',NULL,45,1,0,'00AV'),
	(663,4,'cs','ContactPersonPlugin','2018-07-26 12:09:58','2018-08-14 17:41:41',NULL,45,1,0,'0074'),
	(664,0,'cs','CourseBasicInfoPlugin','2018-07-26 12:41:39','2018-07-31 13:39:39',NULL,45,1,3,'0075'),
	(665,0,'cs','CourseBasicInfoCardPlugin','2018-07-26 12:42:11','2018-07-31 11:33:45',664,45,2,0,'00750001'),
	(666,1,'cs','CourseBasicInfoCardPlugin','2018-07-26 12:42:26','2018-07-31 11:33:45',664,45,2,0,'00750002'),
	(667,2,'cs','CourseBasicInfoCardPlugin','2018-07-26 12:42:42','2018-07-31 11:33:45',664,45,2,0,'00750003'),
	(668,3,'cs','CourseTermListPlugin','2018-07-26 13:02:42','2019-04-05 12:53:27',NULL,45,1,0,'0076'),
	(669,1,'cs','CourseBonusPanelPlugin','2018-07-26 10:49:52','2018-07-31 11:33:58',NULL,47,1,4,'0077'),
	(670,0,'cs','CourseBonusCardPlugin','2018-07-26 10:50:23','2018-10-26 13:25:17',669,47,2,0,'00770001'),
	(671,1,'cs','CourseBonusCardPlugin','2018-07-26 10:51:00','2018-10-26 13:25:20',669,47,2,0,'00770002'),
	(672,2,'cs','CourseBonusCardPlugin','2018-07-26 10:51:22','2018-10-26 13:25:24',669,47,2,0,'00770003'),
	(673,3,'cs','CourseBonusCardPlugin','2018-07-26 10:51:45','2018-10-26 13:25:28',669,47,2,0,'00770004'),
	(674,2,'cs','CourseProgramPlugin','2018-07-26 10:52:57','2018-12-17 15:04:39',NULL,47,1,0,'0078'),
	(675,5,'cs','CoursePanelPlugin','2018-07-26 10:54:04','2018-07-31 13:57:28',NULL,47,1,0,'00AW'),
	(676,4,'cs','ContactPersonPlugin','2018-07-26 12:09:58','2018-07-31 13:59:04',NULL,47,1,0,'007A'),
	(677,0,'cs','CourseBasicInfoPlugin','2018-07-26 12:41:39','2018-07-31 13:53:10',NULL,47,1,3,'007B'),
	(678,0,'cs','CourseBasicInfoCardPlugin','2018-07-26 12:42:11','2018-07-31 11:33:58',677,47,2,0,'007B0001'),
	(679,1,'cs','CourseBasicInfoCardPlugin','2018-07-26 12:42:26','2018-07-31 13:53:24',677,47,2,0,'007B0002'),
	(680,2,'cs','CourseBasicInfoCardPlugin','2018-07-26 12:42:42','2018-07-31 11:33:58',677,47,2,0,'007B0003'),
	(681,3,'cs','CourseTermListPlugin','2018-07-26 13:02:42','2019-04-05 13:01:13',NULL,47,1,0,'007C'),
	(682,2,'cs','CourseProgramPlugin','2018-07-31 13:15:33','2018-12-17 12:09:53',NULL,43,1,0,'007D'),
	(825,0,'cs','MainBannerPlugin','2018-07-31 11:31:21','2018-08-01 08:23:09',NULL,66,1,0,'008T'),
	(826,0,'cs','ThanksBannerPlugin','2018-07-31 11:31:59','2018-08-01 08:23:09',NULL,68,1,0,'008U'),
	(859,0,'cs','MainBannerPlugin','2018-07-24 12:52:29','2018-08-06 07:30:25',NULL,39,1,0,'0096'),
	(860,0,'cs','AcardBenefitsPlugin','2018-07-24 12:53:54','2018-08-06 07:30:25',NULL,41,1,6,'0097'),
	(861,0,'cs','AcardBenefitsItemPlugin','2018-07-24 12:54:35','2018-08-06 07:30:25',860,41,2,0,'00970001'),
	(862,1,'cs','AcardBenefitsItemPlugin','2018-07-24 12:55:29','2018-08-06 07:30:25',860,41,2,0,'00970002'),
	(863,2,'cs','AcardBenefitsItemPlugin','2018-07-27 07:24:20','2018-08-06 07:30:25',860,41,2,0,'00970003'),
	(864,3,'cs','AcardBenefitsItemPlugin','2018-07-30 09:24:59','2018-08-06 07:30:25',860,41,2,0,'00970004'),
	(865,4,'cs','AcardBenefitsItemPlugin','2018-07-30 09:29:57','2018-08-06 07:30:25',860,41,2,0,'00970005'),
	(866,5,'cs','AcardBenefitsItemPlugin','2018-07-30 09:33:05','2018-08-06 07:30:25',860,41,2,0,'00970006'),
	(1165,0,'ru','MainBannerPlugin','2018-09-06 12:07:23','2018-10-25 09:46:44',NULL,2,1,0,'00B9'),
	(1166,0,'en','WorkElipsePlugin','2018-07-19 11:19:48','2018-09-08 10:41:58',NULL,3,1,0,'00BA'),
	(1167,1,'en','ReviewPanelPlugin','2018-07-19 11:20:38','2018-09-08 12:35:08',NULL,3,1,0,'00BB'),
	(1168,2,'en','CoursePanelPlugin','2018-07-19 11:30:10','2018-09-24 13:08:26',NULL,3,1,0,'00BC'),
	(1169,0,'en','MainBannerPlugin','2018-07-19 11:31:38','2018-09-08 13:30:55',NULL,6,1,0,'00BD'),
	(1170,0,'en','PositionSearchPlugin','2018-07-19 11:33:11','2018-10-29 14:13:44',NULL,8,1,0,'00BE'),
	(1171,1,'en','QuotePlugin','2018-07-19 15:10:12','2019-01-07 15:41:20',NULL,8,1,0,'00BF'),
	(1172,2,'en','BubblePanelPlugin','2018-07-19 15:10:30','2018-09-08 13:34:19',NULL,8,1,3,'00BG'),
	(1173,0,'en','BubbleCardPlugin','2018-07-19 15:11:01','2018-09-08 13:35:07',1172,8,2,0,'00BG0001'),
	(1174,1,'en','BubbleCardPlugin','2018-07-19 15:11:26','2018-09-08 13:36:08',1172,8,2,0,'00BG0002'),
	(1175,2,'en','BubbleCardPlugin','2018-07-19 15:11:54','2018-09-08 13:37:21',1172,8,2,0,'00BG0003'),
	(1176,3,'en','TimelinePlugin','2018-07-19 15:12:17','2018-09-08 13:37:39',NULL,8,1,9,'00BH'),
	(1177,0,'en','TimelineItemPlugin','2018-07-19 15:13:33','2018-09-08 13:38:28',1176,8,2,0,'00BH0001'),
	(1178,1,'en','TimelineItemPlugin','2018-07-19 15:13:54','2018-09-08 13:38:46',1176,8,2,0,'00BH0002'),
	(1179,2,'en','TimelineItemPlugin','2018-07-19 15:14:17','2018-09-08 13:39:03',1176,8,2,0,'00BH0003'),
	(1180,3,'en','TimelineItemPlugin','2018-07-19 15:14:41','2018-09-08 13:39:23',1176,8,2,0,'00BH0004'),
	(1181,4,'en','TimelineItemPlugin','2018-07-19 15:15:03','2018-09-09 14:52:15',1176,8,2,0,'00BH0005'),
	(1182,5,'en','TimelineItemPlugin','2018-07-19 15:15:21','2018-09-09 14:56:36',1176,8,2,0,'00BH0006'),
	(1183,6,'en','TimelineItemPlugin','2018-07-19 15:15:47','2018-09-10 14:51:15',1176,8,2,0,'00BH0007'),
	(1184,7,'en','TimelineItemPlugin','2018-07-19 15:16:05','2018-09-10 14:55:03',1176,8,2,0,'00BH0008'),
	(1185,8,'en','TimelineItemPlugin','2018-07-19 15:16:26','2018-09-10 14:55:22',1176,8,2,0,'00BH0009'),
	(1186,4,'en','AcaFriendPanelPlugin','2018-07-20 12:01:20','2018-09-10 14:55:46',NULL,8,1,3,'00BI'),
	(1187,0,'en','AcaFriendCardPlugin','2018-07-20 12:02:06','2018-09-10 14:56:05',1186,8,2,0,'00BI0001'),
	(1188,1,'en','AcaFriendCardPlugin','2018-07-20 12:03:14','2018-09-10 14:56:18',1186,8,2,0,'00BI0002'),
	(1189,2,'en','AcaFriendCardPlugin','2018-07-20 12:04:08','2018-09-06 13:29:41',1186,8,2,0,'00BI0003'),
	(1190,5,'en','ContactUsPlugin','2018-07-20 12:04:47','2018-09-24 13:12:40',NULL,8,1,0,'00BJ'),
	(1191,0,'en','MainBannerPlugin','2018-07-19 11:35:47','2018-09-10 14:57:53',NULL,12,1,0,'00BK'),
	(1192,0,'en','CreateTeamPlugin','2018-07-19 11:37:01','2018-09-10 14:58:21',NULL,14,1,4,'00BL'),
	(1193,0,'en','CreateTeamCardPlugin','2018-07-19 11:37:59','2018-09-10 14:58:50',1192,14,2,0,'00BL0001'),
	(1194,1,'en','CreateTeamCardPlugin','2018-07-19 11:38:21','2018-09-10 14:59:31',1192,14,2,0,'00BL0002'),
	(1195,2,'en','CreateTeamCardPlugin','2018-07-19 11:38:42','2018-09-10 14:59:56',1192,14,2,0,'00BL0003'),
	(1196,3,'en','CreateTeamCardPlugin','2018-07-19 11:39:13','2018-09-10 15:00:18',1192,14,2,0,'00BL0004'),
	(1197,1,'en','TeamGridPlugin','2018-07-19 11:39:54','2018-09-10 15:01:08',NULL,14,1,0,'00BM'),
	(1198,0,'en','MainBannerPlugin','2018-07-19 11:55:18','2018-09-10 15:11:36',NULL,18,1,0,'00BN'),
	(1199,0,'en','ContactGridPlugin','2018-07-19 11:56:17','2018-09-10 15:11:45',NULL,20,1,4,'00BO'),
	(1200,2,'en','ContactCardPlugin','2018-07-19 11:58:08','2018-09-10 15:13:09',1199,20,2,0,'00BO0001'),
	(1201,0,'en','ContactCardPlugin','2018-07-19 11:58:08','2018-09-10 15:12:20',1199,20,2,0,'00BO0002'),
	(1202,1,'en','ContactCardPlugin','2018-07-19 11:58:08','2018-09-10 15:12:53',1199,20,2,0,'00BO0003'),
	(1203,3,'en','ContactCardPlugin','2018-07-19 11:58:08','2018-09-10 15:13:30',1199,20,2,0,'00BO0004'),
	(1204,1,'en','ContactFormPlugin','2018-07-19 11:59:53','2018-09-10 15:17:39',NULL,20,1,0,'00BP'),
	(1205,2,'en','MapPlugin','2018-07-19 12:00:46','2018-09-10 15:18:49',NULL,20,1,0,'00BQ'),
	(1206,0,'en','MainBannerPlugin','2018-07-23 14:48:27','2018-09-08 12:52:58',NULL,24,1,0,'00BR'),
	(1207,0,'en','GraphSectionPlugin','2018-07-23 14:50:24','2018-09-24 13:09:05',NULL,26,1,3,'00BS'),
	(1208,0,'en','GraphCardPlugin','2018-07-23 14:51:56','2018-09-17 11:37:12',1207,26,2,0,'00BS0001'),
	(1209,1,'en','GraphCardPlugin','2018-07-23 14:53:05','2018-09-08 12:54:19',1207,26,2,0,'00BS0002'),
	(1210,2,'en','GraphCardPlugin','2018-07-23 14:57:00','2018-09-17 11:37:44',1207,26,2,0,'00BS0003'),
	(1211,1,'en','PartnersPlugin','2018-07-23 14:57:43','2018-09-08 12:55:39',NULL,26,1,4,'00BT'),
	(1212,0,'en','PartnersItemPlugin','2018-07-27 08:52:56','2018-09-08 12:57:59',1211,26,2,0,'00BT0001'),
	(1213,1,'en','PartnersItemPlugin','2018-07-27 08:52:56','2018-09-08 13:19:52',1211,26,2,0,'00BT0002'),
	(1214,2,'en','PartnersItemPlugin','2018-07-27 08:52:56','2018-09-08 13:21:15',1211,26,2,0,'00BT0003'),
	(1215,3,'en','PartnersItemPlugin','2018-07-27 08:52:56','2018-09-11 09:45:36',1211,26,2,0,'00BT0004'),
	(1216,2,'en','TimelinePlugin','2018-07-23 14:58:22','2018-09-08 13:24:16',NULL,26,1,6,'00BU'),
	(1217,0,'en','TimelineItemPlugin','2018-07-23 14:58:56','2018-09-08 13:27:58',1216,26,2,0,'00BU0001'),
	(1218,1,'en','TimelineItemPlugin','2018-07-23 14:59:35','2018-09-08 13:25:36',1216,26,2,0,'00BU0002'),
	(1219,2,'en','TimelineItemPlugin','2018-07-23 15:00:03','2018-09-08 13:26:01',1216,26,2,0,'00BU0003'),
	(1220,3,'en','TimelineItemPlugin','2018-07-23 15:01:48','2018-09-08 13:26:29',1216,26,2,0,'00BU0004'),
	(1221,4,'en','TimelineItemPlugin','2018-07-23 15:02:10','2018-09-08 13:27:13',1216,26,2,0,'00BU0005'),
	(1222,5,'en','TimelineItemPlugin','2018-07-23 15:02:31','2018-09-08 13:27:41',1216,26,2,0,'00BU0006'),
	(1223,3,'en','ContactPersonPlugin','2018-07-23 15:04:27','2019-01-07 15:35:56',NULL,26,1,0,'00BV'),
	(1224,0,'en','MainBannerPlugin','2018-07-23 15:05:32','2018-09-06 13:29:48',NULL,30,1,0,'00BW'),
	(1225,0,'en','CreateTeamPlugin','2018-07-23 15:06:31','2018-09-06 13:29:49',NULL,32,1,3,'00BX'),
	(1226,0,'en','CreateTeamCardPlugin','2018-07-23 15:06:57','2018-09-06 13:29:49',1225,32,2,0,'00BX0001'),
	(1227,1,'en','CreateTeamCardPlugin','2018-07-23 15:07:18','2018-09-06 13:29:49',1225,32,2,0,'00BX0002'),
	(1228,2,'en','CreateTeamCardPlugin','2018-07-23 15:07:48','2018-09-06 13:29:49',1225,32,2,0,'00BX0003'),
	(1229,1,'en','CoursePanelPlugin','2018-07-23 15:08:26','2018-09-06 13:29:49',NULL,32,1,0,'00BY'),
	(1230,2,'en','CourseLectorPlugin','2018-07-24 13:02:54','2018-09-06 13:29:49',NULL,32,1,0,'00BZ'),
	(1231,3,'en','AcaFriendPanelPlugin','2018-07-24 13:03:41','2018-09-06 13:29:49',NULL,32,1,2,'00C0'),
	(1232,0,'en','AcaFriendCardPlugin','2018-07-24 13:04:28','2018-09-06 13:29:49',1231,32,2,0,'00C00001'),
	(1233,1,'en','AcaFriendCardPlugin','2018-07-24 13:05:08','2018-09-06 13:29:49',1231,32,2,0,'00C00002'),
	(1234,4,'en','TimelinePlugin','2018-07-24 13:05:53','2018-09-06 13:29:50',NULL,32,1,5,'00C1'),
	(1235,0,'en','TimelineItemPlugin','2018-07-24 13:06:43','2018-09-06 13:29:50',1234,32,2,0,'00C10001'),
	(1236,1,'en','TimelineItemPlugin','2018-07-24 13:07:44','2018-09-06 13:29:50',1234,32,2,0,'00C10002'),
	(1237,2,'en','TimelineItemPlugin','2018-07-24 13:08:20','2018-09-06 13:29:50',1234,32,2,0,'00C10003'),
	(1238,3,'en','TimelineItemPlugin','2018-07-24 13:08:56','2018-09-06 13:29:50',1234,32,2,0,'00C10004'),
	(1239,4,'en','TimelineItemPlugin','2018-07-24 13:09:29','2018-09-06 13:29:50',1234,32,2,0,'00C10005'),
	(1240,5,'en','ContactPersonPlugin','2018-07-24 13:11:10','2018-09-06 13:29:51',NULL,32,1,0,'00C2'),
	(1241,0,'en','MainBannerPlugin','2018-07-24 12:52:29','2018-09-06 13:29:51',NULL,36,1,0,'00C3'),
	(1242,0,'en','AcardBenefitsPlugin','2018-07-24 12:53:54','2018-09-06 13:29:51',NULL,38,1,6,'00C4'),
	(1243,0,'en','AcardBenefitsItemPlugin','2018-07-24 12:54:35','2018-09-06 13:29:51',1242,38,2,0,'00C40001'),
	(1244,1,'en','AcardBenefitsItemPlugin','2018-07-24 12:55:29','2018-09-06 13:29:51',1242,38,2,0,'00C40002'),
	(1245,2,'en','AcardBenefitsItemPlugin','2018-07-27 07:24:20','2018-09-06 13:29:51',1242,38,2,0,'00C40003'),
	(1246,3,'en','AcardBenefitsItemPlugin','2018-07-30 09:24:59','2018-09-06 13:29:51',1242,38,2,0,'00C40004'),
	(1247,4,'en','AcardBenefitsItemPlugin','2018-07-30 09:29:57','2018-09-06 13:29:52',1242,38,2,0,'00C40005'),
	(1248,5,'en','AcardBenefitsItemPlugin','2018-07-30 09:33:05','2018-09-06 13:29:52',1242,38,2,0,'00C40006'),
	(1249,0,'en','MainBannerPlugin','2018-07-30 11:18:47','2018-09-06 13:29:52',NULL,51,1,0,'00C5'),
	(1250,0,'en','CourseEnrollFormPlugin','2018-07-30 11:21:02','2018-09-06 13:29:52',NULL,53,1,0,'00C6'),
	(1251,1,'en','TimelinePlugin','2018-07-30 11:21:24','2018-09-06 13:29:52',NULL,53,1,5,'00C7'),
	(1252,0,'en','TimelineItemPlugin','2018-07-30 11:22:29','2018-09-06 13:29:52',1251,53,2,0,'00C70001'),
	(1253,1,'en','TimelineItemPlugin','2018-07-30 11:23:57','2018-09-06 13:29:52',1251,53,2,0,'00C70002'),
	(1254,2,'en','TimelineItemPlugin','2018-07-30 11:24:28','2018-09-06 13:29:53',1251,53,2,0,'00C70003'),
	(1255,3,'en','TimelineItemPlugin','2018-07-30 11:24:57','2018-09-06 13:29:53',1251,53,2,0,'00C70004'),
	(1256,4,'en','TimelineItemPlugin','2018-07-30 11:25:45','2018-09-06 13:29:53',1251,53,2,0,'00C70005'),
	(1257,0,'en','MainBannerPlugin','2018-07-30 15:54:40','2018-09-06 13:29:53',NULL,57,1,0,'00C8'),
	(1258,0,'en','LoginPlugin','2018-07-30 15:55:53','2018-09-06 13:29:53',NULL,59,1,0,'00C9'),
	(1259,0,'en','MainBannerPlugin','2018-07-31 11:31:21','2018-09-06 13:29:53',NULL,63,1,0,'00CA'),
	(1260,0,'en','ThanksBannerPlugin','2018-07-31 11:31:59','2018-09-06 13:29:54',NULL,65,1,0,'00CB'),
	(1261,0,'ru','WorkElipsePlugin','2018-07-19 11:19:48','2018-10-22 09:25:06',NULL,3,1,0,'00CC'),
	(1262,1,'ru','ReviewPanelPlugin','2018-07-19 11:20:38','2018-10-22 09:26:10',NULL,3,1,0,'00CD'),
	(1263,2,'ru','CoursePanelPlugin','2018-07-19 11:30:10','2018-12-05 12:13:55',NULL,3,1,0,'00CE'),
	(1264,0,'ru','MainBannerPlugin','2018-07-19 11:31:38','2018-09-11 11:26:53',NULL,6,1,0,'00CF'),
	(1265,0,'ru','PositionSearchPlugin','2018-07-19 11:33:11','2018-10-29 14:14:00',NULL,8,1,0,'00CG'),
	(1266,1,'ru','QuotePlugin','2018-07-19 15:10:12','2019-01-07 15:43:15',NULL,8,1,0,'00CH'),
	(1267,2,'ru','BubblePanelPlugin','2018-07-19 15:10:30','2018-10-22 09:12:58',NULL,8,1,3,'00CI'),
	(1268,0,'ru','BubbleCardPlugin','2018-07-19 15:11:01','2019-03-19 15:48:15',1267,8,2,0,'00CI0001'),
	(1269,1,'ru','BubbleCardPlugin','2018-07-19 15:11:26','2019-03-19 15:49:21',1267,8,2,0,'00CI0002'),
	(1270,2,'ru','BubbleCardPlugin','2018-07-19 15:11:54','2019-03-19 15:57:30',1267,8,2,0,'00CI0003'),
	(1271,3,'ru','TimelinePlugin','2018-07-19 15:12:17','2018-10-22 09:14:13',NULL,8,1,9,'00CJ'),
	(1272,0,'ru','TimelineItemPlugin','2018-07-19 15:13:33','2018-09-11 11:58:08',1271,8,2,0,'00CJ0001'),
	(1273,1,'ru','TimelineItemPlugin','2018-07-19 15:13:54','2018-09-11 11:58:27',1271,8,2,0,'00CJ0002'),
	(1274,2,'ru','TimelineItemPlugin','2018-07-19 15:14:17','2018-09-11 11:58:46',1271,8,2,0,'00CJ0003'),
	(1275,3,'ru','TimelineItemPlugin','2018-07-19 15:14:41','2018-09-11 11:59:02',1271,8,2,0,'00CJ0004'),
	(1276,4,'ru','TimelineItemPlugin','2018-07-19 15:15:03','2018-09-11 11:59:19',1271,8,2,0,'00CJ0005'),
	(1277,5,'ru','TimelineItemPlugin','2018-07-19 15:15:21','2018-09-11 11:59:35',1271,8,2,0,'00CJ0006'),
	(1278,6,'ru','TimelineItemPlugin','2018-07-19 15:15:47','2018-09-11 12:01:49',1271,8,2,0,'00CJ0007'),
	(1279,7,'ru','TimelineItemPlugin','2018-07-19 15:16:05','2018-09-11 12:02:09',1271,8,2,0,'00CJ0008'),
	(1280,8,'ru','TimelineItemPlugin','2018-07-19 15:16:26','2018-09-11 12:04:41',1271,8,2,0,'00CJ0009'),
	(1281,4,'ru','AcaFriendPanelPlugin','2018-07-20 12:01:20','2018-09-11 12:10:06',NULL,8,1,3,'00CK'),
	(1282,0,'ru','AcaFriendCardPlugin','2018-07-20 12:02:06','2018-09-11 12:10:28',1281,8,2,0,'00CK0001'),
	(1283,1,'ru','AcaFriendCardPlugin','2018-07-20 12:03:14','2018-09-11 12:20:08',1281,8,2,0,'00CK0002'),
	(1284,2,'ru','AcaFriendCardPlugin','2018-07-20 12:04:08','2018-09-11 12:20:27',1281,8,2,0,'00CK0003'),
	(1285,5,'ru','ContactUsPlugin','2018-07-20 12:04:47','2019-03-19 15:43:04',NULL,8,1,0,'00CL'),
	(1286,0,'ru','MainBannerPlugin','2018-07-19 11:35:47','2018-10-22 09:04:04',NULL,12,1,0,'00CM'),
	(1287,0,'ru','CreateTeamPlugin','2018-07-19 11:37:01','2018-09-11 12:23:54',NULL,14,1,4,'00CN'),
	(1288,0,'ru','CreateTeamCardPlugin','2018-07-19 11:37:59','2018-09-11 12:24:22',1287,14,2,0,'00CN0001'),
	(1289,1,'ru','CreateTeamCardPlugin','2018-07-19 11:38:21','2018-09-11 12:24:55',1287,14,2,0,'00CN0002'),
	(1290,2,'ru','CreateTeamCardPlugin','2018-07-19 11:38:42','2018-09-11 12:25:22',1287,14,2,0,'00CN0003'),
	(1291,3,'ru','CreateTeamCardPlugin','2018-07-19 11:39:13','2018-09-11 12:46:14',1287,14,2,0,'00CN0004'),
	(1292,1,'ru','TeamGridPlugin','2018-07-19 11:39:54','2018-09-11 12:47:45',NULL,14,1,0,'00CO'),
	(1293,0,'ru','MainBannerPlugin','2018-07-19 11:55:18','2018-10-22 09:04:41',NULL,18,1,0,'00CP'),
	(1294,0,'ru','ContactGridPlugin','2018-07-19 11:56:17','2018-09-12 14:39:53',NULL,20,1,4,'00CQ'),
	(1295,2,'ru','ContactCardPlugin','2018-07-19 11:58:08','2018-10-22 09:06:01',1294,20,2,0,'00CQ0001'),
	(1296,0,'ru','ContactCardPlugin','2018-07-19 11:58:08','2018-10-22 09:05:06',1294,20,2,0,'00CQ0002'),
	(1297,1,'ru','ContactCardPlugin','2018-07-19 11:58:08','2018-10-22 09:05:40',1294,20,2,0,'00CQ0003'),
	(1298,3,'ru','ContactCardPlugin','2018-07-19 11:58:08','2018-10-22 09:06:33',1294,20,2,0,'00CQ0004'),
	(1299,1,'ru','ContactFormPlugin','2018-07-19 11:59:53','2018-10-22 09:07:30',NULL,20,1,0,'00CR'),
	(1300,2,'ru','MapPlugin','2018-07-19 12:00:46','2018-09-12 15:04:36',NULL,20,1,0,'00CS'),
	(1301,0,'ru','MainBannerPlugin','2018-07-23 14:48:27','2018-10-22 09:16:39',NULL,24,1,0,'00CT'),
	(1302,0,'ru','GraphSectionPlugin','2018-07-23 14:50:24','2018-11-19 11:25:03',NULL,26,1,3,'00CU'),
	(1303,0,'ru','GraphCardPlugin','2018-07-23 14:51:56','2018-10-22 09:16:53',1302,26,2,0,'00CU0001'),
	(1304,1,'ru','GraphCardPlugin','2018-07-23 14:53:05','2018-09-11 09:18:27',1302,26,2,0,'00CU0002'),
	(1305,2,'ru','GraphCardPlugin','2018-07-23 14:57:00','2018-10-22 09:19:40',1302,26,2,0,'00CU0003'),
	(1306,1,'ru','PartnersPlugin','2018-07-23 14:57:43','2018-09-11 09:30:15',NULL,26,1,4,'00CV'),
	(1307,0,'ru','PartnersItemPlugin','2018-07-27 08:52:56','2018-09-11 09:31:01',1306,26,2,0,'00CV0001'),
	(1308,1,'ru','PartnersItemPlugin','2018-07-27 08:52:56','2018-09-11 09:32:32',1306,26,2,0,'00CV0002'),
	(1309,2,'ru','PartnersItemPlugin','2018-07-27 08:52:56','2018-09-11 09:32:17',1306,26,2,0,'00CV0003'),
	(1310,3,'ru','PartnersItemPlugin','2018-07-27 08:52:56','2018-09-11 09:33:20',1306,26,2,0,'00CV0004'),
	(1311,2,'ru','TimelinePlugin','2018-07-23 14:58:22','2018-09-11 09:34:51',NULL,26,1,6,'00CW'),
	(1312,0,'ru','TimelineItemPlugin','2018-07-23 14:58:56','2018-09-11 11:05:12',1311,26,2,0,'00CW0001'),
	(1313,1,'ru','TimelineItemPlugin','2018-07-23 14:59:35','2018-09-11 11:05:36',1311,26,2,0,'00CW0002'),
	(1314,2,'ru','TimelineItemPlugin','2018-07-23 15:00:03','2018-09-11 11:05:58',1311,26,2,0,'00CW0003'),
	(1315,3,'ru','TimelineItemPlugin','2018-07-23 15:01:48','2018-09-11 11:06:17',1311,26,2,0,'00CW0004'),
	(1316,4,'ru','TimelineItemPlugin','2018-07-23 15:02:10','2018-09-11 11:23:43',1311,26,2,0,'00CW0005'),
	(1317,5,'ru','TimelineItemPlugin','2018-07-23 15:02:31','2018-09-11 11:24:03',1311,26,2,0,'00CW0006'),
	(1318,3,'ru','ContactPersonPlugin','2018-07-23 15:04:27','2019-01-07 15:38:21',NULL,26,1,0,'00CX'),
	(1319,0,'ru','MainBannerPlugin','2018-07-23 15:05:32','2018-11-27 14:55:58',NULL,30,1,0,'00CY'),
	(1320,0,'ru','CreateTeamPlugin','2018-07-23 15:06:31','2018-11-21 13:11:30',NULL,32,1,3,'00CZ'),
	(1321,0,'ru','CreateTeamCardPlugin','2018-07-23 15:06:57','2018-11-21 13:11:22',1320,32,2,0,'00CZ0001'),
	(1322,1,'ru','CreateTeamCardPlugin','2018-07-23 15:07:18','2018-11-21 13:17:33',1320,32,2,0,'00CZ0002'),
	(1323,2,'ru','CreateTeamCardPlugin','2018-07-23 15:07:48','2018-11-21 13:17:55',1320,32,2,0,'00CZ0003'),
	(1324,1,'ru','CoursePanelPlugin','2018-07-23 15:08:26','2018-12-12 11:54:01',NULL,32,1,0,'00D0'),
	(1325,2,'ru','CourseLectorPlugin','2018-07-24 13:02:54','2018-11-21 13:29:38',NULL,32,1,0,'00D1'),
	(1326,3,'ru','AcaFriendPanelPlugin','2018-07-24 13:03:41','2018-11-21 13:21:28',NULL,32,1,2,'00D2'),
	(1327,0,'ru','AcaFriendCardPlugin','2018-07-24 13:04:28','2018-11-27 14:58:57',1326,32,2,0,'00D20001'),
	(1328,1,'ru','AcaFriendCardPlugin','2018-07-24 13:05:08','2018-11-27 14:58:41',1326,32,2,0,'00D20002'),
	(1329,4,'ru','TimelinePlugin','2018-07-24 13:05:53','2018-11-21 13:24:53',NULL,32,1,5,'00D3'),
	(1330,0,'ru','TimelineItemPlugin','2018-07-24 13:06:43','2018-11-21 13:25:15',1329,32,2,0,'00D30001'),
	(1331,1,'ru','TimelineItemPlugin','2018-07-24 13:07:44','2018-11-21 13:25:40',1329,32,2,0,'00D30002'),
	(1332,2,'ru','TimelineItemPlugin','2018-07-24 13:08:20','2018-11-21 13:26:02',1329,32,2,0,'00D30003'),
	(1333,3,'ru','TimelineItemPlugin','2018-07-24 13:08:56','2018-11-21 13:26:46',1329,32,2,0,'00D30004'),
	(1334,4,'ru','TimelineItemPlugin','2018-07-24 13:09:29','2018-11-21 13:27:53',1329,32,2,0,'00D30005'),
	(1335,5,'ru','ContactPersonPlugin','2018-07-24 13:11:10','2018-12-12 12:22:13',NULL,32,1,0,'00D4'),
	(1336,0,'ru','MainBannerPlugin','2018-07-24 12:52:29','2018-09-06 13:31:16',NULL,36,1,0,'00D5'),
	(1337,0,'ru','AcardBenefitsPlugin','2018-07-24 12:53:54','2018-09-06 13:31:16',NULL,38,1,6,'00D6'),
	(1338,0,'ru','AcardBenefitsItemPlugin','2018-07-24 12:54:35','2018-09-06 13:31:16',1337,38,2,0,'00D60001'),
	(1339,1,'ru','AcardBenefitsItemPlugin','2018-07-24 12:55:29','2018-09-06 13:31:17',1337,38,2,0,'00D60002'),
	(1340,2,'ru','AcardBenefitsItemPlugin','2018-07-27 07:24:20','2018-09-06 13:31:17',1337,38,2,0,'00D60003'),
	(1341,3,'ru','AcardBenefitsItemPlugin','2018-07-30 09:24:59','2018-09-06 13:31:17',1337,38,2,0,'00D60004'),
	(1342,4,'ru','AcardBenefitsItemPlugin','2018-07-30 09:29:57','2018-09-06 13:31:17',1337,38,2,0,'00D60005'),
	(1343,5,'ru','AcardBenefitsItemPlugin','2018-07-30 09:33:05','2018-09-06 13:31:17',1337,38,2,0,'00D60006'),
	(1344,0,'ru','MainBannerPlugin','2018-07-30 11:18:47','2018-09-06 13:31:18',NULL,51,1,0,'00D7'),
	(1345,0,'ru','CourseEnrollFormPlugin','2018-07-30 11:21:02','2018-09-06 13:31:18',NULL,53,1,0,'00D8'),
	(1346,1,'ru','TimelinePlugin','2018-07-30 11:21:24','2018-09-06 13:31:18',NULL,53,1,5,'00D9'),
	(1347,0,'ru','TimelineItemPlugin','2018-07-30 11:22:29','2018-09-06 13:31:18',1346,53,2,0,'00D90001'),
	(1348,1,'ru','TimelineItemPlugin','2018-07-30 11:23:57','2018-09-06 13:31:18',1346,53,2,0,'00D90002'),
	(1349,2,'ru','TimelineItemPlugin','2018-07-30 11:24:28','2018-09-06 13:31:20',1346,53,2,0,'00D90003'),
	(1350,3,'ru','TimelineItemPlugin','2018-07-30 11:24:57','2018-09-06 13:31:20',1346,53,2,0,'00D90004'),
	(1351,4,'ru','TimelineItemPlugin','2018-07-30 11:25:45','2018-09-06 13:31:21',1346,53,2,0,'00D90005'),
	(1352,0,'ru','MainBannerPlugin','2018-07-30 15:54:40','2018-09-06 13:31:21',NULL,57,1,0,'00DA'),
	(1353,0,'ru','LoginPlugin','2018-07-30 15:55:53','2018-09-06 13:31:21',NULL,59,1,0,'00DB'),
	(1354,0,'ru','MainBannerPlugin','2018-07-31 11:31:21','2018-09-06 13:31:21',NULL,63,1,0,'00DC'),
	(1355,0,'ru','ThanksBannerPlugin','2018-07-31 11:31:59','2018-09-06 13:31:21',NULL,65,1,0,'00DD'),
	(3033,0,'en','MainBannerPlugin','2018-07-19 11:35:47','2018-09-13 10:10:05',NULL,15,1,0,'00JU'),
	(3034,0,'en','CreateTeamPlugin','2018-07-19 11:37:01','2018-09-13 10:10:05',NULL,17,1,4,'00JV'),
	(3035,0,'en','CreateTeamCardPlugin','2018-07-19 11:37:59','2018-09-13 10:10:05',3034,17,2,0,'00JV0001'),
	(3036,1,'en','CreateTeamCardPlugin','2018-07-19 11:38:21','2018-09-13 10:10:05',3034,17,2,0,'00JV0002'),
	(3037,2,'en','CreateTeamCardPlugin','2018-07-19 11:38:42','2018-09-13 10:10:05',3034,17,2,0,'00JV0003'),
	(3038,3,'en','CreateTeamCardPlugin','2018-07-19 11:39:13','2018-09-13 10:10:05',3034,17,2,0,'00JV0004'),
	(3039,1,'en','TeamGridPlugin','2018-07-19 11:39:54','2018-09-13 10:10:05',NULL,17,1,0,'00JW'),
	(3146,0,'en','MainBannerPlugin','2018-07-19 11:55:18','2018-09-13 10:16:12',NULL,21,1,0,'00KP'),
	(3147,0,'en','ContactGridPlugin','2018-07-19 11:56:17','2018-09-13 10:16:12',NULL,23,1,4,'00KQ'),
	(3148,2,'en','ContactCardPlugin','2018-07-19 11:58:08','2018-09-13 10:16:12',3147,23,2,0,'00KQ0001'),
	(3149,0,'en','ContactCardPlugin','2018-07-19 11:58:08','2018-09-13 10:16:12',3147,23,2,0,'00KQ0002'),
	(3150,1,'en','ContactCardPlugin','2018-07-19 11:58:08','2018-09-13 10:16:12',3147,23,2,0,'00KQ0003'),
	(3151,3,'en','ContactCardPlugin','2018-07-19 11:58:08','2018-09-13 10:16:12',3147,23,2,0,'00KQ0004'),
	(3152,1,'en','ContactFormPlugin','2018-07-19 11:59:53','2018-09-13 10:16:12',NULL,23,1,0,'00KR'),
	(3153,2,'en','MapPlugin','2018-07-19 12:00:46','2018-09-13 10:16:12',NULL,23,1,0,'00KS'),
	(3613,0,'ru','MainBannerPlugin','2018-07-19 11:35:47','2018-10-22 09:04:09',NULL,15,1,0,'00OS'),
	(3614,0,'ru','CreateTeamPlugin','2018-07-19 11:37:01','2018-10-22 09:04:09',NULL,17,1,4,'00OT'),
	(3615,0,'ru','CreateTeamCardPlugin','2018-07-19 11:37:59','2018-10-22 09:04:09',3614,17,2,0,'00OT0001'),
	(3616,1,'ru','CreateTeamCardPlugin','2018-07-19 11:38:21','2018-10-22 09:04:09',3614,17,2,0,'00OT0002'),
	(3617,2,'ru','CreateTeamCardPlugin','2018-07-19 11:38:42','2018-10-22 09:04:09',3614,17,2,0,'00OT0003'),
	(3618,3,'ru','CreateTeamCardPlugin','2018-07-19 11:39:13','2018-10-22 09:04:09',3614,17,2,0,'00OT0004'),
	(3619,1,'ru','TeamGridPlugin','2018-07-19 11:39:54','2018-10-22 09:04:09',NULL,17,1,0,'00OU'),
	(3668,0,'ru','MainBannerPlugin','2018-07-19 11:55:18','2018-10-22 09:07:37',NULL,21,1,0,'00OV'),
	(3669,0,'ru','ContactGridPlugin','2018-07-19 11:56:17','2018-10-22 09:07:37',NULL,23,1,4,'00OW'),
	(3670,2,'ru','ContactCardPlugin','2018-07-19 11:58:08','2018-10-22 09:07:37',3669,23,2,0,'00OW0001'),
	(3671,0,'ru','ContactCardPlugin','2018-07-19 11:58:08','2018-10-22 09:07:37',3669,23,2,0,'00OW0002'),
	(3672,1,'ru','ContactCardPlugin','2018-07-19 11:58:08','2018-10-22 09:07:37',3669,23,2,0,'00OW0003'),
	(3673,3,'ru','ContactCardPlugin','2018-07-19 11:58:08','2018-10-22 09:07:37',3669,23,2,0,'00OW0004'),
	(3674,1,'ru','ContactFormPlugin','2018-07-19 11:59:53','2018-10-22 09:07:37',NULL,23,1,0,'00OX'),
	(3675,2,'ru','MapPlugin','2018-07-19 12:00:46','2018-10-22 09:07:37',NULL,23,1,0,'00OY'),
	(4122,0,'en','MainBannerPlugin','2018-07-23 15:05:32','2018-11-14 10:08:44',NULL,33,1,0,'00SM'),
	(4123,0,'en','CreateTeamPlugin','2018-07-23 15:06:31','2018-11-14 10:08:44',NULL,35,1,3,'00SN'),
	(4124,0,'en','CreateTeamCardPlugin','2018-07-23 15:06:57','2018-11-14 10:08:44',4123,35,2,0,'00SN0001'),
	(4125,1,'en','CreateTeamCardPlugin','2018-07-23 15:07:18','2018-11-14 10:08:44',4123,35,2,0,'00SN0002'),
	(4126,2,'en','CreateTeamCardPlugin','2018-07-23 15:07:48','2018-11-14 10:08:44',4123,35,2,0,'00SN0003'),
	(4127,1,'en','CoursePanelPlugin','2018-07-23 15:08:26','2018-11-14 10:08:44',NULL,35,1,0,'00SO'),
	(4128,2,'en','CourseLectorPlugin','2018-07-24 13:02:54','2018-11-14 10:08:44',NULL,35,1,0,'00SP'),
	(4129,3,'en','AcaFriendPanelPlugin','2018-07-24 13:03:41','2018-11-14 10:08:44',NULL,35,1,2,'00SQ'),
	(4130,0,'en','AcaFriendCardPlugin','2018-07-24 13:04:28','2018-11-14 10:08:44',4129,35,2,0,'00SQ0001'),
	(4131,1,'en','AcaFriendCardPlugin','2018-07-24 13:05:08','2018-11-14 10:08:44',4129,35,2,0,'00SQ0002'),
	(4132,4,'en','TimelinePlugin','2018-07-24 13:05:53','2018-11-14 10:08:44',NULL,35,1,5,'00SR'),
	(4133,0,'en','TimelineItemPlugin','2018-07-24 13:06:43','2018-11-14 10:08:44',4132,35,2,0,'00SR0001'),
	(4134,1,'en','TimelineItemPlugin','2018-07-24 13:07:44','2018-11-14 10:08:44',4132,35,2,0,'00SR0002'),
	(4135,2,'en','TimelineItemPlugin','2018-07-24 13:08:20','2018-11-14 10:08:44',4132,35,2,0,'00SR0003'),
	(4136,3,'en','TimelineItemPlugin','2018-07-24 13:08:56','2018-11-14 10:08:44',4132,35,2,0,'00SR0004'),
	(4137,4,'en','TimelineItemPlugin','2018-07-24 13:09:29','2018-11-14 10:08:44',4132,35,2,0,'00SR0005'),
	(4138,5,'en','ContactPersonPlugin','2018-07-24 13:11:10','2018-11-14 10:08:44',NULL,35,1,0,'00SS'),
	(4145,0,'en','MainBannerPlugin','2018-07-19 11:05:10','2018-11-14 10:08:53',NULL,4,1,2,'00SX'),
	(4146,0,'en','MainBannerCardPlugin','2018-07-19 11:13:08','2018-11-14 10:08:53',4145,4,2,0,'00SX0001'),
	(4147,1,'en','MainBannerCardPlugin','2018-07-19 11:13:46','2018-11-14 10:08:53',4145,4,2,0,'00SX0002'),
	(4148,0,'en','WorkElipsePlugin','2018-07-19 11:19:48','2018-11-14 10:08:53',NULL,5,1,0,'00SY'),
	(4149,1,'en','ReviewPanelPlugin','2018-07-19 11:20:38','2018-11-14 10:08:53',NULL,5,1,0,'00SZ'),
	(4150,2,'en','CoursePanelPlugin','2018-07-19 11:30:10','2018-11-14 10:08:53',NULL,5,1,0,'00T0'),
	(4155,0,'cs','MainBannerPlugin','2018-11-14 14:14:07','2018-11-14 18:04:46',NULL,12,1,0,'00T5'),
	(4171,1,'cs','TeamGridPlugin','2018-11-14 14:38:31','2019-01-07 15:51:23',NULL,14,1,0,'00T6'),
	(4172,0,'cs','CreateTeamPlugin','2018-11-14 14:39:41','2018-11-14 18:05:16',NULL,14,1,4,'00T7'),
	(4173,0,'cs','CreateTeamCardPlugin','2018-11-14 14:43:27','2018-11-14 18:05:34',4172,14,2,0,'00T70001'),
	(4174,1,'cs','CreateTeamCardPlugin','2018-11-14 14:44:42','2018-11-14 18:05:46',4172,14,2,0,'00T70002'),
	(4175,2,'cs','CreateTeamCardPlugin','2018-11-14 14:46:13','2018-11-14 18:06:03',4172,14,2,0,'00T70003'),
	(4176,3,'cs','CreateTeamCardPlugin','2018-11-14 14:47:09','2018-11-14 18:06:21',4172,14,2,0,'00T70004'),
	(4215,0,'cs','MainBannerPlugin','2018-07-30 11:18:47','2018-11-19 11:15:28',NULL,54,1,0,'00TI'),
	(4216,0,'cs','CourseEnrollFormPlugin','2018-07-30 11:21:02','2018-11-19 11:15:28',NULL,56,1,0,'00TJ'),
	(4217,1,'cs','TimelinePlugin','2018-07-30 11:21:24','2018-11-19 11:15:28',NULL,56,1,5,'00TK'),
	(4218,0,'cs','TimelineItemPlugin','2018-07-30 11:22:29','2018-11-19 11:15:28',4217,56,2,0,'00TK0001'),
	(4219,1,'cs','TimelineItemPlugin','2018-07-30 11:23:57','2018-11-19 11:15:28',4217,56,2,0,'00TK0002'),
	(4220,2,'cs','TimelineItemPlugin','2018-07-30 11:24:28','2018-11-19 11:15:28',4217,56,2,0,'00TK0003'),
	(4221,3,'cs','TimelineItemPlugin','2018-07-30 11:24:57','2018-11-19 11:15:28',4217,56,2,0,'00TK0004'),
	(4222,4,'cs','TimelineItemPlugin','2018-07-30 11:25:45','2018-11-19 11:15:28',4217,56,2,0,'00TK0005'),
	(4515,0,'ru','MainBannerPlugin','2018-09-06 12:07:23','2018-12-05 12:13:57',NULL,4,1,0,'00UG'),
	(4516,0,'ru','WorkElipsePlugin','2018-07-19 11:19:48','2018-12-05 12:13:57',NULL,5,1,0,'00UH'),
	(4517,1,'ru','ReviewPanelPlugin','2018-07-19 11:20:38','2018-12-05 12:13:57',NULL,5,1,0,'00UI'),
	(4518,2,'ru','CoursePanelPlugin','2018-07-19 11:30:10','2018-12-05 12:13:58',NULL,5,1,0,'00UJ'),
	(4519,0,'ru','CourseBasicInfoPlugin','2018-12-05 12:16:19','2018-12-05 12:16:19',NULL,43,1,3,'00UK'),
	(4520,0,'ru','CourseBasicInfoCardPlugin','2018-12-05 12:16:49','2018-12-06 08:57:54',4519,43,2,0,'00UK0001'),
	(4521,1,'ru','CourseBasicInfoCardPlugin','2018-12-05 12:17:46','2018-12-05 12:17:46',4519,43,2,0,'00UK0002'),
	(4522,2,'ru','CourseBasicInfoCardPlugin','2018-12-05 12:18:01','2018-12-05 12:18:02',4519,43,2,0,'00UK0003'),
	(4523,1,'ru','CourseBonusPanelPlugin','2018-12-05 12:19:51','2018-12-05 12:19:51',NULL,43,1,4,'00UL'),
	(4524,0,'ru','CourseBonusCardPlugin','2018-12-05 12:20:48','2018-12-05 12:21:19',4523,43,2,0,'00UL0001'),
	(4525,1,'ru','CourseBonusCardPlugin','2018-12-05 12:21:50','2018-12-05 12:21:50',4523,43,2,0,'00UL0002'),
	(4526,2,'ru','CourseBonusCardPlugin','2018-12-05 12:22:20','2018-12-05 12:22:21',4523,43,2,0,'00UL0003'),
	(4527,3,'ru','CourseBonusCardPlugin','2018-12-06 08:44:19','2018-12-06 08:44:19',4523,43,2,0,'00UL0004'),
	(4528,2,'ru','CourseProgramPlugin','2018-12-06 08:45:29','2018-12-06 08:45:29',NULL,43,1,0,'00UM'),
	(4529,3,'ru','CourseTermListPlugin','2018-12-06 08:47:08','2018-12-12 11:21:53',NULL,43,1,0,'00UN'),
	(4530,4,'ru','ContactPersonPlugin','2018-12-06 08:55:04','2018-12-06 09:05:21',NULL,43,1,0,'00UO'),
	(4531,5,'ru','CoursePanelPlugin','2018-12-06 08:56:30','2018-12-06 08:56:57',NULL,43,1,0,'00UP'),
	(4566,0,'ru','CourseBasicInfoPlugin','2018-12-12 11:08:26','2018-12-12 11:08:26',NULL,45,1,3,'00UX'),
	(4567,0,'ru','CourseBasicInfoCardPlugin','2018-12-12 11:09:00','2018-12-12 11:09:00',4566,45,2,0,'00UX0001'),
	(4568,1,'ru','CourseBasicInfoCardPlugin','2018-12-12 11:09:33','2018-12-12 11:09:33',4566,45,2,0,'00UX0002'),
	(4569,2,'ru','CourseBasicInfoCardPlugin','2018-12-12 11:09:49','2018-12-12 11:09:49',4566,45,2,0,'00UX0003'),
	(4570,1,'ru','CourseBonusPanelPlugin','2018-12-12 11:11:47','2018-12-12 11:11:48',NULL,45,1,4,'00UY'),
	(4571,0,'ru','CourseBonusCardPlugin','2018-12-12 11:12:49','2018-12-12 11:12:49',4570,45,2,0,'00UY0001'),
	(4572,1,'ru','CourseBonusCardPlugin','2018-12-12 11:13:17','2018-12-12 11:13:17',4570,45,2,0,'00UY0002'),
	(4573,2,'ru','CourseBonusCardPlugin','2018-12-12 11:14:08','2018-12-12 11:14:08',4570,45,2,0,'00UY0003'),
	(4574,3,'ru','CourseBonusCardPlugin','2018-12-12 11:14:43','2018-12-12 11:14:43',4570,45,2,0,'00UY0004'),
	(4575,2,'ru','CourseProgramPlugin','2018-12-12 11:17:08','2018-12-12 11:17:08',NULL,45,1,0,'00UZ'),
	(4576,3,'ru','CourseTermListPlugin','2018-12-12 11:21:55','2018-12-12 11:22:09',NULL,45,1,0,'00V0'),
	(4577,4,'ru','ContactPersonPlugin','2018-12-12 11:25:47','2018-12-12 11:25:58',NULL,45,1,0,'00V1'),
	(4578,5,'ru','CoursePanelPlugin','2018-12-12 11:26:36','2018-12-12 11:27:12',NULL,45,1,0,'00V2'),
	(4596,0,'ru','CourseBasicInfoPlugin','2018-12-12 11:35:58','2018-12-12 11:35:58',NULL,47,1,3,'00VA'),
	(4597,0,'ru','CourseBasicInfoCardPlugin','2018-12-12 11:36:38','2018-12-12 11:36:38',4596,47,2,0,'00VA0001'),
	(4598,1,'ru','CourseBasicInfoCardPlugin','2018-12-12 11:36:54','2018-12-12 11:36:54',4596,47,2,0,'00VA0002'),
	(4599,2,'ru','CourseBasicInfoCardPlugin','2018-12-12 11:37:07','2018-12-12 11:37:07',4596,47,2,0,'00VA0003'),
	(4600,1,'ru','CourseBonusPanelPlugin','2018-12-12 11:37:26','2018-12-12 11:37:26',NULL,47,1,4,'00VB'),
	(4601,0,'ru','CourseBonusCardPlugin','2018-12-12 11:37:36','2018-12-12 11:37:36',4600,47,2,0,'00VB0001'),
	(4602,1,'ru','CourseBonusCardPlugin','2018-12-12 11:37:51','2018-12-12 11:37:51',4600,47,2,0,'00VB0002'),
	(4603,2,'ru','CourseBonusCardPlugin','2018-12-12 11:38:10','2018-12-12 11:38:10',4600,47,2,0,'00VB0003'),
	(4604,3,'ru','CourseBonusCardPlugin','2018-12-12 11:39:24','2018-12-12 11:39:24',4600,47,2,0,'00VB0004'),
	(4605,2,'ru','CourseProgramPlugin','2018-12-12 11:42:00','2018-12-12 11:42:00',NULL,47,1,0,'00VC'),
	(4606,3,'ru','CourseTermListPlugin','2018-12-12 11:44:10','2018-12-12 11:44:31',NULL,47,1,0,'00VD'),
	(4607,4,'ru','ContactPersonPlugin','2018-12-12 11:50:00','2018-12-12 11:50:00',NULL,47,1,0,'00VE'),
	(4608,5,'ru','CoursePanelPlugin','2018-12-12 11:51:56','2018-12-12 11:51:56',NULL,47,1,0,'00VF'),
	(4626,0,'ru','CourseBasicInfoPlugin','2018-12-12 11:54:59','2018-12-12 11:54:59',NULL,49,1,3,'00VN'),
	(4627,0,'ru','CourseBasicInfoCardPlugin','2018-12-12 11:55:49','2018-12-12 11:55:49',4626,49,2,0,'00VN0001'),
	(4628,1,'ru','CourseBasicInfoCardPlugin','2018-12-12 11:56:06','2018-12-12 11:56:06',4626,49,2,0,'00VN0002'),
	(4629,2,'ru','CourseBasicInfoCardPlugin','2018-12-12 11:59:01','2018-12-12 11:59:01',4626,49,2,0,'00VN0003'),
	(4630,1,'ru','CourseBonusPanelPlugin','2018-12-12 11:59:38','2018-12-12 11:59:38',NULL,49,1,4,'00VO'),
	(4631,0,'ru','CourseBonusCardPlugin','2018-12-12 12:00:12','2018-12-12 12:00:12',4630,49,2,0,'00VO0001'),
	(4632,1,'ru','CourseBonusCardPlugin','2018-12-12 12:00:54','2018-12-12 12:00:54',4630,49,2,0,'00VO0002'),
	(4633,2,'ru','CourseBonusCardPlugin','2018-12-12 12:01:30','2018-12-12 12:01:30',4630,49,2,0,'00VO0003'),
	(4634,3,'ru','CourseBonusCardPlugin','2018-12-12 12:02:01','2018-12-12 12:02:01',4630,49,2,0,'00VO0004'),
	(4635,2,'ru','CourseProgramPlugin','2018-12-12 12:07:42','2018-12-12 12:07:42',NULL,49,1,0,'00VP'),
	(4636,3,'ru','CourseGenericRegistrationPlugin','2018-12-12 12:09:46','2018-12-12 12:09:46',NULL,49,1,0,'00VQ'),
	(4637,4,'ru','ContactPersonPlugin','2018-12-12 12:12:29','2018-12-12 12:12:50',NULL,49,1,0,'00VR'),
	(4638,5,'ru','CoursePanelPlugin','2018-12-12 12:13:32','2018-12-12 12:13:33',NULL,49,1,0,'00VS'),
	(4639,0,'ru','MainBannerPlugin','2018-07-23 15:05:32','2018-12-12 12:22:15',NULL,33,1,0,'00VT'),
	(4640,0,'ru','CreateTeamPlugin','2018-07-23 15:06:31','2018-12-12 12:22:15',NULL,35,1,3,'00VU'),
	(4641,0,'ru','CreateTeamCardPlugin','2018-07-23 15:06:57','2018-12-12 12:22:15',4640,35,2,0,'00VU0001'),
	(4642,1,'ru','CreateTeamCardPlugin','2018-07-23 15:07:18','2018-12-12 12:22:15',4640,35,2,0,'00VU0002'),
	(4643,2,'ru','CreateTeamCardPlugin','2018-07-23 15:07:48','2018-12-12 12:22:15',4640,35,2,0,'00VU0003'),
	(4644,1,'ru','CoursePanelPlugin','2018-07-23 15:08:26','2018-12-12 12:22:15',NULL,35,1,0,'00VV'),
	(4645,2,'ru','CourseLectorPlugin','2018-07-24 13:02:54','2018-12-12 12:22:15',NULL,35,1,0,'00VW'),
	(4646,3,'ru','AcaFriendPanelPlugin','2018-07-24 13:03:41','2018-12-12 12:22:15',NULL,35,1,2,'00VX'),
	(4647,0,'ru','AcaFriendCardPlugin','2018-07-24 13:04:28','2018-12-12 12:22:15',4646,35,2,0,'00VX0001'),
	(4648,1,'ru','AcaFriendCardPlugin','2018-07-24 13:05:08','2018-12-12 12:22:15',4646,35,2,0,'00VX0002'),
	(4649,4,'ru','TimelinePlugin','2018-07-24 13:05:53','2018-12-12 12:22:15',NULL,35,1,5,'00VY'),
	(4650,0,'ru','TimelineItemPlugin','2018-07-24 13:06:43','2018-12-12 12:22:15',4649,35,2,0,'00VY0001'),
	(4651,1,'ru','TimelineItemPlugin','2018-07-24 13:07:44','2018-12-12 12:22:15',4649,35,2,0,'00VY0002'),
	(4652,2,'ru','TimelineItemPlugin','2018-07-24 13:08:20','2018-12-12 12:22:15',4649,35,2,0,'00VY0003'),
	(4653,3,'ru','TimelineItemPlugin','2018-07-24 13:08:56','2018-12-12 12:22:15',4649,35,2,0,'00VY0004'),
	(4654,4,'ru','TimelineItemPlugin','2018-07-24 13:09:29','2018-12-12 12:22:15',4649,35,2,0,'00VY0005'),
	(4655,5,'ru','ContactPersonPlugin','2018-07-24 13:11:10','2018-12-12 12:22:15',NULL,35,1,0,'00VZ'),
	(4752,0,'cs','MainBannerPlugin','2018-07-23 14:48:27','2019-01-07 15:33:32',NULL,27,1,0,'00WE'),
	(4753,0,'cs','GraphSectionPlugin','2018-07-23 14:50:24','2019-01-07 15:33:32',NULL,29,1,3,'00WF'),
	(4754,0,'cs','GraphCardPlugin','2018-07-23 14:51:56','2019-01-07 15:33:32',4753,29,2,0,'00WF0001'),
	(4755,1,'cs','GraphCardPlugin','2018-07-23 14:53:05','2019-01-07 15:33:32',4753,29,2,0,'00WF0002'),
	(4756,2,'cs','GraphCardPlugin','2018-07-23 14:57:00','2019-01-07 15:33:32',4753,29,2,0,'00WF0003'),
	(4757,1,'cs','PartnersPlugin','2018-07-23 14:57:43','2019-01-07 15:33:32',NULL,29,1,4,'00WG'),
	(4758,0,'cs','PartnersItemPlugin','2018-07-27 08:52:56','2019-01-07 15:33:32',4757,29,2,0,'00WG0001'),
	(4759,1,'cs','PartnersItemPlugin','2018-07-27 08:52:56','2019-01-07 15:33:32',4757,29,2,0,'00WG0002'),
	(4760,2,'cs','PartnersItemPlugin','2018-07-27 08:52:56','2019-01-07 15:33:32',4757,29,2,0,'00WG0003'),
	(4761,3,'cs','PartnersItemPlugin','2018-07-27 08:52:56','2019-01-07 15:33:32',4757,29,2,0,'00WG0004'),
	(4762,2,'cs','TimelinePlugin','2018-07-23 14:58:22','2019-01-07 15:33:32',NULL,29,1,6,'00WH'),
	(4763,0,'cs','TimelineItemPlugin','2018-07-23 14:58:56','2019-01-07 15:33:32',4762,29,2,0,'00WH0001'),
	(4764,1,'cs','TimelineItemPlugin','2018-07-23 14:59:35','2019-01-07 15:33:32',4762,29,2,0,'00WH0002'),
	(4765,2,'cs','TimelineItemPlugin','2018-07-23 15:00:03','2019-01-07 15:33:32',4762,29,2,0,'00WH0003'),
	(4766,3,'cs','TimelineItemPlugin','2018-07-23 15:01:48','2019-01-07 15:33:32',4762,29,2,0,'00WH0004'),
	(4767,4,'cs','TimelineItemPlugin','2018-07-23 15:02:10','2019-01-07 15:33:32',4762,29,2,0,'00WH0005'),
	(4768,5,'cs','TimelineItemPlugin','2018-07-23 15:02:31','2019-01-07 15:33:33',4762,29,2,0,'00WH0006'),
	(4769,3,'cs','ContactPersonPlugin','2018-07-23 15:04:27','2019-01-07 15:33:33',NULL,29,1,0,'00WI'),
	(4770,0,'en','MainBannerPlugin','2018-07-23 14:48:27','2019-01-07 15:35:59',NULL,27,1,0,'00WJ'),
	(4771,0,'en','GraphSectionPlugin','2018-07-23 14:50:24','2019-01-07 15:35:59',NULL,29,1,3,'00WK'),
	(4772,0,'en','GraphCardPlugin','2018-07-23 14:51:56','2019-01-07 15:35:59',4771,29,2,0,'00WK0001'),
	(4773,1,'en','GraphCardPlugin','2018-07-23 14:53:05','2019-01-07 15:35:59',4771,29,2,0,'00WK0002'),
	(4774,2,'en','GraphCardPlugin','2018-07-23 14:57:00','2019-01-07 15:35:59',4771,29,2,0,'00WK0003'),
	(4775,1,'en','PartnersPlugin','2018-07-23 14:57:43','2019-01-07 15:35:59',NULL,29,1,4,'00WL'),
	(4776,0,'en','PartnersItemPlugin','2018-07-27 08:52:56','2019-01-07 15:35:59',4775,29,2,0,'00WL0001'),
	(4777,1,'en','PartnersItemPlugin','2018-07-27 08:52:56','2019-01-07 15:35:59',4775,29,2,0,'00WL0002'),
	(4778,2,'en','PartnersItemPlugin','2018-07-27 08:52:56','2019-01-07 15:35:59',4775,29,2,0,'00WL0003'),
	(4779,3,'en','PartnersItemPlugin','2018-07-27 08:52:56','2019-01-07 15:35:59',4775,29,2,0,'00WL0004'),
	(4780,2,'en','TimelinePlugin','2018-07-23 14:58:22','2019-01-07 15:35:59',NULL,29,1,6,'00WM'),
	(4781,0,'en','TimelineItemPlugin','2018-07-23 14:58:56','2019-01-07 15:35:59',4780,29,2,0,'00WM0001'),
	(4782,1,'en','TimelineItemPlugin','2018-07-23 14:59:35','2019-01-07 15:35:59',4780,29,2,0,'00WM0002'),
	(4783,2,'en','TimelineItemPlugin','2018-07-23 15:00:03','2019-01-07 15:35:59',4780,29,2,0,'00WM0003'),
	(4784,3,'en','TimelineItemPlugin','2018-07-23 15:01:48','2019-01-07 15:35:59',4780,29,2,0,'00WM0004'),
	(4785,4,'en','TimelineItemPlugin','2018-07-23 15:02:10','2019-01-07 15:35:59',4780,29,2,0,'00WM0005'),
	(4786,5,'en','TimelineItemPlugin','2018-07-23 15:02:31','2019-01-07 15:35:59',4780,29,2,0,'00WM0006'),
	(4787,3,'en','ContactPersonPlugin','2018-07-23 15:04:27','2019-01-07 15:35:59',NULL,29,1,0,'00WN'),
	(4788,0,'ru','MainBannerPlugin','2018-07-23 14:48:27','2019-01-07 15:38:27',NULL,27,1,0,'00WO'),
	(4789,0,'ru','GraphSectionPlugin','2018-07-23 14:50:24','2019-01-07 15:38:27',NULL,29,1,3,'00WP'),
	(4790,0,'ru','GraphCardPlugin','2018-07-23 14:51:56','2019-01-07 15:38:27',4789,29,2,0,'00WP0001'),
	(4791,1,'ru','GraphCardPlugin','2018-07-23 14:53:05','2019-01-07 15:38:27',4789,29,2,0,'00WP0002'),
	(4792,2,'ru','GraphCardPlugin','2018-07-23 14:57:00','2019-01-07 15:38:27',4789,29,2,0,'00WP0003'),
	(4793,1,'ru','PartnersPlugin','2018-07-23 14:57:43','2019-01-07 15:38:27',NULL,29,1,4,'00WQ'),
	(4794,0,'ru','PartnersItemPlugin','2018-07-27 08:52:56','2019-01-07 15:38:27',4793,29,2,0,'00WQ0001'),
	(4795,1,'ru','PartnersItemPlugin','2018-07-27 08:52:56','2019-01-07 15:38:27',4793,29,2,0,'00WQ0002'),
	(4796,2,'ru','PartnersItemPlugin','2018-07-27 08:52:56','2019-01-07 15:38:27',4793,29,2,0,'00WQ0003'),
	(4797,3,'ru','PartnersItemPlugin','2018-07-27 08:52:56','2019-01-07 15:38:27',4793,29,2,0,'00WQ0004'),
	(4798,2,'ru','TimelinePlugin','2018-07-23 14:58:22','2019-01-07 15:38:27',NULL,29,1,6,'00WR'),
	(4799,0,'ru','TimelineItemPlugin','2018-07-23 14:58:56','2019-01-07 15:38:27',4798,29,2,0,'00WR0001'),
	(4800,1,'ru','TimelineItemPlugin','2018-07-23 14:59:35','2019-01-07 15:38:27',4798,29,2,0,'00WR0002'),
	(4801,2,'ru','TimelineItemPlugin','2018-07-23 15:00:03','2019-01-07 15:38:27',4798,29,2,0,'00WR0003'),
	(4802,3,'ru','TimelineItemPlugin','2018-07-23 15:01:48','2019-01-07 15:38:27',4798,29,2,0,'00WR0004'),
	(4803,4,'ru','TimelineItemPlugin','2018-07-23 15:02:10','2019-01-07 15:38:27',4798,29,2,0,'00WR0005'),
	(4804,5,'ru','TimelineItemPlugin','2018-07-23 15:02:31','2019-01-07 15:38:27',4798,29,2,0,'00WR0006'),
	(4805,3,'ru','ContactPersonPlugin','2018-07-23 15:04:27','2019-01-07 15:38:27',NULL,29,1,0,'00WS'),
	(4806,0,'cs','MainBannerPlugin','2018-07-19 11:31:38','2019-01-07 15:40:48',NULL,9,1,0,'00WT'),
	(4807,0,'cs','PositionSearchPlugin','2018-07-19 11:33:11','2019-01-07 15:40:48',NULL,11,1,0,'00WU'),
	(4808,1,'cs','QuotePlugin','2018-07-19 15:10:12','2019-01-07 15:40:48',NULL,11,1,0,'00WV'),
	(4809,2,'cs','BubblePanelPlugin','2018-07-19 15:10:30','2019-01-07 15:40:48',NULL,11,1,3,'00WW'),
	(4810,0,'cs','BubbleCardPlugin','2018-07-19 15:11:01','2019-01-07 15:40:48',4809,11,2,0,'00WW0001'),
	(4811,1,'cs','BubbleCardPlugin','2018-07-19 15:11:26','2019-01-07 15:40:48',4809,11,2,0,'00WW0002'),
	(4812,2,'cs','BubbleCardPlugin','2018-07-19 15:11:54','2019-01-07 15:40:48',4809,11,2,0,'00WW0003'),
	(4813,3,'cs','TimelinePlugin','2018-07-19 15:12:17','2019-01-07 15:40:48',NULL,11,1,9,'00WX'),
	(4814,0,'cs','TimelineItemPlugin','2018-07-19 15:13:33','2019-01-07 15:40:48',4813,11,2,0,'00WX0001'),
	(4815,1,'cs','TimelineItemPlugin','2018-07-19 15:13:54','2019-01-07 15:40:48',4813,11,2,0,'00WX0002'),
	(4816,2,'cs','TimelineItemPlugin','2018-07-19 15:14:17','2019-01-07 15:40:48',4813,11,2,0,'00WX0003'),
	(4817,3,'cs','TimelineItemPlugin','2018-07-19 15:14:41','2019-01-07 15:40:48',4813,11,2,0,'00WX0004'),
	(4818,4,'cs','TimelineItemPlugin','2018-07-19 15:15:03','2019-01-07 15:40:48',4813,11,2,0,'00WX0005'),
	(4819,5,'cs','TimelineItemPlugin','2018-07-19 15:15:21','2019-01-07 15:40:48',4813,11,2,0,'00WX0006'),
	(4820,6,'cs','TimelineItemPlugin','2018-07-19 15:15:47','2019-01-07 15:40:48',4813,11,2,0,'00WX0007'),
	(4821,7,'cs','TimelineItemPlugin','2018-07-19 15:16:05','2019-01-07 15:40:48',4813,11,2,0,'00WX0008'),
	(4822,8,'cs','TimelineItemPlugin','2018-07-19 15:16:26','2019-01-07 15:40:48',4813,11,2,0,'00WX0009'),
	(4823,4,'cs','AcaFriendPanelPlugin','2018-07-20 12:01:20','2019-01-07 15:40:48',NULL,11,1,3,'00WY'),
	(4824,0,'cs','AcaFriendCardPlugin','2018-07-20 12:02:06','2019-01-07 15:40:48',4823,11,2,0,'00WY0001'),
	(4825,1,'cs','AcaFriendCardPlugin','2018-07-20 12:03:14','2019-01-07 15:40:48',4823,11,2,0,'00WY0002'),
	(4826,2,'cs','AcaFriendCardPlugin','2018-07-20 12:04:08','2019-01-07 15:40:48',4823,11,2,0,'00WY0003'),
	(4827,5,'cs','ContactUsPlugin','2018-07-20 12:04:47','2019-01-07 15:40:48',NULL,11,1,0,'00WZ'),
	(4828,0,'en','MainBannerPlugin','2018-07-19 11:31:38','2019-01-07 15:41:23',NULL,9,1,0,'00X0'),
	(4829,0,'en','PositionSearchPlugin','2018-07-19 11:33:11','2019-01-07 15:41:23',NULL,11,1,0,'00X1'),
	(4830,1,'en','QuotePlugin','2018-07-19 15:10:12','2019-01-07 15:41:23',NULL,11,1,0,'00X2'),
	(4831,2,'en','BubblePanelPlugin','2018-07-19 15:10:30','2019-01-07 15:41:23',NULL,11,1,3,'00X3'),
	(4832,0,'en','BubbleCardPlugin','2018-07-19 15:11:01','2019-01-07 15:41:23',4831,11,2,0,'00X30001'),
	(4833,1,'en','BubbleCardPlugin','2018-07-19 15:11:26','2019-01-07 15:41:23',4831,11,2,0,'00X30002'),
	(4834,2,'en','BubbleCardPlugin','2018-07-19 15:11:54','2019-01-07 15:41:23',4831,11,2,0,'00X30003'),
	(4835,3,'en','TimelinePlugin','2018-07-19 15:12:17','2019-01-07 15:41:23',NULL,11,1,9,'00X4'),
	(4836,0,'en','TimelineItemPlugin','2018-07-19 15:13:33','2019-01-07 15:41:23',4835,11,2,0,'00X40001'),
	(4837,1,'en','TimelineItemPlugin','2018-07-19 15:13:54','2019-01-07 15:41:23',4835,11,2,0,'00X40002'),
	(4838,2,'en','TimelineItemPlugin','2018-07-19 15:14:17','2019-01-07 15:41:23',4835,11,2,0,'00X40003'),
	(4839,3,'en','TimelineItemPlugin','2018-07-19 15:14:41','2019-01-07 15:41:23',4835,11,2,0,'00X40004'),
	(4840,4,'en','TimelineItemPlugin','2018-07-19 15:15:03','2019-01-07 15:41:23',4835,11,2,0,'00X40005'),
	(4841,5,'en','TimelineItemPlugin','2018-07-19 15:15:21','2019-01-07 15:41:23',4835,11,2,0,'00X40006'),
	(4842,6,'en','TimelineItemPlugin','2018-07-19 15:15:47','2019-01-07 15:41:23',4835,11,2,0,'00X40007'),
	(4843,7,'en','TimelineItemPlugin','2018-07-19 15:16:05','2019-01-07 15:41:23',4835,11,2,0,'00X40008'),
	(4844,8,'en','TimelineItemPlugin','2018-07-19 15:16:26','2019-01-07 15:41:23',4835,11,2,0,'00X40009'),
	(4845,4,'en','AcaFriendPanelPlugin','2018-07-20 12:01:20','2019-01-07 15:41:23',NULL,11,1,3,'00X5'),
	(4846,0,'en','AcaFriendCardPlugin','2018-07-20 12:02:06','2019-01-07 15:41:23',4845,11,2,0,'00X50001'),
	(4847,1,'en','AcaFriendCardPlugin','2018-07-20 12:03:14','2019-01-07 15:41:23',4845,11,2,0,'00X50002'),
	(4848,2,'en','AcaFriendCardPlugin','2018-07-20 12:04:08','2019-01-07 15:41:23',4845,11,2,0,'00X50003'),
	(4849,5,'en','ContactUsPlugin','2018-07-20 12:04:47','2019-01-07 15:41:23',NULL,11,1,0,'00X6'),
	(4894,0,'cs','MainBannerPlugin','2018-11-14 14:14:07','2019-01-07 15:54:37',NULL,15,1,0,'00XE'),
	(4895,1,'cs','TeamGridPlugin','2018-11-14 14:38:31','2019-01-07 15:54:37',NULL,17,1,0,'00XF'),
	(4896,0,'cs','CreateTeamPlugin','2018-11-14 14:39:41','2019-01-07 15:54:37',NULL,17,1,4,'00XG'),
	(4897,0,'cs','CreateTeamCardPlugin','2018-11-14 14:43:27','2019-01-07 15:54:37',4896,17,2,0,'00XG0001'),
	(4898,1,'cs','CreateTeamCardPlugin','2018-11-14 14:44:42','2019-01-07 15:54:37',4896,17,2,0,'00XG0002'),
	(4899,2,'cs','CreateTeamCardPlugin','2018-11-14 14:46:13','2019-01-07 15:54:37',4896,17,2,0,'00XG0003'),
	(4900,3,'cs','CreateTeamCardPlugin','2018-11-14 14:47:09','2019-01-07 15:54:37',4896,17,2,0,'00XG0004'),
	(4901,0,'cs','MainBannerPlugin','2018-07-23 15:05:32','2019-01-14 10:21:17',NULL,33,1,0,'00XH'),
	(4902,0,'cs','CreateTeamPlugin','2018-07-23 15:06:31','2019-01-14 10:21:17',NULL,35,1,3,'00XI'),
	(4903,0,'cs','CreateTeamCardPlugin','2018-07-23 15:06:57','2019-01-14 10:21:17',4902,35,2,0,'00XI0001'),
	(4904,1,'cs','CreateTeamCardPlugin','2018-07-23 15:07:18','2019-01-14 10:21:17',4902,35,2,0,'00XI0002'),
	(4905,2,'cs','CreateTeamCardPlugin','2018-07-23 15:07:48','2019-01-14 10:21:18',4902,35,2,0,'00XI0003'),
	(4906,1,'cs','CoursePanelPlugin','2018-07-23 15:08:26','2019-01-14 10:21:18',NULL,35,1,0,'00XJ'),
	(4907,2,'cs','CourseLectorPlugin','2018-07-24 13:02:54','2019-01-14 10:21:18',NULL,35,1,0,'00XK'),
	(4908,3,'cs','AcaFriendPanelPlugin','2018-07-24 13:03:41','2019-01-14 10:21:18',NULL,35,1,2,'00XL'),
	(4909,0,'cs','AcaFriendCardPlugin','2018-07-24 13:04:28','2019-01-14 10:21:18',4908,35,2,0,'00XL0001'),
	(4910,1,'cs','AcaFriendCardPlugin','2018-07-24 13:05:08','2019-01-14 10:21:18',4908,35,2,0,'00XL0002'),
	(4911,4,'cs','TimelinePlugin','2018-07-24 13:05:53','2019-01-14 10:21:18',NULL,35,1,5,'00XM'),
	(4912,0,'cs','TimelineItemPlugin','2018-07-24 13:06:43','2019-01-14 10:21:18',4911,35,2,0,'00XM0001'),
	(4913,1,'cs','TimelineItemPlugin','2018-07-24 13:07:44','2019-01-14 10:21:18',4911,35,2,0,'00XM0002'),
	(4914,2,'cs','TimelineItemPlugin','2018-07-24 13:08:20','2019-01-14 10:21:18',4911,35,2,0,'00XM0003'),
	(4915,3,'cs','TimelineItemPlugin','2018-07-24 13:08:56','2019-01-14 10:21:18',4911,35,2,0,'00XM0004'),
	(4916,4,'cs','TimelineItemPlugin','2018-07-24 13:09:29','2019-01-14 10:21:18',4911,35,2,0,'00XM0005'),
	(4917,5,'cs','ContactPersonPlugin','2018-07-24 13:11:10','2019-01-14 10:21:18',NULL,35,1,0,'00XN'),
	(4918,3,'cs','CourseTermListPlugin','2019-01-16 13:35:05','2019-01-16 13:35:05',NULL,49,1,0,'00XO'),
	(4919,0,'cs','MainBannerPlugin','2018-07-19 11:55:18','2019-02-08 15:55:51',NULL,21,1,0,'00XP'),
	(4920,0,'cs','ContactGridPlugin','2018-07-19 11:56:17','2019-02-08 15:55:51',NULL,23,1,4,'00XQ'),
	(4921,2,'cs','ContactCardPlugin','2018-07-19 11:58:08','2019-02-08 15:55:51',4920,23,2,0,'00XQ0001'),
	(4922,0,'cs','ContactCardPlugin','2018-07-19 11:58:08','2019-02-08 15:55:51',4920,23,2,0,'00XQ0002'),
	(4923,1,'cs','ContactCardPlugin','2018-07-19 11:58:08','2019-02-08 15:55:51',4920,23,2,0,'00XQ0003'),
	(4924,3,'cs','ContactCardPlugin','2018-07-19 11:58:08','2019-02-08 15:55:51',4920,23,2,0,'00XQ0004'),
	(4925,1,'cs','ContactFormPlugin','2018-07-19 11:59:53','2019-02-08 15:55:51',NULL,23,1,0,'00XR'),
	(4926,2,'cs','MapPlugin','2018-07-19 12:00:46','2019-02-08 15:55:51',NULL,23,1,0,'00XS'),
	(4949,0,'ru','MainBannerPlugin','2018-07-19 11:31:38','2019-03-19 15:57:34',NULL,9,1,0,'00XT'),
	(4950,0,'ru','PositionSearchPlugin','2018-07-19 11:33:11','2019-03-19 15:57:34',NULL,11,1,0,'00XU'),
	(4951,1,'ru','QuotePlugin','2018-07-19 15:10:12','2019-03-19 15:57:34',NULL,11,1,0,'00XV'),
	(4952,2,'ru','BubblePanelPlugin','2018-07-19 15:10:30','2019-03-19 15:57:34',NULL,11,1,3,'00XW'),
	(4953,0,'ru','BubbleCardPlugin','2018-07-19 15:11:01','2019-03-19 15:57:34',4952,11,2,0,'00XW0001'),
	(4954,1,'ru','BubbleCardPlugin','2018-07-19 15:11:26','2019-03-19 15:57:34',4952,11,2,0,'00XW0002'),
	(4955,2,'ru','BubbleCardPlugin','2018-07-19 15:11:54','2019-03-19 15:57:34',4952,11,2,0,'00XW0003'),
	(4956,3,'ru','TimelinePlugin','2018-07-19 15:12:17','2019-03-19 15:57:34',NULL,11,1,9,'00XX'),
	(4957,0,'ru','TimelineItemPlugin','2018-07-19 15:13:33','2019-03-19 15:57:34',4956,11,2,0,'00XX0001'),
	(4958,1,'ru','TimelineItemPlugin','2018-07-19 15:13:54','2019-03-19 15:57:34',4956,11,2,0,'00XX0002'),
	(4959,2,'ru','TimelineItemPlugin','2018-07-19 15:14:17','2019-03-19 15:57:34',4956,11,2,0,'00XX0003'),
	(4960,3,'ru','TimelineItemPlugin','2018-07-19 15:14:41','2019-03-19 15:57:34',4956,11,2,0,'00XX0004'),
	(4961,4,'ru','TimelineItemPlugin','2018-07-19 15:15:03','2019-03-19 15:57:34',4956,11,2,0,'00XX0005'),
	(4962,5,'ru','TimelineItemPlugin','2018-07-19 15:15:21','2019-03-19 15:57:34',4956,11,2,0,'00XX0006'),
	(4963,6,'ru','TimelineItemPlugin','2018-07-19 15:15:47','2019-03-19 15:57:34',4956,11,2,0,'00XX0007'),
	(4964,7,'ru','TimelineItemPlugin','2018-07-19 15:16:05','2019-03-19 15:57:34',4956,11,2,0,'00XX0008'),
	(4965,8,'ru','TimelineItemPlugin','2018-07-19 15:16:26','2019-03-19 15:57:34',4956,11,2,0,'00XX0009'),
	(4966,4,'ru','AcaFriendPanelPlugin','2018-07-20 12:01:20','2019-03-19 15:57:34',NULL,11,1,3,'00XY'),
	(4967,0,'ru','AcaFriendCardPlugin','2018-07-20 12:02:06','2019-03-19 15:57:34',4966,11,2,0,'00XY0001'),
	(4968,1,'ru','AcaFriendCardPlugin','2018-07-20 12:03:14','2019-03-19 15:57:34',4966,11,2,0,'00XY0002'),
	(4969,2,'ru','AcaFriendCardPlugin','2018-07-20 12:04:08','2019-03-19 15:57:34',4966,11,2,0,'00XY0003'),
	(4970,5,'ru','ContactUsPlugin','2018-07-20 12:04:47','2019-03-19 15:57:34',NULL,11,1,0,'00XZ'),
	(4983,0,'cs','MainBannerPlugin','2018-07-19 11:05:10','2019-06-26 13:50:34',NULL,4,1,2,'00Y0'),
	(4984,0,'cs','MainBannerCardPlugin','2018-07-19 11:13:08','2019-06-26 13:50:34',4983,4,2,0,'00Y00001'),
	(4985,1,'cs','MainBannerCardPlugin','2018-07-19 11:13:46','2019-06-26 13:50:34',4983,4,2,0,'00Y00002'),
	(4986,0,'cs','WorkElipsePlugin','2018-07-19 11:19:48','2019-06-26 13:50:34',NULL,5,1,0,'00Y1'),
	(4987,1,'cs','ReviewPanelPlugin','2018-07-19 11:20:38','2019-06-26 13:50:34',NULL,5,1,0,'00Y2'),
	(4988,2,'cs','CoursePanelPlugin','2018-07-19 11:30:10','2019-06-26 13:50:34',NULL,5,1,0,'00Y3');

/*!40000 ALTER TABLE `cms_cmsplugin` ENABLE KEYS */;
UNLOCK TABLES;


# Dump of table cms_globalpagepermission
# ------------------------------------------------------------

DROP TABLE IF EXISTS `cms_globalpagepermission`;

CREATE TABLE `cms_globalpagepermission` (
  `id` int(11) NOT NULL AUTO_INCREMENT,
  `can_change` tinyint(1) NOT NULL,
  `can_add` tinyint(1) NOT NULL,
  `can_delete` tinyint(1) NOT NULL,
  `can_change_advanced_settings` tinyint(1) NOT NULL,
  `can_publish` tinyint(1) NOT NULL,
  `can_change_permissions` tinyint(1) NOT NULL,
  `can_move_page` tinyint(1) NOT NULL,
  `can_view` tinyint(1) NOT NULL,
  `can_recover_page` tinyint(1) NOT NULL,
  `group_id` int(11) DEFAULT NULL,
  `user_id` int(11) DEFAULT NULL,
  PRIMARY KEY (`id`),
  KEY `cms_globalpagepermiss_group_id_5495c04a8b715951_fk_auth_group_id` (`group_id`),
  KEY `cms_globalpagepermissio_user_id_5b7e387d572f1d18_fk_auth_user_id` (`user_id`),
  CONSTRAINT `cms_globalpagepermissio_user_id_5b7e387d572f1d18_fk_auth_user_id` FOREIGN KEY (`user_id`) REFERENCES `auth_user` (`id`),
  CONSTRAINT `cms_globalpagepermiss_group_id_5495c04a8b715951_fk_auth_group_id` FOREIGN KEY (`group_id`) REFERENCES `auth_group` (`id`)
) ENGINE=InnoDB DEFAULT CHARSET=utf8;



# Dump of table cms_globalpagepermission_sites
# ------------------------------------------------------------

DROP TABLE IF EXISTS `cms_globalpagepermission_sites`;

CREATE TABLE `cms_globalpagepermission_sites` (
  `id` int(11) NOT NULL AUTO_INCREMENT,
  `globalpagepermission_id` int(11) NOT NULL,
  `site_id` int(11) NOT NULL,
  PRIMARY KEY (`id`),
  UNIQUE KEY `globalpagepermission_id` (`globalpagepermission_id`,`site_id`),
  KEY `cms_globalpagepermiss_site_id_2805b267618ef941_fk_django_site_id` (`site_id`),
  CONSTRAINT `cms_globalpagepermiss_site_id_2805b267618ef941_fk_django_site_id` FOREIGN KEY (`site_id`) REFERENCES `django_site` (`id`),
  CONSTRAINT `f9540a0f4c5a4ddcc0802274553b3047` FOREIGN KEY (`globalpagepermission_id`) REFERENCES `cms_globalpagepermission` (`id`)
) ENGINE=InnoDB DEFAULT CHARSET=utf8;



# Dump of table cms_page
# ------------------------------------------------------------

DROP TABLE IF EXISTS `cms_page`;

CREATE TABLE `cms_page` (
  `id` int(11) NOT NULL AUTO_INCREMENT,
  `created_by` varchar(255) NOT NULL,
  `changed_by` varchar(255) NOT NULL,
  `creation_date` datetime NOT NULL,
  `changed_date` datetime NOT NULL,
  `publication_date` datetime DEFAULT NULL,
  `publication_end_date` datetime DEFAULT NULL,
  `in_navigation` tinyint(1) NOT NULL,
  `soft_root` tinyint(1) NOT NULL,
  `reverse_id` varchar(40) DEFAULT NULL,
  `navigation_extenders` varchar(80) DEFAULT NULL,
  `template` varchar(100) NOT NULL,
  `login_required` tinyint(1) NOT NULL,
  `limit_visibility_in_menu` smallint(6) DEFAULT NULL,
  `is_home` tinyint(1) NOT NULL,
  `application_urls` varchar(200) DEFAULT NULL,
  `application_namespace` varchar(200) DEFAULT NULL,
  `publisher_is_draft` tinyint(1) NOT NULL,
  `languages` varchar(255) DEFAULT NULL,
  `xframe_options` int(11) NOT NULL,
  `publisher_public_id` int(11) DEFAULT NULL,
  `is_page_type` tinyint(1) NOT NULL,
  `node_id` int(11) NOT NULL,
  PRIMARY KEY (`id`),
  UNIQUE KEY `cms_page_node_id_7a031231dc68f163_uniq` (`node_id`,`publisher_is_draft`),
  UNIQUE KEY `publisher_public_id` (`publisher_public_id`),
  KEY `cms_page_93b83098` (`publication_date`),
  KEY `cms_page_2247c5f0` (`publication_end_date`),
  KEY `cms_page_db3eb53f` (`in_navigation`),
  KEY `cms_page_1d85575d` (`soft_root`),
  KEY `cms_page_3d9ef52f` (`reverse_id`),
  KEY `cms_page_7b8acfa6` (`navigation_extenders`),
  KEY `cms_page_cb540373` (`limit_visibility_in_menu`),
  KEY `cms_page_4fa1c803` (`is_home`),
  KEY `cms_page_e721871e` (`application_urls`),
  KEY `cms_page_b7700099` (`publisher_is_draft`),
  KEY `cms_page_c693ebc8` (`node_id`),
  CONSTRAINT `cms_page_node_id_47698d40148736b1_fk_cms_treenode_id` FOREIGN KEY (`node_id`) REFERENCES `cms_treenode` (`id`),
  CONSTRAINT `cms_page_publisher_public_id_6d3414df27b14e29_fk_cms_page_id` FOREIGN KEY (`publisher_public_id`) REFERENCES `cms_page` (`id`)
) ENGINE=InnoDB DEFAULT CHARSET=utf8;

LOCK TABLES `cms_page` WRITE;
/*!40000 ALTER TABLE `cms_page` DISABLE KEYS */;

INSERT INTO `cms_page` (`id`, `created_by`, `changed_by`, `creation_date`, `changed_date`, `publication_date`, `publication_end_date`, `in_navigation`, `soft_root`, `reverse_id`, `navigation_extenders`, `template`, `login_required`, `limit_visibility_in_menu`, `is_home`, `application_urls`, `application_namespace`, `publisher_is_draft`, `languages`, `xframe_options`, `publisher_public_id`, `is_page_type`, `node_id`)
VALUES
	(1,'admin','David.Vavruska','2018-07-19 11:05:09','2018-11-19 11:21:08','2018-07-19 11:05:10',NULL,1,0,NULL,NULL,'basic.html',0,NULL,1,NULL,NULL,1,'cs,en,ru',0,2,0,1),
	(2,'admin','David.Vavruska','2018-07-19 11:05:10','2019-06-26 13:50:34','2018-07-19 11:05:10',NULL,1,0,NULL,NULL,'basic.html',0,NULL,1,NULL,NULL,0,'cs,en,ru',0,1,0,1),
	(3,'admin','admin','2018-07-19 11:31:37','2018-12-17 11:54:23','2018-07-19 11:35:27',NULL,1,0,NULL,'','for_candidates.html',0,NULL,0,'PositionsApphook',NULL,1,'cs,en,ru',0,4,0,2),
	(4,'admin','admin','2018-07-19 11:35:27','2019-03-19 15:57:33','2018-07-19 11:35:27',NULL,1,0,NULL,'','for_candidates.html',0,NULL,0,'PositionsApphook',NULL,0,'cs,en,ru',0,3,0,2),
	(5,'admin','admin','2018-07-19 11:35:45','2018-11-14 18:10:38','2018-07-19 11:40:35',NULL,1,0,NULL,NULL,'we_are.html',0,NULL,0,NULL,NULL,1,'en,ru,cs',0,6,0,3),
	(6,'admin','admin','2018-07-19 11:40:35','2019-01-07 15:54:36','2018-07-19 11:40:35',NULL,1,0,NULL,NULL,'we_are.html',0,NULL,0,NULL,NULL,0,'cs,en,ru',0,5,0,3),
	(7,'admin','admin','2018-07-19 11:55:16','2018-09-17 12:06:19','2018-07-19 12:00:50',NULL,1,0,NULL,NULL,'contact.html',0,NULL,0,NULL,NULL,1,'cs,en,ru',0,8,0,4),
	(8,'admin','admin','2018-07-19 12:00:50','2019-02-08 15:55:50','2018-07-19 12:00:50',NULL,1,0,NULL,NULL,'contact.html',0,NULL,0,NULL,NULL,0,'cs,en,ru',0,7,0,4),
	(9,'admin','admin','2018-07-23 14:48:26','2018-09-17 11:45:22','2018-07-23 14:49:47',NULL,1,0,NULL,'','for_companies.html',0,NULL,0,'',NULL,1,'cs,en,ru',0,10,0,5),
	(10,'admin','admin','2018-07-23 14:49:47','2019-01-07 15:38:27','2018-07-23 14:49:47',NULL,1,0,NULL,'','for_companies.html',0,NULL,0,'',NULL,0,'cs,en,ru',0,9,0,5),
	(11,'admin','admin','2018-07-23 15:05:31','2018-11-14 10:08:37','2018-07-23 15:09:10',NULL,1,0,NULL,'','course.html',0,NULL,0,'CourseApp',NULL,1,'cs,en,ru',0,12,0,6),
	(12,'admin','admin','2018-07-23 15:09:10','2019-01-14 10:21:17','2018-07-23 15:09:10',NULL,1,0,NULL,'','course.html',0,NULL,0,'CourseApp',NULL,0,'cs,en,ru',0,11,0,6),
	(13,'admin','admin','2018-07-24 12:52:27','2018-08-08 15:05:50','2018-07-24 12:55:35',NULL,1,0,'a-card','','a-card.html',1,1,0,'',NULL,1,'cs,en,ru',0,14,0,7),
	(14,'admin','admin','2018-07-24 12:55:35','2018-08-06 07:30:24','2018-07-24 12:55:35',NULL,1,0,'a-card','','a-card.html',1,1,0,'',NULL,0,'cs,en,ru',0,13,0,7),
	(15,'admin','admin','2018-07-30 11:18:47','2018-08-01 08:20:07','2018-07-30 11:26:32',NULL,0,0,NULL,NULL,'enroll_in_course.html',0,NULL,0,NULL,NULL,1,'cs,en,ru',0,16,0,8),
	(16,'admin','admin','2018-07-30 11:26:32','2018-11-19 11:15:28','2018-07-30 11:26:32',NULL,0,0,NULL,NULL,'enroll_in_course.html',0,NULL,0,NULL,NULL,0,'cs,en,ru',0,15,0,8),
	(17,'admin','admin','2018-07-30 15:54:39','2018-07-30 15:57:30','2018-07-30 15:55:59',NULL,0,0,'login','','a-card.html',0,NULL,0,'',NULL,1,'cs,en,ru',0,18,0,9),
	(18,'admin','admin','2018-07-30 15:55:59','2018-07-30 15:57:36','2018-07-30 15:55:59',NULL,0,0,'login','','a-card.html',0,NULL,0,'',NULL,0,'cs,en,ru',0,17,0,9),
	(19,'admin','admin','2018-07-31 11:31:20','2018-08-01 08:21:22','2018-07-31 11:32:18',NULL,0,0,NULL,NULL,'thank_you.html',0,NULL,0,NULL,NULL,1,'cs,en,ru',0,20,0,10),
	(20,'admin','admin','2018-07-31 11:32:18','2018-08-01 08:23:09','2018-07-31 11:32:18',NULL,0,0,NULL,NULL,'thank_you.html',0,NULL,0,NULL,NULL,0,'cs,en,ru',0,19,0,10);

/*!40000 ALTER TABLE `cms_page` ENABLE KEYS */;
UNLOCK TABLES;


# Dump of table cms_page_placeholders
# ------------------------------------------------------------

DROP TABLE IF EXISTS `cms_page_placeholders`;

CREATE TABLE `cms_page_placeholders` (
  `id` int(11) NOT NULL AUTO_INCREMENT,
  `page_id` int(11) NOT NULL,
  `placeholder_id` int(11) NOT NULL,
  PRIMARY KEY (`id`),
  UNIQUE KEY `page_id` (`page_id`,`placeholder_id`),
  KEY `cms_page_p_placeholder_id_1e2710bd8c76d9ad_fk_cms_placeholder_id` (`placeholder_id`),
  CONSTRAINT `cms_page_placeholders_page_id_2339fb692425adb6_fk_cms_page_id` FOREIGN KEY (`page_id`) REFERENCES `cms_page` (`id`),
  CONSTRAINT `cms_page_p_placeholder_id_1e2710bd8c76d9ad_fk_cms_placeholder_id` FOREIGN KEY (`placeholder_id`) REFERENCES `cms_placeholder` (`id`)
) ENGINE=InnoDB DEFAULT CHARSET=utf8;

LOCK TABLES `cms_page_placeholders` WRITE;
/*!40000 ALTER TABLE `cms_page_placeholders` DISABLE KEYS */;

INSERT INTO `cms_page_placeholders` (`id`, `page_id`, `placeholder_id`)
VALUES
	(1,1,2),
	(2,1,3),
	(59,1,70),
	(3,2,4),
	(4,2,5),
	(60,2,71),
	(5,3,6),
	(6,3,7),
	(7,3,8),
	(8,4,9),
	(9,4,10),
	(10,4,11),
	(11,5,12),
	(12,5,13),
	(13,5,14),
	(61,5,72),
	(14,6,15),
	(15,6,16),
	(16,6,17),
	(62,6,73),
	(17,7,18),
	(18,7,19),
	(19,7,20),
	(20,8,21),
	(21,8,22),
	(22,8,23),
	(23,9,24),
	(24,9,25),
	(25,9,26),
	(26,10,27),
	(27,10,28),
	(28,10,29),
	(29,11,30),
	(30,11,31),
	(31,11,32),
	(32,12,33),
	(33,12,34),
	(34,12,35),
	(35,13,36),
	(36,13,37),
	(37,13,38),
	(38,14,39),
	(39,14,40),
	(40,14,41),
	(41,15,51),
	(42,15,52),
	(43,15,53),
	(44,16,54),
	(45,16,55),
	(46,16,56),
	(47,17,57),
	(48,17,58),
	(49,17,59),
	(50,18,60),
	(51,18,61),
	(52,18,62),
	(53,19,63),
	(54,19,64),
	(55,19,65),
	(56,20,66),
	(57,20,67),
	(58,20,68);

/*!40000 ALTER TABLE `cms_page_placeholders` ENABLE KEYS */;
UNLOCK TABLES;


# Dump of table cms_pagepermission
# ------------------------------------------------------------

DROP TABLE IF EXISTS `cms_pagepermission`;

CREATE TABLE `cms_pagepermission` (
  `id` int(11) NOT NULL AUTO_INCREMENT,
  `can_change` tinyint(1) NOT NULL,
  `can_add` tinyint(1) NOT NULL,
  `can_delete` tinyint(1) NOT NULL,
  `can_change_advanced_settings` tinyint(1) NOT NULL,
  `can_publish` tinyint(1) NOT NULL,
  `can_change_permissions` tinyint(1) NOT NULL,
  `can_move_page` tinyint(1) NOT NULL,
  `can_view` tinyint(1) NOT NULL,
  `grant_on` int(11) NOT NULL,
  `group_id` int(11) DEFAULT NULL,
  `page_id` int(11) DEFAULT NULL,
  `user_id` int(11) DEFAULT NULL,
  PRIMARY KEY (`id`),
  KEY `cms_pagepermission_group_id_39f298fdb5026_fk_auth_group_id` (`group_id`),
  KEY `cms_pagepermission_page_id_214a878c4fb6ec65_fk_cms_page_id` (`page_id`),
  KEY `cms_pagepermission_user_id_b6429a51a3e8e53_fk_auth_user_id` (`user_id`),
  CONSTRAINT `cms_pagepermission_group_id_39f298fdb5026_fk_auth_group_id` FOREIGN KEY (`group_id`) REFERENCES `auth_group` (`id`),
  CONSTRAINT `cms_pagepermission_page_id_214a878c4fb6ec65_fk_cms_page_id` FOREIGN KEY (`page_id`) REFERENCES `cms_page` (`id`),
  CONSTRAINT `cms_pagepermission_user_id_b6429a51a3e8e53_fk_auth_user_id` FOREIGN KEY (`user_id`) REFERENCES `auth_user` (`id`)
) ENGINE=InnoDB DEFAULT CHARSET=utf8;



# Dump of table cms_pageuser
# ------------------------------------------------------------

DROP TABLE IF EXISTS `cms_pageuser`;

CREATE TABLE `cms_pageuser` (
  `user_ptr_id` int(11) NOT NULL,
  `created_by_id` int(11) NOT NULL,
  PRIMARY KEY (`user_ptr_id`),
  KEY `cms_pageuser_created_by_id_18eb7aa0ce6f1c16_fk_auth_user_id` (`created_by_id`),
  CONSTRAINT `cms_pageuser_created_by_id_18eb7aa0ce6f1c16_fk_auth_user_id` FOREIGN KEY (`created_by_id`) REFERENCES `auth_user` (`id`),
  CONSTRAINT `cms_pageuser_user_ptr_id_7b1c6e2f6b58ccde_fk_auth_user_id` FOREIGN KEY (`user_ptr_id`) REFERENCES `auth_user` (`id`)
) ENGINE=InnoDB DEFAULT CHARSET=utf8;

LOCK TABLES `cms_pageuser` WRITE;
/*!40000 ALTER TABLE `cms_pageuser` DISABLE KEYS */;

INSERT INTO `cms_pageuser` (`user_ptr_id`, `created_by_id`)
VALUES
	(90,1),
	(91,90),
	(92,91);

/*!40000 ALTER TABLE `cms_pageuser` ENABLE KEYS */;
UNLOCK TABLES;


# Dump of table cms_pageusergroup
# ------------------------------------------------------------

DROP TABLE IF EXISTS `cms_pageusergroup`;

CREATE TABLE `cms_pageusergroup` (
  `group_ptr_id` int(11) NOT NULL,
  `created_by_id` int(11) NOT NULL,
  PRIMARY KEY (`group_ptr_id`),
  KEY `cms_pageusergroup_created_by_id_53218d1b0250196_fk_auth_user_id` (`created_by_id`),
  CONSTRAINT `cms_pageusergroup_created_by_id_53218d1b0250196_fk_auth_user_id` FOREIGN KEY (`created_by_id`) REFERENCES `auth_user` (`id`),
  CONSTRAINT `cms_pageusergroup_group_ptr_id_2fed9cde9e11700f_fk_auth_group_id` FOREIGN KEY (`group_ptr_id`) REFERENCES `auth_group` (`id`)
) ENGINE=InnoDB DEFAULT CHARSET=utf8;

LOCK TABLES `cms_pageusergroup` WRITE;
/*!40000 ALTER TABLE `cms_pageusergroup` DISABLE KEYS */;

INSERT INTO `cms_pageusergroup` (`group_ptr_id`, `created_by_id`)
VALUES
	(1,1);

/*!40000 ALTER TABLE `cms_pageusergroup` ENABLE KEYS */;
UNLOCK TABLES;


# Dump of table cms_placeholder
# ------------------------------------------------------------

DROP TABLE IF EXISTS `cms_placeholder`;

CREATE TABLE `cms_placeholder` (
  `id` int(11) NOT NULL AUTO_INCREMENT,
  `slot` varchar(255) NOT NULL,
  `default_width` smallint(5) unsigned DEFAULT NULL,
  PRIMARY KEY (`id`),
  KEY `cms_placeholder_5e97994e` (`slot`)
) ENGINE=InnoDB DEFAULT CHARSET=utf8;

LOCK TABLES `cms_placeholder` WRITE;
/*!40000 ALTER TABLE `cms_placeholder` DISABLE KEYS */;

INSERT INTO `cms_placeholder` (`id`, `slot`, `default_width`)
VALUES
	(1,'clipboard',NULL),
	(2,'main_banner',NULL),
	(3,'basic',NULL),
	(4,'main_banner',NULL),
	(5,'basic',NULL),
	(6,'main_banner',NULL),
	(7,'basic',NULL),
	(8,'for_candidates',NULL),
	(9,'main_banner',NULL),
	(10,'basic',NULL),
	(11,'for_candidates',NULL),
	(12,'main_banner',NULL),
	(13,'basic',NULL),
	(14,'we_are',NULL),
	(15,'main_banner',NULL),
	(16,'basic',NULL),
	(17,'we_are',NULL),
	(18,'main_banner',NULL),
	(19,'basic',NULL),
	(20,'contact',NULL),
	(21,'main_banner',NULL),
	(22,'basic',NULL),
	(23,'contact',NULL),
	(24,'main_banner',NULL),
	(25,'basic',NULL),
	(26,'for_companies',NULL),
	(27,'main_banner',NULL),
	(28,'basic',NULL),
	(29,'for_companies',NULL),
	(30,'main_banner',NULL),
	(31,'basic',NULL),
	(32,'course',NULL),
	(33,'main_banner',NULL),
	(34,'basic',NULL),
	(35,'course',NULL),
	(36,'main_banner',NULL),
	(37,'basic',NULL),
	(38,'a-card',NULL),
	(39,'main_banner',NULL),
	(40,'basic',NULL),
	(41,'a-card',NULL),
	(42,'main_banner',NULL),
	(43,'course_content',NULL),
	(44,'main_banner',NULL),
	(45,'course_content',NULL),
	(46,'main_banner',NULL),
	(47,'course_content',NULL),
	(48,'main_banner',NULL),
	(49,'course_content',NULL),
	(51,'main_banner',NULL),
	(52,'basic',NULL),
	(53,'enroll_in_course',NULL),
	(54,'main_banner',NULL),
	(55,'basic',NULL),
	(56,'enroll_in_course',NULL),
	(57,'main_banner',NULL),
	(58,'basic',NULL),
	(59,'a-card',NULL),
	(60,'main_banner',NULL),
	(61,'basic',NULL),
	(62,'a-card',NULL),
	(63,'main_banner',NULL),
	(64,'basic',NULL),
	(65,'thank_you',NULL),
	(66,'main_banner',NULL),
	(67,'basic',NULL),
	(68,'thank_you',NULL),
	(69,'clipboard',NULL),
	(70,'course',NULL),
	(71,'course',NULL),
	(72,'contact',NULL),
	(73,'contact',NULL),
	(74,'clipboard',NULL),
	(79,'main_banner',NULL),
	(80,'course_content',NULL),
	(81,'clipboard',NULL);

/*!40000 ALTER TABLE `cms_placeholder` ENABLE KEYS */;
UNLOCK TABLES;


# Dump of table cms_placeholderreference
# ------------------------------------------------------------

DROP TABLE IF EXISTS `cms_placeholderreference`;

CREATE TABLE `cms_placeholderreference` (
  `cmsplugin_ptr_id` int(11) NOT NULL,
  `name` varchar(255) NOT NULL,
  `placeholder_ref_id` int(11) DEFAULT NULL,
  PRIMARY KEY (`cmsplugin_ptr_id`),
  KEY `cms_placeholderreference_328d0afc` (`placeholder_ref_id`),
  CONSTRAINT `cms_placeh_cmsplugin_ptr_id_57d93b52c864bee6_fk_cms_cmsplugin_id` FOREIGN KEY (`cmsplugin_ptr_id`) REFERENCES `cms_cmsplugin` (`id`),
  CONSTRAINT `cms_pl_placeholder_ref_id_6d7ea115a2f488ec_fk_cms_placeholder_id` FOREIGN KEY (`placeholder_ref_id`) REFERENCES `cms_placeholder` (`id`)
) ENGINE=InnoDB DEFAULT CHARSET=utf8;

LOCK TABLES `cms_placeholderreference` WRITE;
/*!40000 ALTER TABLE `cms_placeholderreference` DISABLE KEYS */;

INSERT INTO `cms_placeholderreference` (`cmsplugin_ptr_id`, `name`, `placeholder_ref_id`)
VALUES
	(642,'Course detail content',69);

/*!40000 ALTER TABLE `cms_placeholderreference` ENABLE KEYS */;
UNLOCK TABLES;


# Dump of table cms_staticplaceholder
# ------------------------------------------------------------

DROP TABLE IF EXISTS `cms_staticplaceholder`;

CREATE TABLE `cms_staticplaceholder` (
  `id` int(11) NOT NULL AUTO_INCREMENT,
  `name` varchar(255) NOT NULL,
  `code` varchar(255) NOT NULL,
  `dirty` tinyint(1) NOT NULL,
  `creation_method` varchar(20) NOT NULL,
  `draft_id` int(11) DEFAULT NULL,
  `public_id` int(11) DEFAULT NULL,
  `site_id` int(11) DEFAULT NULL,
  PRIMARY KEY (`id`),
  UNIQUE KEY `cms_staticplaceholder_code_6c6b490a9fe0e459_uniq` (`code`,`site_id`),
  KEY `cms_staticplaceholder_site_id_65c8a138163af08f_fk_django_site_id` (`site_id`),
  KEY `cms_staticplaceholder_5cb48773` (`draft_id`),
  KEY `cms_staticplaceholder_1ee2744d` (`public_id`),
  CONSTRAINT `cms_staticplaceholder_site_id_65c8a138163af08f_fk_django_site_id` FOREIGN KEY (`site_id`) REFERENCES `django_site` (`id`),
  CONSTRAINT `cms_staticplaceh_draft_id_6c2edc7f36488820_fk_cms_placeholder_id` FOREIGN KEY (`draft_id`) REFERENCES `cms_placeholder` (`id`),
  CONSTRAINT `cms_staticplace_public_id_20b32af3aef57809_fk_cms_placeholder_id` FOREIGN KEY (`public_id`) REFERENCES `cms_placeholder` (`id`)
) ENGINE=InnoDB DEFAULT CHARSET=utf8;



# Dump of table cms_title
# ------------------------------------------------------------

DROP TABLE IF EXISTS `cms_title`;

CREATE TABLE `cms_title` (
  `id` int(11) NOT NULL AUTO_INCREMENT,
  `language` varchar(15) NOT NULL,
  `title` varchar(255) NOT NULL,
  `page_title` varchar(255) DEFAULT NULL,
  `menu_title` varchar(255) DEFAULT NULL,
  `meta_description` longtext,
  `slug` varchar(255) NOT NULL,
  `path` varchar(255) NOT NULL,
  `has_url_overwrite` tinyint(1) NOT NULL,
  `redirect` varchar(2048) DEFAULT NULL,
  `creation_date` datetime NOT NULL,
  `published` tinyint(1) NOT NULL,
  `publisher_is_draft` tinyint(1) NOT NULL,
  `publisher_state` smallint(6) NOT NULL,
  `page_id` int(11) NOT NULL,
  `publisher_public_id` int(11) DEFAULT NULL,
  PRIMARY KEY (`id`),
  UNIQUE KEY `cms_title_language_7a69dc7eaf856287_uniq` (`language`,`page_id`),
  UNIQUE KEY `publisher_public_id` (`publisher_public_id`),
  KEY `cms_title_page_id_527ebd61f3936a12_fk_cms_page_id` (`page_id`),
  KEY `cms_title_8512ae7d` (`language`),
  KEY `cms_title_2dbcba41` (`slug`),
  KEY `cms_title_d6fe1d0b` (`path`),
  KEY `cms_title_1268de9a` (`has_url_overwrite`),
  KEY `cms_title_b7700099` (`publisher_is_draft`),
  KEY `cms_title_f7202fc0` (`publisher_state`),
  CONSTRAINT `cms_title_page_id_527ebd61f3936a12_fk_cms_page_id` FOREIGN KEY (`page_id`) REFERENCES `cms_page` (`id`),
  CONSTRAINT `cms_title_publisher_public_id_74e956b52b3e4a1d_fk_cms_title_id` FOREIGN KEY (`publisher_public_id`) REFERENCES `cms_title` (`id`)
) ENGINE=InnoDB DEFAULT CHARSET=utf8;

LOCK TABLES `cms_title` WRITE;
/*!40000 ALTER TABLE `cms_title` DISABLE KEYS */;

INSERT INTO `cms_title` (`id`, `language`, `title`, `page_title`, `menu_title`, `meta_description`, `slug`, `path`, `has_url_overwrite`, `redirect`, `creation_date`, `published`, `publisher_is_draft`, `publisher_state`, `page_id`, `publisher_public_id`)
VALUES
	(1,'en','Acamar','We connect companies with IT experts — Acamar','',NULL,'acamar','',0,NULL,'2018-07-19 11:05:09',1,1,0,1,2),
	(2,'en','Acamar','We connect companies with IT experts — Acamar','',NULL,'acamar','',0,NULL,'2018-07-19 11:05:09',1,0,1,2,1),
	(3,'cs','Acamar','Propojujeme firmy a IT experty — Acamar','',NULL,'acamar','',0,NULL,'2018-07-19 11:15:11',1,1,0,1,4),
	(4,'cs','Acamar','Propojujeme firmy a IT experty — Acamar','',NULL,'acamar','',0,NULL,'2018-07-19 11:15:11',1,0,1,2,3),
	(5,'cs','Pro uchazeče','Staňte se součástí velkých IT projektů — Acamar','Pro uchazeče',NULL,'pro-uchazece','pro-uchazece',0,NULL,'2018-07-19 11:31:37',1,1,0,3,6),
	(6,'cs','Pro uchazeče','Staňte se součástí velkých IT projektů — Acamar','Pro uchazeče',NULL,'pro-uchazece','pro-uchazece',0,NULL,'2018-07-19 11:31:37',1,0,1,4,5),
	(9,'cs','Kontakt','Kontaktujte specialisty na IT recruiting — Acamar','Kontakt',NULL,'kontakt','kontakt',0,NULL,'2018-07-19 11:55:16',1,1,0,7,10),
	(10,'cs','Kontakt','Kontaktujte specialisty na IT recruiting — Acamar','Kontakt',NULL,'kontakt','kontakt',0,NULL,'2018-07-19 11:55:16',1,0,1,8,9),
	(11,'cs','Pro firmy','Zajišťujeme IT experty pro vaše projekty — Acamar','Pro firmy',NULL,'pro-firmy','pro-firmy',0,NULL,'2018-07-23 14:48:26',1,1,0,9,12),
	(12,'cs','Pro firmy','Zajišťujeme IT experty pro vaše projekty — Acamar','Pro firmy',NULL,'pro-firmy','pro-firmy',0,NULL,'2018-07-23 14:48:26',1,0,1,10,11),
	(13,'cs','Kurzy','Přípravné IT kurzy a školení — Acamar','Kurzy',NULL,'kurzy','kurzy',0,NULL,'2018-07-23 15:05:31',1,1,0,11,14),
	(14,'cs','Kurzy','Přípravné IT kurzy a školení — Acamar','Kurzy',NULL,'kurzy','kurzy',0,NULL,'2018-07-23 15:05:31',1,0,1,12,13),
	(15,'cs','Acarta','','',NULL,'akarta','akarta',0,NULL,'2018-07-24 12:52:27',1,1,1,13,16),
	(16,'cs','A-karta','','',NULL,'akarta','akarta',0,NULL,'2018-07-24 12:52:27',1,0,1,14,15),
	(17,'cs','Přihlášení ke kurzu','Registrace do kurzů — Acamar','',NULL,'prihlaseni-ke-kurzu','prihlaseni-ke-kurzu',0,NULL,'2018-07-30 11:18:47',1,1,0,15,18),
	(18,'cs','Přihlášení ke kurzu','Registrace do kurzů — Acamar','',NULL,'prihlaseni-ke-kurzu','prihlaseni-ke-kurzu',0,NULL,'2018-07-30 11:18:47',1,0,1,16,17),
	(19,'cs','Login','','',NULL,'login','login',0,NULL,'2018-07-30 15:54:39',1,1,0,17,20),
	(20,'cs','Login','','',NULL,'login','login',0,NULL,'2018-07-30 15:54:39',1,0,1,18,19),
	(21,'cs','Děkujeme','Vítej mezi Acamarády — Acamar','',NULL,'dekujeme','dekujeme',0,NULL,'2018-07-31 11:31:20',1,1,1,19,22),
	(22,'cs','Děkujeme','Vítej mezi Acamarády — Acamar','',NULL,'dekujeme','dekujeme',0,NULL,'2018-07-31 11:31:20',1,0,1,20,21),
	(23,'en','I’m looking for a job','Take part on large IT projects — Acamar','For candidates',NULL,'for-candidates','for-candidates',0,NULL,'2018-07-19 11:31:37',1,1,0,3,43),
	(24,'en','Who we are','Recruiters who understand IT experts — Acamar','Who we are',NULL,'who-we-are','who-we-are',0,NULL,'2018-07-19 11:35:45',1,1,0,5,44),
	(25,'en','Contact','Contact specialists in IT recruiting — Acamar','Contact',NULL,'contact','contact',0,NULL,'2018-07-19 11:55:16',1,1,0,7,46),
	(26,'en','For companies','We supply you with IT experts for your projects — Acamar','For companies',NULL,'for-companies','for-companies',0,NULL,'2018-07-23 14:48:26',1,1,0,9,42),
	(27,'en','Courses','Preparatory IT courses and trainings — Acamar','Courses',NULL,'courses','courses',0,NULL,'2018-07-23 15:05:31',1,1,0,11,45),
	(28,'en','Acarta','','',NULL,'akarta','akarta',0,NULL,'2018-07-24 12:52:27',1,1,1,13,NULL),
	(29,'en','Přihlášení ke kurzu','Registrace do kurzů — Acamar','',NULL,'prihlaseni-ke-kurzu','prihlaseni-ke-kurzu',0,NULL,'2018-07-30 11:18:47',1,1,1,15,NULL),
	(30,'en','Login','','',NULL,'login','login',0,NULL,'2018-07-30 15:54:39',1,1,1,17,NULL),
	(31,'en','Děkujeme','Vítej mezi Acamarády — Acamar','',NULL,'dekujeme','dekujeme',0,NULL,'2018-07-31 11:31:20',1,1,1,19,NULL),
	(32,'ru','Акамар','Мы соединяем фирмы с IT экспертами — Акамар','',NULL,'acamar','',0,NULL,'2018-07-19 11:15:11',1,1,0,1,47),
	(33,'ru','Ищу работу','Будьте частью больших IT проектов — Акамар','Ищу работу',NULL,'ishchu-rabotu','ishchu-rabotu',0,NULL,'2018-07-19 11:31:37',1,1,0,3,49),
	(34,'ru','О нас','Вербовщики, которые понимают IT-экспертов — Acamar','О нас',NULL,'o-nas','o-nas',0,NULL,'2018-07-19 11:35:45',1,1,0,5,50),
	(35,'ru','Контакт','Связаться со специалистами по вербовке IT-экспертов — Акамар','Контакт',NULL,'kontakt','kontakt',0,NULL,'2018-07-19 11:55:16',1,1,0,7,51),
	(36,'ru','Для компаний','Мы предоставляем IT-экяпертов для ваших проектов — Акамар','Для компаний',NULL,'dlya-kompanij','dlya-kompanij',0,NULL,'2018-07-23 14:48:26',1,1,0,9,48),
	(37,'ru','Курсы','Подготовительные IT курсы и тренировкы — Акамар','',NULL,'kursy','kursy',0,NULL,'2018-07-23 15:05:31',1,1,0,11,52),
	(38,'ru','Acarta','','',NULL,'akarta','akarta',0,NULL,'2018-07-24 12:52:27',1,1,1,13,NULL),
	(39,'ru','Přihlášení ke kurzu','Registrace do kurzů — Acamar','',NULL,'prihlaseni-ke-kurzu','prihlaseni-ke-kurzu',0,NULL,'2018-07-30 11:18:47',1,1,1,15,NULL),
	(40,'ru','Login','','',NULL,'login','login',0,NULL,'2018-07-30 15:54:39',1,1,1,17,NULL),
	(41,'ru','Děkujeme','Vítej mezi Acamarády — Acamar','',NULL,'dekujeme','dekujeme',0,NULL,'2018-07-31 11:31:20',1,1,1,19,NULL),
	(42,'en','For companies','We supply you with IT experts for your projects — Acamar','For companies',NULL,'for-companies','for-companies',0,NULL,'2018-07-23 14:48:26',1,0,1,10,26),
	(43,'en','I’m looking for a job','Take part on large IT projects — Acamar','For candidates',NULL,'for-candidates','for-candidates',0,NULL,'2018-07-19 11:31:37',1,0,1,4,23),
	(44,'en','Who we are','Recruiters who understand IT experts — Acamar','Who we are',NULL,'who-we-are','who-we-are',0,NULL,'2018-07-19 11:35:45',1,0,1,6,24),
	(45,'en','Courses','Preparatory IT courses and trainings — Acamar','Courses',NULL,'courses','courses',0,NULL,'2018-07-23 15:05:31',1,0,1,12,27),
	(46,'en','Contact','Contact specialists in IT recruiting — Acamar','Contact',NULL,'contact','contact',0,NULL,'2018-07-19 11:55:16',1,0,1,8,25),
	(47,'ru','Акамар','Мы соединяем фирмы с IT экспертами — Акамар','',NULL,'acamar','',0,NULL,'2018-07-19 11:15:11',1,0,1,2,32),
	(48,'ru','Для компаний','Мы предоставляем IT-экяпертов для ваших проектов — Акамар','Для компаний',NULL,'dlya-kompanij','dlya-kompanij',0,NULL,'2018-07-23 14:48:26',1,0,1,10,36),
	(49,'ru','Ищу работу','Будьте частью больших IT проектов — Акамар','Ищу работу',NULL,'ishchu-rabotu','ishchu-rabotu',0,NULL,'2018-07-19 11:31:37',1,0,1,4,33),
	(50,'ru','О нас','Вербовщики, которые понимают IT-экспертов — Acamar','О нас',NULL,'o-nas','o-nas',0,NULL,'2018-07-19 11:35:45',1,0,1,6,34),
	(51,'ru','Контакт','Связаться со специалистами по вербовке IT-экспертов — Акамар','Контакт',NULL,'kontakt','kontakt',0,NULL,'2018-07-19 11:55:16',1,0,1,8,35),
	(52,'ru','Курсы','Подготовительные IT курсы и тренировкы — Акамар','',NULL,'kursy','kursy',0,NULL,'2018-07-23 15:05:31',1,0,1,12,37),
	(53,'cs','Kdo jsme','Jsme recruiteři, kteří rozumí IT profesionálům - Acamar','Kdo jsme',NULL,'kdo-jsme','kdo-jsme',0,NULL,'2018-11-14 14:15:18',1,1,0,5,57),
	(57,'cs','Kdo jsme','Jsme recruiteři, kteří rozumí IT profesionálům - Acamar','Kdo jsme',NULL,'kdo-jsme','kdo-jsme',0,NULL,'2018-11-14 14:15:18',1,0,1,6,53);

/*!40000 ALTER TABLE `cms_title` ENABLE KEYS */;
UNLOCK TABLES;


# Dump of table cms_treenode
# ------------------------------------------------------------

DROP TABLE IF EXISTS `cms_treenode`;

CREATE TABLE `cms_treenode` (
  `id` int(11) NOT NULL AUTO_INCREMENT,
  `path` varchar(255) NOT NULL,
  `depth` int(10) unsigned NOT NULL,
  `numchild` int(10) unsigned NOT NULL,
  `parent_id` int(11) DEFAULT NULL,
  `site_id` int(11) NOT NULL,
  PRIMARY KEY (`id`),
  UNIQUE KEY `path` (`path`),
  KEY `cms_treenode_parent_id_1d7aaead1cac4292_fk_cms_treenode_id` (`parent_id`),
  KEY `cms_treenode_site_id_4f9765b278b0eebf_fk_django_site_id` (`site_id`),
  CONSTRAINT `cms_treenode_parent_id_1d7aaead1cac4292_fk_cms_treenode_id` FOREIGN KEY (`parent_id`) REFERENCES `cms_treenode` (`id`),
  CONSTRAINT `cms_treenode_site_id_4f9765b278b0eebf_fk_django_site_id` FOREIGN KEY (`site_id`) REFERENCES `django_site` (`id`)
) ENGINE=InnoDB DEFAULT CHARSET=utf8;

LOCK TABLES `cms_treenode` WRITE;
/*!40000 ALTER TABLE `cms_treenode` DISABLE KEYS */;

INSERT INTO `cms_treenode` (`id`, `path`, `depth`, `numchild`, `parent_id`, `site_id`)
VALUES
	(1,'0002',1,9,NULL,1),
	(2,'00020003',2,0,1,1),
	(3,'00020004',2,0,1,1),
	(4,'00020006',2,0,1,1),
	(5,'00020002',2,0,1,1),
	(6,'00020005',2,0,1,1),
	(7,'00020001',2,0,1,1),
	(8,'00020007',2,0,1,1),
	(9,'00020008',2,0,1,1),
	(10,'00020009',2,0,1,1);

/*!40000 ALTER TABLE `cms_treenode` ENABLE KEYS */;
UNLOCK TABLES;


# Dump of table cms_urlconfrevision
# ------------------------------------------------------------

DROP TABLE IF EXISTS `cms_urlconfrevision`;

CREATE TABLE `cms_urlconfrevision` (
  `id` int(11) NOT NULL AUTO_INCREMENT,
  `revision` varchar(255) NOT NULL,
  PRIMARY KEY (`id`)
) ENGINE=InnoDB DEFAULT CHARSET=utf8;

LOCK TABLES `cms_urlconfrevision` WRITE;
/*!40000 ALTER TABLE `cms_urlconfrevision` DISABLE KEYS */;

INSERT INTO `cms_urlconfrevision` (`id`, `revision`)
VALUES
	(1,'17236c06-7016-4fc1-887f-2f4c5df58b15');

/*!40000 ALTER TABLE `cms_urlconfrevision` ENABLE KEYS */;
UNLOCK TABLES;


# Dump of table cms_usersettings
# ------------------------------------------------------------

DROP TABLE IF EXISTS `cms_usersettings`;

CREATE TABLE `cms_usersettings` (
  `id` int(11) NOT NULL AUTO_INCREMENT,
  `language` varchar(10) NOT NULL,
  `clipboard_id` int(11) DEFAULT NULL,
  `user_id` int(11) NOT NULL,
  PRIMARY KEY (`id`),
  UNIQUE KEY `user_id` (`user_id`),
  KEY `cms_usersett_clipboard_id_15eac87d124304f3_fk_cms_placeholder_id` (`clipboard_id`),
  CONSTRAINT `cms_usersettings_user_id_2cfe7a2128ccc2b3_fk_auth_user_id` FOREIGN KEY (`user_id`) REFERENCES `auth_user` (`id`),
  CONSTRAINT `cms_usersett_clipboard_id_15eac87d124304f3_fk_cms_placeholder_id` FOREIGN KEY (`clipboard_id`) REFERENCES `cms_placeholder` (`id`)
) ENGINE=InnoDB DEFAULT CHARSET=utf8;

LOCK TABLES `cms_usersettings` WRITE;
/*!40000 ALTER TABLE `cms_usersettings` DISABLE KEYS */;

INSERT INTO `cms_usersettings` (`id`, `language`, `clipboard_id`, `user_id`)
VALUES
	(1,'cs',1,1),
	(2,'cs',74,90),
	(3,'cs',81,91);

/*!40000 ALTER TABLE `cms_usersettings` ENABLE KEYS */;
UNLOCK TABLES;


# Dump of table django_admin_log
# ------------------------------------------------------------

DROP TABLE IF EXISTS `django_admin_log`;

CREATE TABLE `django_admin_log` (
  `id` int(11) NOT NULL AUTO_INCREMENT,
  `action_time` datetime NOT NULL,
  `object_id` longtext,
  `object_repr` varchar(200) NOT NULL,
  `action_flag` smallint(5) unsigned NOT NULL,
  `change_message` longtext NOT NULL,
  `content_type_id` int(11) DEFAULT NULL,
  `user_id` int(11) NOT NULL,
  PRIMARY KEY (`id`),
  KEY `djang_content_type_id_697914295151027a_fk_django_content_type_id` (`content_type_id`),
  KEY `django_admin_log_user_id_52fdd58701c5f563_fk_auth_user_id` (`user_id`),
  CONSTRAINT `django_admin_log_user_id_52fdd58701c5f563_fk_auth_user_id` FOREIGN KEY (`user_id`) REFERENCES `auth_user` (`id`),
  CONSTRAINT `djang_content_type_id_697914295151027a_fk_django_content_type_id` FOREIGN KEY (`content_type_id`) REFERENCES `django_content_type` (`id`)
) ENGINE=InnoDB DEFAULT CHARSET=utf8;

LOCK TABLES `django_admin_log` WRITE;
/*!40000 ALTER TABLE `django_admin_log` DISABLE KEYS */;

INSERT INTO `django_admin_log` (`id`, `action_time`, `object_id`, `object_repr`, `action_flag`, `change_message`, `content_type_id`, `user_id`)
VALUES
	(1,'2018-07-19 11:05:43','1','http://acamar-web.preview.proboston.net',2,'Changed domain and name.',9,1),
	(2,'2018-07-19 11:13:57','1','Homepage',2,'',2,1),
	(3,'2018-07-19 11:15:11','1','Homepage',2,'Changed title and slug.',2,1),
	(4,'2018-07-19 11:15:34','7','',3,'',43,1),
	(5,'2018-07-19 11:22:59','1','Šéf Probostronu: S Acamarem jsme si sedli už...',1,'',47,1),
	(6,'2018-07-19 11:26:45','2','správce Mordoru: Lorem ipsum dolor sit amet,...',1,'',47,1),
	(7,'2018-07-19 11:30:18','1','Acamar',2,'',2,1),
	(8,'2018-07-19 11:31:37','3','Hledám projekt',1,'',2,1),
	(9,'2018-07-19 11:35:27','3','Hledám projekt',2,'',2,1),
	(10,'2018-07-19 11:35:45','5','Kdo jsme',1,'',2,1),
	(11,'2018-07-19 11:40:35','5','Kdo jsme',2,'',2,1),
	(12,'2018-07-19 11:41:19','47',' Spolupracujeme s největšími organizacemi v oboru',3,'',49,1),
	(13,'2018-07-19 11:41:23','5','Kdo jsme',2,'',2,1),
	(14,'2018-07-19 11:43:36','1','lja Pavlov',1,'',55,1),
	(15,'2018-07-19 11:44:28','2','Sauron',1,'',55,1),
	(16,'2018-07-19 11:45:38','3','Blanka Rubišová',1,'',55,1),
	(17,'2018-07-19 11:46:10','4','Michala Klapalová',1,'',55,1),
	(18,'2018-07-19 11:46:49','5','Anna Vacíková',1,'',55,1),
	(19,'2018-07-19 11:47:15','6','Gabriela Skálová',1,'',55,1),
	(20,'2018-07-19 11:47:56','7','Tereza Jarolímková',1,'',55,1),
	(21,'2018-07-19 11:55:16','7','kontakt',1,'',2,1),
	(22,'2018-07-19 12:00:51','7','kontakt',2,'',2,1),
	(23,'2018-07-19 15:16:29','3','Hledám projekt',2,'',2,1),
	(24,'2018-07-20 12:04:50','3','Hledám projekt',2,'',2,1),
	(25,'2018-07-23 14:48:00','1','Acamar',2,'',2,1),
	(26,'2018-07-23 14:48:26','9','Pro firmy',1,'',2,1),
	(27,'2018-07-23 14:49:47','9','Pro firmy',2,'',2,1),
	(28,'2018-07-23 15:04:32','9','Pro firmy',2,'',2,1),
	(29,'2018-07-23 15:09:10','11','Kurzy',2,'',2,1),
	(30,'2018-07-23 15:09:38','7','Kontakt',2,'Changed title.',2,1),
	(31,'2018-07-23 15:09:47','7','Kontakt',2,'',2,1),
	(32,'2018-07-23 15:10:28','1','Acamar',2,'',2,1),
	(33,'2018-07-23 15:13:24','1','Acamar',2,'',2,1),
	(34,'2018-07-23 15:14:36','7','Kontakt',2,'',2,1),
	(35,'2018-07-24 12:52:27','13','A-karta',1,'',2,1),
	(36,'2018-07-24 12:52:49','13','A-karta',2,'Changed login_required and limit_visibility_in_menu.',2,1),
	(37,'2018-07-24 12:55:35','13','A-karta',2,'',2,1),
	(38,'2018-07-24 13:11:13','11','Kurzy',2,'',2,1),
	(39,'2018-07-24 14:50:45','3','Hledám projekt',2,'Changed application_urls and xframe_options.',2,1),
	(40,'2018-07-24 14:50:55','3','Hledám projekt',2,'',2,1),
	(41,'2018-07-25 09:30:10','1','Hledám IT profesionály - /cs/pro-firmy/',1,'',79,1),
	(42,'2018-07-26 10:12:59','2','Chci vědět více o kurzech - /cs/kurzy/',1,'',79,1),
	(43,'2018-07-26 10:14:34','1','Kurz Testing',1,'',80,1),
	(44,'2018-07-26 10:41:01','2','Kurz Základy SQL',1,'',80,1),
	(45,'2018-07-26 10:42:02','3','Kurz Web services',1,'',80,1),
	(46,'2018-07-26 10:42:50','4','Bonus: Workshop + Příprava na pohovor',1,'',80,1),
	(47,'2018-07-26 10:44:35','1','Kurz Testing - 2018-10-04',1,'',81,1),
	(48,'2018-07-26 10:45:39','2','Kurz Testing - 2018-11-07',1,'',81,1),
	(49,'2018-07-26 10:46:51','11','Kurzy',2,'Changed application_urls and xframe_options.',2,1),
	(50,'2018-07-26 10:46:56','11','Kurzy',2,'',2,1),
	(51,'2018-07-26 10:58:21','1','Kurz Testing - 2018-10-04',2,'Changed address_cs and description_cs for Course term - item \"2018-10-05 - Druhá část\".',81,1),
	(52,'2018-07-26 12:09:23','3','Napište zprávu - mailto:email@email.com',1,'',79,1),
	(53,'2018-07-26 12:41:45','339','Provedeme vás prvním setkáním s testováním',3,'',52,1),
	(54,'2018-07-26 12:46:10','4','Bonus: Workshop + Příprava na pohovor',2,'Changed main_banner_title_cs.',80,1),
	(55,'2018-07-26 12:47:37','376','Vyberte si termín kurzu',3,'',87,1),
	(56,'2018-07-26 12:48:41','4','Přihlásit se - /en/kontakt/',1,'',79,1),
	(57,'2018-07-26 13:37:05','11','Kurzy',2,'',2,1),
	(58,'2018-07-26 13:38:12','7','Kontakt',2,'',2,1),
	(59,'2018-07-26 13:44:22','3','Hledám projekt',2,'',2,1),
	(60,'2018-07-26 13:56:19','5','Více o acamaru - /cs/kdo-jsme/',1,'',79,1),
	(61,'2018-07-26 13:56:27','5','Kdo jsme',2,'',2,1),
	(62,'2018-07-26 13:57:46','6','Dám vám kontakt - /cs/kontakt/',1,'',79,1),
	(63,'2018-07-26 13:58:05','7','Chci poznat acamar blíž - /en/kdo-jsme/',1,'',79,1),
	(64,'2018-07-26 13:58:10','3','Hledám projekt',2,'',2,1),
	(65,'2018-07-26 14:00:11','8','Najděte mi IT profesionály - http://email@email.com',1,'',79,1),
	(66,'2018-07-26 14:01:12','9','Napsat Iljovi - mailto:email@email.com',1,'',79,1),
	(67,'2018-07-26 14:01:29','9','Pro firmy',2,'',2,1),
	(68,'2018-07-26 14:01:59','1','Acamar',2,'',2,1),
	(69,'2018-07-27 07:17:49','13',' Spolupracujeme s největšími organizacemi v oboru',3,'',49,1),
	(70,'2018-07-27 07:25:14','1','Kontraktori',1,'',5,1),
	(71,'2018-07-27 08:53:03','9','Pro firmy',2,'',2,1),
	(72,'2018-07-27 09:47:17','1','admin',2,'Změněno: password',6,1),
	(73,'2018-07-27 11:11:38','1','Kurz Testing',2,'Changed main_banner_title_cs.',80,1),
	(74,'2018-07-27 12:03:30','1','Acamar',2,'',2,1),
	(75,'2018-07-27 12:05:22','10','Poohlížím se po práci - /cs/',1,'',79,1),
	(76,'2018-07-27 12:17:18','1','majitel Probostonu: S Acamarem jsme si sedli už...',2,'Změněno: author_cs a text_cs',47,1),
	(77,'2018-07-27 12:19:27','11','Zjistěte o nás víc - /cs/kdo-jsme/',1,'',79,1),
	(78,'2018-07-27 12:25:09','1','Kurz Testing',2,'Změněno: short_description_cs',80,1),
	(79,'2018-07-27 12:29:41','2','Kurz SQL',2,'Změněno: title_cs, main_banner_title_cs a short_description_cs',80,1),
	(80,'2018-07-27 12:30:12','2','Kurz SQL',2,'Změněno: duration_cs',80,1),
	(81,'2018-07-27 12:31:29','3','Kurz Web Services',2,'Změněno: title_cs, main_banner_title_cs, duration_cs a short_description_cs',80,1),
	(82,'2018-07-27 12:34:25','4','Kompletní příprava pro testery',2,'Změněno: title_cs, main_banner_title_cs, price_cs, duration_cs a short_description_cs',80,1),
	(83,'2018-07-27 12:36:27','1','Kurz Testing',2,'Změněno: main_banner_title_cs a short_description_cs',80,1),
	(84,'2018-07-27 12:36:59','1','Kurz Testing',2,'Změněno: short_description_cs',80,1),
	(85,'2018-07-27 12:38:15','1','Kurz Testing',2,'Změněno: main_banner_title_cs',80,1),
	(86,'2018-07-27 13:01:04','9','Napsat Illyovi - mailto:email@email.com',2,'Změněno: text',79,1),
	(87,'2018-07-27 13:38:22','147','Tereza_Simotova.png',3,'',29,1),
	(88,'2018-07-27 14:04:33','4','Kurz Web Services',2,'Changed title_cs, price_cs, duration_cs and short_description_cs.',80,1),
	(89,'2018-07-27 14:07:14','1','Homepage',2,'',2,1),
	(90,'2018-07-27 14:09:28','3','Kompletní příprava pro testery',2,'Změněno: title_cs, price_cs, duration_cs a short_description_cs',80,1),
	(91,'2018-07-29 19:16:23','514',' Spolupracujeme s největšími organizacemi v oboru',3,'',49,1),
	(92,'2018-07-29 19:34:28','64',' Spolupracujeme s největšími organizacemi v oboru',3,'',49,1),
	(93,'2018-07-29 19:37:47','11','Kurzy',2,'',2,1),
	(94,'2018-07-30 07:45:11','2','Igor Savič: Profesionální přístup, rych...',2,'Změněno: author_cs a text_cs',47,1),
	(95,'2018-07-30 07:46:17','2','Igor Savič: Profesionální přístup, rych...',2,'Změněno: image a logo',47,1),
	(96,'2018-07-30 07:46:57','2','Igor Savič, Group Leader v Commerz Systems: Profesionální přístup, rych...',2,'Změněno: author_cs',47,1),
	(97,'2018-07-30 07:47:04','1','Acamar',2,'',2,1),
	(98,'2018-07-30 07:48:40','3','Michal Rozehnal, CEO ve firmě Reporting.cz: Pro náš projekt jsme potřeb...',1,'',47,1),
	(99,'2018-07-30 07:49:07','4','Martin Hudos, Senior Manager v Deloitte: Spolupráce s Acamarem vždy ...',1,'',47,1),
	(100,'2018-07-30 07:50:36','1','Filip Líbal, jednatel Probostonu: S Acamarem jsme si sedli už...',2,'Změněno: author_cs a text_cs',47,1),
	(101,'2018-07-30 07:56:02','1','lja Pavlov',2,'Změněno: nickname_cs, text_cs a image',55,1),
	(102,'2018-07-30 07:57:04','3','Blanka Rubišová',2,'Změněno: text_cs a image',55,1),
	(103,'2018-07-30 07:57:56','2','Michala Klapalová',2,'Změněno: name, nickname_cs, text_cs a image',55,1),
	(104,'2018-07-30 07:59:13','5','Anna Vacíková',2,'Změněno: text_cs a image',55,1),
	(105,'2018-07-30 08:00:01','6','Gabriela Skálová',2,'Změněno: text_cs a image',55,1),
	(106,'2018-07-30 08:01:32','7','Tereza Jarolímková',2,'Změněno: text_cs a image',55,1),
	(107,'2018-07-30 08:02:45','8','Lucie Staňková',1,'',55,1),
	(108,'2018-07-30 08:03:27','9','Kateřina Palečková',1,'',55,1),
	(109,'2018-07-30 08:04:36','10','Tereza Simotová',1,'',55,1),
	(110,'2018-07-30 08:05:08','11','Šárka Bláhovcová',1,'',55,1),
	(111,'2018-07-30 08:05:54','12','Nikola Navrátilová',1,'',55,1),
	(112,'2018-07-30 08:06:31','13','Veronika Benáčková',1,'',55,1),
	(113,'2018-07-30 08:07:14','14','Eliška Chmelíková',1,'',55,1),
	(114,'2018-07-30 08:07:59','15','Markéta Koudelová',1,'',55,1),
	(115,'2018-07-30 08:08:49','16','Jana Dufková',1,'',55,1),
	(116,'2018-07-30 08:10:37','4','Michala Klapalová',2,'Změněno: image',55,1),
	(117,'2018-07-30 08:12:00','17','Jitka Kličková',1,'',55,1),
	(118,'2018-07-30 08:12:56','4','Michala Klapalová',3,'',55,1),
	(119,'2018-07-30 09:35:02','13','A-karta',2,'',2,1),
	(120,'2018-07-30 09:46:08','12','Poohlížím se po práci - /cs/pro-firmy/',1,'',79,1),
	(121,'2018-07-30 09:48:03','13','Hledám IT profesionály - /cs/hledam-projekt/',1,'',79,1),
	(122,'2018-07-30 11:26:32','15','Přihlášení ke kurzu',2,'',2,1),
	(123,'2018-07-30 11:58:04','3','Kurz Web Services',2,'Změněno: title_cs, price_cs, duration_cs a short_description_cs',80,1),
	(124,'2018-07-30 11:58:50','4','Kompletní příprava pro testery',2,'Změněno: title_cs, price_cs, duration_cs a short_description_cs',80,1),
	(125,'2018-07-30 11:58:58','2','Kurz SQL',2,'Změněno: duration_cs',80,1),
	(126,'2018-07-30 11:59:04','1','Kurz Testing',2,'Změněno: duration_cs',80,1),
	(127,'2018-07-30 11:59:38','1','Kurz Testing',2,'Změněno: duration_cs',80,1),
	(128,'2018-07-30 11:59:45','2','Kurz SQL',2,'Změněno: duration_cs',80,1),
	(129,'2018-07-30 11:59:50','3','Kurz Web Services',2,'Změněno: duration_cs',80,1),
	(130,'2018-07-30 11:59:57','4','Kompletní příprava pro testery',2,'Změněno: duration_cs',80,1),
	(131,'2018-07-30 13:42:33','7','Kontakt',2,'',2,1),
	(132,'2018-07-30 15:19:51','14','Zjistěte víc o Acamaru - /cs/kdo-jsme/',1,'',79,1),
	(133,'2018-07-30 15:55:01','13','A-karta',2,'Changed reverse_id and xframe_options.',2,1),
	(134,'2018-07-30 15:55:11','17','Login',2,'Changed title.',2,1),
	(135,'2018-07-30 15:55:24','17','Login',2,'Changed template, reverse_id and xframe_options.',2,1),
	(136,'2018-07-30 15:55:59','17','Login',2,'',2,1),
	(137,'2018-07-30 15:57:37','17','Login',2,'',2,1),
	(138,'2018-07-30 15:57:50','13','A-karta',2,'',2,1),
	(139,'2018-07-31 07:28:26','9','Pro firmy',2,'',2,1),
	(140,'2018-07-31 08:31:53','13','A-karta',2,'Changed limit_visibility_in_menu.',2,1),
	(141,'2018-07-31 08:31:56','13','A-karta',2,'',2,1),
	(142,'2018-07-31 08:49:00','4','Martin Hudos, Senior Manager v Deloitte: Spolupráce s Acamarem vždy ...',2,'Changed image and logo.',47,1),
	(143,'2018-07-31 08:49:28','3','Michal Rozehnal, CEO ve firmě Reporting.cz: Pro náš projekt jsme potřeb...',2,'Changed image and logo.',47,1),
	(144,'2018-07-31 08:49:36','2','Igor Savič, Group Leader v Commerz Systems: Profesionální přístup, rych...',2,'Changed show.',47,1),
	(145,'2018-07-31 08:50:48','1','Acamar',2,'',2,1),
	(146,'2018-07-31 08:52:14','3','Michal Rozehnal, CEO ve firmě Reporting.cz: Pro náš projekt jsme potřeb...',2,'Changed logo.',47,1),
	(147,'2018-07-31 11:30:32','4','Přihlásit se - /cs/prihlaseni-ke-kurzu/',2,'Změněno: internal_link',79,1),
	(148,'2018-07-31 11:32:18','19','Děkujeme',2,'',2,1),
	(149,'2018-07-31 11:33:04','15','Přihlášení ke kurzu',2,'',2,1),
	(150,'2018-07-31 13:08:33','1','http://acamar-web.django2.proboston.net',2,'Změněno: domain a name',9,1),
	(151,'2018-07-31 13:12:33','348','Na kurzu budete na svém notebooku pracovat v reálné aplikaci. A také se dozvíte…',3,'',85,1),
	(152,'2018-07-31 13:24:26','4','Kompletní příprava pro testery',2,'Změněno: duration_cs',80,1),
	(153,'2018-08-01 06:00:26','11','Kurzy',2,'',2,1),
	(154,'2018-08-01 06:04:44','11','Kurzy',2,'',2,1),
	(155,'2018-08-01 06:06:51','3','Hledám projekt',2,'',2,1),
	(156,'2018-08-01 07:15:48','1','Homepage',2,'Changed page_title.',2,1),
	(157,'2018-08-01 07:15:52','1','Homepage',2,'The English page \"Homepage\" was successfully unpublished',2,1),
	(158,'2018-08-01 07:16:19','1','Title Meta for Acamar (acamar, cs)',1,'',36,1),
	(159,'2018-08-01 07:16:48','1','Acamar',2,'',2,1),
	(160,'2018-08-01 07:17:27','3','Hledám projekt',2,'Changed page_title.',2,1),
	(161,'2018-08-01 07:17:53','3','Title Meta for Hledám projekt (hledam-projekt, cs)',1,'',36,1),
	(162,'2018-08-01 07:17:57','3','Hledám projekt',2,'',2,1),
	(163,'2018-08-01 07:18:27','9','Pro firmy',2,'Changed page_title.',2,1),
	(164,'2018-08-01 07:18:49','5','Title Meta for Pro firmy (pro-firmy, cs)',1,'',36,1),
	(165,'2018-08-01 07:19:03','9','Pro firmy',2,'',2,1),
	(166,'2018-08-01 07:19:21','5','Kdo jsme',2,'Changed page_title.',2,1),
	(167,'2018-08-01 07:19:47','7','Title Meta for Kdo jsme (kdo-jsme, cs)',1,'',36,1),
	(168,'2018-08-01 07:19:52','5','Kdo jsme',2,'',2,1),
	(169,'2018-08-01 07:20:14','7','Kontakt',2,'Changed page_title.',2,1),
	(170,'2018-08-01 07:20:36','9','Title Meta for Kontakt (kontakt, cs)',1,'',36,1),
	(171,'2018-08-01 07:21:06','7','Kontakt',2,'',2,1),
	(172,'2018-08-01 07:21:23','11','Kurzy',2,'Changed page_title.',2,1),
	(173,'2018-08-01 07:21:42','11','Title Meta for Kurzy (kurzy, cs)',1,'',36,1),
	(174,'2018-08-01 07:21:48','11','Kurzy',2,'',2,1),
	(175,'2018-08-01 07:37:20','1','Kurz Testing',2,'Změněno: meta_title_cs a meta_description_cs',80,1),
	(176,'2018-08-01 07:37:53','3','Kurz Web Services',2,'Změněno: meta_title_cs a meta_description_cs',80,1),
	(177,'2018-08-01 07:39:01','4','Kompletní příprava pro testery',2,'Změněno: slug_cs, meta_title_cs a meta_description_cs',80,1),
	(178,'2018-08-01 07:39:35','2','Kurz SQL',2,'Změněno: meta_title_cs a meta_description_cs',80,1),
	(179,'2018-08-01 08:20:07','15','Přihlášení ke kurzu',2,'Changed page_title.',2,1),
	(180,'2018-08-01 08:20:25','13','Title Meta for Přihlášení ke kurzu (prihlaseni-ke-kurzu, cs)',1,'',36,1),
	(181,'2018-08-01 08:20:38','15','Přihlášení ke kurzu',2,'',2,1),
	(182,'2018-08-01 08:21:22','19','Děkujeme',2,'Changed page_title.',2,1),
	(183,'2018-08-01 08:21:38','15','Title Meta for Děkujeme (dekujeme, cs)',1,'',36,1),
	(184,'2018-08-01 08:23:09','19','Děkujeme',2,'',2,1),
	(185,'2018-08-01 09:11:52','1','http://acamar.cz',2,'Changed domain and name.',9,1),
	(186,'2018-08-01 11:02:15','8','Najděte mi IT profesionály - http://info@acamar.cz',2,'Změněno: external_link',79,1),
	(187,'2018-08-01 11:02:55','8','Najděte mi IT profesionály - mailto:info@acamar.cz',2,'Změněno: external_link a mailto',79,1),
	(188,'2018-08-01 11:06:21','9','Napsat Illyovi - mailto:Illya.Pavlov@acamar.cz',2,'Změněno: mailto',79,1),
	(189,'2018-08-02 08:48:26','9','Pro firmy',2,'',2,1),
	(190,'2018-08-02 09:06:16','186','Terč.svg',3,'',26,1),
	(191,'2018-08-02 09:08:42','13','A-karta',2,'',2,1),
	(192,'2018-08-02 11:38:06','1','Acamar',2,'',2,1),
	(193,'2018-08-02 13:00:10','3','Kurz Testing - 24.9.18+27.9.18',1,'',81,1),
	(194,'2018-08-02 13:01:51','3','Kurz Testing - 24.9.18+27.9.18',2,'Changed description_cs for Course term - item \"2018-09-24 - 1. část\". Changed description_cs for Course term - item \"2018-09-27 - 2. část\".',81,1),
	(195,'2018-08-02 13:03:20','1','Kurz SQL - 1.10.18+4.10.18',2,'Changed course. Changed date, address_cs and description_cs for Course term - item \"2018-10-01 - 1. část\". Changed date, address_cs and description_cs for Course term - item \"2018-10-04 - 1. část\".',81,1),
	(196,'2018-08-02 13:04:12','2','Kurz Web Services - 8.10.18+11.11.18',2,'Changed course. Changed date and address_cs for Course term - item \"2018-10-08 - 1. část\". Changed date and address_cs for Course term - item \"2018-11-11 - 2. část\".',81,1),
	(197,'2018-08-02 13:06:00','4','Kompletní příprava pro testery - 11.10.18',1,'',81,1),
	(198,'2018-08-02 13:12:31','5','Kurz Testing - 14.1.19+17.1.19',1,'',81,1),
	(199,'2018-08-02 13:13:32','6','Kurz SQL - 21.1.19+24.1.19',1,'',81,1),
	(200,'2018-08-02 13:14:24','7','Kurz Web Services - 28.1.19',1,'',81,1),
	(201,'2018-08-02 13:17:26','8','Kurz Web Services - 8.10.18',1,'',81,1),
	(202,'2018-08-02 13:18:35','2','Kurz Web Services - 11.11.18',2,'Deleted Course term - item \"2018-10-08 - 1. část\".',81,1),
	(203,'2018-08-02 13:19:42','2','Kurz Web Services - --',2,'Deleted Course term - item \"2018-11-11 - 2. část\".',81,1),
	(204,'2018-08-02 13:22:34','1','Kurz SQL - 1.10.18+4.10.18',2,'Changed description_cs for Course term - item \"2018-10-04 - 2. část\".',81,1),
	(205,'2018-08-02 13:23:23','1','Kurz SQL - 1.10.18+4.10.18',2,'No fields changed.',81,1),
	(206,'2018-08-06 07:30:17','13','A-karta',2,'Changed limit_visibility_in_menu.',2,1),
	(207,'2018-08-06 07:30:25','13','A-karta',2,'',2,1),
	(208,'2018-08-08 15:05:50','13','Acarta',2,'Changed title.',2,1),
	(209,'2018-08-08 15:07:12','1','Acamar',2,'',2,1),
	(210,'2018-08-08 17:25:34','3','Michal Rozehnal, CEO ve firmě Reporting.cz: Pro náš projekt jsme potřeb...',2,'Changed text_cs.',47,1),
	(211,'2018-08-08 17:36:54','2','Kurz SQL',2,'Changed duration_cs.',80,1),
	(212,'2018-08-08 17:37:06','1','Kurz Testing',2,'Changed duration_cs.',80,1),
	(213,'2018-08-09 12:46:15','9','Pro firmy',2,'',2,1),
	(214,'2018-08-09 13:09:33','3','Pro uchazeče',2,'Changed title.',2,1),
	(215,'2018-08-09 13:09:42','1','Homepage',2,'',2,1),
	(216,'2018-08-14 11:09:29','1','Acamar',2,'',2,1),
	(217,'2018-08-14 11:11:17','1','Acamar',2,'',2,1),
	(218,'2018-08-14 14:59:38','3','Pro uchazeče',2,'',2,1),
	(219,'2018-08-14 15:02:05','3','Pro uchazeče',2,'',2,1),
	(220,'2018-08-14 15:03:54','3','Pro uchazeče',2,'',2,1),
	(221,'2018-08-14 15:05:28','3','Pro uchazeče',2,'',2,1),
	(222,'2018-08-14 15:11:03','7','Chci poznat Acamar blíž - /cs/kdo-jsme/',2,'Změněno: text',79,1),
	(223,'2018-08-14 15:11:11','3','Pro uchazeče',2,'',2,1),
	(224,'2018-08-14 15:36:57','5','Kdo jsme',2,'',2,1),
	(225,'2018-08-14 16:31:40','11','Kurzy',2,'',2,1),
	(226,'2018-08-14 16:55:47','11','Kurzy',2,'',2,1),
	(227,'2018-08-14 16:59:52','11','Kurzy',2,'',2,1),
	(228,'2018-08-14 17:41:40','3','Napište zprávu - mailto:Lucie.Stankova@acamar.cz',2,'Změněno: mailto',79,1),
	(229,'2018-08-14 17:44:48','15','Přihlášení ke kurzu',2,'',2,1),
	(230,'2018-08-14 18:08:33','87','envelope-black.png',2,'Změněno: file a subject_location',29,1),
	(231,'2018-08-14 20:11:13','7','Kontakt',2,'',2,1),
	(232,'2018-08-15 07:16:45','1','admin',2,'Changed language.',10,1),
	(233,'2018-08-15 15:32:19','9','Pro firmy',2,'',2,1),
	(234,'2018-08-15 16:53:07','1','Acamar',2,'',2,1),
	(235,'2018-08-15 17:13:10','11','Kurzy',2,'',2,1),
	(236,'2018-08-16 11:15:36','12','Poohlížím se po práci - /cs/hledam-projekt/',2,'Změněno: internal_link',79,1),
	(237,'2018-08-16 11:15:51','13','Hledám IT profesionály - /cs/pro-firmy/',2,'Změněno: internal_link',79,1),
	(238,'2018-08-16 11:16:04','1','Acamar',2,'',2,1),
	(239,'2018-08-22 09:23:16','1','Michala Klapalová',1,'',99,1),
	(240,'2018-08-22 09:23:53','134','dump_20180727.sql',3,'',26,1),
	(241,'2018-08-22 09:24:13','2','Tereza Jarolímková',1,'',99,1),
	(242,'2018-08-22 09:24:37','3','Lucie Staňková',1,'',99,1),
	(243,'2018-08-22 09:24:58','4','Anna Vacíková',1,'',99,1),
	(244,'2018-08-22 15:22:47','1','Illya Pavlov',2,'Změněno: name',55,1),
	(245,'2018-09-04 11:40:15','1','Acamar',2,'',2,1),
	(246,'2018-09-06 11:17:40','3','Pro uchazeče',2,'',2,1),
	(247,'2018-09-06 13:29:08','1','Acamar',2,'Stránka \"Acamar\" v jazyce anglicky byla úspěšně depublikována',2,1),
	(248,'2018-09-08 10:42:08','1','Homepage',2,'',2,1),
	(249,'2018-09-08 10:46:31','1','Homepage',2,'',2,1),
	(250,'2018-09-08 12:36:36','2','I want to know more about the courses - /en/kurzy/',2,'Changed text.',79,1),
	(251,'2018-09-08 12:36:50','2','More on the course - /en/kurzy/',2,'Changed text.',79,1),
	(252,'2018-09-08 12:40:06','1','Testing Course',2,'Changed title_en, slug_en, place_en, price_en, duration_en and short_description_en.',80,1),
	(253,'2018-09-08 12:44:05','2','Chci se o kurzu dovědět víc - /cs/kurzy/',2,'Změněno: text',79,1),
	(254,'2018-09-08 12:46:38','2','Kurz SQL',2,'Změněno: title_en, slug_en, place_en, price_en, duration_en a short_description_en',80,1),
	(255,'2018-09-08 12:47:06','1','Kurz Testing',2,'Změněno: title_en',80,1),
	(256,'2018-09-08 12:47:46','4','Kompletní příprava pro testery',2,'Změněno: title_en, slug_en, place_en, price_en, duration_en a short_description_en',80,1),
	(257,'2018-09-08 12:48:39','3','Kurz Web Services',2,'Změněno: title_en, slug_en, place_en, price_en, duration_en a short_description_en',80,1),
	(258,'2018-09-08 12:49:21','3','Kurz Web Services',2,'Změněno: short_description_en',80,1),
	(259,'2018-09-08 12:50:13','1','Kurz Testing',2,'Změněno: short_description_cs',80,1),
	(260,'2018-09-08 13:20:21','9','Pro firmy',2,'',2,1),
	(261,'2018-09-08 13:21:52','9','Pro firmy',2,'',2,1),
	(262,'2018-09-08 13:24:24','9','Pro firmy',2,'',2,1),
	(263,'2018-09-08 13:25:03','9','Pro firmy',2,'',2,1),
	(264,'2018-09-08 13:25:40','9','Pro firmy',2,'',2,1),
	(265,'2018-09-08 13:26:04','9','Pro firmy',2,'',2,1),
	(266,'2018-09-08 13:26:32','9','Pro firmy',2,'',2,1),
	(267,'2018-09-08 13:27:17','9','Pro firmy',2,'',2,1),
	(268,'2018-09-08 13:27:44','9','Pro firmy',2,'',2,1),
	(269,'2018-09-08 13:28:01','9','Pro firmy',2,'',2,1),
	(270,'2018-09-08 13:29:33','9','Write to Illya - mailto:Illya.Pavlov@acamar.cz',2,'Changed text.',79,1),
	(271,'2018-09-08 13:29:55','9','Pro firmy',2,'',2,1),
	(272,'2018-09-08 13:37:41','3','Pro uchazeče',2,'',2,1),
	(273,'2018-09-08 13:38:33','3','Pro uchazeče',2,'',2,1),
	(274,'2018-09-08 13:38:50','3','Pro uchazeče',2,'',2,1),
	(275,'2018-09-08 13:39:11','3','Pro uchazeče',2,'',2,1),
	(276,'2018-09-08 13:39:27','3','Pro uchazeče',2,'',2,1),
	(277,'2018-09-09 14:51:14','1','Homepage',2,'',2,1),
	(278,'2018-09-09 14:52:19','3','Pro uchazeče',2,'',2,1),
	(279,'2018-09-09 14:56:39','3','Pro uchazeče',2,'',2,1),
	(280,'2018-09-10 14:51:17','3','Pro uchazeče',2,'',2,1),
	(281,'2018-09-10 14:55:11','3','Pro uchazeče',2,'',2,1),
	(282,'2018-09-10 14:55:24','3','Pro uchazeče',2,'',2,1),
	(283,'2018-09-10 14:56:43','3','Pro uchazeče',2,'',2,1),
	(284,'2018-09-10 14:57:04','6','Let me give you my contact details - /en/kontakt/',2,'Changed text.',79,1),
	(285,'2018-09-10 14:57:17','7','I’d like to get to know Acamar better - /en/kdo-jsme/',2,'Changed text.',79,1),
	(286,'2018-09-10 14:57:22','3','Pro uchazeče',2,'',2,1),
	(287,'2018-09-10 14:57:57','5','Kdo jsme',2,'',2,1),
	(288,'2018-09-10 14:58:25','5','Kdo jsme',2,'',2,1),
	(289,'2018-09-10 14:58:52','5','Kdo jsme',2,'',2,1),
	(290,'2018-09-10 14:59:19','5','Kdo jsme',2,'',2,1),
	(291,'2018-09-10 14:59:38','5','Kdo jsme',2,'',2,1),
	(292,'2018-09-10 15:00:02','5','Kdo jsme',2,'',2,1),
	(293,'2018-09-10 15:00:22','5','Kdo jsme',2,'',2,1),
	(294,'2018-09-10 15:01:23','5','Kdo jsme',2,'',2,1),
	(295,'2018-09-10 15:02:33','2','Michala Klapalová',2,'Změněno: nickname_en a text_en',55,1),
	(296,'2018-09-10 15:03:07','6','Gabriela Skálová',2,'Změněno: nickname_en a text_en',55,1),
	(297,'2018-09-10 15:03:32','5','Anna Vacíková',2,'Změněno: nickname_en a text_en',55,1),
	(298,'2018-09-10 15:03:43','5','Anna Vacíková',2,'Nebyla změněna žádná pole.',55,1),
	(299,'2018-09-10 15:04:12','9','Kateřina Palečková',2,'Změněno: nickname_en a text_en',55,1),
	(300,'2018-09-10 15:04:39','16','Jana Dufková',2,'Změněno: nickname_en a text_en',55,1),
	(301,'2018-09-10 15:05:20','3','Blanka Rubišová',2,'Změněno: nickname_en a text_en',55,1),
	(302,'2018-09-10 15:05:46','14','Eliška Chmelíková',2,'Změněno: nickname_en a text_en',55,1),
	(303,'2018-09-10 15:06:09','10','Tereza Simotová',2,'Změněno: nickname_en a text_en',55,1),
	(304,'2018-09-10 15:06:53','17','Jitka Kličková',2,'Změněno: nickname_en a text_en',55,1),
	(305,'2018-09-10 15:07:21','8','Lucie Staňková',2,'Změněno: nickname_en a text_en',55,1),
	(306,'2018-09-10 15:07:44','13','Veronika Benáčková',2,'Změněno: nickname_en a text_en',55,1),
	(307,'2018-09-10 15:08:08','12','Nikola Navrátilová',2,'Změněno: nickname_en a text_en',55,1),
	(308,'2018-09-10 15:08:47','1','Illya Pavlov',2,'Změněno: nickname_en a text_en',55,1),
	(309,'2018-09-10 15:09:13','7','Tereza Jarolímková',2,'Změněno: nickname_en a text_en',55,1),
	(310,'2018-09-10 15:09:43','15','Markéta Koudelová',2,'Změněno: nickname_en a text_en',55,1),
	(311,'2018-09-10 15:10:11','11','Šárka Bláhovcová',2,'Změněno: nickname_en a text_en',55,1),
	(312,'2018-09-10 15:10:36','11','Kurzy',2,'',2,1),
	(313,'2018-09-10 15:18:00','7','Kontakt',2,'',2,1),
	(314,'2018-09-10 15:18:52','7','Kontakt',2,'',2,1),
	(315,'2018-09-11 07:55:22','1','Acamar',2,'',2,1),
	(316,'2018-09-11 07:55:43','1','Acamar',2,'',2,1),
	(317,'2018-09-11 07:59:09','1','Acamar',2,'',2,1),
	(318,'2018-09-11 07:59:58','1','Acamar',2,'',2,1),
	(319,'2018-09-11 08:02:09','1','Acamar',2,'',2,1),
	(320,'2018-09-11 08:11:45','1','Acamar',2,'',2,1),
	(321,'2018-09-11 08:15:13','1','Acamar',2,'',2,1),
	(322,'2018-09-11 08:16:28','1','Курсы для тестировщиков (по тестированию программного обеспечения)',2,'Изменен title_ru, slug_ru, place_ru, price_ru, duration_ru и short_description_ru.',80,1),
	(323,'2018-09-11 08:16:36','1','Acamar',2,'',2,1),
	(324,'2018-09-11 08:17:47','2','Курсы SQL',2,'Изменен title_ru, slug_ru, place_ru, price_ru, duration_ru и short_description_ru.',80,1),
	(325,'2018-09-11 08:20:25','3','Курсы Web Services',2,'Изменен title_ru, slug_ru, place_ru, price_ru, duration_ru и short_description_ru.',80,1),
	(326,'2018-09-11 08:21:03','4','Полная подготовка для тестировщиков',2,'Изменен title_ru, slug_ru, place_ru, price_ru, duration_ru и short_description_ru.',80,1),
	(327,'2018-09-11 08:21:25','2','Больше о курсах - /ru/kurzy/',2,'Изменен text.',79,1),
	(328,'2018-09-11 08:21:51','1','Acamar',2,'',2,1),
	(329,'2018-09-11 09:15:26','1','Acamar',2,'',2,1),
	(330,'2018-09-11 09:15:26','1','Acamar',2,'',2,1),
	(331,'2018-09-11 09:16:29','9','Pro firmy',2,'',2,1),
	(332,'2018-09-11 09:17:29','9','Pro firmy',2,'',2,1),
	(333,'2018-09-11 09:19:10','9','Pro firmy',2,'',2,1),
	(334,'2018-09-11 09:33:22','9','Pro firmy',2,'',2,1),
	(335,'2018-09-11 09:39:51','9','Pro firmy',2,'',2,1),
	(336,'2018-09-11 09:43:49','1','Hledám IT profesionály - http://acamar-web.django2.proboston.net/en/pro-firmy/',2,'Changed external_link and internal_link.',79,1),
	(337,'2018-09-11 09:44:23','1','Homepage',2,'',2,1),
	(338,'2018-09-11 11:05:15','9','Pro firmy',2,'',2,1),
	(339,'2018-09-11 11:05:39','9','Pro firmy',2,'',2,1),
	(340,'2018-09-11 11:06:00','9','Pro firmy',2,'',2,1),
	(341,'2018-09-11 11:06:22','9','Pro firmy',2,'',2,1),
	(342,'2018-09-11 11:23:45','9','Pro firmy',2,'',2,1),
	(343,'2018-09-11 11:24:05','9','Pro firmy',2,'',2,1),
	(344,'2018-09-11 11:25:14','9','Pro firmy',2,'',2,1),
	(345,'2018-09-11 11:48:03','3','Pro uchazeče',2,'',2,1),
	(346,'2018-09-11 11:57:22','3','Pro uchazeče',2,'',2,1),
	(347,'2018-09-11 11:57:54','3','Pro uchazeče',2,'',2,1),
	(348,'2018-09-11 11:58:11','3','Pro uchazeče',2,'',2,1),
	(349,'2018-09-11 11:58:30','3','Pro uchazeče',2,'',2,1),
	(350,'2018-09-11 11:58:48','3','Pro uchazeče',2,'',2,1),
	(351,'2018-09-11 11:59:07','3','Pro uchazeče',2,'',2,1),
	(352,'2018-09-11 11:59:21','3','Pro uchazeče',2,'',2,1),
	(353,'2018-09-11 11:59:38','3','Pro uchazeče',2,'',2,1),
	(354,'2018-09-11 12:00:06','3','Pro uchazeče',2,'',2,1),
	(355,'2018-09-11 12:01:51','3','Pro uchazeče',2,'',2,1),
	(356,'2018-09-11 12:02:12','3','Pro uchazeče',2,'',2,1),
	(357,'2018-09-11 12:04:44','3','Pro uchazeče',2,'',2,1),
	(358,'2018-09-11 12:20:43','3','Pro uchazeče',2,'',2,1),
	(359,'2018-09-11 12:21:18','3','Pro uchazeče',2,'',2,1),
	(360,'2018-09-11 12:23:57','5','Kdo jsme',2,'',2,1),
	(361,'2018-09-11 12:24:25','5','Kdo jsme',2,'',2,1),
	(362,'2018-09-11 12:24:58','5','Kdo jsme',2,'',2,1),
	(363,'2018-09-11 12:25:33','5','Kdo jsme',2,'',2,1),
	(364,'2018-09-11 12:46:17','5','Kdo jsme',2,'',2,1),
	(365,'2018-09-11 12:47:54','5','Kdo jsme',2,'',2,1),
	(366,'2018-09-11 12:48:57','15','Маркета Коуделова',2,'Změněno: name, nickname_ru a text_ru',55,1),
	(367,'2018-09-11 12:49:16','5','Kdo jsme',2,'',2,1),
	(368,'2018-09-11 12:49:47','15','Markéta Koudelová',2,'Změněno: name',55,1),
	(369,'2018-09-12 07:30:37','3','Michal Rozehnal, CEO ve firmě Reporting.cz: Pro náš projekt jsme potřeb...',2,'Změněno: logo',47,1),
	(370,'2018-09-12 08:29:51','3','Pro uchazeče',2,'',2,1),
	(371,'2018-09-12 08:36:23','5','Veronika Benáčková',1,'',99,1),
	(372,'2018-09-12 11:02:51','1','Acamar',2,'',2,1),
	(373,'2018-09-12 11:45:26','6','Let me give you my contact details - /cs/kontakt/#contact-form',2,'Změněno: anchor',79,1),
	(374,'2018-09-12 11:49:22','15','Více o acamaru - /cs/kontakt/',1,'',79,1),
	(375,'2018-09-12 12:20:56','3','Pro uchazeče',2,'',2,1),
	(376,'2018-09-12 12:23:04','1','http://acamar-web.django2.proboston.net',2,'Změněno: domain',9,1),
	(377,'2018-09-12 12:58:06','5','Anna Vacíková',2,'Změněno: nickname_ru a text_ru',55,1),
	(378,'2018-09-12 12:58:20','5','Anna Vacíková',2,'Nebyla změněna žádná pole.',55,1),
	(379,'2018-09-12 12:59:10','9','Kateřina Palečková',2,'Změněno: nickname_ru a text_ru',55,1),
	(380,'2018-09-12 13:04:17','9','Kateřina Palečková',2,'Změněno: nickname_ru',55,1),
	(381,'2018-09-12 13:05:03','1','Illya Pavlov',2,'Změněno: nickname_ru a text_ru',55,1),
	(382,'2018-09-12 13:05:58','3','Blanka Rubišová',2,'Změněno: nickname_ru a text_ru',55,1),
	(383,'2018-09-12 14:17:59','7','Tereza Jarolímková',2,'Změněno: nickname_ru a text_ru',55,1),
	(384,'2018-09-12 14:18:23','8','Lucie Staňková',2,'Změněno: nickname_ru a text_ru',55,1),
	(385,'2018-09-12 14:18:50','12','Nikola Navrátilová',2,'Změněno: nickname_ru a text_ru',55,1),
	(386,'2018-09-12 14:26:59','6','Gabriela Skálová',2,'Změněno: nickname_ru a text_ru',55,1),
	(387,'2018-09-12 14:27:21','15','Markéta Koudelová',2,'Změněno: nickname_ru',55,1),
	(388,'2018-09-12 14:27:43','17','Jitka Kličková',2,'Změněno: nickname_ru a text_ru',55,1),
	(389,'2018-09-12 14:30:06','10','Tereza Simotová',2,'Změněno: nickname_ru a text_ru',55,1),
	(390,'2018-09-12 14:37:18','13','Veronika Benáčková',2,'Změněno: nickname_ru a text_ru',55,1),
	(391,'2018-09-12 14:37:38','16','Jana Dufková',2,'Změněno: nickname_ru a text_ru',55,1),
	(392,'2018-09-12 14:38:05','14','Eliška Chmelíková',2,'Změněno: nickname_ru a text_ru',55,1),
	(393,'2018-09-12 14:38:38','2','Michala Klapalová',2,'Změněno: nickname_ru a text_ru',55,1),
	(394,'2018-09-12 14:39:12','11','Šárka Bláhovcová',2,'Změněno: nickname_ru a text_ru',55,1),
	(395,'2018-09-12 14:55:20','7','Kontakt',2,'',2,1),
	(396,'2018-09-12 14:55:53','7','Kontakt',2,'',2,1),
	(397,'2018-09-12 15:04:39','7','Kontakt',2,'',2,1),
	(398,'2018-09-13 09:35:19','3','Pro uchazeče',2,'Změněno: title',2,1),
	(399,'2018-09-13 09:35:51','3','Pro uchazeče',2,'Změněno: title',2,1),
	(400,'2018-09-13 09:36:34','3','Pro uchazeče',2,'Změněno: xframe_options',2,1),
	(401,'2018-09-13 09:38:30','9','Pro firmy',2,'Změněno: title, slug, menu_title a page_title',2,1),
	(402,'2018-09-13 09:39:47','1','Homepage',2,'',2,1),
	(403,'2018-09-13 09:40:47','13','I\'m looking for a job - /en/hledam-projekt/',2,'Changed text and internal_link.',79,1),
	(404,'2018-09-13 09:43:01','9','Pro firmy',2,'No fields changed.',2,1),
	(405,'2018-09-13 09:43:16','1','We’re looking for IT professionals - /en/for-companies/',2,'Changed text, external_link and internal_link.',79,1),
	(406,'2018-09-13 09:44:53','13','Najděte mi IT experty - /cs/pro-firmy/',2,'Změněno: text a internal_link',79,1),
	(407,'2018-09-13 09:45:27','2','Více o kurzech - /cs/kurzy/',2,'Změněno: text',79,1),
	(408,'2018-09-13 09:45:35','1','Acamar',2,'',2,1),
	(409,'2018-09-13 09:46:42','9','Napište Ilyovi - mailto:Illya.Pavlov@acamar.cz',2,'Změněno: text',79,1),
	(410,'2018-09-13 09:46:58','9','Pro firmy',2,'',2,1),
	(411,'2018-09-13 09:49:09','7','Chci se o Acamaru dozvědět víc - /cs/kdo-jsme/',2,'Změněno: text',79,1),
	(412,'2018-09-13 09:49:33','6','Nechám vám na sebe kontakt - /cs/kontakt/#contact-form',2,'Změněno: text',79,1),
	(413,'2018-09-13 09:49:42','3','Pro uchazeče',2,'',2,1),
	(414,'2018-09-13 09:50:36','1','We’re looking for IT experts - /en/for-companies/',2,'Changed text.',79,1),
	(415,'2018-09-13 09:50:42','1','Homepage',2,'',2,1),
	(416,'2018-09-13 09:52:14','3','Pro uchazeče',2,'Changed page_title.',2,1),
	(417,'2018-09-13 09:52:40','3','I’m looking for a job',2,'Changed xframe_options.',2,1),
	(418,'2018-09-13 09:52:52','3','Pro uchazeče',2,'Changed menu_title.',2,1),
	(419,'2018-09-13 09:53:02','12','I\'m looking for a job - /en/hledam-projekt/',2,'Changed text.',79,1),
	(420,'2018-09-13 09:53:34','9','Pro firmy',2,'Změněno: xframe_options',2,1),
	(421,'2018-09-13 09:53:48','1','Homepage',2,'',2,1),
	(422,'2018-09-13 09:53:53','9','For companies',2,'',2,1),
	(423,'2018-09-13 09:53:57','9','Pro firmy',2,'',2,1),
	(424,'2018-09-13 09:54:00','9','Pro firmy',2,'',2,1),
	(425,'2018-09-13 09:54:04','3','I’m looking for a job',2,'',2,1),
	(426,'2018-09-13 09:54:45','1','Acamar',2,'Změněno: page_title',2,1),
	(427,'2018-09-13 09:54:49','1','Homepage',2,'',2,1),
	(428,'2018-09-13 09:54:52','3','Ищу работу',2,'',2,1),
	(429,'2018-09-13 09:54:55','5','Kdo jsme',2,'',2,1),
	(430,'2018-09-13 09:54:59','11','Kurzy',2,'',2,1),
	(431,'2018-09-13 09:55:02','11','Kurzy',2,'',2,1),
	(432,'2018-09-13 09:55:16','9','For companies',2,'Nebyla změněna žádná pole.',2,1),
	(433,'2018-09-13 09:55:19','1','We’re looking for IT experts - /cs/pro-firmy/',2,'Nebyla změněna žádná pole.',79,1),
	(434,'2018-09-13 09:55:54','1','Homepage',2,'',2,1),
	(435,'2018-09-13 09:57:07','3','Pro uchazeče',2,'Změněno: slug',2,1),
	(436,'2018-09-13 09:57:13','9','Pro firmy',2,'',2,1),
	(437,'2018-09-13 09:57:16','3','I’m looking for a job',2,'',2,1),
	(438,'2018-09-13 09:57:25','12','I\'m looking for a job - /cs/hledam-projekt/',2,'Nebyla změněna žádná pole.',79,1),
	(439,'2018-09-13 09:57:36','12','Poohlížím se po práci - /cs/hledam-projekt/',2,'Změněno: text',79,1),
	(440,'2018-09-13 09:57:49','1','Acamar',2,'',2,1),
	(441,'2018-09-13 09:58:13','12','I\'m looking for a job - /en/for-candidates/',2,'Changed text.',79,1),
	(442,'2018-09-13 09:58:17','1','Homepage',2,'',2,1),
	(443,'2018-09-13 09:58:52','1','Find me IT experts - /en/for-companies/',2,'Changed text.',79,1),
	(444,'2018-09-13 09:58:58','1','Homepage',2,'',2,1),
	(445,'2018-09-13 10:00:10','11','Kurzy',2,'Changed title, slug, menu_title and page_title.',2,1),
	(446,'2018-09-13 10:00:37','2','I’d like to learn more about the courses - /en/courses/',2,'Changed text.',79,1),
	(447,'2018-09-13 10:00:47','1','Homepage',2,'',2,1),
	(448,'2018-09-13 10:01:09','11','Courses',2,'',2,1),
	(449,'2018-09-13 10:02:45','11','Courses',2,'Změněno: menu_title',2,1),
	(450,'2018-09-13 10:02:48','2','Chci se o kurzech dovědět víc - /cs/kurzy/',2,'Změněno: text',79,1),
	(451,'2018-09-13 10:02:53','1','Acamar',2,'',2,1),
	(452,'2018-09-13 10:03:53','11','Kurzy',2,'',2,1),
	(453,'2018-09-13 10:04:07','2','I want to know more about the courses - /en/courses/',2,'Changed text.',79,1),
	(454,'2018-09-13 10:04:11','1','Homepage',2,'',2,1),
	(455,'2018-09-13 10:04:35','2','Chci se o kurzech dovědět víc - /cs/kurzy/',2,'Změněno: text',79,1),
	(456,'2018-09-13 10:04:48','12','Poohlížím se po práci - /cs/hledam-projekt/',2,'Změněno: text',79,1),
	(457,'2018-09-13 10:04:49','1','Acamar',2,'',2,1),
	(458,'2018-09-13 10:05:26','8','Find me IT experts - mailto:info@acamar.cz',2,'Changed text.',79,1),
	(459,'2018-09-13 10:05:31','8','Find me IT experts - mailto:info@acamar.cz',2,'No fields changed.',79,1),
	(460,'2018-09-13 10:05:39','9','For companies',2,'',2,1),
	(461,'2018-09-13 10:06:22','9','For companies',2,'Changed xframe_options.',2,1),
	(462,'2018-09-13 10:06:27','9','For companies',2,'',2,1),
	(463,'2018-09-13 10:07:26','8','Find me IT experts - mailto:info@acamar.cz',2,'Nebyla změněna žádná pole.',79,1),
	(464,'2018-09-13 10:08:09','8','Najděte mi IT experty - mailto:info@acamar.cz',2,'Změněno: text',79,1),
	(465,'2018-09-13 10:08:12','9','Pro firmy',2,'',2,1),
	(466,'2018-09-13 10:08:39','9','Write to Illya - mailto:Illya.Pavlov@acamar.cz',2,'Changed text.',79,1),
	(467,'2018-09-13 10:09:51','5','Kdo jsme',2,'Changed title, slug, menu_title and page_title.',2,1),
	(468,'2018-09-13 10:09:53','14','I’d like to get to know Acamar better - /en/who-we-are/',2,'Changed text.',79,1),
	(469,'2018-09-13 10:10:05','5','Who we are',2,'',2,1),
	(470,'2018-09-13 10:10:22','9','For companies',2,'',2,1),
	(471,'2018-09-13 10:11:21','9','Napište Ilyovi - mailto:Illya.Pavlov@acamar.cz',2,'Changed text.',79,1),
	(472,'2018-09-13 10:11:31','14','Chci se o Acamaru dozvědět víc - /en/who-we-are/',2,'Changed text.',79,1),
	(473,'2018-09-13 10:11:38','9','For companies',2,'',2,1),
	(474,'2018-09-13 10:12:59','7','Kontakt',2,'Changed title, slug, menu_title and page_title.',2,1),
	(475,'2018-09-13 10:13:05','6','Let me give you my contact details - /en/contact/#contact-form',2,'Changed text.',79,1),
	(476,'2018-09-13 10:13:18','7','I’d like to get to know Acamar better - /en/who-we-are/',2,'Changed text.',79,1),
	(477,'2018-09-13 10:13:22','3','I’m looking for a job',2,'',2,1),
	(478,'2018-09-13 10:14:12','7','Contact',2,'Změněno: menu_title',2,1),
	(479,'2018-09-13 10:14:16','6','Let me give you my contact details - /cs/kontakt/#contact-form',2,'Nebyla změněna žádná pole.',79,1),
	(480,'2018-09-13 10:14:24','7','Chci se o Acamaru dozvědět víc - /cs/kdo-jsme/',2,'Změněno: text',79,1),
	(481,'2018-09-13 10:14:56','6','Nechám vám na sebe kontakt - /cs/kontakt/#contact-form',2,'Změněno: text',79,1),
	(482,'2018-09-13 10:15:01','3','Pro uchazeče',2,'',2,1),
	(483,'2018-09-13 10:16:01','9','For companies',2,'Changed xframe_options.',2,1),
	(484,'2018-09-13 10:16:05','9','For companies',2,'',2,1),
	(485,'2018-09-13 10:16:08','7','Kontakt',2,'',2,1),
	(486,'2018-09-13 10:16:12','7','Contact',2,'',2,1),
	(487,'2018-09-13 10:16:18','1','Find me IT experts - /en/for-companies/',2,'No fields changed.',79,1),
	(488,'2018-09-13 10:16:25','1','Find me IT experts - /en/for-companies/',2,'No fields changed.',79,1),
	(489,'2018-09-13 10:16:48','3','Pro uchazeče',2,'Nebyla změněna žádná pole.',2,1),
	(490,'2018-09-13 10:16:52','3','I’m looking for a job',2,'',2,1),
	(491,'2018-09-13 10:17:27','3','For candidates',2,'Změněno: menu_title',2,1),
	(492,'2018-09-13 10:17:31','3','Pro uchazeče',2,'',2,1),
	(493,'2018-09-13 10:17:38','1','Homepage',2,'',2,1),
	(494,'2018-09-13 10:18:22','3','Pro uchazeče',2,'Změněno: xframe_options',2,1),
	(495,'2018-09-13 10:18:25','3','I’m looking for a job',2,'',2,1),
	(496,'2018-09-13 10:18:32','12','Poohlížím se po práci - /cs/hledam-projekt/',2,'Nebyla změněna žádná pole.',79,1),
	(497,'2018-09-13 10:19:08','9','For companies',2,'Změněno: menu_title',2,1),
	(498,'2018-09-13 10:19:11','9','Pro firmy',2,'',2,1),
	(499,'2018-09-13 10:19:16','1','Homepage',2,'',2,1),
	(500,'2018-09-13 10:19:20','1','Find me IT experts - /cs/pro-firmy/',2,'Nebyla změněna žádná pole.',79,1),
	(501,'2018-09-13 10:19:34','1','Homepage',2,'',2,1),
	(502,'2018-09-13 10:21:25','1','Acamar',2,'Změněno: title a slug',2,1),
	(503,'2018-09-13 10:21:30','1','Acamar',2,'',2,1),
	(504,'2018-09-13 12:35:27','1','Acamar',2,'Changed title and page_title.',2,1),
	(505,'2018-09-13 12:35:30','1','Акамар',2,'',2,1),
	(506,'2018-09-13 12:38:07','9','For companies',2,'Changed title, slug and menu_title.',2,1),
	(507,'2018-09-13 12:38:12','9','Для компаний',2,'',2,1),
	(508,'2018-09-13 12:38:44','3','For candidates',2,'Changed slug and menu_title.',2,1),
	(509,'2018-09-13 12:38:47','3','Ищу работу',2,'',2,1),
	(510,'2018-09-13 12:39:19','5','Who we are',2,'Changed title, slug and menu_title.',2,1),
	(511,'2018-09-13 12:39:23','5','Кто мы',2,'',2,1),
	(512,'2018-09-13 12:39:44','11','Courses',2,'Changed title, slug and menu_title.',2,1),
	(513,'2018-09-13 12:39:47','11','Курсы',2,'',2,1),
	(514,'2018-09-13 12:40:06','7','Contact',2,'Changed title and menu_title.',2,1),
	(515,'2018-09-13 12:40:10','7','Контакт',2,'',2,1),
	(516,'2018-09-13 12:56:49','9','Pro firmy',2,'No fields changed.',2,1),
	(517,'2018-09-13 12:56:52','1','Find me IT experts - /en/for-companies/',2,'No fields changed.',79,1),
	(518,'2018-09-13 12:57:00','9','For companies',2,'',2,1),
	(519,'2018-09-13 12:57:03','1','Acamar',2,'',2,1),
	(520,'2018-09-13 12:57:09','1','Acamar',2,'',2,1),
	(521,'2018-09-13 12:57:42','3','Pro uchazeče',2,'No fields changed.',2,1),
	(522,'2018-09-13 12:57:43','12','Poohlížím se po práci - /en/for-candidates/',2,'No fields changed.',79,1),
	(523,'2018-09-13 12:57:52','12','I\'m looking for a job - /en/for-candidates/',2,'Changed text.',79,1),
	(524,'2018-09-13 12:58:04','3','I’m looking for a job',2,'',2,1),
	(525,'2018-09-13 12:58:08','1','Acamar',2,'',2,1),
	(526,'2018-09-13 12:58:35','12','Poohlížím se po práci - /cs/hledam-projekt/',2,'Změněno: text',79,1),
	(527,'2018-09-13 12:58:41','1','Acamar',2,'',2,1),
	(528,'2018-09-14 11:10:38','12','I\'m looking for a job - /en/for-candidates/',2,'Changed text.',79,1),
	(529,'2018-09-14 11:10:42','1','Acamar',2,'',2,1),
	(530,'2018-09-14 11:12:10','12','Poohlížím se po práci - /cs/hledam-projekt/',2,'Změněno: text',79,1),
	(531,'2018-09-14 11:12:15','1','Acamar',2,'',2,1),
	(532,'2018-09-17 11:38:48','9','For companies',2,'',2,1),
	(533,'2018-09-17 11:39:58','9','Для компаний',2,'',2,1),
	(534,'2018-09-17 11:45:22','9','Pro firmy',2,'Změněno: page_title',2,1),
	(535,'2018-09-17 11:45:56','9','Для компаний',2,'',2,1),
	(536,'2018-09-17 11:49:16','3','Pro uchazeče',2,'Změněno: page_title',2,1),
	(537,'2018-09-17 11:49:20','3','Ищу работу',2,'',2,1),
	(538,'2018-09-17 11:57:43','5','Kdo jsme',2,'Změněno: page_title',2,1),
	(539,'2018-09-17 11:57:46','5','Кто мы',2,'',2,1),
	(540,'2018-09-17 12:01:55','11','Kurzy',2,'Změněno: page_title',2,1),
	(541,'2018-09-17 12:01:58','11','Курсы',2,'',2,1),
	(542,'2018-09-17 12:06:19','7','Kontakt',2,'Změněno: page_title',2,1),
	(543,'2018-09-17 12:06:28','7','Контакт',2,'',2,1),
	(544,'2018-09-24 13:02:17','4','Martin Hudos, Senior Manager v Deloitte: Spolupráce s Acamarem vždy ...',2,'Změněno: author_en a text_en',47,1),
	(545,'2018-09-24 13:02:55','4','Martin Hudos, Senior Manager v Deloitte: Spolupráce s Acamarem vždy ...',2,'Změněno: author_ru a text_ru',47,1),
	(546,'2018-09-24 13:03:28','3','Michal Rozehnal, CEO ve firmě Reporting.cz: Pro náš projekt jsme potřeb...',2,'Změněno: author_en a text_en',47,1),
	(547,'2018-09-24 13:03:56','3','Michal Rozehnal, CEO ve firmě Reporting.cz: Pro náš projekt jsme potřeb...',2,'Změněno: author_ru a text_ru',47,1),
	(548,'2018-09-24 13:04:15','2','Igor Savič, Group Leader v Commerz Systems: Profesionální přístup, rych...',2,'Nebyla změněna žádná pole.',47,1),
	(549,'2018-09-24 13:04:49','1','Filip Líbal, jednatel Probostonu: S Acamarem jsme si sedli už...',2,'Změněno: author_en a text_en',47,1),
	(550,'2018-09-24 13:05:16','1','Filip Líbal, jednatel Probostonu: S Acamarem jsme si sedli už...',2,'Změněno: author_ru a text_ru',47,1),
	(551,'2018-09-24 13:07:29','12','I\'m looking for a job - /en/for-candidates/',2,'Changed text_en.',79,1),
	(552,'2018-09-24 13:07:42','1','Acamar',2,'',2,1),
	(553,'2018-09-24 13:08:23','2','I want to know more about the courses - /en/courses/',2,'Changed text_en.',79,1),
	(554,'2018-09-24 13:08:31','1','Acamar',2,'',2,1),
	(555,'2018-09-24 13:09:00','8','Find me IT experts - mailto:info@acamar.cz',2,'Changed text_en.',79,1),
	(556,'2018-09-24 13:09:09','9','For companies',2,'',2,1),
	(557,'2018-09-24 13:09:41','9','Write to Ilya - mailto:Illya.Pavlov@acamar.cz',2,'Changed text_en.',79,1),
	(558,'2018-09-24 13:10:00','14','I want to know more about Acamar - /en/who-we-are/',2,'Changed text_en.',79,1),
	(559,'2018-09-24 13:10:13','9','For companies',2,'',2,1),
	(560,'2018-09-24 13:12:28','6','I\'ll give you my contact details - /en/contact/#contact-form',2,'Changed text_en.',79,1),
	(561,'2018-09-24 13:12:38','7','I want to know more about Acamar - /en/who-we-are/',2,'Changed text_en.',79,1),
	(562,'2018-09-24 13:12:43','3','I’m looking for a job',2,'',2,1),
	(563,'2018-10-22 08:59:57','5','Kdo jsme',2,'Změněno: title, slug a menu_title',2,1),
	(564,'2018-10-22 09:00:16','5','О нас',2,'',2,1),
	(565,'2018-10-22 09:01:39','5','О нас',2,'',2,1),
	(566,'2018-10-22 09:01:57','5','О нас',2,'',2,1),
	(567,'2018-10-22 09:04:09','5','О нас',2,'',2,1),
	(568,'2018-10-22 09:04:43','7','Контакт',2,'',2,1),
	(569,'2018-10-22 09:05:09','7','Контакт',2,'',2,1),
	(570,'2018-10-22 09:05:41','7','Контакт',2,'',2,1),
	(571,'2018-10-22 09:06:03','7','Контакт',2,'',2,1),
	(572,'2018-10-22 09:06:35','7','Контакт',2,'',2,1),
	(573,'2018-10-22 09:07:08','7','Контакт',2,'',2,1),
	(574,'2018-10-22 09:07:37','7','Контакт',2,'',2,1),
	(575,'2018-10-22 09:09:55','1','Illya Pavlov',2,'Změněno: text_ru',55,1),
	(576,'2018-10-22 09:12:43','3','Ищу работу',2,'',2,1),
	(577,'2018-10-22 09:14:21','3','Ищу работу',2,'',2,1),
	(578,'2018-10-22 09:22:10','9','Для компаний',2,'',2,1),
	(579,'2018-10-22 09:23:25','1','Акамар',2,'',2,1),
	(580,'2018-10-22 09:24:07','1','Акамар',2,'',2,1),
	(581,'2018-10-22 09:25:17','1','Акамар',2,'',2,1),
	(582,'2018-10-22 09:25:45','1','Акамар',2,'',2,1),
	(583,'2018-10-22 09:26:14','1','Акамар',2,'',2,1),
	(584,'2018-10-22 09:32:01','1','Акамар',2,'',2,1),
	(585,'2018-10-23 14:01:22','3','Kurz Web Services',2,'Změněno: short_description_cs',80,1),
	(586,'2018-10-23 14:01:31','1','Acamar',2,'',2,1),
	(587,'2018-10-23 14:02:07','3','Pro uchazeče',2,'',2,1),
	(588,'2018-10-23 14:05:19','5','Kdo jsme',2,'',2,1),
	(589,'2018-10-23 14:07:11','11','Kurzy',2,'',2,1),
	(590,'2018-10-23 14:07:55','11','Kurzy',2,'',2,1),
	(591,'2018-10-23 14:09:04','11','Kurzy',2,'',2,1),
	(592,'2018-10-23 14:10:04','4','Kompletní příprava pro testery',2,'Změněno: duration_cs',80,1),
	(593,'2018-10-23 14:10:21','1','Acamar',2,'',2,1),
	(594,'2018-10-23 14:14:14','15','Přihlášení ke kurzu',2,'',2,1),
	(595,'2018-10-23 14:14:50','15','Přihlášení ke kurzu',2,'',2,1),
	(596,'2018-10-23 14:15:02','15','Přihlášení ke kurzu',2,'',2,1),
	(597,'2018-10-25 09:46:25','1','Acamar',2,'',2,1),
	(598,'2018-10-25 09:46:47','1','Акамар',2,'',2,1),
	(599,'2018-10-25 10:05:59','1','http://www.acamar.cz',2,'Změněno: domain',9,1),
	(600,'2018-10-25 10:06:05','1','https://www.acamar.cz',2,'Změněno: domain',9,1),
	(601,'2018-10-26 13:13:02','3','Pro uchazeče',2,'',2,1),
	(602,'2018-10-26 20:08:00','3','I’m looking for a job',2,'',2,1),
	(603,'2018-10-26 20:13:03','3','Ищу работу',2,'',2,1),
	(604,'2018-10-26 20:13:22','3','I’m looking for a job',2,'',2,1),
	(605,'2018-10-29 09:58:13','3','Pro uchazeče',2,'',2,1),
	(606,'2018-10-29 16:34:00','3','I’m looking for a job',2,'',2,1),
	(607,'2018-10-29 16:34:09','3','Ищу работу',2,'',2,1),
	(608,'2018-10-29 16:34:28','3','Pro uchazeče',2,'',2,1),
	(609,'2018-10-30 12:45:21','11','Kurzy',2,'',2,1),
	(610,'2018-10-30 12:57:29','9','Napište Illyovi - mailto:Illya.Pavlov@acamar.cz',2,'Změněno: text_cs',79,1),
	(611,'2018-10-30 12:57:40','9','Pro firmy',2,'',2,1),
	(612,'2018-11-06 12:51:57','14','Eliška Chmelíková',3,'',55,1),
	(613,'2018-11-06 12:53:49','16','Jana Dufková',3,'',55,1),
	(614,'2018-11-06 15:38:15','8','Kurz Web Services - 8.10.18',3,'',81,1),
	(615,'2018-11-06 15:39:55','4','Kompletní příprava pro testery - 31.1.19',2,'Změna polí: date pro položku \"2019-01-31 - Příprava na IT pohovor - workshop\" typu Course term - item.',81,1),
	(616,'2018-11-06 15:43:30','8','Kurz Web Services - 8.10.18',2,'Nebyla změněna žádná pole.',81,1),
	(617,'2018-11-06 15:43:40','4','Kompletní příprava pro testery - 31.1.19',2,'Nebyla změněna žádná pole.',81,1),
	(618,'2018-11-06 15:43:45','9','Kompletní příprava pro testery - 31.1.19',1,'',81,1),
	(619,'2018-11-06 16:03:16','90','Sarka.Blahovcova',1,'',6,1),
	(620,'2018-11-06 16:04:52','90','Sarka.Blahovcova',2,'Změněno: first_name, last_name, email, is_staff a is_superuser',6,1),
	(621,'2018-11-14 09:57:33','1','Acamar',2,'',2,1),
	(622,'2018-11-14 09:57:50','11','Kurzy',2,'Stránka \"Kurzy\" v jazyce русский byla úspěšně depublikována',2,1),
	(623,'2018-11-14 10:00:30','11','Kurzy',2,'Nebyla změněna žádná pole.',2,1),
	(624,'2018-11-14 10:05:42','11','Kurzy',2,'Změněno: menu_title',2,1),
	(625,'2018-11-14 10:08:41','11','Kurzy',2,'',2,1),
	(626,'2018-11-14 10:08:44','11','Courses',2,'',2,1),
	(627,'2018-11-14 10:08:50','1','Acamar',2,'',2,1),
	(628,'2018-11-14 10:08:53','1','Acamar',2,'',2,1),
	(629,'2018-11-14 10:08:57','1','Акамар',2,'',2,1),
	(630,'2018-11-14 10:12:38','1','admin',2,'Změněno: language',10,1),
	(631,'2018-11-14 14:14:05','7','Kdo jsme (kdo-jsme, cs)',2,'Заголовок и плагин на Čeština удалён',17,1),
	(632,'2018-11-14 14:15:18','5','О нас',2,'Изменен title, slug и menu_title.',2,1),
	(633,'2018-11-14 14:35:51','21','O nás',3,'',2,1),
	(634,'2018-11-14 18:03:26','5','О нас',2,'Изменен title, slug и menu_title.',2,1),
	(635,'2018-11-14 18:04:17','5','О нас',2,'Ни одно поле не изменено.',2,1),
	(636,'2018-11-14 18:08:45','5','Kdo jsme',2,'',2,1),
	(637,'2018-11-14 18:10:38','5','Who we are',2,'Změněno: page_title',2,1),
	(638,'2018-11-14 18:10:44','5','Kdo jsme',2,'',2,1),
	(639,'2018-11-15 15:48:31','11','Курсы',2,'',2,1),
	(640,'2018-11-19 11:15:28','15','Přihlášení ke kurzu',2,'',2,1),
	(641,'2018-11-19 11:21:08','1','Акамар',2,'Ни одно поле не изменено.',2,1),
	(642,'2018-11-19 11:22:49','2','Я хочу узнать больше о курсах - /ru/kursy/',2,'Изменен text_ru.',79,1),
	(643,'2018-11-19 11:22:56','1','Акамар',2,'',2,1),
	(644,'2018-11-19 11:24:36','8','Найдите мене IT-експертов - mailto:info@acamar.cz',2,'Изменен text_ru.',79,1),
	(645,'2018-11-19 11:25:01','8','Найдите мне IT-експертов - mailto:info@acamar.cz',2,'Изменен text_ru.',79,1),
	(646,'2018-11-19 11:25:07','9','Для компаний',2,'',2,1),
	(647,'2018-11-19 11:26:37','9','Напишите Илье - mailto:Illya.Pavlov@acamar.cz',2,'Изменен text_ru.',79,1),
	(648,'2018-11-19 11:27:30','14','Познакомьтесь более подробно с Акамар - /ru/o-nas/',2,'Изменен text_ru.',79,1),
	(649,'2018-11-19 11:28:38','9','Для компаний',2,'',2,1),
	(650,'2018-11-21 13:10:13','11','Курсы',2,'',2,1),
	(651,'2018-11-21 13:11:33','11','Курсы',2,'',2,1),
	(652,'2018-11-21 13:17:36','11','Курсы',2,'',2,1),
	(653,'2018-11-21 13:18:04','11','Курсы',2,'',2,1),
	(654,'2018-11-21 13:24:20','11','Курсы',2,'',2,1),
	(655,'2018-11-21 13:24:55','11','Курсы',2,'',2,1),
	(656,'2018-11-21 13:25:18','11','Курсы',2,'',2,1),
	(657,'2018-11-21 13:25:44','11','Курсы',2,'',2,1),
	(658,'2018-11-21 13:26:05','11','Курсы',2,'',2,1),
	(659,'2018-11-21 13:26:48','11','Курсы',2,'',2,1),
	(660,'2018-11-21 13:27:57','11','Курсы',2,'',2,1),
	(661,'2018-11-21 13:29:42','11','Курсы',2,'',2,1),
	(662,'2018-11-21 13:30:28','2','Хочу о курсах узнать больше. - /ru/kursy/',2,'Изменен text_ru.',79,1),
	(663,'2018-11-21 13:30:35','2','Хочу о курсах узнать больше - /ru/kursy/',2,'Изменен text_ru.',79,1),
	(664,'2018-11-21 13:30:38','1','Акамар',2,'',2,1),
	(665,'2018-11-27 14:56:01','11','Курсы',2,'',2,1),
	(666,'2018-11-27 15:05:14','11','Курсы',2,'',2,1),
	(667,'2018-11-27 15:06:24','11','Šárka Bláhovcová',2,'Изменен nickname_en.',55,1),
	(668,'2018-11-27 15:06:34','3','Blanka Rubišová',2,'Изменен nickname_en.',55,1),
	(669,'2018-11-27 15:06:42','8','Lucie Staňková',2,'Изменен nickname_en.',55,1),
	(670,'2018-11-27 15:06:58','7','Tereza Jarolímková',2,'Изменен nickname_en.',55,1),
	(671,'2018-11-27 15:07:11','6','Gabriela Skálová',2,'Изменен nickname_en.',55,1),
	(672,'2018-11-27 15:07:20','2','Michala Klapalová',2,'Изменен nickname_en.',55,1),
	(673,'2018-11-27 15:07:52','17','Jitka Kličková',2,'Изменен nickname_en.',55,1),
	(674,'2018-11-27 15:08:01','5','Anna Vacíková',2,'Изменен nickname_en.',55,1),
	(675,'2018-11-27 15:08:24','17','Jitka Kličková',2,'Ни одно поле не изменено.',55,1),
	(676,'2018-11-27 15:17:16','17','Jitka Kličková',2,'Изменен nickname_en.',55,1),
	(677,'2018-11-27 15:17:27','13','Veronika Benáčková',2,'Изменен nickname_en.',55,1),
	(678,'2018-11-27 15:17:42','12','Nikola Navrátilová',2,'Изменен nickname_en.',55,1),
	(679,'2018-11-27 15:17:55','9','Kateřina Palečková',2,'Изменен nickname_en.',55,1),
	(680,'2018-11-27 15:18:10','10','Tereza Simotová',2,'Изменен nickname_en.',55,1),
	(681,'2018-11-27 15:18:43','17','Jitka Kličková',2,'Изменен nickname_en.',55,1),
	(682,'2018-11-27 15:19:21','1','Illya Pavlov',2,'Изменен nickname_en.',55,1),
	(683,'2018-12-05 12:09:40','1','Acamar',2,'',2,1),
	(684,'2018-12-05 12:12:39','1','Акамар',2,'',2,1),
	(685,'2018-12-05 12:13:53','1','Курс Тестинг',2,'Изменен title_ru и slug_ru.',80,1),
	(686,'2018-12-05 12:13:58','1','Акамар',2,'',2,1),
	(687,'2018-12-06 08:49:02','4','Записаться - /ru/prihlaseni-ke-kurzu/',2,'Изменен text_ru.',79,1),
	(688,'2018-12-06 09:05:19','3','Отправить сообщение - mailto:Lucie.Stankova@acamar.cz',2,'Изменен text_ru.',79,1),
	(689,'2018-12-06 09:06:58','1','Курс Тестинг',2,'Ни одно поле не изменено.',80,1),
	(690,'2018-12-06 09:07:03','11','Курсы',2,'',2,1),
	(691,'2018-12-12 11:03:23','2','Курс SQL',2,'Изменен title_ru и slug_ru.',80,1),
	(692,'2018-12-12 11:06:17','3','Курс Web Services',2,'Изменен title_ru и slug_ru.',80,1),
	(693,'2018-12-12 11:06:55','11','Курсы',2,'',2,1),
	(694,'2018-12-12 11:30:01','2','Курс SQL',2,'Изменен slug_ru.',80,1),
	(695,'2018-12-12 11:34:39','3','Курс Web Services',2,'Изменен slug_ru.',80,1),
	(696,'2018-12-12 11:35:20','11','Курсы',2,'',2,1),
	(697,'2018-12-12 11:54:09','11','Курсы',2,'',2,1),
	(698,'2018-12-12 12:22:15','11','Курсы',2,'',2,1),
	(699,'2018-12-17 11:54:23','3','For candidates',2,'Změněno: slug',2,1),
	(700,'2018-12-17 11:54:36','3','Pro uchazeče',2,'',2,1),
	(701,'2018-12-17 11:57:44','7','Chci poznat Acamar blíž - /cs/kdo-jsme/',2,'Změněno: text_cs',79,1),
	(702,'2018-12-17 11:57:57','3','Pro uchazeče',2,'',2,1),
	(703,'2018-12-17 12:04:02','16','Napište zprávu - mailto:info@acamar.cz',1,'',79,1),
	(704,'2018-12-17 12:04:20','11','Kurzy',2,'',2,1),
	(705,'2018-12-17 12:05:25','16','Napište zprávu - mailto:Lucie.Stankova@acamar.cz',2,'Změněno: mailto',79,1),
	(706,'2018-12-17 12:05:29','11','Kurzy',2,'',2,1),
	(707,'2018-12-17 12:27:00','1','admin',2,'Изменен language.',10,1),
	(708,'2018-12-17 12:40:32','8','Najděte mi IT experty - /cs/kontakt/#contact-form',2,'Změněno: internal_link, mailto a anchor',79,1),
	(709,'2018-12-17 12:40:37','9','Pro firmy',2,'',2,1),
	(710,'2018-12-27 10:48:19','15','Markéta Koudelová',2,'Změněno: image',55,1),
	(711,'2018-12-27 10:50:54','7','Tereza Jarolímková',2,'Změněno: image',55,1),
	(712,'2018-12-27 10:51:59','17','Jitka Kličková',2,'Změněno: image',55,1),
	(713,'2019-01-03 09:02:14','17','Zpět na kurzy - /cs/kurzy/',1,'',79,1),
	(714,'2019-01-07 15:33:33','9','Pro firmy',2,'',2,1),
	(715,'2019-01-07 15:34:56','9','Napište Františkovi - mailto:Frantisek.Mareth@acamar.cz',2,'Změněno: text_cs, text_en, text_ru a mailto',79,1),
	(716,'2019-01-07 15:35:59','9','For companies',2,'',2,1),
	(717,'2019-01-07 15:38:27','9','Для компаний',2,'',2,1),
	(718,'2019-01-07 15:40:48','3','Pro uchazeče',2,'',2,1),
	(719,'2019-01-07 15:41:23','3','I’m looking for a job',2,'',2,1),
	(720,'2019-01-07 15:43:52','3','Ищу работу',2,'',2,1),
	(721,'2019-01-07 15:47:16','3','Ищу работу',2,'',2,1),
	(722,'2019-01-07 15:48:35','6','Gabriela Skálová',2,'Změněno: nickname_cs, nickname_en a nickname_ru',55,1),
	(723,'2019-01-07 15:48:53','5','Anna Vacíková',2,'Změněno: nickname_cs, nickname_en a nickname_ru',55,1),
	(724,'2019-01-07 15:49:45','5','Anna Vacíková',2,'Změněno: image',55,1),
	(725,'2019-01-07 15:54:37','5','Kdo jsme',2,'',2,1),
	(726,'2019-01-14 10:01:06','8','Lucie Staňková',2,'Změněno: linkedin',55,1),
	(727,'2019-01-14 10:19:32','5','Hello there',1,'',80,1),
	(728,'2019-01-14 10:21:18','11','Kurzy',2,'',2,1),
	(729,'2019-01-14 10:21:28','80','course_content',3,'',1,1),
	(730,'2019-01-14 10:22:03','5','Hello there',3,'',80,1),
	(731,'2019-01-16 12:22:27','5','Anna Vacíková',2,'Změněno: linkedin',55,1),
	(732,'2019-01-16 12:22:51','15','Markéta Koudelová',2,'Změněno: linkedin',55,1),
	(733,'2019-01-16 12:23:08','12','Nikola Navrátilová',2,'Změněno: linkedin',55,1),
	(734,'2019-01-16 12:23:29','10','Tereza Simotová',2,'Změněno: linkedin',55,1),
	(735,'2019-01-16 12:23:44','3','Blanka Rubišová',2,'Změněno: linkedin',55,1),
	(736,'2019-01-16 12:24:05','2','Michala Klapalová',2,'Změněno: linkedin',55,1),
	(737,'2019-01-16 12:24:20','11','Šárka Bláhovcová',2,'Změněno: linkedin',55,1),
	(738,'2019-01-16 12:24:46','9','Kateřina Palečková',2,'Změněno: linkedin',55,1),
	(739,'2019-01-16 12:25:01','6','Gabriela Skálová',2,'Změněno: linkedin',55,1),
	(740,'2019-01-16 12:25:16','17','Jitka Kličková',2,'Změněno: linkedin',55,1),
	(741,'2019-01-16 12:25:46','13','Veronika Benáčková',2,'Změněno: linkedin',55,1),
	(742,'2019-01-16 12:26:13','7','Tereza Jarolímková',2,'Změněno: linkedin',55,1),
	(743,'2019-01-16 12:26:38','1','Illya Pavlov',2,'Změněno: linkedin',55,1),
	(744,'2019-01-16 13:17:17','4','Kompletní příprava pro testery - 31.1.19',3,'',81,1),
	(745,'2019-01-16 13:19:40','10','Kurz Testing - 11.3.19',1,'',81,1),
	(746,'2019-01-16 13:20:50','10','Kurz Testing - 11.3.19+14.3.19',2,'Položka \"2019-03-14 - 2. část\" typu Course term - item byla přidána. Změna polí: address_cs a description_cs pro položku \"2019-03-11 - 1. část\" typu Course term - item.',81,1),
	(747,'2019-01-16 13:22:45','11','Kurz SQL - 18.3.19+21.3.19',1,'',81,1),
	(748,'2019-01-16 13:24:42','12','Kurz Web Services - 25.3.19+28.3.19',1,'',81,1),
	(749,'2019-01-16 13:25:57','12','Kurz Web Services - 25.3.19',2,'Změna polí: description_cs pro položku \"2019-03-25 - \" typu Course term - item. Položka \"2019-03-28 - \" typu Course term - item byla odstraněna.',81,1),
	(750,'2019-01-16 13:26:04','12','Kurz Web Services - 25.3.19',2,'Nebyla změněna žádná pole.',81,1),
	(751,'2019-01-16 13:32:02','13','Kompletní příprava pro testery - 11.3.19+14.3.19+18.3.19+21.3.19+25.3.19+28.3.19',1,'',81,1),
	(752,'2019-01-16 13:36:29','383','Přihlaste se na kompletní kurzy',3,'',89,1),
	(753,'2019-01-16 15:21:52','2','Kurz Web Services - --',3,'',81,1),
	(754,'2019-01-16 15:23:06','9','Kompletní příprava pro testery - 14.1.19',2,'Změna polí: date pro položku \"2019-01-14 - Příprava na IT pohovor - workshop\" typu Course term - item.',81,1),
	(755,'2019-02-08 15:55:51','7','Kontakt',2,'',2,1),
	(756,'2019-03-19 15:41:48','6','Я дам вам мои контактные данные - /ru/kontakt/#contact-form',2,'Изменен text_ru.',79,1),
	(757,'2019-03-19 15:43:02','7','Я хочу узнать больше о Acamar - /ru/o-nas/',2,'Изменен text_ru.',79,1),
	(758,'2019-03-19 15:43:07','3','Ищу работу',2,'',2,1),
	(759,'2019-03-19 15:57:34','3','Ищу работу',2,'',2,1),
	(760,'2019-04-04 12:11:20','14','Kurz Testing - 20.5.19 + 23.5.19',1,'',81,1),
	(761,'2019-04-04 12:16:03','15','Kurz SQL - 3.6.19 + 6.6.19',1,'',81,1),
	(762,'2019-04-04 12:16:44','16','Kurz Web Services - 10.6.19',1,'',81,1),
	(763,'2019-04-04 12:23:04','17','Kompletní příprava pro testery - 20.5.19 + 23.5.19 + 3.6.19 + 6.6.19 + 10.6.19 + 13.6.19',1,'',81,1),
	(764,'2019-05-06 11:32:06','91','David.Vavruska',1,'',6,90),
	(765,'2019-05-06 11:33:02','91','David.Vavruska',2,'Změněno: first_name, last_name, email, is_staff a is_superuser',6,90),
	(766,'2019-05-06 11:39:57','92','Petra.Megova',1,'',6,91),
	(767,'2019-05-06 11:41:24','92','Petra.Megova',2,'Změněno: first_name, last_name, email, is_staff, is_superuser a last_login',6,91),
	(768,'2019-05-06 17:03:49','9','Kateřina Palečková',3,'',55,91),
	(769,'2019-05-06 17:04:00','13','Veronika Benáčková',3,'',55,91),
	(770,'2019-05-06 17:10:21','18','František Mareth',1,'',55,91),
	(771,'2019-05-06 17:15:25','19','Tereza Birková',1,'',55,91),
	(772,'2019-05-06 17:15:49','19','Tereza Birková',2,'Změněno: linkedin',55,91),
	(773,'2019-05-07 13:39:24','19','Tereza Birková',2,'Změněno: text_cs',55,91),
	(774,'2019-05-07 13:39:49','19','Tereza Birková',2,'Změněno: text_cs',55,91),
	(775,'2019-05-07 13:40:12','19','Tereza Birková',2,'Změněno: text_cs',55,91),
	(776,'2019-05-09 08:43:40','18','František Mareth',2,'Změněno: name_ru, nickname_ru, text_cs a text_ru',55,91),
	(777,'2019-05-09 08:44:52','19','Tereza Birková',2,'Změněno: name_ru, nickname_cs, nickname_en, nickname_ru a text_ru',55,91),
	(778,'2019-05-09 08:50:37','19','Tereza Birková',2,'Změněno: name_ru, nickname_cs a nickname_ru',55,91),
	(779,'2019-05-09 08:54:16','18','František Mareth',2,'Změněno: name_ru a nickname_ru',55,91),
	(780,'2019-05-09 08:54:26','19','Tereza Birková',2,'Změněno: nickname_ru',55,91),
	(781,'2019-05-09 08:54:57','19','Tereza Birková',2,'Změněno: nickname_ru',55,91),
	(782,'2019-05-13 12:12:43','17','Kompletní příprava pro testery - 3.6.19 + 6.6.19 + 10.6.19 + 13.6.19 + 17.6.19 + 20.6.19',2,'Změna polí: date pro položku \"2019-06-03 - Testing - 1. část\" typu Course term - item. Změna polí: date pro položku \"2019-06-06 - Testing - 2. část\" typu Course term - item. Změna polí: date pro položku \"2019-06-10 - Základy SQL - 1. část\" typu Course term - item. Změna polí: date pro položku \"2019-06-13 - Základy SQL - 2. část\" typu Course term - item. Změna polí: date pro položku \"2019-06-17 - Web Services\" typu Course term - item. Změna polí: date pro položku \"2019-06-20 - Workshop + Příprava na IT pohovor\" typu Course term - item.',81,1),
	(783,'2019-05-13 12:14:03','14','Kurz Testing - 3.6.19 + 6.6.19',2,'Změna polí: date pro položku \"2019-06-03 - 1. část\" typu Course term - item. Změna polí: date pro položku \"2019-06-06 - 2. část\" typu Course term - item.',81,1),
	(784,'2019-05-13 12:14:46','15','Kurz SQL - 10.6.19 + 13.6.19',2,'Změna polí: date pro položku \"2019-06-10 - 1. část\" typu Course term - item. Změna polí: date pro položku \"2019-06-13 - 2. část\" typu Course term - item.',81,1),
	(785,'2019-05-13 12:14:54','16','Kurz Web Services - 17.6.19',2,'Změna polí: date pro položku \"2019-06-17 - 1. část\" typu Course term - item.',81,1),
	(786,'2019-06-19 11:41:05','18','Kurz Testing - 16.9.19 + 19.9.19',1,'',81,1),
	(787,'2019-06-19 11:42:23','19','Kurz SQL - 23.9.19 + 26.9.19',1,'',81,1),
	(788,'2019-06-19 11:44:44','20','Kurz Web Services - 30.9.19',1,'',81,1),
	(789,'2019-06-19 11:47:13','20','Kurz Web Services - 30.9.19',2,'Nebyla změněna žádná pole.',81,1),
	(790,'2019-06-19 11:51:24','21','Kompletní příprava pro testery - 16.9.19 + 19.9.19 + 23.9.19 + 26.9.19 + 30.9.19 + 3.10.19',1,'',81,1),
	(791,'2019-06-26 13:19:45','5','Veronika Benáčková',2,'Změněno: image',99,91),
	(792,'2019-06-26 13:49:19','1','Acamar',2,'',2,91),
	(793,'2019-06-26 13:50:05','1','Acamar',2,'',2,91),
	(794,'2019-06-26 13:50:35','1','Acamar',2,'',2,91);

/*!40000 ALTER TABLE `django_admin_log` ENABLE KEYS */;
UNLOCK TABLES;


# Dump of table django_content_type
# ------------------------------------------------------------

DROP TABLE IF EXISTS `django_content_type`;

CREATE TABLE `django_content_type` (
  `id` int(11) NOT NULL AUTO_INCREMENT,
  `app_label` varchar(100) NOT NULL,
  `model` varchar(100) NOT NULL,
  PRIMARY KEY (`id`),
  UNIQUE KEY `django_content_type_app_label_45f3b1d93ec8c61c_uniq` (`app_label`,`model`)
) ENGINE=InnoDB DEFAULT CHARSET=utf8;

LOCK TABLES `django_content_type` WRITE;
/*!40000 ALTER TABLE `django_content_type` DISABLE KEYS */;

INSERT INTO `django_content_type` (`id`, `app_label`, `model`)
VALUES
	(80,'acamar_api','course'),
	(93,'acamar_api','courseenroll'),
	(81,'acamar_api','courseterm'),
	(82,'acamar_api','coursetermitem'),
	(41,'acamar_api','position'),
	(98,'acamar_api','positionapply'),
	(38,'acamar_api','positioncategory'),
	(39,'acamar_api','positionpact'),
	(40,'acamar_api','positiontechnology'),
	(99,'acamar_api','recruiter'),
	(69,'acamar_web','acafriendcard'),
	(68,'acamar_web','acafriendpanel'),
	(77,'acamar_web','acardbenefits'),
	(78,'acamar_web','acardbenefitsitem'),
	(64,'acamar_web','bubblecard'),
	(63,'acamar_web','bubblepanel'),
	(96,'acamar_web','contact'),
	(57,'acamar_web','contactcard'),
	(59,'acamar_web','contactformmodel'),
	(58,'acamar_web','contactformpurposeoption'),
	(56,'acamar_web','contactgrid'),
	(71,'acamar_web','contactperson'),
	(67,'acamar_web','contactus'),
	(90,'acamar_web','coursebasicinfo'),
	(91,'acamar_web','coursebasicinfocard'),
	(84,'acamar_web','coursebonuscard'),
	(83,'acamar_web','coursebonuspanel'),
	(94,'acamar_web','courseenrollformmodel'),
	(89,'acamar_web','coursegenericregistration'),
	(76,'acamar_web','courselector'),
	(51,'acamar_web','coursepanel'),
	(70,'acamar_web','coursepanelitem'),
	(85,'acamar_web','courseprogram'),
	(86,'acamar_web','courseprogramitem'),
	(87,'acamar_web','coursetermlist'),
	(88,'acamar_web','coursetermlistadditional'),
	(52,'acamar_web','createteam'),
	(53,'acamar_web','createteamcard'),
	(42,'acamar_web','filervideo'),
	(73,'acamar_web','graphcard'),
	(74,'acamar_web','graphcardtext'),
	(72,'acamar_web','graphsection'),
	(79,'acamar_web','link'),
	(95,'acamar_web','loginpluginmodel'),
	(50,'acamar_web','logo'),
	(49,'acamar_web','logopanel'),
	(43,'acamar_web','mainbanner'),
	(44,'acamar_web','mainbannercard'),
	(60,'acamar_web','map'),
	(92,'acamar_web','partnersitem'),
	(75,'acamar_web','partnersmodel'),
	(61,'acamar_web','positionsearch'),
	(62,'acamar_web','quote'),
	(47,'acamar_web','review'),
	(48,'acamar_web','reviewpanel'),
	(54,'acamar_web','teamgrid'),
	(55,'acamar_web','teammember'),
	(97,'acamar_web','thanksbanner'),
	(65,'acamar_web','timeline'),
	(66,'acamar_web','timelineitem'),
	(46,'acamar_web','workelipse'),
	(45,'acamar_web','workelipsecolumn'),
	(3,'admin','logentry'),
	(5,'auth','group'),
	(4,'auth','permission'),
	(6,'auth','user'),
	(20,'cms','aliaspluginmodel'),
	(16,'cms','cmsplugin'),
	(12,'cms','globalpagepermission'),
	(2,'cms','page'),
	(13,'cms','pagepermission'),
	(22,'cms','pagetype'),
	(14,'cms','pageuser'),
	(15,'cms','pageusergroup'),
	(1,'cms','placeholder'),
	(18,'cms','placeholderreference'),
	(19,'cms','staticplaceholder'),
	(17,'cms','title'),
	(11,'cms','treenode'),
	(21,'cms','urlconfrevision'),
	(10,'cms','usersettings'),
	(7,'contenttypes','contenttype'),
	(37,'djangocms_page_meta','genericmetaattribute'),
	(35,'djangocms_page_meta','pagemeta'),
	(36,'djangocms_page_meta','titlemeta'),
	(34,'djangocms_text_ckeditor','text'),
	(31,'easy_thumbnails','source'),
	(32,'easy_thumbnails','thumbnail'),
	(33,'easy_thumbnails','thumbnaildimensions'),
	(27,'filer','clipboard'),
	(28,'filer','clipboarditem'),
	(26,'filer','file'),
	(24,'filer','folder'),
	(25,'filer','folderpermission'),
	(29,'filer','image'),
	(30,'filer','thumbnailoption'),
	(23,'menus','cachekey'),
	(8,'sessions','session'),
	(9,'sites','site');

/*!40000 ALTER TABLE `django_content_type` ENABLE KEYS */;
UNLOCK TABLES;


# Dump of table django_migrations
# ------------------------------------------------------------

DROP TABLE IF EXISTS `django_migrations`;

CREATE TABLE `django_migrations` (
  `id` int(11) NOT NULL AUTO_INCREMENT,
  `app` varchar(255) NOT NULL,
  `name` varchar(255) NOT NULL,
  `applied` datetime NOT NULL,
  PRIMARY KEY (`id`)
) ENGINE=InnoDB DEFAULT CHARSET=utf8;

LOCK TABLES `django_migrations` WRITE;
/*!40000 ALTER TABLE `django_migrations` DISABLE KEYS */;

INSERT INTO `django_migrations` (`id`, `app`, `name`, `applied`)
VALUES
	(1,'acamar_api','0001_squashed','2018-07-19 10:48:45'),
	(2,'contenttypes','0001_initial','2018-07-19 10:48:45'),
	(3,'auth','0001_initial','2018-07-19 10:48:49'),
	(4,'filer','0001_initial','2018-07-19 10:48:57'),
	(5,'filer','0002_auto_20150606_2003','2018-07-19 10:48:58'),
	(6,'filer','0003_thumbnailoption','2018-07-19 10:48:58'),
	(7,'filer','0004_auto_20160328_1434','2018-07-19 10:48:59'),
	(8,'filer','0005_auto_20160623_1425','2018-07-19 10:49:02'),
	(9,'filer','0006_auto_20160623_1627','2018-07-19 10:49:03'),
	(10,'filer','0007_auto_20161016_1055','2018-07-19 10:49:03'),
	(11,'filer','0008_auto_20171117_1313','2018-07-19 10:49:03'),
	(12,'filer','0009_auto_20171220_1635','2018-07-19 10:49:03'),
	(13,'filer','0010_auto_20180414_2058','2018-07-19 10:49:04'),
	(14,'sites','0001_initial','2018-07-19 10:49:04'),
	(15,'cms','0001_initial','2018-07-19 10:49:14'),
	(16,'cms','0002_auto_20140816_1918','2018-07-19 10:49:26'),
	(17,'cms','0003_auto_20140926_2347','2018-07-19 10:49:26'),
	(18,'cms','0004_auto_20140924_1038','2018-07-19 10:49:33'),
	(19,'cms','0005_auto_20140924_1039','2018-07-19 10:49:33'),
	(20,'cms','0006_auto_20140924_1110','2018-07-19 10:49:40'),
	(21,'cms','0007_auto_20141028_1559','2018-07-19 10:49:40'),
	(22,'cms','0008_auto_20150208_2149','2018-07-19 10:49:41'),
	(23,'cms','0008_auto_20150121_0059','2018-07-19 10:49:41'),
	(24,'cms','0009_merge','2018-07-19 10:49:41'),
	(25,'cms','0010_migrate_use_structure','2018-07-19 10:49:41'),
	(26,'cms','0011_auto_20150419_1006','2018-07-19 10:49:43'),
	(27,'cms','0012_auto_20150607_2207','2018-07-19 10:49:45'),
	(28,'cms','0013_urlconfrevision','2018-07-19 10:49:46'),
	(29,'cms','0014_auto_20160404_1908','2018-07-19 10:49:46'),
	(30,'cms','0015_auto_20160421_0000','2018-07-19 10:49:46'),
	(31,'cms','0016_auto_20160608_1535','2018-07-19 10:49:48'),
	(32,'cms','0017_pagetype','2018-07-19 10:49:49'),
	(33,'cms','0018_pagenode','2018-07-19 10:49:53'),
	(34,'cms','0019_set_pagenode','2018-07-19 10:49:54'),
	(35,'cms','0020_old_tree_cleanup','2018-07-19 10:50:05'),
	(36,'acamar_web','0001_squashed','2018-07-19 10:50:31'),
	(37,'admin','0001_initial','2018-07-19 10:50:32'),
	(38,'contenttypes','0002_remove_content_type_name','2018-07-19 10:50:36'),
	(39,'auth','0002_alter_permission_name_max_length','2018-07-19 10:50:37'),
	(40,'auth','0003_alter_user_email_max_length','2018-07-19 10:50:38'),
	(41,'auth','0004_alter_user_username_opts','2018-07-19 10:50:38'),
	(42,'auth','0005_alter_user_last_login_null','2018-07-19 10:50:39'),
	(43,'auth','0006_require_contenttypes_0002','2018-07-19 10:50:39'),
	(44,'djangocms_page_meta','0001_initial','2018-07-19 10:50:49'),
	(45,'djangocms_page_meta','0002_auto_20150807_0936','2018-07-19 10:50:49'),
	(46,'djangocms_page_meta','0003_auto_20151220_1734','2018-07-19 10:50:50'),
	(47,'djangocms_page_meta','0004_auto_20160409_1852','2018-07-19 10:50:57'),
	(48,'djangocms_page_meta','0005_pagemeta_fb_pages','2018-07-19 10:50:58'),
	(49,'djangocms_page_meta','0006_auto_20160423_1859','2018-07-19 10:51:03'),
	(50,'djangocms_page_meta','0007_auto_20160530_2257','2018-07-19 10:51:04'),
	(51,'djangocms_page_meta','0008_auto_20160609_0754','2018-07-19 10:51:04'),
	(52,'djangocms_page_meta','0009_auto_20171230_1954','2018-07-19 10:51:04'),
	(53,'djangocms_page_meta','0010_auto_20180108_2316','2018-07-19 10:51:08'),
	(54,'djangocms_text_ckeditor','0001_initial','2018-07-19 10:51:09'),
	(55,'djangocms_text_ckeditor','0002_remove_related_name_for_cmsplugin_ptr','2018-07-19 10:51:09'),
	(56,'djangocms_text_ckeditor','0003_set_related_name_for_cmsplugin_ptr','2018-07-19 10:51:11'),
	(57,'djangocms_text_ckeditor','0004_auto_20160706_1339','2018-07-19 10:51:11'),
	(58,'easy_thumbnails','0001_initial','2018-07-19 10:51:13'),
	(59,'easy_thumbnails','0002_thumbnaildimensions','2018-07-19 10:51:13'),
	(60,'menus','0001_initial','2018-07-19 10:51:14'),
	(61,'sessions','0001_initial','2018-07-19 10:51:14'),
	(62,'cms','0018_create_pagenode','2018-07-19 10:51:14'),
	(63,'acamar_web','0002_quote','2018-07-19 15:08:36'),
	(64,'acamar_web','0003_bubblecard_bubblepanel','2018-07-19 15:08:37'),
	(65,'acamar_web','0004_timeline_timelineitem','2018-07-19 15:08:38'),
	(66,'acamar_web','0005_acafriendcard_acafriendpanel','2018-07-20 11:58:57'),
	(67,'acamar_web','0006_auto_20180720_1335','2018-07-20 11:58:57'),
	(68,'acamar_web','0007_contactus','2018-07-20 11:58:58'),
	(69,'acamar_web','0008_auto_20180720_1431','2018-07-23 14:42:45'),
	(70,'acamar_web','0009_graphcard_graphcardtext_graphsection','2018-07-23 14:42:48'),
	(71,'acamar_web','0010_partnersmodel','2018-07-23 14:42:49'),
	(72,'acamar_web','0011_auto_20180723_1007','2018-07-23 14:42:50'),
	(73,'acamar_web','0012_contactperson','2018-07-23 14:42:54'),
	(74,'acamar_web','0013_auto_20180723_1135','2018-07-23 14:42:57'),
	(75,'acamar_web','0014_coursepanel_template','2018-07-23 14:42:58'),
	(76,'acamar_web','0015_coursepanelitem','2018-07-23 14:42:58'),
	(77,'acamar_api','0002_auto_20180724_1107','2018-07-24 12:51:24'),
	(78,'acamar_web','0016_courselector','2018-07-24 12:51:25'),
	(79,'acamar_web','0017_timelineitem_title','2018-07-24 12:51:25'),
	(80,'acamar_web','0018_auto_20180724_1440','2018-07-24 12:51:29'),
	(81,'acamar_web','0019_auto_20180724_1746','2018-07-25 09:28:58'),
	(82,'acamar_web','0020_auto_20180725_1111','2018-07-25 09:29:18'),
	(83,'acamar_api','0003_course','2018-07-26 10:07:45'),
	(84,'acamar_api','0004_auto_20180725_1217','2018-07-26 10:07:48'),
	(85,'acamar_api','0005_auto_20180725_1225','2018-07-26 10:07:50'),
	(86,'acamar_api','0006_courseterm','2018-07-26 10:07:51'),
	(87,'acamar_api','0007_auto_20180725_1507','2018-07-26 10:07:58'),
	(88,'acamar_api','0008_coursetermitem_parent','2018-07-26 10:08:00'),
	(89,'acamar_api','0009_auto_20180725_1541','2018-07-26 10:08:05'),
	(90,'acamar_api','0010_auto_20180726_1103','2018-07-26 10:08:06'),
	(91,'acamar_web','0021_auto_20180725_1419','2018-07-26 10:08:10'),
	(92,'acamar_web','0022_auto_20180725_1637','2018-07-26 10:08:12'),
	(93,'acamar_web','0023_courseprogram_courseprogramitem','2018-07-26 10:08:16'),
	(94,'acamar_web','0024_auto_20180726_1010','2018-07-26 10:08:18'),
	(95,'acamar_web','0025_auto_20180726_1103','2018-07-26 10:08:20'),
	(96,'acamar_web','0026_auto_20180726_1154','2018-07-26 10:08:22'),
	(97,'acamar_web','0027_remove_link_name','2018-07-26 10:12:02'),
	(98,'acamar_api','0011_auto_20180726_1239','2018-07-26 10:40:55'),
	(99,'acamar_api','0012_course_main_banner_title','2018-07-26 12:40:34'),
	(100,'acamar_web','0028_auto_20180726_1432','2018-07-26 12:40:39'),
	(101,'acamar_api','0013_auto_20180726_1444','2018-07-26 12:45:42'),
	(102,'acamar_web','0029_coursetermlist_additional_button','2018-07-26 12:54:24'),
	(103,'acamar_web','0030_auto_20180726_1458','2018-07-26 13:01:35'),
	(104,'acamar_api','0001_squashed2','2018-07-26 13:11:33'),
	(105,'acamar_web','0001_squashed2','2018-07-26 13:11:33'),
	(106,'acamar_web','0002_partnersitem','2018-07-27 08:49:08'),
	(107,'acamar_api','0002_auto_20180730_1115','2018-07-30 11:13:43'),
	(108,'acamar_web','0003_auto_20180727_1406','2018-07-30 11:13:45'),
	(109,'acamar_web','0004_courseenrollformmodel_selected_text','2018-07-30 11:13:46'),
	(110,'acamar_web','0005_loginpluginmodel','2018-07-30 15:51:51'),
	(111,'acamar_web','0006_auto_20180731_1154','2018-07-31 10:01:48'),
	(112,'acamar_api','0003_courseenroll_created','2018-07-31 11:25:00'),
	(113,'acamar_web','0007_auto_20180731_1232','2018-07-31 11:25:04'),
	(114,'acamar_api','0004_auto_20180731_1337','2018-07-31 11:38:33'),
	(115,'acamar_api','0005_auto_20180801_0931','2018-08-01 07:36:23'),
	(116,'acamar_api','0006_positionapply','2018-08-01 14:10:32'),
	(117,'acamar_web','0008_auto_20180816_1445','2018-08-16 14:17:24'),
	(118,'acamar_api','0007_auto_20180822_1010','2018-08-22 09:21:50'),
	(119,'acamar_api','0008_courseenroll_email','2018-09-12 11:28:46'),
	(120,'acamar_web','0009_link_anchor','2018-09-12 11:28:47'),
	(121,'acamar_web','0010_teamgrid_more_button','2018-09-12 11:28:48'),
	(122,'acamar_web','0011_courseenrollformmodel_email_label','2018-09-12 11:28:50'),
	(123,'acamar_web','0012_auto_20180920_1359','2018-09-20 12:40:53'),
	(124,'acamar_web','0013_teammember_linkedin','2019-01-03 09:01:38'),
	(125,'acamar_web','0014_thanksbanner_link','2019-01-03 09:01:39'),
	(126,'acamar_api','0009_position_refactor','2019-02-01 10:18:06'),
	(127,'acamar_web','0015_auto_20190320_0948','2019-03-20 10:49:23');

/*!40000 ALTER TABLE `django_migrations` ENABLE KEYS */;
UNLOCK TABLES;


# Dump of table django_session
# ------------------------------------------------------------

DROP TABLE IF EXISTS `django_session`;

CREATE TABLE `django_session` (
  `session_key` varchar(40) NOT NULL,
  `session_data` longtext NOT NULL,
  `expire_date` datetime NOT NULL,
  PRIMARY KEY (`session_key`),
  KEY `django_session_de54fa62` (`expire_date`)
) ENGINE=InnoDB DEFAULT CHARSET=utf8;

LOCK TABLES `django_session` WRITE;
/*!40000 ALTER TABLE `django_session` DISABLE KEYS */;

INSERT INTO `django_session` (`session_key`, `session_data`, `expire_date`)
VALUES
	('05w9fp7sdk6g3q14gdk65jldgsygb8nt','ZmEwMDBmNWU5MmJhNWQzMjY1MGUzYWQzZTdmY2VmMWVlNjNmN2FhNTp7ImNtc19lZGl0Ijp0cnVlLCJjbXNfdG9vbGJhcl9kaXNhYmxlZCI6ZmFsc2UsImNtc19wcmV2aWV3IjpmYWxzZX0=','2018-08-02 11:21:14'),
	('0tsgym2jfvdyk0oj74akvon85fy2wi79','ODUxNTU3Yzk0ODE1ZjA5YzFlODIxZDM4OWY3YTcyOGM1MjMyODYwZjp7Il9hdXRoX3VzZXJfaGFzaCI6ImY3YTgwMzgzYTU0ZjYxODdlNjU3ZjA1MjYyNjE5MTVlN2IyM2RhNWUiLCJfYXV0aF91c2VyX2JhY2tlbmQiOiJkamFuZ28uY29udHJpYi5hdXRoLmJhY2tlbmRzLk1vZGVsQmFja2VuZCIsIl9hdXRoX3VzZXJfaWQiOiI5MSJ9','2019-06-05 08:12:07'),
	('1xlbj78yjv7l343g5tsdhl4lfbxygv2o','NjI1OWM5NDAwY2VlZDUwZDQ2Y2M5YWM1NjcxZTAzYmE5N2QzNWI0Yjp7Il9hdXRoX3VzZXJfaWQiOiIxIiwiY21zX3Rvb2xiYXJfZGlzYWJsZWQiOmZhbHNlLCJfYXV0aF91c2VyX2JhY2tlbmQiOiJkamFuZ28uY29udHJpYi5hdXRoLmJhY2tlbmRzLk1vZGVsQmFja2VuZCIsImNtc19lZGl0Ijp0cnVlLCJfYXV0aF91c2VyX2hhc2giOiI1ZjJmYTBkNDljMzQ0MTQ2Y2I4OGQ0YzIzODkwODllNzFkZDM3ZTUwIiwiY21zX3ByZXZpZXciOmZhbHNlfQ==','2018-10-04 12:41:26'),
	('3iwcug7dsak2tb9vd0n7p5ipbvnpkvak','ZTQ3NDY1MzljOTdmYTg2ZTVmMDNiNTU1Y2E4NWI3ZjZiZmIwMTc4NTp7Il9hdXRoX3VzZXJfaGFzaCI6IjVmMmZhMGQ0OWMzNDQxNDZjYjg4ZDRjMjM4OTA4OWU3MWRkMzdlNTAiLCJfYXV0aF91c2VyX2JhY2tlbmQiOiJkamFuZ28uY29udHJpYi5hdXRoLmJhY2tlbmRzLk1vZGVsQmFja2VuZCIsIl9hdXRoX3VzZXJfaWQiOiIxIn0=','2019-04-18 07:42:08'),
	('4c7zoc867yulg9j80o8iu1tzv8dfa7sw','NWQ4MDIyNjE5MjY5NDMxZGJhNzhmZDU4ZmU5MTk1MjhmMDhlODY0Njp7Il9hdXRoX3VzZXJfaWQiOiIxIiwiY21zX3Rvb2xiYXJfZGlzYWJsZWQiOmZhbHNlLCJmaWxlcl9sYXN0X2ZvbGRlcl9pZCI6IjIiLCJfYXV0aF91c2VyX2JhY2tlbmQiOiJkamFuZ28uY29udHJpYi5hdXRoLmJhY2tlbmRzLk1vZGVsQmFja2VuZCIsImNtc19lZGl0IjpmYWxzZSwiX2F1dGhfdXNlcl9oYXNoIjoiNWYyZmEwZDQ5YzM0NDE0NmNiODhkNGMyMzg5MDg5ZTcxZGQzN2U1MCIsImNtc19wcmV2aWV3Ijp0cnVlfQ==','2018-08-22 15:07:13'),
	('4fl5vbk1rmpkj8bmmeyjr6c2oa1x1mq5','YjBjOTkxNjQzYTg0YmUyMzcwNzRkYmI2OTQzODgxM2MyY2FmMTk2Yjp7Il9hdXRoX3VzZXJfaWQiOiIxIiwiY21zX3Rvb2xiYXJfZGlzYWJsZWQiOmZhbHNlLCJmaWxlcl9sYXN0X2ZvbGRlcl9pZCI6IjYiLCJfYXV0aF91c2VyX2JhY2tlbmQiOiJkamFuZ28uY29udHJpYi5hdXRoLmJhY2tlbmRzLk1vZGVsQmFja2VuZCIsImNtc19lZGl0IjpmYWxzZSwiX2F1dGhfdXNlcl9oYXNoIjoiNWYyZmEwZDQ5YzM0NDE0NmNiODhkNGMyMzg5MDg5ZTcxZGQzN2U1MCIsImNtc19wcmV2aWV3Ijp0cnVlfQ==','2018-12-26 12:22:16'),
	('6648zpx3r6gzxfdla3puv4ii8f1usfif','NjI1OWM5NDAwY2VlZDUwZDQ2Y2M5YWM1NjcxZTAzYmE5N2QzNWI0Yjp7Il9hdXRoX3VzZXJfaWQiOiIxIiwiY21zX3Rvb2xiYXJfZGlzYWJsZWQiOmZhbHNlLCJfYXV0aF91c2VyX2JhY2tlbmQiOiJkamFuZ28uY29udHJpYi5hdXRoLmJhY2tlbmRzLk1vZGVsQmFja2VuZCIsImNtc19lZGl0Ijp0cnVlLCJfYXV0aF91c2VyX2hhc2giOiI1ZjJmYTBkNDljMzQ0MTQ2Y2I4OGQ0YzIzODkwODllNzFkZDM3ZTUwIiwiY21zX3ByZXZpZXciOmZhbHNlfQ==','2018-08-15 09:39:30'),
	('71atqi0153v26gf5mihh01e6jrwiw6u7','YjBjOTkxNjQzYTg0YmUyMzcwNzRkYmI2OTQzODgxM2MyY2FmMTk2Yjp7Il9hdXRoX3VzZXJfaWQiOiIxIiwiY21zX3Rvb2xiYXJfZGlzYWJsZWQiOmZhbHNlLCJmaWxlcl9sYXN0X2ZvbGRlcl9pZCI6IjYiLCJfYXV0aF91c2VyX2JhY2tlbmQiOiJkamFuZ28uY29udHJpYi5hdXRoLmJhY2tlbmRzLk1vZGVsQmFja2VuZCIsImNtc19lZGl0IjpmYWxzZSwiX2F1dGhfdXNlcl9oYXNoIjoiNWYyZmEwZDQ5YzM0NDE0NmNiODhkNGMyMzg5MDg5ZTcxZGQzN2U1MCIsImNtc19wcmV2aWV3Ijp0cnVlfQ==','2019-02-22 15:55:52'),
	('9ap2v7njfaojf1f8i4o0ul0kofd8map7','Zjc3YTYyZWI4MzkyZjM3NjMzMWM1Y2VlNmY0ODQ5YzhiZDNiNTdhNzp7Il9hdXRoX3VzZXJfaWQiOiIxIiwiY21zX3Rvb2xiYXJfZGlzYWJsZWQiOmZhbHNlLCJmaWxlcl9sYXN0X2ZvbGRlcl9pZCI6IjYiLCJ3aXphcmRfd2l6YXJkX2NyZWF0ZV92aWV3Ijp7InN0ZXBfZmlsZXMiOnsiMCI6e319LCJzdGVwIjoiMSIsImV4dHJhX2RhdGEiOnt9LCJzdGVwX2RhdGEiOnsiMCI6eyIwLWxhbmd1YWdlIjpbInJ1Il0sImNzcmZtaWRkbGV3YXJldG9rZW4iOlsiamMxa3lRUDROQ1lGdlRQQ2RldlZOemNkUUxaRDhKdHgiXSwiMC1lbnRyeSI6WyI3MWFlYWE4YTRmM2VkYjVmMTBmYjdhYTFkMGFmYzhhYzE1MDc1MTZhIl0sIjAtcGFnZSI6WyIxMSJdLCJ3aXphcmRfY3JlYXRlX3ZpZXctY3VycmVudF9zdGVwIjpbIjAiXX19fSwiX2F1dGhfdXNlcl9iYWNrZW5kIjoiZGphbmdvLmNvbnRyaWIuYXV0aC5iYWNrZW5kcy5Nb2RlbEJhY2tlbmQiLCJjbXNfZWRpdCI6dHJ1ZSwiX2F1dGhfdXNlcl9oYXNoIjoiNWYyZmEwZDQ5YzM0NDE0NmNiODhkNGMyMzg5MDg5ZTcxZGQzN2U1MCIsImNtc19wcmV2aWV3IjpmYWxzZX0=','2018-12-25 15:23:50'),
	('a0tkf5jel8vsftwyiqy9gcwppe3h5ynv','ZmEwMDBmNWU5MmJhNWQzMjY1MGUzYWQzZTdmY2VmMWVlNjNmN2FhNTp7ImNtc19lZGl0Ijp0cnVlLCJjbXNfdG9vbGJhcl9kaXNhYmxlZCI6ZmFsc2UsImNtc19wcmV2aWV3IjpmYWxzZX0=','2018-09-18 10:13:04'),
	('a5xkz4qz0zbf2woxlxplmg7lm0ns0cb0','NDI5OTg4Yjc5MzQ4MDc4ZjUyMmU2ODVkNmU3YjdjMGEyNjEzOGJlMzp7ImNtc190b29sYmFyX2Rpc2FibGVkIjpmYWxzZSwiX2F1dGhfdXNlcl9pZCI6IjEiLCJfYXV0aF91c2VyX2JhY2tlbmQiOiJkamFuZ28uY29udHJpYi5hdXRoLmJhY2tlbmRzLk1vZGVsQmFja2VuZCIsImNtc19lZGl0Ijp0cnVlLCJfYXV0aF91c2VyX2hhc2giOiI1ZjJmYTBkNDljMzQ0MTQ2Y2I4OGQ0YzIzODkwODllNzFkZDM3ZTUwIiwiY21zX3ByZXZpZXciOmZhbHNlfQ==','2019-01-17 09:02:17'),
	('bmphltf1xmp5vv49f1fvk4180d8kwvc9','NjI1OWM5NDAwY2VlZDUwZDQ2Y2M5YWM1NjcxZTAzYmE5N2QzNWI0Yjp7Il9hdXRoX3VzZXJfaWQiOiIxIiwiY21zX3Rvb2xiYXJfZGlzYWJsZWQiOmZhbHNlLCJfYXV0aF91c2VyX2JhY2tlbmQiOiJkamFuZ28uY29udHJpYi5hdXRoLmJhY2tlbmRzLk1vZGVsQmFja2VuZCIsImNtc19lZGl0Ijp0cnVlLCJfYXV0aF91c2VyX2hhc2giOiI1ZjJmYTBkNDljMzQ0MTQ2Y2I4OGQ0YzIzODkwODllNzFkZDM3ZTUwIiwiY21zX3ByZXZpZXciOmZhbHNlfQ==','2019-04-19 13:01:24'),
	('byk1bfsxv1kiwfjm2lvdejfh5nhc8zxq','MTM0ZmUzNWExOTQ2ZTFmMGYyM2Q1NWVkNTE4OTFmZjEzOTVjMDQ3NTp7Il9hdXRoX3VzZXJfaWQiOiIxIiwiY21zX3Rvb2xiYXJfZGlzYWJsZWQiOmZhbHNlLCJmaWxlcl9sYXN0X2ZvbGRlcl9pZCI6IjUiLCJfYXV0aF91c2VyX2JhY2tlbmQiOiJkamFuZ28uY29udHJpYi5hdXRoLmJhY2tlbmRzLk1vZGVsQmFja2VuZCIsImNtc19lZGl0Ijp0cnVlLCJfYXV0aF91c2VyX2hhc2giOiI1ZjJmYTBkNDljMzQ0MTQ2Y2I4OGQ0YzIzODkwODllNzFkZDM3ZTUwIiwiY21zX3ByZXZpZXciOmZhbHNlfQ==','2018-10-10 11:14:52'),
	('c92mt50v9dwiy9ds85f0s3mltu7kme69','OTRmZDgxMjJhODc5MDQyMThjNWNiN2I2NzFiM2Y5OGM2OTkxNTk3Nzp7Il9hdXRoX3VzZXJfaWQiOiIxIiwiY21zX3Rvb2xiYXJfZGlzYWJsZWQiOmZhbHNlLCJmaWxlcl9sYXN0X2ZvbGRlcl9pZCI6IjMiLCJfYXV0aF91c2VyX2JhY2tlbmQiOiJkamFuZ28uY29udHJpYi5hdXRoLmJhY2tlbmRzLk1vZGVsQmFja2VuZCIsImNtc19lZGl0Ijp0cnVlLCJfYXV0aF91c2VyX2hhc2giOiI1ZjJmYTBkNDljMzQ0MTQ2Y2I4OGQ0YzIzODkwODllNzFkZDM3ZTUwIiwiY21zX3ByZXZpZXciOmZhbHNlfQ==','2018-11-07 07:30:32'),
	('cu2hmrfbccu6yi59t8ugda3gwvkp9sga','ZTQ3NDY1MzljOTdmYTg2ZTVmMDNiNTU1Y2E4NWI3ZjZiZmIwMTc4NTp7Il9hdXRoX3VzZXJfaGFzaCI6IjVmMmZhMGQ0OWMzNDQxNDZjYjg4ZDRjMjM4OTA4OWU3MWRkMzdlNTAiLCJfYXV0aF91c2VyX2JhY2tlbmQiOiJkamFuZ28uY29udHJpYi5hdXRoLmJhY2tlbmRzLk1vZGVsQmFja2VuZCIsIl9hdXRoX3VzZXJfaWQiOiIxIn0=','2019-01-28 15:59:19'),
	('d4imumqfe8vie8rbslauosnpfbcudi1h','ZmEwMDBmNWU5MmJhNWQzMjY1MGUzYWQzZTdmY2VmMWVlNjNmN2FhNTp7ImNtc19lZGl0Ijp0cnVlLCJjbXNfdG9vbGJhcl9kaXNhYmxlZCI6ZmFsc2UsImNtc19wcmV2aWV3IjpmYWxzZX0=','2018-08-02 11:21:27'),
	('eh918zv4oooyjgthh975ka60sahah2sc','ZWJkOTNjYjFhNTFlNzhiYTk3MjU5N2Q2MGE1NmY2N2FlMmMyZjVjODp7Il9hdXRoX3VzZXJfaWQiOiIxIiwiY21zX3Rvb2xiYXJfZGlzYWJsZWQiOmZhbHNlLCJmaWxlcl9sYXN0X2ZvbGRlcl9pZCI6IjIiLCJ3aXphcmRfd2l6YXJkX2NyZWF0ZV92aWV3Ijp7InN0ZXBfZmlsZXMiOnt9LCJzdGVwIjpudWxsLCJleHRyYV9kYXRhIjp7fSwic3RlcF9kYXRhIjp7fX0sIl9hdXRoX3VzZXJfYmFja2VuZCI6ImRqYW5nby5jb250cmliLmF1dGguYmFja2VuZHMuTW9kZWxCYWNrZW5kIiwiY21zX2VkaXQiOmZhbHNlLCJfYXV0aF91c2VyX2hhc2giOiI1ZjJmYTBkNDljMzQ0MTQ2Y2I4OGQ0YzIzODkwODllNzFkZDM3ZTUwIiwiY21zX3ByZXZpZXciOnRydWV9','2018-08-13 15:57:50'),
	('elfyk77gayylbnmt3g1fq4c65faeocu9','ZTQ3NDY1MzljOTdmYTg2ZTVmMDNiNTU1Y2E4NWI3ZjZiZmIwMTc4NTp7Il9hdXRoX3VzZXJfaGFzaCI6IjVmMmZhMGQ0OWMzNDQxNDZjYjg4ZDRjMjM4OTA4OWU3MWRkMzdlNTAiLCJfYXV0aF91c2VyX2JhY2tlbmQiOiJkamFuZ28uY29udHJpYi5hdXRoLmJhY2tlbmRzLk1vZGVsQmFja2VuZCIsIl9hdXRoX3VzZXJfaWQiOiIxIn0=','2018-09-21 16:14:39'),
	('eq3d5ikfotb6v3n2b6ttajclb849836j','ZTQ3NDY1MzljOTdmYTg2ZTVmMDNiNTU1Y2E4NWI3ZjZiZmIwMTc4NTp7Il9hdXRoX3VzZXJfaGFzaCI6IjVmMmZhMGQ0OWMzNDQxNDZjYjg4ZDRjMjM4OTA4OWU3MWRkMzdlNTAiLCJfYXV0aF91c2VyX2JhY2tlbmQiOiJkamFuZ28uY29udHJpYi5hdXRoLmJhY2tlbmRzLk1vZGVsQmFja2VuZCIsIl9hdXRoX3VzZXJfaWQiOiIxIn0=','2018-11-12 10:39:44'),
	('f0h3obudiqytmqt7ya0vf40nzj3thnon','NjI1OWM5NDAwY2VlZDUwZDQ2Y2M5YWM1NjcxZTAzYmE5N2QzNWI0Yjp7Il9hdXRoX3VzZXJfaWQiOiIxIiwiY21zX3Rvb2xiYXJfZGlzYWJsZWQiOmZhbHNlLCJfYXV0aF91c2VyX2JhY2tlbmQiOiJkamFuZ28uY29udHJpYi5hdXRoLmJhY2tlbmRzLk1vZGVsQmFja2VuZCIsImNtc19lZGl0Ijp0cnVlLCJfYXV0aF91c2VyX2hhc2giOiI1ZjJmYTBkNDljMzQ0MTQ2Y2I4OGQ0YzIzODkwODllNzFkZDM3ZTUwIiwiY21zX3ByZXZpZXciOmZhbHNlfQ==','2018-10-04 11:40:12'),
	('f49d4lme51zv7jo0xl9z7s9pzbujlg8q','ZDNjNmYwZDRkYmIwZWJkYmNjODVmMmQzNzc2ZTE5OWEyOTM2MmYwMzp7Il9hdXRoX3VzZXJfaWQiOiIxIiwiY21zX3Rvb2xiYXJfZGlzYWJsZWQiOmZhbHNlLCJmaWxlcl9sYXN0X2ZvbGRlcl9pZCI6IjYiLCJ3aXphcmRfd2l6YXJkX2NyZWF0ZV92aWV3Ijp7InN0ZXBfZmlsZXMiOnt9LCJzdGVwIjoiMCIsImV4dHJhX2RhdGEiOnt9LCJzdGVwX2RhdGEiOnt9fSwiX2F1dGhfdXNlcl9iYWNrZW5kIjoiZGphbmdvLmNvbnRyaWIuYXV0aC5iYWNrZW5kcy5Nb2RlbEJhY2tlbmQiLCJjbXNfZWRpdCI6dHJ1ZSwiX2F1dGhfdXNlcl9oYXNoIjoiNWYyZmEwZDQ5YzM0NDE0NmNiODhkNGMyMzg5MDg5ZTcxZGQzN2U1MCIsImNtc19wcmV2aWV3IjpmYWxzZX0=','2018-08-14 15:14:13'),
	('g3yhigtvmey3hcwuxzeibj0s51qraij6','ODFiYmFhNjZkN2YxYmIzODI5ZDEzNjYwNTA1YjdmNDM2ZGIxYzkxNDp7Il9hdXRoX3VzZXJfaWQiOiIxIiwiZmlsZXJfbGFzdF9mb2xkZXJfaWQiOiIxIiwiY21zX3Rvb2xiYXJfZGlzYWJsZWQiOmZhbHNlLCJfYXV0aF91c2VyX2JhY2tlbmQiOiJkamFuZ28uY29udHJpYi5hdXRoLmJhY2tlbmRzLk1vZGVsQmFja2VuZCIsImNtc19lZGl0Ijp0cnVlLCJfYXV0aF91c2VyX2hhc2giOiI1ZjJmYTBkNDljMzQ0MTQ2Y2I4OGQ0YzIzODkwODllNzFkZDM3ZTUwIiwiY21zX3ByZXZpZXciOmZhbHNlfQ==','2018-09-18 11:40:32'),
	('hhtgq2i84vo6cw298syupexmoxj3n59n','NjZhMjIxM2Y3YzFjNGI0Mjg1YzJmNDQ5ZjNkMjk5ZDFiOTE4ODJmMTp7Il9hdXRoX3VzZXJfaWQiOiI5MSIsImNtc190b29sYmFyX2Rpc2FibGVkIjpmYWxzZSwiZmlsZXJfbGFzdF9mb2xkZXJfaWQiOiI2IiwiX2F1dGhfdXNlcl9iYWNrZW5kIjoiZGphbmdvLmNvbnRyaWIuYXV0aC5iYWNrZW5kcy5Nb2RlbEJhY2tlbmQiLCJjbXNfZWRpdCI6dHJ1ZSwiX2F1dGhfdXNlcl9oYXNoIjoiZjdhODAzODNhNTRmNjE4N2U2NTdmMDUyNjI2MTkxNWU3YjIzZGE1ZSIsImNtc19wcmV2aWV3IjpmYWxzZX0=','2019-05-23 08:54:57'),
	('i8e76bqcc5boedxeszmp9pmhb3mgfufg','YTg1MWIzNDU0MGE3MjJlMmNkODc3MDgxMWU1YmY2MDEwMWE1YWIwNTp7Il9hdXRoX3VzZXJfaWQiOiIxIiwiY21zX3Rvb2xiYXJfZGlzYWJsZWQiOmZhbHNlLCJmaWxlcl9sYXN0X2ZvbGRlcl9pZCI6IjYiLCJfYXV0aF91c2VyX2JhY2tlbmQiOiJkamFuZ28uY29udHJpYi5hdXRoLmJhY2tlbmRzLk1vZGVsQmFja2VuZCIsImNtc19lZGl0Ijp0cnVlLCJfYXV0aF91c2VyX2hhc2giOiI1ZjJmYTBkNDljMzQ0MTQ2Y2I4OGQ0YzIzODkwODllNzFkZDM3ZTUwIiwiY21zX3ByZXZpZXciOmZhbHNlfQ==','2019-02-05 12:57:31'),
	('ivs629is1d4y9ivodfhuw1lmyk41uhvl','ZmVlMzI5YmRhYjZiOTY3NGMwOTQzYzQ2MGY1M2IyYWQ3ZGRhZjVlMzp7Il9hdXRoX3VzZXJfaWQiOiIxIiwiY21zX3Rvb2xiYXJfZGlzYWJsZWQiOmZhbHNlLCJmaWxlcl9sYXN0X2ZvbGRlcl9pZCI6IjYiLCJ3aXphcmRfd2l6YXJkX2NyZWF0ZV92aWV3Ijp7InN0ZXBfZmlsZXMiOnt9LCJzdGVwIjpudWxsLCJleHRyYV9kYXRhIjp7fSwic3RlcF9kYXRhIjp7fX0sIl9hdXRoX3VzZXJfYmFja2VuZCI6ImRqYW5nby5jb250cmliLmF1dGguYmFja2VuZHMuTW9kZWxCYWNrZW5kIiwiY21zX2VkaXQiOnRydWUsIl9hdXRoX3VzZXJfaGFzaCI6IjVmMmZhMGQ0OWMzNDQxNDZjYjg4ZDRjMjM4OTA4OWU3MWRkMzdlNTAiLCJjbXNfcHJldmlldyI6ZmFsc2V9','2018-09-05 09:25:08'),
	('j8v7knocz6qq6ohqmub0scq2pz7q6uln','MGI5NjI5NjgwNDlhYmJiMjEwNThhODE4NzFjNmU3MDliNWQ3MDg4MTp7Il9hdXRoX3VzZXJfaWQiOiIxIiwiY21zX3Rvb2xiYXJfZGlzYWJsZWQiOmZhbHNlLCJmaWxlcl9sYXN0X2ZvbGRlcl9pZCI6IjYiLCJfYXV0aF91c2VyX2JhY2tlbmQiOiJkamFuZ28uY29udHJpYi5hdXRoLmJhY2tlbmRzLk1vZGVsQmFja2VuZCIsImNtc19lZGl0Ijp0cnVlLCJfYXV0aF91c2VyX2hhc2giOiI2YzY1YjVjYWU1NThiM2E3MjdjMGQzOTVmZDZjMTEwYjFkODc0OTY2IiwiY21zX3ByZXZpZXciOmZhbHNlfQ==','2018-08-10 08:18:44'),
	('jtw8l0mhvij9igmwwnxgezl9rb5t3ou4','NTcxNmU0NzcyYjQ5ZDQ0ZjVhN2RiOGMzMDU2ZmQzMjI4MmY0ZjM1ODp7Il9hdXRoX3VzZXJfaGFzaCI6ImQ2ZjExYTI5YzU5MDYxMjRmNTRlYmJlMDgxMDA3YzNiNWUzZmNjNzQiLCJfYXV0aF91c2VyX2JhY2tlbmQiOiJkamFuZ28uY29udHJpYi5hdXRoLmJhY2tlbmRzLk1vZGVsQmFja2VuZCIsIl9hdXRoX3VzZXJfaWQiOiI5MCJ9','2019-04-01 15:40:00'),
	('l0zu508gld8y8dorj9kvg0ggbkly7j23','NjI1OWM5NDAwY2VlZDUwZDQ2Y2M5YWM1NjcxZTAzYmE5N2QzNWI0Yjp7Il9hdXRoX3VzZXJfaWQiOiIxIiwiY21zX3Rvb2xiYXJfZGlzYWJsZWQiOmZhbHNlLCJfYXV0aF91c2VyX2JhY2tlbmQiOiJkamFuZ28uY29udHJpYi5hdXRoLmJhY2tlbmRzLk1vZGVsQmFja2VuZCIsImNtc19lZGl0Ijp0cnVlLCJfYXV0aF91c2VyX2hhc2giOiI1ZjJmYTBkNDljMzQ0MTQ2Y2I4OGQ0YzIzODkwODllNzFkZDM3ZTUwIiwiY21zX3ByZXZpZXciOmZhbHNlfQ==','2019-04-02 15:58:44'),
	('lb1r2rh8fi5oqp5zvau8lu7kb4kr7voi','ZmY2NjNmYjc1MTgwOWVhMGY2ZDY4NDc0MDg3YmE3NWFlZDQyMjFjODp7Il9hdXRoX3VzZXJfaWQiOiIxIiwiY21zX3Rvb2xiYXJfZGlzYWJsZWQiOmZhbHNlLCJmaWxlcl9sYXN0X2ZvbGRlcl9pZCI6IjQiLCJ3aXphcmRfd2l6YXJkX2NyZWF0ZV92aWV3Ijp7InN0ZXBfZmlsZXMiOnt9LCJzdGVwIjpudWxsLCJleHRyYV9kYXRhIjp7fSwic3RlcF9kYXRhIjp7fX0sIl9hdXRoX3VzZXJfYmFja2VuZCI6ImRqYW5nby5jb250cmliLmF1dGguYmFja2VuZHMuTW9kZWxCYWNrZW5kIiwiY21zX2VkaXQiOmZhbHNlLCJfYXV0aF91c2VyX2hhc2giOiI2YzY1YjVjYWU1NThiM2E3MjdjMGQzOTVmZDZjMTEwYjFkODc0OTY2IiwiY21zX3ByZXZpZXciOnRydWV9','2018-08-10 08:53:04'),
	('onq6uypk6k2anj1e80zw0ihl0ml0kwwx','ZTEwOWNlN2FjMjZiYzAzN2FlMmRhNDU4MmM1NzY0ZjE2ODQxNWE3NTp7Il9hdXRoX3VzZXJfaWQiOiIxIiwiY21zX3Rvb2xiYXJfZGlzYWJsZWQiOmZhbHNlLCJfYXV0aF91c2VyX2JhY2tlbmQiOiJkamFuZ28uY29udHJpYi5hdXRoLmJhY2tlbmRzLk1vZGVsQmFja2VuZCIsImNtc19lZGl0IjpmYWxzZSwiX2F1dGhfdXNlcl9oYXNoIjoiNWYyZmEwZDQ5YzM0NDE0NmNiODhkNGMyMzg5MDg5ZTcxZGQzN2U1MCIsImNtc19wcmV2aWV3Ijp0cnVlfQ==','2018-11-09 20:13:23'),
	('qvhe0fkfi80m37kpoxnnmjiq1agn7bqf','MjhhMjBmNzgwZDdlYjkyNGY2NmNjODgwZjI5NDgxYmIxZjM0NTlhYjp7Il9hdXRoX3VzZXJfaGFzaCI6IjVmMmZhMGQ0OWMzNDQxNDZjYjg4ZDRjMjM4OTA4OWU3MWRkMzdlNTAiLCJfYXV0aF91c2VyX2lkIjoiMSIsIl9hdXRoX3VzZXJfYmFja2VuZCI6ImRqYW5nby5jb250cmliLmF1dGguYmFja2VuZHMuTW9kZWxCYWNrZW5kIn0=','2019-07-03 11:52:21'),
	('qw8vextv4y1brassgr97uyae99qrep4f','YTFlYzg2NTE1NTQ1YjcyZWUzMGNkMzU5NWIxNzFkNGRiYjIyYzdlNjp7Il9hdXRoX3VzZXJfaGFzaCI6IjcxNzBlNmY1MGE5MTY4YzQxYWZiMzIyYzY5Y2FhNWRmMjU1NGRjYzgiLCJfYXV0aF91c2VyX2JhY2tlbmQiOiJkamFuZ28uY29udHJpYi5hdXRoLmJhY2tlbmRzLk1vZGVsQmFja2VuZCIsIl9hdXRoX3VzZXJfaWQiOiI4NSJ9','2018-08-17 08:10:03'),
	('racomluiljdr2vmay01gtmf16p6zriv2','N2Y0NjkyOWZiZmIzYmU0ODVhOWM0OThmNWYwNWE0MjVjMTY2YmEyYzp7Il9hdXRoX3VzZXJfaWQiOiI5MSIsImNtc190b29sYmFyX2Rpc2FibGVkIjpmYWxzZSwiZmlsZXJfbGFzdF9mb2xkZXJfaWQiOiIyIiwiX2F1dGhfdXNlcl9iYWNrZW5kIjoiZGphbmdvLmNvbnRyaWIuYXV0aC5iYWNrZW5kcy5Nb2RlbEJhY2tlbmQiLCJjbXNfZWRpdCI6ZmFsc2UsIl9hdXRoX3VzZXJfaGFzaCI6ImY3YTgwMzgzYTU0ZjYxODdlNjU3ZjA1MjYyNjE5MTVlN2IyM2RhNWUiLCJjbXNfcHJldmlldyI6dHJ1ZX0=','2019-07-10 13:50:35'),
	('rzphtzh7k16okn8hr56az4vy2wephfbc','MmRjNTU3NWEwOTg5MWM3MGJlYjdiNzZlNzQ0MDY3MDliNDNkYmRkNjp7Il9hdXRoX3VzZXJfaWQiOiIxIiwiY21zX3Rvb2xiYXJfZGlzYWJsZWQiOmZhbHNlLCJmaWxlcl9sYXN0X2ZvbGRlcl9pZCI6IjQiLCJfYXV0aF91c2VyX2JhY2tlbmQiOiJkamFuZ28uY29udHJpYi5hdXRoLmJhY2tlbmRzLk1vZGVsQmFja2VuZCIsImNtc19lZGl0Ijp0cnVlLCJfYXV0aF91c2VyX2hhc2giOiI1ZjJmYTBkNDljMzQ0MTQ2Y2I4OGQ0YzIzODkwODllNzFkZDM3ZTUwIiwiY21zX3ByZXZpZXciOmZhbHNlfQ==','2018-08-16 11:45:41'),
	('sz7fuepizcpc9dp4cufzpg70gq0qfxd6','ZTFiZTRhZGRiMjdiYWQyNDg2MTcwNTNiNzkzMjRhMjcwZjg0ZGU0Yjp7Il9hdXRoX3VzZXJfaWQiOiIxIiwiZmlsZXJfbGFzdF9mb2xkZXJfaWQiOiIxIiwiY21zX3Rvb2xiYXJfZGlzYWJsZWQiOmZhbHNlLCJfYXV0aF91c2VyX2JhY2tlbmQiOiJkamFuZ28uY29udHJpYi5hdXRoLmJhY2tlbmRzLk1vZGVsQmFja2VuZCIsImNtc19lZGl0IjpmYWxzZSwiX2F1dGhfdXNlcl9oYXNoIjoiNWYyZmEwZDQ5YzM0NDE0NmNiODhkNGMyMzg5MDg5ZTcxZGQzN2U1MCIsImNtc19wcmV2aWV3Ijp0cnVlfQ==','2018-11-08 10:11:01'),
	('v37l2ze6vbwbibw98xdmevvio6as8mxz','MmEzM2Q0NTVjZWVjZmJiMjkwYjFhZmY4ZDI3YTAyZjczMTgyMGJjNDp7Il9hdXRoX3VzZXJfaGFzaCI6ImY3YTgwMzgzYTU0ZjYxODdlNjU3ZjA1MjYyNjE5MTVlN2IyM2RhNWUiLCJfYXV0aF91c2VyX2lkIjoiOTEiLCJfYXV0aF91c2VyX2JhY2tlbmQiOiJkamFuZ28uY29udHJpYi5hdXRoLmJhY2tlbmRzLk1vZGVsQmFja2VuZCJ9','2019-05-20 12:47:08'),
	('v82uudq79kvaxwl0kipg2h6jxkbuyhdy','NjI1OWM5NDAwY2VlZDUwZDQ2Y2M5YWM1NjcxZTAzYmE5N2QzNWI0Yjp7Il9hdXRoX3VzZXJfaWQiOiIxIiwiY21zX3Rvb2xiYXJfZGlzYWJsZWQiOmZhbHNlLCJfYXV0aF91c2VyX2JhY2tlbmQiOiJkamFuZ28uY29udHJpYi5hdXRoLmJhY2tlbmRzLk1vZGVsQmFja2VuZCIsImNtc19lZGl0Ijp0cnVlLCJfYXV0aF91c2VyX2hhc2giOiI1ZjJmYTBkNDljMzQ0MTQ2Y2I4OGQ0YzIzODkwODllNzFkZDM3ZTUwIiwiY21zX3ByZXZpZXciOmZhbHNlfQ==','2018-12-03 11:28:57'),
	('zli29j5ur4g6l7sz8qipphkccfyqchiq','NDI5OTg4Yjc5MzQ4MDc4ZjUyMmU2ODVkNmU3YjdjMGEyNjEzOGJlMzp7ImNtc190b29sYmFyX2Rpc2FibGVkIjpmYWxzZSwiX2F1dGhfdXNlcl9pZCI6IjEiLCJfYXV0aF91c2VyX2JhY2tlbmQiOiJkamFuZ28uY29udHJpYi5hdXRoLmJhY2tlbmRzLk1vZGVsQmFja2VuZCIsImNtc19lZGl0Ijp0cnVlLCJfYXV0aF91c2VyX2hhc2giOiI1ZjJmYTBkNDljMzQ0MTQ2Y2I4OGQ0YzIzODkwODllNzFkZDM3ZTUwIiwiY21zX3ByZXZpZXciOmZhbHNlfQ==','2019-01-02 09:05:48');

/*!40000 ALTER TABLE `django_session` ENABLE KEYS */;
UNLOCK TABLES;


# Dump of table django_site
# ------------------------------------------------------------

DROP TABLE IF EXISTS `django_site`;

CREATE TABLE `django_site` (
  `id` int(11) NOT NULL AUTO_INCREMENT,
  `domain` varchar(100) NOT NULL,
  `name` varchar(50) NOT NULL,
  PRIMARY KEY (`id`)
) ENGINE=InnoDB DEFAULT CHARSET=utf8;

LOCK TABLES `django_site` WRITE;
/*!40000 ALTER TABLE `django_site` DISABLE KEYS */;

INSERT INTO `django_site` (`id`, `domain`, `name`)
VALUES
	(1,'https://www.acamar.cz','Acamar');

/*!40000 ALTER TABLE `django_site` ENABLE KEYS */;
UNLOCK TABLES;


# Dump of table djangocms_page_meta_genericmetaattribute
# ------------------------------------------------------------

DROP TABLE IF EXISTS `djangocms_page_meta_genericmetaattribute`;

CREATE TABLE `djangocms_page_meta_genericmetaattribute` (
  `id` int(11) NOT NULL AUTO_INCREMENT,
  `attribute` varchar(200) NOT NULL,
  `name` varchar(200) NOT NULL,
  `value` varchar(2000) NOT NULL,
  `page_id` int(11) DEFAULT NULL,
  `title_id` int(11) DEFAULT NULL,
  PRIMARY KEY (`id`),
  KEY `djangocms_page_meta_genericmetaattribute_1a63c800` (`page_id`),
  KEY `djangocms_page_meta_genericmetaattribute_1f38f0e7` (`title_id`),
  CONSTRAINT `djan_page_id_79a521574578aa3e_fk_djangocms_page_meta_pagemeta_id` FOREIGN KEY (`page_id`) REFERENCES `djangocms_page_meta_pagemeta` (`id`),
  CONSTRAINT `dj_title_id_3da01f65055b5114_fk_djangocms_page_meta_titlemeta_id` FOREIGN KEY (`title_id`) REFERENCES `djangocms_page_meta_titlemeta` (`id`)
) ENGINE=InnoDB DEFAULT CHARSET=utf8;



# Dump of table djangocms_page_meta_pagemeta
# ------------------------------------------------------------

DROP TABLE IF EXISTS `djangocms_page_meta_pagemeta`;

CREATE TABLE `djangocms_page_meta_pagemeta` (
  `id` int(11) NOT NULL AUTO_INCREMENT,
  `og_type` varchar(255) NOT NULL,
  `og_author_url` varchar(255) NOT NULL,
  `og_author_fbid` varchar(16) NOT NULL,
  `og_publisher` varchar(255) NOT NULL,
  `og_app_id` varchar(255) NOT NULL,
  `twitter_author` varchar(255) NOT NULL,
  `twitter_site` varchar(255) NOT NULL,
  `twitter_type` varchar(255) NOT NULL,
  `gplus_author` varchar(255) NOT NULL,
  `gplus_type` varchar(255) NOT NULL,
  `extended_object_id` int(11) NOT NULL,
  `image_id` int(11) DEFAULT NULL,
  `og_author_id` int(11) DEFAULT NULL,
  `public_extension_id` int(11) DEFAULT NULL,
  `fb_pages` varchar(255) NOT NULL,
  PRIMARY KEY (`id`),
  UNIQUE KEY `extended_object_id` (`extended_object_id`),
  UNIQUE KEY `public_extension_id` (`public_extension_id`),
  KEY `djangocms_page_meta_og_author_id_b471bd9e584cfa4_fk_auth_user_id` (`og_author_id`),
  KEY `djangocms_page_meta_pagemeta_f33175e6` (`image_id`),
  CONSTRAINT `D08d73efc95b4976cfdd42cdfa92712e` FOREIGN KEY (`public_extension_id`) REFERENCES `djangocms_page_meta_pagemeta` (`id`),
  CONSTRAINT `djangocms_page_meta_og_author_id_b471bd9e584cfa4_fk_auth_user_id` FOREIGN KEY (`og_author_id`) REFERENCES `auth_user` (`id`),
  CONSTRAINT `djangocms_page_meta_p_image_id_1e8642a919565cb7_fk_filer_file_id` FOREIGN KEY (`image_id`) REFERENCES `filer_file` (`id`),
  CONSTRAINT `djangocms_pag_extended_object_id_4c85bf357fa7799b_fk_cms_page_id` FOREIGN KEY (`extended_object_id`) REFERENCES `cms_page` (`id`)
) ENGINE=InnoDB DEFAULT CHARSET=utf8;



# Dump of table djangocms_page_meta_titlemeta
# ------------------------------------------------------------

DROP TABLE IF EXISTS `djangocms_page_meta_titlemeta`;

CREATE TABLE `djangocms_page_meta_titlemeta` (
  `id` int(11) NOT NULL AUTO_INCREMENT,
  `keywords` varchar(2000) NOT NULL,
  `description` varchar(2000) NOT NULL,
  `og_description` varchar(2000) NOT NULL,
  `twitter_description` varchar(2000) NOT NULL,
  `gplus_description` varchar(2000) NOT NULL,
  `extended_object_id` int(11) NOT NULL,
  `image_id` int(11) DEFAULT NULL,
  `public_extension_id` int(11) DEFAULT NULL,
  PRIMARY KEY (`id`),
  UNIQUE KEY `extended_object_id` (`extended_object_id`),
  UNIQUE KEY `public_extension_id` (`public_extension_id`),
  KEY `djangocms_page_meta_titlemeta_f33175e6` (`image_id`),
  CONSTRAINT `djangocms_page_meta_t_image_id_1279129a9ad7cdcb_fk_filer_file_id` FOREIGN KEY (`image_id`) REFERENCES `filer_file` (`id`),
  CONSTRAINT `djangocms_pa_extended_object_id_5698382eda8c0291_fk_cms_title_id` FOREIGN KEY (`extended_object_id`) REFERENCES `cms_title` (`id`),
  CONSTRAINT `fe86d7afbf4eeb4c96e1125ee09a3150` FOREIGN KEY (`public_extension_id`) REFERENCES `djangocms_page_meta_titlemeta` (`id`)
) ENGINE=InnoDB DEFAULT CHARSET=utf8;

LOCK TABLES `djangocms_page_meta_titlemeta` WRITE;
/*!40000 ALTER TABLE `djangocms_page_meta_titlemeta` DISABLE KEYS */;

INSERT INTO `djangocms_page_meta_titlemeta` (`id`, `keywords`, `description`, `og_description`, `twitter_description`, `gplus_description`, `extended_object_id`, `image_id`, `public_extension_id`)
VALUES
	(1,'','Zajišťujeme atraktivní práci IT expertům a hledáme IT experty pro (mezinárodní) firmy. Máme za sebou 600+ kontraktů.','','','',3,NULL,2),
	(2,'','Zajišťujeme atraktivní práci IT expertům a hledáme IT experty pro (mezinárodní) firmy. Máme za sebou 600+ kontraktů.','','','',4,NULL,NULL),
	(3,'','Nabídky práce v IT na nejatraktivnějších projektech českých i mezinárodních firem. Poznáme, kde vám bude dobře.','','','',5,NULL,4),
	(4,'','Nabídky práce v IT na nejatraktivnějších projektech českých i mezinárodních firem. Poznáme, kde vám bude dobře.','','','',6,NULL,NULL),
	(5,'','Vyberte si z tisíců IT expertů hledajících pracovní výzvy. Již za dva týdny vám mohou vytrhnout trn z paty.','','','',11,NULL,6),
	(6,'','Vyberte si z tisíců IT expertů hledajících pracovní výzvy. Již za dva týdny vám mohou vytrhnout trn z paty.','','','',12,NULL,NULL),
	(9,'','Kontaktujte Acamar, specialisty na IT recruiting. Zprostředkovali jsme již 600+ kontraktů a ve svém úsilí nepolevujeme!','','','',9,NULL,10),
	(10,'','Kontaktujte Acamar, specialisty na IT recruiting. Zprostředkovali jsme již 600+ kontraktů a ve svém úsilí nepolevujeme!','','','',10,NULL,NULL),
	(11,'','Odstartujte kariéru snů v IT! Díky profesionálním praktickým IT školením získáte perspektivní práci a zazáříte.','','','',13,NULL,12),
	(12,'','Odstartujte kariéru snů v IT! Díky profesionálním praktickým IT školením získáte perspektivní práci a zazáříte.','','','',14,NULL,NULL),
	(13,'','Vyber si kurzy, do kterých se chceš přihlásit, a udělej první krok k vysněné práci IT experta.','','','',17,NULL,14),
	(14,'','Vyber si kurzy, do kterých se chceš přihlásit, a udělej první krok k vysněné práci IT experta.','','','',18,NULL,NULL),
	(15,'','Je to na spadnutí. Další IT expert bude brzy mezi námi. Potvrzujeme, že jsme registrovali Tvou přihlášku do IT kurzů.','','','',21,NULL,16),
	(16,'','Je to na spadnutí. Další IT expert bude brzy mezi námi. Potvrzujeme, že jsme registrovali Tvou přihlášku do IT kurzů.','','','',22,NULL,NULL);

/*!40000 ALTER TABLE `djangocms_page_meta_titlemeta` ENABLE KEYS */;
UNLOCK TABLES;


# Dump of table djangocms_text_ckeditor_text
# ------------------------------------------------------------

DROP TABLE IF EXISTS `djangocms_text_ckeditor_text`;

CREATE TABLE `djangocms_text_ckeditor_text` (
  `cmsplugin_ptr_id` int(11) NOT NULL,
  `body` longtext NOT NULL,
  PRIMARY KEY (`cmsplugin_ptr_id`),
  CONSTRAINT `djangocms__cmsplugin_ptr_id_5cfb7ff7d38a35c0_fk_cms_cmsplugin_id` FOREIGN KEY (`cmsplugin_ptr_id`) REFERENCES `cms_cmsplugin` (`id`)
) ENGINE=InnoDB DEFAULT CHARSET=utf8;



# Dump of table easy_thumbnails_source
# ------------------------------------------------------------

DROP TABLE IF EXISTS `easy_thumbnails_source`;

CREATE TABLE `easy_thumbnails_source` (
  `id` int(11) NOT NULL AUTO_INCREMENT,
  `storage_hash` varchar(40) NOT NULL,
  `name` varchar(255) NOT NULL,
  `modified` datetime NOT NULL,
  PRIMARY KEY (`id`),
  UNIQUE KEY `easy_thumbnails_source_storage_hash_40116450c1e4f2ed_uniq` (`storage_hash`,`name`),
  KEY `easy_thumbnails_source_b454e115` (`storage_hash`),
  KEY `easy_thumbnails_source_b068931c` (`name`)
) ENGINE=InnoDB DEFAULT CHARSET=utf8;

LOCK TABLES `easy_thumbnails_source` WRITE;
/*!40000 ALTER TABLE `easy_thumbnails_source` DISABLE KEYS */;

INSERT INTO `easy_thumbnails_source` (`id`, `storage_hash`, `name`, `modified`)
VALUES
	(1,'f9bde26a1556cd667f742bd34ec7c55e','filer_public/b1/0d/b10d5dba-0d47-4164-bf34-ce406f9cc051/samplevideo_1280x720_1mb.mp4','2018-07-19 11:09:03'),
	(2,'f9bde26a1556cd667f742bd34ec7c55e','filer_public/3b/b5/3bb54884-0d3b-4c92-939d-8b7725599b33/samplevideo_720x480_10mb.mp4','2018-07-19 11:09:07'),
	(3,'f9bde26a1556cd667f742bd34ec7c55e','filer_public/ce/ea/ceea434d-5ff1-4bad-b955-df8841195015/samplevideo_1280x720_2mb.mp4','2018-07-19 11:09:11'),
	(4,'f9bde26a1556cd667f742bd34ec7c55e','filer_public/06/9c/069c57a7-760c-4a2e-b944-a2c74f4b4fcc/samplevideo_360x240_10mb.mp4','2018-07-19 11:09:17'),
	(5,'f9bde26a1556cd667f742bd34ec7c55e','filer_public/8b/8d/8b8d4145-61bc-44d6-86f3-ba05fadffc50/sample1920x1080.jpg','2018-07-30 09:24:08'),
	(6,'f9bde26a1556cd667f742bd34ec7c55e','filer_public/4a/e8/4ae8ffcb-003a-4ddc-a781-120182816074/samplejpgimage_500kbmb.jpg','2018-07-27 11:26:32'),
	(7,'f9bde26a1556cd667f742bd34ec7c55e','filer_public/6f/35/6f3521b0-7432-48b6-bf6e-c3b317372d77/samplejpgimage_5mbmb.jpg','2018-07-30 09:24:18'),
	(8,'f9bde26a1556cd667f742bd34ec7c55e','filer_public/e0/f9/e0f93792-e967-409a-840f-82086d9b2108/404-menu-bg.png','2018-07-27 09:48:29'),
	(9,'f9bde26a1556cd667f742bd34ec7c55e','filer_public/05/d0/05d0afd4-892d-4626-8391-04477c44511e/404-bubbles.png','2018-07-27 09:48:27'),
	(10,'f9bde26a1556cd667f742bd34ec7c55e','filer_public/f9/c3/f9c3f810-89ac-45e4-91e6-f95c46761984/404-planet.png','2018-07-27 09:48:30'),
	(11,'f9bde26a1556cd667f742bd34ec7c55e','filer_public/35/82/35826dcf-e0a3-4ecb-9e74-4607f5e4a276/acamar-logo.svg','2018-07-19 11:17:58'),
	(12,'f9bde26a1556cd667f742bd34ec7c55e','filer_public/7b/2b/7b2b4acf-ffc3-44b2-a8bf-f152a6f682e0/accordion-caret.png','2018-07-27 09:48:30'),
	(13,'f9bde26a1556cd667f742bd34ec7c55e','filer_public/7b/79/7b79040b-ff5f-4f3e-9e85-bec6e126fa16/accordion-shadow.png','2018-07-27 09:48:31'),
	(14,'f9bde26a1556cd667f742bd34ec7c55e','filer_public/a3/e7/a3e77035-fc02-442e-85ce-6e72c4254218/aeroplane.png','2018-07-27 09:48:31'),
	(15,'f9bde26a1556cd667f742bd34ec7c55e','filer_public/ad/a7/ada7b7e1-2a5a-4d29-b031-e1a69128d233/arrow-down.svg','2018-07-19 11:17:59'),
	(16,'f9bde26a1556cd667f742bd34ec7c55e','filer_public/2b/92/2b926601-26eb-4e28-994d-36b8d353a849/blahovcova-sarka.png','2018-07-27 09:48:32'),
	(17,'f9bde26a1556cd667f742bd34ec7c55e','filer_public/ec/12/ec12ca96-436f-4eb4-a442-a77d8982f8cf/bubble-group.png','2018-07-27 09:48:32'),
	(18,'f9bde26a1556cd667f742bd34ec7c55e','filer_public/cc/7c/cc7ca716-277e-4694-bcb0-d7a23ab13eb8/bubble1.svg','2018-07-19 11:18:00'),
	(19,'f9bde26a1556cd667f742bd34ec7c55e','filer_public/e9/bd/e9bd6bad-f669-41cc-9b6c-9afb39f60a97/bubble2.svg','2018-07-19 11:18:00'),
	(20,'f9bde26a1556cd667f742bd34ec7c55e','filer_public/80/3b/803bf974-d2e5-458a-9b68-37444e9e2c7f/bubble3.svg','2018-07-19 11:18:00'),
	(21,'f9bde26a1556cd667f742bd34ec7c55e','filer_public/87/67/8767ed3b-d1a9-4654-8d98-b616ef558af0/bubble4.svg','2018-07-19 11:18:00'),
	(22,'f9bde26a1556cd667f742bd34ec7c55e','filer_public/0c/76/0c76e4b8-ac89-40bf-9692-57f7ae4a4b5e/calculator.png','2018-07-27 09:48:33'),
	(23,'f9bde26a1556cd667f742bd34ec7c55e','filer_public/63/5a/635a3457-eaa7-46b1-942a-12ec5563deb5/calendar.png','2018-07-27 09:48:23'),
	(24,'f9bde26a1556cd667f742bd34ec7c55e','filer_public/de/aa/deaa3575-e6af-4d49-a179-91002739ff21/chair.png','2018-07-27 09:48:34'),
	(25,'f9bde26a1556cd667f742bd34ec7c55e','filer_public/2a/66/2a661ab6-8727-4782-89e8-c7072e05d2fb/check.png','2018-07-27 09:48:34'),
	(26,'f9bde26a1556cd667f742bd34ec7c55e','filer_public/45/54/4554993a-1786-4a69-b7f4-b4689f98b2ce/checkmark.png','2018-07-30 09:32:25'),
	(27,'f9bde26a1556cd667f742bd34ec7c55e','filer_public/b0/ba/b0bab0e6-1157-4f97-9a01-0e87f2b0bf95/communication.jpg','2018-07-27 11:27:04'),
	(28,'f9bde26a1556cd667f742bd34ec7c55e','filer_public/d0/11/d0117b22-2504-4e93-8cb3-0d8600c4a7e0/education.jpg','2018-07-27 11:27:04'),
	(29,'f9bde26a1556cd667f742bd34ec7c55e','filer_public/fe/12/fe127736-e2ed-48fa-9d2f-bdffd8162a66/course-bg.jpg','2018-07-30 09:32:26'),
	(30,'f9bde26a1556cd667f742bd34ec7c55e','filer_public/6f/2d/6f2d8aae-830c-487d-bd1e-16b458b44656/elipsa-reviews-large.svg','2018-07-19 11:18:02'),
	(31,'f9bde26a1556cd667f742bd34ec7c55e','filer_public/84/49/84495c33-bfe8-46b9-9548-1f3480825a41/elipsa-reviews-small.svg','2018-07-19 11:18:03'),
	(32,'f9bde26a1556cd667f742bd34ec7c55e','filer_public/aa/e7/aae7c43f-3c2e-4cba-bc4c-863ffb515532/elipsa.svg','2018-07-19 11:18:03'),
	(33,'f9bde26a1556cd667f742bd34ec7c55e','filer_public/90/e3/90e3719e-e8f3-4cc2-9c38-59bc17f0a446/face.jpg','2018-07-30 09:32:29'),
	(34,'f9bde26a1556cd667f742bd34ec7c55e','filer_public/cd/22/cd220698-ca1e-497f-b3c4-8c0bcf1a1723/filip-libal.png','2018-07-27 11:27:39'),
	(35,'f9bde26a1556cd667f742bd34ec7c55e','filer_public/a7/fa/a7fa8137-da7c-458b-8058-c9db099c665a/folders.png','2018-07-27 11:27:05'),
	(36,'f9bde26a1556cd667f742bd34ec7c55e','filer_public/a6/c0/a6c0c761-9310-4d0c-8e7d-628c4deb63ed/graf-row.png','2018-07-30 09:32:30'),
	(37,'f9bde26a1556cd667f742bd34ec7c55e','filer_public/42/37/4237d567-2b1f-44b9-b5d1-94f0e07b173c/graf.png','2018-07-27 11:33:01'),
	(38,'f9bde26a1556cd667f742bd34ec7c55e','filer_public/04/49/0449356b-d32a-4432-9e06-67f36da049d6/grap-row.png','2018-07-30 09:32:31'),
	(39,'f9bde26a1556cd667f742bd34ec7c55e','filer_public/4e/c2/4ec26e03-e87a-4858-8975-3c3c4a396c05/half-buble.svg','2018-07-19 11:18:06'),
	(40,'f9bde26a1556cd667f742bd34ec7c55e','filer_public/38/63/386343ec-a63c-44ce-8b6a-2f9175bdea34/hammer.png','2018-07-27 14:16:30'),
	(41,'f9bde26a1556cd667f742bd34ec7c55e','filer_public/d3/d7/d3d783d1-233c-44e4-ae42-f537eba98646/house.png','2018-07-30 09:32:43'),
	(42,'f9bde26a1556cd667f742bd34ec7c55e','filer_public/65/10/651020f9-6d97-4926-999c-291aba598376/hp-banner.jpg','2018-07-30 09:32:44'),
	(43,'f9bde26a1556cd667f742bd34ec7c55e','filer_public/2e/bd/2ebd1581-c7ef-47f6-850e-d90798a669ed/job-banner.jpg','2018-07-30 09:32:46'),
	(44,'f9bde26a1556cd667f742bd34ec7c55e','filer_public/8b/fd/8bfdc397-0b9a-4d3b-b50e-c0a92d4e946b/lab.png','2018-07-30 09:32:47'),
	(45,'f9bde26a1556cd667f742bd34ec7c55e','filer_public/c3/59/c35952f0-5727-401d-a911-1e48b6dbba5f/logo-bg.svg','2018-07-19 11:18:08'),
	(46,'f9bde26a1556cd667f742bd34ec7c55e','filer_public/b9/6a/b96a80b9-3e80-459e-99b8-2561a2b3e083/logo.svg','2018-07-19 11:18:08'),
	(47,'f9bde26a1556cd667f742bd34ec7c55e','filer_public/4e/e1/4ee1899c-21dc-4885-ba5f-891702f5e2c7/marker.png','2018-07-27 13:37:04'),
	(48,'f9bde26a1556cd667f742bd34ec7c55e','filer_public/e3/e8/e3e81490-e1dc-4538-b140-03ad0386f7df/map.png','2018-07-30 09:32:48'),
	(49,'f9bde26a1556cd667f742bd34ec7c55e','filer_public/55/36/55361e16-f515-485e-8e7b-ebd8aefb1518/person.svg','2018-07-19 11:18:09'),
	(50,'f9bde26a1556cd667f742bd34ec7c55e','filer_public/47/51/4751472b-1930-4a7f-9dfd-e414f66b5375/proboston-creative.png','2018-07-27 11:27:40'),
	(51,'f9bde26a1556cd667f742bd34ec7c55e','filer_public/e8/de/e8de0628-2117-4ca7-9e9b-bd7eda3c046c/quote-end.svg','2018-07-19 11:18:10'),
	(52,'f9bde26a1556cd667f742bd34ec7c55e','filer_public/99/c3/99c3a360-d335-4335-a280-4b07b679b841/process-bg.jpg','2018-07-27 13:37:01'),
	(53,'f9bde26a1556cd667f742bd34ec7c55e','filer_public/25/a1/25a1e61b-6945-45f9-ab86-03274290c033/quote-start.svg','2018-07-19 11:18:10'),
	(54,'f9bde26a1556cd667f742bd34ec7c55e','filer_public/00/8a/008aee44-b1c8-4abd-aec0-052de54b7603/quotes.svg','2018-07-19 11:18:10'),
	(55,'f9bde26a1556cd667f742bd34ec7c55e','filer_public/89/70/8970beb3-a5ba-482b-9bff-70223b481c51/right-arrow-white.svg','2018-07-19 11:18:10'),
	(56,'f9bde26a1556cd667f742bd34ec7c55e','filer_public/26/2e/262efd27-ff06-4db4-af9b-a087064e7bbd/right-arrow.svg','2018-07-19 11:18:10'),
	(57,'f9bde26a1556cd667f742bd34ec7c55e','filer_public/55/af/55aff8e6-d98e-4220-9a32-943d2d6cee72/scales.png','2018-07-27 13:37:03'),
	(58,'f9bde26a1556cd667f742bd34ec7c55e','filer_public/2d/8b/2d8be547-af50-42d3-8f3c-6aa336e16609/steak.png','2018-07-27 11:37:18'),
	(59,'f9bde26a1556cd667f742bd34ec7c55e','filer_public/a3/94/a39441c2-5564-48ca-aa17-0e0c7abb0500/target.png','2018-07-27 13:36:59'),
	(60,'f9bde26a1556cd667f742bd34ec7c55e','filer_public/1c/cc/1ccc7b7f-ebcd-4cb2-b682-d2666b18a6cb/thank-you-bg.png','2018-07-27 13:36:59'),
	(61,'f9bde26a1556cd667f742bd34ec7c55e','filer_public/7e/c3/7ec33c46-3353-44d4-94e7-bb9d6ce3de34/thank-you-image.png','2018-07-27 13:36:57'),
	(62,'f9bde26a1556cd667f742bd34ec7c55e','filer_public/46/aa/46aa4cf9-375a-41b6-a1ba-c91a67745ca9/why-bg.jpg','2018-07-27 13:36:55'),
	(63,'f9bde26a1556cd667f742bd34ec7c55e','filer_public/3e/e6/3ee67437-5a74-47de-a686-9c3f1610fd6b/mordor.jpg','2018-07-27 13:02:06'),
	(64,'f9bde26a1556cd667f742bd34ec7c55e','filer_public/b9/af/b9af184e-8850-48ab-ba1a-d7833a332eb1/sauron.jpg','2018-07-27 13:02:56'),
	(65,'f9bde26a1556cd667f742bd34ec7c55e','filer_public/ed/26/ed266d74-3b29-4bc5-8c73-b77ee473e6de/ccs.jpg','2018-07-27 13:37:02'),
	(66,'f9bde26a1556cd667f742bd34ec7c55e','filer_public/c4/5b/c45b3389-7232-44bf-87c3-1097404cc180/adastra.jpg','2018-07-27 13:36:58'),
	(67,'f9bde26a1556cd667f742bd34ec7c55e','filer_public/65/15/6515cfa1-8b29-40c3-b58d-378c8d4655c1/allianz.png','2018-07-27 13:37:00'),
	(68,'f9bde26a1556cd667f742bd34ec7c55e','filer_public/c6/5a/c65ac73e-edcc-41bd-a2ca-8617af5b3094/cortis-consulting.jpg','2018-07-27 13:37:03'),
	(69,'f9bde26a1556cd667f742bd34ec7c55e','filer_public/eb/3b/eb3b080b-bd83-4c40-800b-d68849973b5f/csob-logo.png','2018-07-27 13:37:03'),
	(70,'f9bde26a1556cd667f742bd34ec7c55e','filer_public/a8/d7/a8d799a7-597e-4275-9e5d-1bf3450d3ac2/deloitte.jpg','2018-08-01 11:17:39'),
	(71,'f9bde26a1556cd667f742bd34ec7c55e','filer_public/cd/99/cd99a21c-8704-4d3e-ae77-ea6924a20d8a/f-logo.png','2018-07-27 13:37:03'),
	(72,'f9bde26a1556cd667f742bd34ec7c55e','filer_public/52/fe/52fe7a2e-e879-4b76-a1a2-e37c38966212/flextronics.jpg','2018-07-27 13:37:04'),
	(73,'f9bde26a1556cd667f742bd34ec7c55e','filer_public/c3/8d/c38d9128-3246-4ec1-b85e-6a850925096b/ikey.png','2018-07-27 12:46:09'),
	(74,'f9bde26a1556cd667f742bd34ec7c55e','filer_public/5a/15/5a158170-cc90-495a-b490-205d7897b12f/plzensky-prazdroj.jpg','2018-07-27 13:37:04'),
	(75,'f9bde26a1556cd667f742bd34ec7c55e','filer_public/7a/70/7a701437-5d84-4a0e-979d-f2e88599550e/beer.png','2018-07-27 13:37:30'),
	(76,'f9bde26a1556cd667f742bd34ec7c55e','filer_public/c4/75/c47571cd-0f8c-4a68-9838-008ef74731b7/5.png','2018-07-27 13:37:29'),
	(77,'f9bde26a1556cd667f742bd34ec7c55e','filer_public/14/19/14198386-7178-4597-9761-a47646377c64/arrow-right.png','2018-07-27 13:37:29'),
	(78,'f9bde26a1556cd667f742bd34ec7c55e','filer_public/90/cd/90cd53ff-12fe-42a0-97fa-55cc80339fbd/center-person.png','2018-07-27 13:37:30'),
	(79,'f9bde26a1556cd667f742bd34ec7c55e','filer_public/03/20/0320b11a-591d-4ba7-acb9-cf70c318469c/chair.png','2018-07-27 13:37:31'),
	(80,'f9bde26a1556cd667f742bd34ec7c55e','filer_public/fb/15/fb159c45-0522-4684-ab37-17e906653482/chat-heart.png','2018-07-27 13:23:49'),
	(81,'f9bde26a1556cd667f742bd34ec7c55e','filer_public/e5/70/e5707604-c4fa-42d4-ae95-a3fe549ca6ac/chat-bubble.png','2018-07-27 13:37:31'),
	(82,'f9bde26a1556cd667f742bd34ec7c55e','filer_public/6d/9d/6d9dc3ca-d3c5-43b4-bf09-153e4cc841bd/chat-human-black.png','2018-07-27 13:37:32'),
	(83,'f9bde26a1556cd667f742bd34ec7c55e','filer_public/1b/f4/1bf4b89c-d4a2-4559-8e3c-34a43f8a6520/chat-human.png','2018-07-27 13:37:32'),
	(84,'f9bde26a1556cd667f742bd34ec7c55e','filer_public/07/4f/074f4c3e-bca4-409e-89a1-610de279a371/chat.png','2018-07-27 13:37:33'),
	(85,'f9bde26a1556cd667f742bd34ec7c55e','filer_public/da/d8/dad87021-c8d7-490d-93e1-fab82876437e/computer.png','2018-07-27 13:37:33'),
	(86,'f9bde26a1556cd667f742bd34ec7c55e','filer_public/1f/a6/1fa64916-2121-4e09-ac1a-1edef869e16c/diplom-small.png','2018-07-27 13:37:33'),
	(87,'f9bde26a1556cd667f742bd34ec7c55e','filer_public/42/15/42153c3e-2063-4b89-acda-e5acdf01302d/envelope-black.png','2018-08-14 18:07:50'),
	(88,'f9bde26a1556cd667f742bd34ec7c55e','filer_public/6a/0d/6a0dd9e4-0651-45ee-88e2-d7b401532851/envelope.png','2018-07-27 13:37:34'),
	(89,'f9bde26a1556cd667f742bd34ec7c55e','filer_public/22/e1/22e129b6-cfc1-4a4c-85e8-f70d49ec0f34/in.png','2018-08-14 18:06:59'),
	(90,'f9bde26a1556cd667f742bd34ec7c55e','filer_public/dd/6a/dd6a258d-98f8-45d6-8134-76f6ac4bcd2d/folder.png','2018-07-27 11:33:39'),
	(91,'f9bde26a1556cd667f742bd34ec7c55e','filer_public/59/a4/59a4738f-b3b9-46a3-97f0-dba3af87c1e3/job-type.png','2018-07-27 13:37:35'),
	(92,'f9bde26a1556cd667f742bd34ec7c55e','filer_public/29/40/2940216a-ea9e-4f44-9718-a218d294b8e4/key.png','2018-07-27 13:37:35'),
	(93,'f9bde26a1556cd667f742bd34ec7c55e','filer_public/b8/e8/b8e8090e-49aa-4e0e-a0f6-6adc5b1d6ac0/line.png','2018-07-27 13:37:36'),
	(94,'f9bde26a1556cd667f742bd34ec7c55e','filer_public/0e/cf/0ecf8263-c732-4825-8cc1-97d9f46c8d0a/location.png','2018-07-27 13:37:37'),
	(95,'f9bde26a1556cd667f742bd34ec7c55e','filer_public/3e/ee/3eeeae67-3074-4a8f-9d43-d0071d51f20c/location2.png','2018-07-30 09:31:48'),
	(96,'f9bde26a1556cd667f742bd34ec7c55e','filer_public/23/a3/23a3e375-7dc6-4a7d-9602-3f9374de4cb4/message.png','2018-07-30 09:31:49'),
	(97,'f9bde26a1556cd667f742bd34ec7c55e','filer_public/1e/56/1e562f06-2804-4b25-8eb8-aaa2ee9b3a8b/pergamen.png','2018-07-30 09:31:50'),
	(98,'f9bde26a1556cd667f742bd34ec7c55e','filer_public/c9/3f/c93ff6e3-ab34-4330-bbb4-075fca3973be/person.png','2018-07-27 11:33:31'),
	(99,'f9bde26a1556cd667f742bd34ec7c55e','filer_public/33/80/3380227f-dee3-40ae-bf24-33b45fae6d7e/phone-no-ring.png','2018-07-30 09:31:51'),
	(100,'f9bde26a1556cd667f742bd34ec7c55e','filer_public/e5/f9/e5f90307-b6fc-4af5-87b4-28465a12fd59/phone.png','2018-07-30 09:31:51'),
	(101,'f9bde26a1556cd667f742bd34ec7c55e','filer_public/b0/b7/b0b72cf1-0c20-4057-adf4-df8d44feeb8e/search.png','2018-07-30 09:31:52'),
	(102,'f9bde26a1556cd667f742bd34ec7c55e','filer_public/72/bf/72bf6b07-d126-4912-93a8-85fb6440c017/settings.png','2018-07-30 09:31:53'),
	(103,'f9bde26a1556cd667f742bd34ec7c55e','filer_public/9f/43/9f431beb-2b64-4679-b22e-3f1091715069/tag.png','2018-07-30 09:31:53'),
	(104,'f9bde26a1556cd667f742bd34ec7c55e','filer_public/17/28/17286f55-7637-4d3a-9889-ee3dcaf3fba5/target.png','2018-07-27 13:24:21'),
	(105,'f9bde26a1556cd667f742bd34ec7c55e','filer_public/3b/5b/3b5bfabe-313e-418d-90b8-888cb068089e/timer.png','2018-07-30 09:31:54'),
	(106,'f9bde26a1556cd667f742bd34ec7c55e','filer_public/33/d7/33d701cf-c51e-4cce-9d76-64592cf34466/work-type.png','2018-07-30 09:31:55'),
	(107,'f9bde26a1556cd667f742bd34ec7c55e','filer_public/3e/e3/3ee33d3a-d079-4482-950c-8e5489b0176b/write.png','2018-07-30 09:31:56'),
	(108,'f9bde26a1556cd667f742bd34ec7c55e','filer_public/e4/d4/e4d4b139-2957-4aa9-9680-9b8f82fe9d13/grap-row.png','2018-07-27 13:36:53'),
	(110,'f9bde26a1556cd667f742bd34ec7c55e','filer_public/57/4f/574fab7d-041d-4a8f-bfd9-6db5f8f2e490/graf-row.png','2018-07-27 13:36:54'),
	(111,'f9bde26a1556cd667f742bd34ec7c55e','filer_public/05/e5/05e5248d-0951-42f5-a22c-a561b87826c5/map.png','2018-07-27 13:36:53'),
	(112,'f9bde26a1556cd667f742bd34ec7c55e','filer_public/59/b8/59b80ab4-e0dd-4efb-874b-efe24c21bc0c/sample1920x1080.jpg','2018-07-27 13:02:07'),
	(113,'f9bde26a1556cd667f742bd34ec7c55e','filer_public/ce/f4/cef41ca9-db90-480e-926a-7c7476474521/line_graph.png','2018-07-27 12:42:49'),
	(114,'f9bde26a1556cd667f742bd34ec7c55e','filer_public/d4/20/d420e441-6010-4f1f-8b4d-e19d3feb574d/samplejpgimage_500kbmb.jpg','2018-07-27 11:34:00'),
	(115,'f9bde26a1556cd667f742bd34ec7c55e','filer_public/eb/c4/ebc4c7c4-2406-4875-b5b8-5b0e168014a9/samplejpgimage_5mbmb.jpg','2018-07-27 13:02:32'),
	(116,'f9bde26a1556cd667f742bd34ec7c55e','filer_public/4f/d6/4fd67249-b72f-4ee1-98a7-9db88a30bf07/lucie_tvrdikova.png','2018-07-27 11:25:17'),
	(117,'f9bde26a1556cd667f742bd34ec7c55e','filer_public/be/47/be473429-633f-4b9e-9665-296af556ec06/alzbetazembova.png','2018-07-27 11:25:17'),
	(118,'f9bde26a1556cd667f742bd34ec7c55e','filer_public/15/a2/15a260e6-40a9-42fd-9087-acebc40e7e6f/marek_nov-k.png','2018-07-27 11:25:18'),
	(119,'f9bde26a1556cd667f742bd34ec7c55e','filer_public/a6/d0/a6d0699d-0fb1-494a-b30c-8ae177f73f06/tomas_grosup.png','2018-07-27 11:25:20'),
	(120,'f9bde26a1556cd667f742bd34ec7c55e','filer_public/ee/b9/eeb980d7-a7be-450d-a497-69764318564d/vojtech_kotous.png','2018-07-27 11:25:20'),
	(121,'f9bde26a1556cd667f742bd34ec7c55e','filer_public/10/c4/10c42bc4-6846-4f84-9307-10600250b2e5/sokolov_andrei_portrait.png','2018-07-27 11:25:19'),
	(122,'f9bde26a1556cd667f742bd34ec7c55e','filer_public/1c/fa/1cfa2834-0ae9-4ed6-8487-2ed2548aa8e0/settings.png','2018-07-27 09:48:57'),
	(123,'f9bde26a1556cd667f742bd34ec7c55e','filer_public/f5/cd/f5cd62b0-459b-4fdf-b9b1-b294c9bcbdc2/pin.png','2018-07-27 09:48:57'),
	(124,'f9bde26a1556cd667f742bd34ec7c55e','filer_public/44/d9/44d9e241-7754-4ed2-8984-af6c54711ac8/clock.png','2018-07-27 09:48:57'),
	(125,'f9bde26a1556cd667f742bd34ec7c55e','filer_public/ce/6c/ce6c62e4-9e87-46ae-a257-2fc9ab2b7ff8/1.png','2018-07-27 11:25:39'),
	(126,'f9bde26a1556cd667f742bd34ec7c55e','filer_public/d6/27/d6277cc8-60dd-46b1-bcb4-aa4b0909070b/blanka_rubisova.png','2018-07-27 11:25:40'),
	(127,'f9bde26a1556cd667f742bd34ec7c55e','filer_public/c7/6d/c76d7f5e-1bfa-4a94-96ec-08d2c1cdab4b/anna_vacikova.png','2018-07-27 11:25:40'),
	(128,'f9bde26a1556cd667f742bd34ec7c55e','filer_public/76/85/7685bd99-bc30-4351-941b-b429c2cd95c6/eliska_chmelikova.png','2018-07-27 11:25:41'),
	(129,'f9bde26a1556cd667f742bd34ec7c55e','filer_public/fe/2b/fe2b247c-8959-4d8e-a0ab-59f4f16b5daf/gabriela_skalova.png','2018-07-27 11:25:41'),
	(130,'f9bde26a1556cd667f742bd34ec7c55e','filer_public/2e/5e/2e5eac83-5be2-4481-a749-5eb9549c4853/jana_dufkova.png','2018-07-27 11:25:42'),
	(131,'f9bde26a1556cd667f742bd34ec7c55e','filer_public/7d/80/7d801310-3b3a-4336-b2e0-4c1656385701/illya_pavlov.png','2018-07-27 11:25:42'),
	(132,'f9bde26a1556cd667f742bd34ec7c55e','filer_public/6a/97/6a97e91a-c070-4f78-b7aa-5fa61d4b9837/jitka-klickova.png','2018-07-27 11:25:43'),
	(133,'f9bde26a1556cd667f742bd34ec7c55e','filer_public/27/a1/27a14f0e-f7cc-4193-9954-19d7b2ed2e04/katerina_paleckova.png','2018-07-27 11:25:43'),
	(135,'f9bde26a1556cd667f742bd34ec7c55e','filer_public/8b/bc/8bbccb4a-1778-4246-97a4-98eb545409d7/lucie_stankova.png','2018-07-29 19:37:17'),
	(136,'f9bde26a1556cd667f742bd34ec7c55e','filer_public/2b/15/2b15f055-0c14-4b9b-a466-7592bdabf5e2/lucie_tvrdikova.png','2018-07-27 11:25:45'),
	(137,'f9bde26a1556cd667f742bd34ec7c55e','filer_public/38/b3/38b36216-2296-49bc-ac23-6e902e0d4faa/marketa_koudelova.png','2018-07-27 11:25:45'),
	(138,'f9bde26a1556cd667f742bd34ec7c55e','filer_public/53/9b/539b44b1-ee85-47ad-b5d6-12093a161508/nikola_navratilova.png','2018-07-27 11:25:46'),
	(139,'f9bde26a1556cd667f742bd34ec7c55e','filer_public/ac/db/acdb3100-3819-43d0-97a8-09c7d2762c40/michala_klapalova.png','2018-07-27 11:25:46'),
	(140,'f9bde26a1556cd667f742bd34ec7c55e','filer_public/a2/2e/a22e9e4f-db0c-4de7-9634-7f0706a650b8/sarka_blahovcova.png','2018-07-27 11:25:46'),
	(141,'f9bde26a1556cd667f742bd34ec7c55e','filer_public/2a/79/2a7982ee-2d8a-4974-9050-850028934024/tereza_simotova.png','2018-07-27 11:25:47'),
	(142,'f9bde26a1556cd667f742bd34ec7c55e','filer_public/e6/f1/e6f15c2b-d50a-4b4b-b9a3-b5526f60e6f8/tereza_jarolimkova.png','2018-07-27 11:25:47'),
	(143,'f9bde26a1556cd667f742bd34ec7c55e','filer_public/68/64/68647966-89f2-4c24-90a0-8496267861b8/veronika_benackova.png','2018-07-27 11:25:47'),
	(144,'f9bde26a1556cd667f742bd34ec7c55e','filer_public/b7/ba/b7ba0f21-650d-41b7-838d-01048c15da25/illya_pavlov.png','2018-07-27 13:04:28'),
	(145,'f9bde26a1556cd667f742bd34ec7c55e','filer_public/59/eb/59eb4f27-38ed-4678-87a2-6c50f01f6a41/illya_pavlov.png','2018-07-27 13:28:48'),
	(146,'f9bde26a1556cd667f742bd34ec7c55e','filer_public/4e/5a/4e5a74a4-560b-490d-bca4-24a32d57242f/tereza_simotova.png','2018-07-27 13:36:51'),
	(148,'f9bde26a1556cd667f742bd34ec7c55e','filer_public/1b/25/1b25eca1-3371-494e-bfcd-ff7967b0bb09/tereza_simotova.png','2018-07-27 13:38:34'),
	(149,'f9bde26a1556cd667f742bd34ec7c55e','filer_public/69/54/6954b82f-87ec-4b22-b41c-f1a797d8caca/lucie_stankova.png','2018-07-27 14:06:13'),
	(150,'f9bde26a1556cd667f742bd34ec7c55e','filer_public/7c/4f/7c4f684d-5732-4fd4-8c34-8fff48c09a20/illya_pavlov.png','2018-07-30 07:55:54'),
	(151,'f9bde26a1556cd667f742bd34ec7c55e','filer_public/44/0a/440a07c0-d44f-4e75-a264-b64a04e57921/blanka_rubisova.png','2018-07-30 07:56:56'),
	(152,'f9bde26a1556cd667f742bd34ec7c55e','filer_public/ab/88/ab88967b-ccc1-4713-b1bd-e57ebaa2e4c4/michala_klapalova.png','2018-07-30 07:57:51'),
	(153,'f9bde26a1556cd667f742bd34ec7c55e','filer_public/c6/8f/c68f6486-eb45-435a-b025-2277fd319de5/anna_vacikova.png','2018-07-30 07:59:07'),
	(154,'f9bde26a1556cd667f742bd34ec7c55e','filer_public/96/30/9630297b-1fdf-48ee-87bd-233e2c232997/gabriela_skalova.png','2018-07-30 07:59:55'),
	(155,'f9bde26a1556cd667f742bd34ec7c55e','filer_public/b5/54/b554333c-c0d9-4b01-ba06-3daf5a8eeda7/tereza_jarolimkova.png','2018-07-30 08:01:25'),
	(156,'f9bde26a1556cd667f742bd34ec7c55e','filer_public/6c/8d/6c8de655-555d-4c4a-afe6-378888917d92/lucie_stankova.png','2018-07-30 08:02:40'),
	(157,'f9bde26a1556cd667f742bd34ec7c55e','filer_public/72/d9/72d97001-32c6-4e0f-93ab-efe3bf75dabd/katerina_paleckova.png','2018-07-30 08:03:21'),
	(158,'f9bde26a1556cd667f742bd34ec7c55e','filer_public/47/6b/476b2fd2-23c5-4132-8397-a515bf048aca/tereza_simotova.png','2018-07-30 08:04:12'),
	(159,'f9bde26a1556cd667f742bd34ec7c55e','filer_public/d6/48/d6480532-98e1-42b9-8960-0b8bf9e0fa0a/tereza_simotova.png','2018-07-30 08:04:30'),
	(160,'f9bde26a1556cd667f742bd34ec7c55e','filer_public/77/dc/77dc5ea2-d03c-4d78-98d8-cde7fd6c1f84/nikola_navratilova.png','2018-07-30 08:05:49'),
	(161,'f9bde26a1556cd667f742bd34ec7c55e','filer_public/d9/f7/d9f7480b-d45f-4285-9c21-262df1d9fddf/veronika_benackova.png','2018-07-30 08:06:25'),
	(162,'f9bde26a1556cd667f742bd34ec7c55e','filer_public/50/ff/50ff123f-f132-4197-a40b-5d6680f475b5/eliska_chmelikova.png','2018-07-30 08:07:09'),
	(163,'f9bde26a1556cd667f742bd34ec7c55e','filer_public/41/68/41681dca-9af6-430b-abcd-608b97eb7175/marketa_koudelova.png','2018-07-30 08:07:55'),
	(164,'f9bde26a1556cd667f742bd34ec7c55e','filer_public/67/01/6701e1da-ab46-49ef-a02a-b1f18f486c51/jana_dufkova.png','2018-07-30 08:08:42'),
	(165,'f9bde26a1556cd667f742bd34ec7c55e','filer_public/9d/12/9d129a95-0dd0-4044-875d-84d9d5639ce3/michala_klapalova.png','2018-07-30 08:10:31'),
	(166,'f9bde26a1556cd667f742bd34ec7c55e','filer_public/b6/4e/b64ef0f4-79a0-4be7-b3d1-9af94144a490/jitka-klickova.png','2018-07-30 08:11:55'),
	(167,'f9bde26a1556cd667f742bd34ec7c55e','filer_public/ed/9b/ed9b3b1a-8062-4967-bc6e-b989ed332676/martin_hudos_reference_delloite.png','2018-07-31 08:48:19'),
	(168,'f9bde26a1556cd667f742bd34ec7c55e','filer_public/c2/e9/c2e94656-33c9-4d32-86f2-a7ee7c99bb72/michal_rozehnal__reference_reporting.png','2018-07-31 08:48:29'),
	(169,'f9bde26a1556cd667f742bd34ec7c55e','filer_public/59/ed/59ed28b2-76bd-449f-8c6d-dd9df3d40671/logo1.png','2018-07-31 08:48:46'),
	(170,'f9bde26a1556cd667f742bd34ec7c55e','filer_public/1b/f1/1bf1fd68-9dcf-4d9a-9454-a57c74303ea4/logo2.png','2018-07-31 08:48:49'),
	(171,'f9bde26a1556cd667f742bd34ec7c55e','filer_public/f9/e4/f9e48074-78ab-41a0-8851-6b0e013f191e/reference_csob.png','2018-07-31 10:32:52'),
	(172,'f9bde26a1556cd667f742bd34ec7c55e','filer_public/86/89/8689105f-1c33-4356-b281-177a9d3e7c83/reference_financnisprava.png','2018-07-31 10:33:09'),
	(173,'f9bde26a1556cd667f742bd34ec7c55e','filer_public/c3/ba/c3ba6153-5a9b-4a99-afbb-5fdf9365cd6a/reference_ikea.png','2018-07-31 10:31:13'),
	(174,'f9bde26a1556cd667f742bd34ec7c55e','filer_public/2d/95/2d95321b-ee34-4a0a-970d-fca01d5db2b7/reference_velkabanka.png','2018-07-31 10:33:22'),
	(175,'f9bde26a1556cd667f742bd34ec7c55e','filer_public/f9/c1/f9c1796e-a350-4167-af14-ad5d02ef0982/reference_ikea.png','2018-07-31 10:36:21'),
	(176,'f9bde26a1556cd667f742bd34ec7c55e','filer_public/1d/cb/1dcbdf09-75be-4f98-869b-cabdc2ba0d5d/center-person.png','2018-08-01 11:07:33'),
	(177,'f9bde26a1556cd667f742bd34ec7c55e','filer_public/e4/37/e43749ca-3a1a-4187-80f3-359d6bce54c6/person.png','2018-08-01 11:08:19'),
	(178,'f9bde26a1556cd667f742bd34ec7c55e','filer_public/34/b2/34b267bf-07bf-4529-9d7a-17f9cefa90c2/logo_commerz.png','2018-08-01 11:16:17'),
	(179,'f9bde26a1556cd667f742bd34ec7c55e','filer_public/34/c2/34c2691d-44a9-418a-9a12-ce6d34c2e592/logo_deloitte.png','2018-08-01 11:16:11'),
	(180,'f9bde26a1556cd667f742bd34ec7c55e','filer_public/05/90/0590f0d8-89dc-4f13-8b2a-302ffe0a5e0b/logo_pbc.png','2018-08-01 11:18:21'),
	(181,'f9bde26a1556cd667f742bd34ec7c55e','filer_public/dc/c8/dcc83287-2ef4-47e7-9e98-9f9d95f2c665/logo_reporting.png','2018-08-01 11:16:55'),
	(182,'f9bde26a1556cd667f742bd34ec7c55e','filer_public/b0/65/b06548f7-ec0c-41df-b69b-afb8058671a7/graf03.svg','2018-08-02 08:43:37'),
	(183,'f9bde26a1556cd667f742bd34ec7c55e','filer_public/34/fa/34fa12f6-7465-433e-bf1f-9a7e6217c253/graf03.jpg','2018-08-02 08:45:40'),
	(184,'f9bde26a1556cd667f742bd34ec7c55e','filer_public/21/65/2165f332-5435-4379-8113-e35f5d54076b/graf_03.jpg','2018-08-02 08:47:59'),
	(185,'f9bde26a1556cd667f742bd34ec7c55e','filer_public/73/b6/73b6d304-e1a6-4cb1-8ad6-0995e08d3f96/chair.png','2018-08-02 09:03:28'),
	(187,'f9bde26a1556cd667f742bd34ec7c55e','filer_public/13/41/1341859f-5034-4ab6-be59-b106107f0ca9/terc.png','2018-08-02 09:06:31'),
	(188,'f9bde26a1556cd667f742bd34ec7c55e','filer_public/f1/dd/f1ddedf3-cbf8-409c-928a-9c9e8238cfd7/graf_01.png','2018-08-08 18:12:17'),
	(189,'f9bde26a1556cd667f742bd34ec7c55e','filer_public/3e/67/3e6776a2-9866-49c9-a7f0-efef084a6bec/illya_pavlov_small.png','2018-08-09 12:48:49'),
	(190,'f9bde26a1556cd667f742bd34ec7c55e','filer_public/ae/c9/aec9837c-9543-46ff-85b7-33e04b293f04/absolvujte_teorii.png','2018-08-14 16:45:24'),
	(191,'f9bde26a1556cd667f742bd34ec7c55e','filer_public/f0/c2/f0c20800-2097-4f9d-b50f-e7bf92be0b22/zaregistrujte_se.png','2018-08-14 16:45:44'),
	(192,'f9bde26a1556cd667f742bd34ec7c55e','filer_public/82/25/8225f062-575c-479b-9a25-f662ed6a099f/key_big.png','2018-08-14 16:51:55'),
	(193,'f9bde26a1556cd667f742bd34ec7c55e','filer_public/00/19/00193c64-64bb-4963-87ae-ad985db668e6/list_big.png','2018-08-14 16:51:55'),
	(195,'f9bde26a1556cd667f742bd34ec7c55e','filer_public/63/74/6374b831-e771-4896-a4f2-829097cf065d/target_big.png','2018-08-14 16:51:55'),
	(196,'f9bde26a1556cd667f742bd34ec7c55e','filer_public/ac/ad/acadaef3-c171-44f1-b089-c886444e16c2/folder_big.png','2018-08-14 16:51:56'),
	(197,'f9bde26a1556cd667f742bd34ec7c55e','filer_public/4c/17/4c17893b-e01a-4325-9f6f-4e1036b7eafe/paper_big.png','2018-08-14 16:52:35'),
	(198,'f9bde26a1556cd667f742bd34ec7c55e','filer_public/45/43/4543ef32-2db7-4505-953b-7fc23b1daeeb/envelope.png','2018-08-14 18:08:34'),
	(199,'f9bde26a1556cd667f742bd34ec7c55e','filer_public/21/2f/212f552b-0af9-47f0-a637-062956fa6c42/acamar_hp.mp4','2018-09-04 10:14:50'),
	(200,'f9bde26a1556cd667f742bd34ec7c55e','filer_public/ee/d9/eed9e0a7-76f9-4600-9b25-5505c46107c8/reporting-cz.jpg','2018-09-12 07:30:22'),
	(201,'f9bde26a1556cd667f742bd34ec7c55e','filer_public/63/c2/63c2be07-6bc8-40db-bb4a-6330423ed6e3/veronika_benackova.png','2018-09-12 08:36:14'),
	(202,'f9bde26a1556cd667f742bd34ec7c55e','filer_public/7d/fe/7dfe10f8-f4bb-4e6f-816a-63feede9fff2/header.mp4','2018-09-12 11:02:30'),
	(203,'f9bde26a1556cd667f742bd34ec7c55e','filer_public/95/84/9584f24e-3942-4530-8d5f-7b2062086a2b/graf_01_en.png','2018-09-17 11:37:04'),
	(204,'f9bde26a1556cd667f742bd34ec7c55e','filer_public/03/0e/030e6a86-b89d-4820-a259-240a61edccdb/graf_03_en.png','2018-09-17 11:37:36'),
	(205,'f9bde26a1556cd667f742bd34ec7c55e','filer_public/2b/a5/2ba55866-ab17-4d67-adec-e04ae9f00cac/graf_01_ru.png','2018-09-17 11:39:14'),
	(206,'f9bde26a1556cd667f742bd34ec7c55e','filer_public/57/ff/57ffdb8a-aeec-4d32-aeea-ec0a20ae91e9/graf_03_ru.png','2018-09-17 11:39:36'),
	(207,'f9bde26a1556cd667f742bd34ec7c55e','filer_public/ab/af/abafe084-cfc4-42da-bb01-8f410d6e2203/marketa_koudelova_v2.png','2018-12-27 10:48:01'),
	(208,'f9bde26a1556cd667f742bd34ec7c55e','filer_public/46/10/4610a66f-17fc-486f-b5f9-3358b15e76e9/tereza_jarolimkova_v2.png','2018-12-27 10:50:50'),
	(209,'f9bde26a1556cd667f742bd34ec7c55e','filer_public/54/f8/54f88ddb-5c49-4523-b3c5-5ee9e5333db1/jitka_klickova_v2.png','2018-12-27 10:51:53'),
	(210,'f9bde26a1556cd667f742bd34ec7c55e','filer_public/dd/99/dd99cbfc-7c07-4dda-8e6f-c62551a15a7c/frantisek_mareth.png','2019-01-07 15:33:29'),
	(211,'f9bde26a1556cd667f742bd34ec7c55e','filer_public/43/80/43800d08-bc78-424e-8c10-4606e18d8099/anna_vacikova.png','2019-01-07 15:40:26'),
	(212,'f9bde26a1556cd667f742bd34ec7c55e','filer_public/8d/89/8d892492-940f-4cbe-839c-c8474c78dcae/frantisek_mareth.png','2019-02-08 15:55:28'),
	(213,'f9bde26a1556cd667f742bd34ec7c55e','filer_public/05/29/0529698d-ada9-4334-867d-ad519d11fdd9/tereza_birkova.png','2019-05-06 17:15:08'),
	(214,'f9bde26a1556cd667f742bd34ec7c55e','filer_public/4a/39/4a39cded-083a-4026-8c66-63a1b0ff0bd5/communication.png','2019-06-26 13:49:11');

/*!40000 ALTER TABLE `easy_thumbnails_source` ENABLE KEYS */;
UNLOCK TABLES;


# Dump of table easy_thumbnails_thumbnail
# ------------------------------------------------------------

DROP TABLE IF EXISTS `easy_thumbnails_thumbnail`;

CREATE TABLE `easy_thumbnails_thumbnail` (
  `id` int(11) NOT NULL AUTO_INCREMENT,
  `storage_hash` varchar(40) NOT NULL,
  `name` varchar(255) NOT NULL,
  `modified` datetime NOT NULL,
  `source_id` int(11) NOT NULL,
  PRIMARY KEY (`id`),
  UNIQUE KEY `easy_thumbnails_thumbnail_storage_hash_66cc758d07ef9fce_uniq` (`storage_hash`,`name`,`source_id`),
  KEY `easy_thu_source_id_50b260de7106e1b7_fk_easy_thumbnails_source_id` (`source_id`),
  KEY `easy_thumbnails_thumbnail_b454e115` (`storage_hash`),
  KEY `easy_thumbnails_thumbnail_b068931c` (`name`),
  CONSTRAINT `easy_thu_source_id_50b260de7106e1b7_fk_easy_thumbnails_source_id` FOREIGN KEY (`source_id`) REFERENCES `easy_thumbnails_source` (`id`)
) ENGINE=InnoDB DEFAULT CHARSET=utf8;

LOCK TABLES `easy_thumbnails_thumbnail` WRITE;
/*!40000 ALTER TABLE `easy_thumbnails_thumbnail` DISABLE KEYS */;

INSERT INTO `easy_thumbnails_thumbnail` (`id`, `storage_hash`, `name`, `modified`, `source_id`)
VALUES
	(1,'f9bde26a1556cd667f742bd34ec7c55e','filer_public_thumbnails/filer_public/8b/8d/8b8d4145-61bc-44d6-86f3-ba05fadffc50/sample1920x1080.jpg__32x32_q85_crop_subsampling-2_upscale.jpg','2018-07-30 09:24:09',5),
	(2,'f9bde26a1556cd667f742bd34ec7c55e','filer_public_thumbnails/filer_public/8b/8d/8b8d4145-61bc-44d6-86f3-ba05fadffc50/sample1920x1080.jpg__32x32_q85_crop_subsampling-2_upscale@2x.jpg','2018-07-30 09:24:09',5),
	(3,'f9bde26a1556cd667f742bd34ec7c55e','filer_public_thumbnails/filer_public/8b/8d/8b8d4145-61bc-44d6-86f3-ba05fadffc50/sample1920x1080.jpg__64x64_q85_crop_subsampling-2_upscale.jpg','2018-07-30 09:24:09',5),
	(4,'f9bde26a1556cd667f742bd34ec7c55e','filer_public_thumbnails/filer_public/8b/8d/8b8d4145-61bc-44d6-86f3-ba05fadffc50/sample1920x1080.jpg__64x64_q85_crop_subsampling-2_upscale@2x.jpg','2018-07-30 09:24:09',5),
	(5,'f9bde26a1556cd667f742bd34ec7c55e','filer_public_thumbnails/filer_public/8b/8d/8b8d4145-61bc-44d6-86f3-ba05fadffc50/sample1920x1080.jpg__48x48_q85_crop_subsampling-2_upscale.jpg','2018-07-30 09:24:09',5),
	(6,'f9bde26a1556cd667f742bd34ec7c55e','filer_public_thumbnails/filer_public/8b/8d/8b8d4145-61bc-44d6-86f3-ba05fadffc50/sample1920x1080.jpg__48x48_q85_crop_subsampling-2_upscale@2x.jpg','2018-07-30 09:24:09',5),
	(7,'f9bde26a1556cd667f742bd34ec7c55e','filer_public_thumbnails/filer_public/8b/8d/8b8d4145-61bc-44d6-86f3-ba05fadffc50/sample1920x1080.jpg__16x16_q85_crop_subsampling-2_upscale.jpg','2018-07-30 09:24:09',5),
	(8,'f9bde26a1556cd667f742bd34ec7c55e','filer_public_thumbnails/filer_public/4a/e8/4ae8ffcb-003a-4ddc-a781-120182816074/samplejpgimage_500kbmb.jpg__32x32_q85_crop_subsampling-2_upscale.jpg','2018-07-27 11:26:32',6),
	(9,'f9bde26a1556cd667f742bd34ec7c55e','filer_public_thumbnails/filer_public/8b/8d/8b8d4145-61bc-44d6-86f3-ba05fadffc50/sample1920x1080.jpg__16x16_q85_crop_subsampling-2_upscale@2x.jpg','2018-07-30 09:24:09',5),
	(10,'f9bde26a1556cd667f742bd34ec7c55e','filer_public_thumbnails/filer_public/8b/8d/8b8d4145-61bc-44d6-86f3-ba05fadffc50/sample1920x1080.jpg__180x180_q85_crop_subsampling-2_upscale.jpg','2018-07-19 11:11:54',5),
	(11,'f9bde26a1556cd667f742bd34ec7c55e','filer_public_thumbnails/filer_public/8b/8d/8b8d4145-61bc-44d6-86f3-ba05fadffc50/sample1920x1080.jpg__180x180_q85_crop_subsampling-2_upscale@2x.jpg','2018-07-19 11:11:54',5),
	(12,'f9bde26a1556cd667f742bd34ec7c55e','filer_public_thumbnails/filer_public/4a/e8/4ae8ffcb-003a-4ddc-a781-120182816074/samplejpgimage_500kbmb.jpg__32x32_q85_crop_subsampling-2_upscale@2x.jpg','2018-07-27 11:26:32',6),
	(13,'f9bde26a1556cd667f742bd34ec7c55e','filer_public_thumbnails/filer_public/4a/e8/4ae8ffcb-003a-4ddc-a781-120182816074/samplejpgimage_500kbmb.jpg__64x64_q85_crop_subsampling-2_upscale.jpg','2018-07-27 11:26:32',6),
	(14,'f9bde26a1556cd667f742bd34ec7c55e','filer_public_thumbnails/filer_public/4a/e8/4ae8ffcb-003a-4ddc-a781-120182816074/samplejpgimage_500kbmb.jpg__64x64_q85_crop_subsampling-2_upscale@2x.jpg','2018-07-27 11:26:33',6),
	(15,'f9bde26a1556cd667f742bd34ec7c55e','filer_public_thumbnails/filer_public/4a/e8/4ae8ffcb-003a-4ddc-a781-120182816074/samplejpgimage_500kbmb.jpg__48x48_q85_crop_subsampling-2_upscale.jpg','2018-07-27 11:26:33',6),
	(16,'f9bde26a1556cd667f742bd34ec7c55e','filer_public_thumbnails/filer_public/4a/e8/4ae8ffcb-003a-4ddc-a781-120182816074/samplejpgimage_500kbmb.jpg__48x48_q85_crop_subsampling-2_upscale@2x.jpg','2018-07-27 11:26:33',6),
	(17,'f9bde26a1556cd667f742bd34ec7c55e','filer_public_thumbnails/filer_public/4a/e8/4ae8ffcb-003a-4ddc-a781-120182816074/samplejpgimage_500kbmb.jpg__16x16_q85_crop_subsampling-2_upscale.jpg','2018-07-27 11:26:34',6),
	(18,'f9bde26a1556cd667f742bd34ec7c55e','filer_public_thumbnails/filer_public/4a/e8/4ae8ffcb-003a-4ddc-a781-120182816074/samplejpgimage_500kbmb.jpg__16x16_q85_crop_subsampling-2_upscale@2x.jpg','2018-07-27 11:26:34',6),
	(19,'f9bde26a1556cd667f742bd34ec7c55e','filer_public_thumbnails/filer_public/4a/e8/4ae8ffcb-003a-4ddc-a781-120182816074/samplejpgimage_500kbmb.jpg__180x180_q85_crop_subsampling-2_upscale.jpg','2018-07-19 11:11:55',6),
	(20,'f9bde26a1556cd667f742bd34ec7c55e','filer_public_thumbnails/filer_public/4a/e8/4ae8ffcb-003a-4ddc-a781-120182816074/samplejpgimage_500kbmb.jpg__180x180_q85_crop_subsampling-2_upscale@2x.jpg','2018-07-19 11:11:56',6),
	(21,'f9bde26a1556cd667f742bd34ec7c55e','filer_public_thumbnails/filer_public/6f/35/6f3521b0-7432-48b6-bf6e-c3b317372d77/samplejpgimage_5mbmb.jpg__32x32_q85_crop_subsampling-2_upscale.jpg','2018-07-30 09:24:12',7),
	(22,'f9bde26a1556cd667f742bd34ec7c55e','filer_public_thumbnails/filer_public/6f/35/6f3521b0-7432-48b6-bf6e-c3b317372d77/samplejpgimage_5mbmb.jpg__32x32_q85_crop_subsampling-2_upscale@2x.jpg','2018-07-30 09:24:18',7),
	(23,'f9bde26a1556cd667f742bd34ec7c55e','filer_public_thumbnails/filer_public/6f/35/6f3521b0-7432-48b6-bf6e-c3b317372d77/samplejpgimage_5mbmb.jpg__64x64_q85_crop_subsampling-2_upscale.jpg','2018-07-30 09:24:24',7),
	(24,'f9bde26a1556cd667f742bd34ec7c55e','filer_public_thumbnails/filer_public/6f/35/6f3521b0-7432-48b6-bf6e-c3b317372d77/samplejpgimage_5mbmb.jpg__64x64_q85_crop_subsampling-2_upscale@2x.jpg','2018-07-30 09:24:28',7),
	(25,'f9bde26a1556cd667f742bd34ec7c55e','filer_public_thumbnails/filer_public/6f/35/6f3521b0-7432-48b6-bf6e-c3b317372d77/samplejpgimage_5mbmb.jpg__48x48_q85_crop_subsampling-2_upscale.jpg','2018-07-30 09:24:33',7),
	(26,'f9bde26a1556cd667f742bd34ec7c55e','filer_public_thumbnails/filer_public/6f/35/6f3521b0-7432-48b6-bf6e-c3b317372d77/samplejpgimage_5mbmb.jpg__48x48_q85_crop_subsampling-2_upscale@2x.jpg','2018-07-30 09:24:37',7),
	(27,'f9bde26a1556cd667f742bd34ec7c55e','filer_public_thumbnails/filer_public/6f/35/6f3521b0-7432-48b6-bf6e-c3b317372d77/samplejpgimage_5mbmb.jpg__16x16_q85_crop_subsampling-2_upscale.jpg','2018-07-30 09:24:48',7),
	(28,'f9bde26a1556cd667f742bd34ec7c55e','filer_public_thumbnails/filer_public/6f/35/6f3521b0-7432-48b6-bf6e-c3b317372d77/samplejpgimage_5mbmb.jpg__16x16_q85_crop_subsampling-2_upscale@2x.jpg','2018-07-30 09:24:51',7),
	(29,'f9bde26a1556cd667f742bd34ec7c55e','filer_public_thumbnails/filer_public/6f/35/6f3521b0-7432-48b6-bf6e-c3b317372d77/samplejpgimage_5mbmb.jpg__180x180_q85_crop_subsampling-2_upscale.jpg','2018-07-19 11:12:11',7),
	(30,'f9bde26a1556cd667f742bd34ec7c55e','filer_public_thumbnails/filer_public/6f/35/6f3521b0-7432-48b6-bf6e-c3b317372d77/samplejpgimage_5mbmb.jpg__180x180_q85_crop_subsampling-2_upscale@2x.jpg','2018-07-19 11:12:13',7),
	(31,'f9bde26a1556cd667f742bd34ec7c55e','filer_public_thumbnails/filer_public/e0/f9/e0f93792-e967-409a-840f-82086d9b2108/404-menu-bg.png__32x32_q85_crop_subsampling-2_upscale.png','2018-07-27 09:48:29',8),
	(32,'f9bde26a1556cd667f742bd34ec7c55e','filer_public_thumbnails/filer_public/e0/f9/e0f93792-e967-409a-840f-82086d9b2108/404-menu-bg.png__32x32_q85_crop_subsampling-2_upscale@2x.png','2018-07-27 09:48:29',8),
	(33,'f9bde26a1556cd667f742bd34ec7c55e','filer_public_thumbnails/filer_public/e0/f9/e0f93792-e967-409a-840f-82086d9b2108/404-menu-bg.png__64x64_q85_crop_subsampling-2_upscale.png','2018-07-27 09:48:29',8),
	(34,'f9bde26a1556cd667f742bd34ec7c55e','filer_public_thumbnails/filer_public/f9/c3/f9c3f810-89ac-45e4-91e6-f95c46761984/404-planet.png__32x32_q85_crop_subsampling-2_upscale.png','2018-07-27 09:48:30',10),
	(35,'f9bde26a1556cd667f742bd34ec7c55e','filer_public_thumbnails/filer_public/05/d0/05d0afd4-892d-4626-8391-04477c44511e/404-bubbles.png__32x32_q85_crop_subsampling-2_upscale.png','2018-07-27 09:48:27',9),
	(36,'f9bde26a1556cd667f742bd34ec7c55e','filer_public_thumbnails/filer_public/e0/f9/e0f93792-e967-409a-840f-82086d9b2108/404-menu-bg.png__64x64_q85_crop_subsampling-2_upscale@2x.png','2018-07-27 09:48:29',8),
	(37,'f9bde26a1556cd667f742bd34ec7c55e','filer_public_thumbnails/filer_public/f9/c3/f9c3f810-89ac-45e4-91e6-f95c46761984/404-planet.png__32x32_q85_crop_subsampling-2_upscale@2x.png','2018-07-27 09:48:30',10),
	(38,'f9bde26a1556cd667f742bd34ec7c55e','filer_public_thumbnails/filer_public/e0/f9/e0f93792-e967-409a-840f-82086d9b2108/404-menu-bg.png__48x48_q85_crop_subsampling-2_upscale.png','2018-07-27 09:48:29',8),
	(39,'f9bde26a1556cd667f742bd34ec7c55e','filer_public_thumbnails/filer_public/f9/c3/f9c3f810-89ac-45e4-91e6-f95c46761984/404-planet.png__64x64_q85_crop_subsampling-2_upscale.png','2018-07-27 09:48:30',10),
	(40,'f9bde26a1556cd667f742bd34ec7c55e','filer_public_thumbnails/filer_public/05/d0/05d0afd4-892d-4626-8391-04477c44511e/404-bubbles.png__32x32_q85_crop_subsampling-2_upscale@2x.png','2018-07-27 09:48:28',9),
	(41,'f9bde26a1556cd667f742bd34ec7c55e','filer_public_thumbnails/filer_public/e0/f9/e0f93792-e967-409a-840f-82086d9b2108/404-menu-bg.png__48x48_q85_crop_subsampling-2_upscale@2x.png','2018-07-27 09:48:29',8),
	(42,'f9bde26a1556cd667f742bd34ec7c55e','filer_public_thumbnails/filer_public/f9/c3/f9c3f810-89ac-45e4-91e6-f95c46761984/404-planet.png__64x64_q85_crop_subsampling-2_upscale@2x.png','2018-07-27 09:48:30',10),
	(43,'f9bde26a1556cd667f742bd34ec7c55e','filer_public_thumbnails/filer_public/e0/f9/e0f93792-e967-409a-840f-82086d9b2108/404-menu-bg.png__16x16_q85_crop_subsampling-2_upscale.png','2018-07-27 09:48:29',8),
	(44,'f9bde26a1556cd667f742bd34ec7c55e','filer_public_thumbnails/filer_public/f9/c3/f9c3f810-89ac-45e4-91e6-f95c46761984/404-planet.png__48x48_q85_crop_subsampling-2_upscale.png','2018-07-27 09:48:30',10),
	(45,'f9bde26a1556cd667f742bd34ec7c55e','filer_public_thumbnails/filer_public/05/d0/05d0afd4-892d-4626-8391-04477c44511e/404-bubbles.png__64x64_q85_crop_subsampling-2_upscale.png','2018-07-27 09:48:28',9),
	(46,'f9bde26a1556cd667f742bd34ec7c55e','filer_public_thumbnails/filer_public/e0/f9/e0f93792-e967-409a-840f-82086d9b2108/404-menu-bg.png__16x16_q85_crop_subsampling-2_upscale@2x.png','2018-07-27 09:48:29',8),
	(47,'f9bde26a1556cd667f742bd34ec7c55e','filer_public_thumbnails/filer_public/f9/c3/f9c3f810-89ac-45e4-91e6-f95c46761984/404-planet.png__48x48_q85_crop_subsampling-2_upscale@2x.png','2018-07-27 09:48:30',10),
	(48,'f9bde26a1556cd667f742bd34ec7c55e','filer_public_thumbnails/filer_public/e0/f9/e0f93792-e967-409a-840f-82086d9b2108/404-menu-bg.png__180x180_q85_crop_subsampling-2_upscale.png','2018-07-19 11:17:57',8),
	(49,'f9bde26a1556cd667f742bd34ec7c55e','filer_public_thumbnails/filer_public/f9/c3/f9c3f810-89ac-45e4-91e6-f95c46761984/404-planet.png__16x16_q85_crop_subsampling-2_upscale.png','2018-07-27 09:48:30',10),
	(50,'f9bde26a1556cd667f742bd34ec7c55e','filer_public_thumbnails/filer_public/05/d0/05d0afd4-892d-4626-8391-04477c44511e/404-bubbles.png__64x64_q85_crop_subsampling-2_upscale@2x.png','2018-07-27 09:48:28',9),
	(51,'f9bde26a1556cd667f742bd34ec7c55e','filer_public_thumbnails/filer_public/e0/f9/e0f93792-e967-409a-840f-82086d9b2108/404-menu-bg.png__180x180_q85_crop_subsampling-2_upscale@2x.png','2018-07-19 11:17:57',8),
	(52,'f9bde26a1556cd667f742bd34ec7c55e','filer_public_thumbnails/filer_public/f9/c3/f9c3f810-89ac-45e4-91e6-f95c46761984/404-planet.png__16x16_q85_crop_subsampling-2_upscale@2x.png','2018-07-27 09:48:30',10),
	(53,'f9bde26a1556cd667f742bd34ec7c55e','filer_public_thumbnails/filer_public/f9/c3/f9c3f810-89ac-45e4-91e6-f95c46761984/404-planet.png__180x180_q85_crop_subsampling-2_upscale.png','2018-07-19 11:17:57',10),
	(54,'f9bde26a1556cd667f742bd34ec7c55e','filer_public_thumbnails/filer_public/05/d0/05d0afd4-892d-4626-8391-04477c44511e/404-bubbles.png__48x48_q85_crop_subsampling-2_upscale.png','2018-07-27 09:48:28',9),
	(55,'f9bde26a1556cd667f742bd34ec7c55e','filer_public_thumbnails/filer_public/f9/c3/f9c3f810-89ac-45e4-91e6-f95c46761984/404-planet.png__180x180_q85_crop_subsampling-2_upscale@2x.png','2018-07-19 11:17:58',10),
	(56,'f9bde26a1556cd667f742bd34ec7c55e','filer_public_thumbnails/filer_public/05/d0/05d0afd4-892d-4626-8391-04477c44511e/404-bubbles.png__48x48_q85_crop_subsampling-2_upscale@2x.png','2018-07-27 09:48:28',9),
	(57,'f9bde26a1556cd667f742bd34ec7c55e','filer_public_thumbnails/filer_public/7b/2b/7b2b4acf-ffc3-44b2-a8bf-f152a6f682e0/accordion-caret.png__32x32_q85_crop_subsampling-2_upscale.png','2018-07-27 09:48:30',12),
	(58,'f9bde26a1556cd667f742bd34ec7c55e','filer_public_thumbnails/filer_public/7b/79/7b79040b-ff5f-4f3e-9e85-bec6e126fa16/accordion-shadow.png__32x32_q85_crop_subsampling-2_upscale.png','2018-07-27 09:48:31',13),
	(59,'f9bde26a1556cd667f742bd34ec7c55e','filer_public_thumbnails/filer_public/7b/2b/7b2b4acf-ffc3-44b2-a8bf-f152a6f682e0/accordion-caret.png__32x32_q85_crop_subsampling-2_upscale@2x.png','2018-07-27 09:48:30',12),
	(60,'f9bde26a1556cd667f742bd34ec7c55e','filer_public_thumbnails/filer_public/05/d0/05d0afd4-892d-4626-8391-04477c44511e/404-bubbles.png__16x16_q85_crop_subsampling-2_upscale.png','2018-07-27 09:48:29',9),
	(61,'f9bde26a1556cd667f742bd34ec7c55e','filer_public_thumbnails/filer_public/7b/2b/7b2b4acf-ffc3-44b2-a8bf-f152a6f682e0/accordion-caret.png__64x64_q85_crop_subsampling-2_upscale.png','2018-07-27 09:48:30',12),
	(62,'f9bde26a1556cd667f742bd34ec7c55e','filer_public_thumbnails/filer_public/7b/79/7b79040b-ff5f-4f3e-9e85-bec6e126fa16/accordion-shadow.png__32x32_q85_crop_subsampling-2_upscale@2x.png','2018-07-27 09:48:31',13),
	(63,'f9bde26a1556cd667f742bd34ec7c55e','filer_public_thumbnails/filer_public/7b/2b/7b2b4acf-ffc3-44b2-a8bf-f152a6f682e0/accordion-caret.png__64x64_q85_crop_subsampling-2_upscale@2x.png','2018-07-27 09:48:30',12),
	(64,'f9bde26a1556cd667f742bd34ec7c55e','filer_public_thumbnails/filer_public/7b/2b/7b2b4acf-ffc3-44b2-a8bf-f152a6f682e0/accordion-caret.png__48x48_q85_crop_subsampling-2_upscale.png','2018-07-27 09:48:30',12),
	(65,'f9bde26a1556cd667f742bd34ec7c55e','filer_public_thumbnails/filer_public/7b/79/7b79040b-ff5f-4f3e-9e85-bec6e126fa16/accordion-shadow.png__64x64_q85_crop_subsampling-2_upscale.png','2018-07-27 09:48:31',13),
	(66,'f9bde26a1556cd667f742bd34ec7c55e','filer_public_thumbnails/filer_public/05/d0/05d0afd4-892d-4626-8391-04477c44511e/404-bubbles.png__16x16_q85_crop_subsampling-2_upscale@2x.png','2018-07-27 09:48:29',9),
	(67,'f9bde26a1556cd667f742bd34ec7c55e','filer_public_thumbnails/filer_public/7b/2b/7b2b4acf-ffc3-44b2-a8bf-f152a6f682e0/accordion-caret.png__48x48_q85_crop_subsampling-2_upscale@2x.png','2018-07-27 09:48:30',12),
	(68,'f9bde26a1556cd667f742bd34ec7c55e','filer_public_thumbnails/filer_public/7b/2b/7b2b4acf-ffc3-44b2-a8bf-f152a6f682e0/accordion-caret.png__16x16_q85_crop_subsampling-2_upscale.png','2018-07-27 09:48:30',12),
	(69,'f9bde26a1556cd667f742bd34ec7c55e','filer_public_thumbnails/filer_public/7b/79/7b79040b-ff5f-4f3e-9e85-bec6e126fa16/accordion-shadow.png__64x64_q85_crop_subsampling-2_upscale@2x.png','2018-07-27 09:48:31',13),
	(70,'f9bde26a1556cd667f742bd34ec7c55e','filer_public_thumbnails/filer_public/7b/2b/7b2b4acf-ffc3-44b2-a8bf-f152a6f682e0/accordion-caret.png__16x16_q85_crop_subsampling-2_upscale@2x.png','2018-07-27 09:48:31',12),
	(71,'f9bde26a1556cd667f742bd34ec7c55e','filer_public_thumbnails/filer_public/7b/79/7b79040b-ff5f-4f3e-9e85-bec6e126fa16/accordion-shadow.png__48x48_q85_crop_subsampling-2_upscale.png','2018-07-27 09:48:31',13),
	(72,'f9bde26a1556cd667f742bd34ec7c55e','filer_public_thumbnails/filer_public/7b/2b/7b2b4acf-ffc3-44b2-a8bf-f152a6f682e0/accordion-caret.png__180x180_q85_crop_subsampling-2_upscale.png','2018-07-19 11:17:58',12),
	(73,'f9bde26a1556cd667f742bd34ec7c55e','filer_public_thumbnails/filer_public/05/d0/05d0afd4-892d-4626-8391-04477c44511e/404-bubbles.png__180x180_q85_crop_subsampling-2_upscale.png','2018-07-19 11:17:58',9),
	(74,'f9bde26a1556cd667f742bd34ec7c55e','filer_public_thumbnails/filer_public/7b/79/7b79040b-ff5f-4f3e-9e85-bec6e126fa16/accordion-shadow.png__48x48_q85_crop_subsampling-2_upscale@2x.png','2018-07-27 09:48:31',13),
	(75,'f9bde26a1556cd667f742bd34ec7c55e','filer_public_thumbnails/filer_public/7b/2b/7b2b4acf-ffc3-44b2-a8bf-f152a6f682e0/accordion-caret.png__180x180_q85_crop_subsampling-2_upscale@2x.png','2018-07-19 11:17:59',12),
	(76,'f9bde26a1556cd667f742bd34ec7c55e','filer_public_thumbnails/filer_public/7b/79/7b79040b-ff5f-4f3e-9e85-bec6e126fa16/accordion-shadow.png__16x16_q85_crop_subsampling-2_upscale.png','2018-07-27 09:48:31',13),
	(77,'f9bde26a1556cd667f742bd34ec7c55e','filer_public_thumbnails/filer_public/7b/79/7b79040b-ff5f-4f3e-9e85-bec6e126fa16/accordion-shadow.png__16x16_q85_crop_subsampling-2_upscale@2x.png','2018-07-27 09:48:31',13),
	(78,'f9bde26a1556cd667f742bd34ec7c55e','filer_public_thumbnails/filer_public/05/d0/05d0afd4-892d-4626-8391-04477c44511e/404-bubbles.png__180x180_q85_crop_subsampling-2_upscale@2x.png','2018-07-19 11:17:59',9),
	(79,'f9bde26a1556cd667f742bd34ec7c55e','filer_public_thumbnails/filer_public/7b/79/7b79040b-ff5f-4f3e-9e85-bec6e126fa16/accordion-shadow.png__180x180_q85_crop_subsampling-2_upscale.png','2018-07-19 11:17:59',13),
	(80,'f9bde26a1556cd667f742bd34ec7c55e','filer_public_thumbnails/filer_public/a3/e7/a3e77035-fc02-442e-85ce-6e72c4254218/aeroplane.png__32x32_q85_crop_subsampling-2_upscale.png','2018-07-27 09:48:31',14),
	(81,'f9bde26a1556cd667f742bd34ec7c55e','filer_public_thumbnails/filer_public/a3/e7/a3e77035-fc02-442e-85ce-6e72c4254218/aeroplane.png__32x32_q85_crop_subsampling-2_upscale@2x.png','2018-07-27 09:48:31',14),
	(82,'f9bde26a1556cd667f742bd34ec7c55e','filer_public_thumbnails/filer_public/a3/e7/a3e77035-fc02-442e-85ce-6e72c4254218/aeroplane.png__64x64_q85_crop_subsampling-2_upscale.png','2018-07-27 09:48:31',14),
	(83,'f9bde26a1556cd667f742bd34ec7c55e','filer_public_thumbnails/filer_public/7b/79/7b79040b-ff5f-4f3e-9e85-bec6e126fa16/accordion-shadow.png__180x180_q85_crop_subsampling-2_upscale@2x.png','2018-07-19 11:17:59',13),
	(84,'f9bde26a1556cd667f742bd34ec7c55e','filer_public_thumbnails/filer_public/a3/e7/a3e77035-fc02-442e-85ce-6e72c4254218/aeroplane.png__64x64_q85_crop_subsampling-2_upscale@2x.png','2018-07-27 09:48:31',14),
	(85,'f9bde26a1556cd667f742bd34ec7c55e','filer_public_thumbnails/filer_public/a3/e7/a3e77035-fc02-442e-85ce-6e72c4254218/aeroplane.png__48x48_q85_crop_subsampling-2_upscale.png','2018-07-27 09:48:31',14),
	(86,'f9bde26a1556cd667f742bd34ec7c55e','filer_public_thumbnails/filer_public/2b/92/2b926601-26eb-4e28-994d-36b8d353a849/blahovcova-sarka.png__32x32_q85_crop_subsampling-2_upscale.png','2018-07-27 09:48:32',16),
	(87,'f9bde26a1556cd667f742bd34ec7c55e','filer_public_thumbnails/filer_public/a3/e7/a3e77035-fc02-442e-85ce-6e72c4254218/aeroplane.png__48x48_q85_crop_subsampling-2_upscale@2x.png','2018-07-27 09:48:31',14),
	(88,'f9bde26a1556cd667f742bd34ec7c55e','filer_public_thumbnails/filer_public/2b/92/2b926601-26eb-4e28-994d-36b8d353a849/blahovcova-sarka.png__32x32_q85_crop_subsampling-2_upscale@2x.png','2018-07-27 09:48:32',16),
	(89,'f9bde26a1556cd667f742bd34ec7c55e','filer_public_thumbnails/filer_public/ec/12/ec12ca96-436f-4eb4-a442-a77d8982f8cf/bubble-group.png__32x32_q85_crop_subsampling-2_upscale.png','2018-07-27 09:48:32',17),
	(90,'f9bde26a1556cd667f742bd34ec7c55e','filer_public_thumbnails/filer_public/a3/e7/a3e77035-fc02-442e-85ce-6e72c4254218/aeroplane.png__16x16_q85_crop_subsampling-2_upscale.png','2018-07-27 09:48:32',14),
	(91,'f9bde26a1556cd667f742bd34ec7c55e','filer_public_thumbnails/filer_public/2b/92/2b926601-26eb-4e28-994d-36b8d353a849/blahovcova-sarka.png__64x64_q85_crop_subsampling-2_upscale.png','2018-07-27 09:48:32',16),
	(92,'f9bde26a1556cd667f742bd34ec7c55e','filer_public_thumbnails/filer_public/a3/e7/a3e77035-fc02-442e-85ce-6e72c4254218/aeroplane.png__16x16_q85_crop_subsampling-2_upscale@2x.png','2018-07-27 09:48:32',14),
	(93,'f9bde26a1556cd667f742bd34ec7c55e','filer_public_thumbnails/filer_public/ec/12/ec12ca96-436f-4eb4-a442-a77d8982f8cf/bubble-group.png__32x32_q85_crop_subsampling-2_upscale@2x.png','2018-07-27 09:48:32',17),
	(94,'f9bde26a1556cd667f742bd34ec7c55e','filer_public_thumbnails/filer_public/2b/92/2b926601-26eb-4e28-994d-36b8d353a849/blahovcova-sarka.png__64x64_q85_crop_subsampling-2_upscale@2x.png','2018-07-27 09:48:32',16),
	(95,'f9bde26a1556cd667f742bd34ec7c55e','filer_public_thumbnails/filer_public/a3/e7/a3e77035-fc02-442e-85ce-6e72c4254218/aeroplane.png__180x180_q85_crop_subsampling-2_upscale.png','2018-07-19 11:17:59',14),
	(96,'f9bde26a1556cd667f742bd34ec7c55e','filer_public_thumbnails/filer_public/2b/92/2b926601-26eb-4e28-994d-36b8d353a849/blahovcova-sarka.png__48x48_q85_crop_subsampling-2_upscale.png','2018-07-27 09:48:32',16),
	(97,'f9bde26a1556cd667f742bd34ec7c55e','filer_public_thumbnails/filer_public/ec/12/ec12ca96-436f-4eb4-a442-a77d8982f8cf/bubble-group.png__64x64_q85_crop_subsampling-2_upscale.png','2018-07-27 09:48:33',17),
	(98,'f9bde26a1556cd667f742bd34ec7c55e','filer_public_thumbnails/filer_public/2b/92/2b926601-26eb-4e28-994d-36b8d353a849/blahovcova-sarka.png__48x48_q85_crop_subsampling-2_upscale@2x.png','2018-07-27 09:48:32',16),
	(99,'f9bde26a1556cd667f742bd34ec7c55e','filer_public_thumbnails/filer_public/a3/e7/a3e77035-fc02-442e-85ce-6e72c4254218/aeroplane.png__180x180_q85_crop_subsampling-2_upscale@2x.png','2018-07-19 11:18:00',14),
	(100,'f9bde26a1556cd667f742bd34ec7c55e','filer_public_thumbnails/filer_public/2b/92/2b926601-26eb-4e28-994d-36b8d353a849/blahovcova-sarka.png__16x16_q85_crop_subsampling-2_upscale.png','2018-07-27 09:48:32',16),
	(101,'f9bde26a1556cd667f742bd34ec7c55e','filer_public_thumbnails/filer_public/ec/12/ec12ca96-436f-4eb4-a442-a77d8982f8cf/bubble-group.png__64x64_q85_crop_subsampling-2_upscale@2x.png','2018-07-27 09:48:33',17),
	(102,'f9bde26a1556cd667f742bd34ec7c55e','filer_public_thumbnails/filer_public/2b/92/2b926601-26eb-4e28-994d-36b8d353a849/blahovcova-sarka.png__16x16_q85_crop_subsampling-2_upscale@2x.png','2018-07-27 09:48:32',16),
	(103,'f9bde26a1556cd667f742bd34ec7c55e','filer_public_thumbnails/filer_public/ec/12/ec12ca96-436f-4eb4-a442-a77d8982f8cf/bubble-group.png__48x48_q85_crop_subsampling-2_upscale.png','2018-07-27 09:48:33',17),
	(104,'f9bde26a1556cd667f742bd34ec7c55e','filer_public_thumbnails/filer_public/2b/92/2b926601-26eb-4e28-994d-36b8d353a849/blahovcova-sarka.png__180x180_q85_crop_subsampling-2_upscale.png','2018-07-19 11:18:00',16),
	(105,'f9bde26a1556cd667f742bd34ec7c55e','filer_public_thumbnails/filer_public/ec/12/ec12ca96-436f-4eb4-a442-a77d8982f8cf/bubble-group.png__48x48_q85_crop_subsampling-2_upscale@2x.png','2018-07-27 09:48:33',17),
	(106,'f9bde26a1556cd667f742bd34ec7c55e','filer_public_thumbnails/filer_public/2b/92/2b926601-26eb-4e28-994d-36b8d353a849/blahovcova-sarka.png__180x180_q85_crop_subsampling-2_upscale@2x.png','2018-07-19 11:18:00',16),
	(107,'f9bde26a1556cd667f742bd34ec7c55e','filer_public_thumbnails/filer_public/ec/12/ec12ca96-436f-4eb4-a442-a77d8982f8cf/bubble-group.png__16x16_q85_crop_subsampling-2_upscale.png','2018-07-27 09:48:33',17),
	(108,'f9bde26a1556cd667f742bd34ec7c55e','filer_public_thumbnails/filer_public/ec/12/ec12ca96-436f-4eb4-a442-a77d8982f8cf/bubble-group.png__16x16_q85_crop_subsampling-2_upscale@2x.png','2018-07-27 09:48:33',17),
	(109,'f9bde26a1556cd667f742bd34ec7c55e','filer_public_thumbnails/filer_public/0c/76/0c76e4b8-ac89-40bf-9692-57f7ae4a4b5e/calculator.png__32x32_q85_crop_subsampling-2_upscale.png','2018-07-27 09:48:33',22),
	(110,'f9bde26a1556cd667f742bd34ec7c55e','filer_public_thumbnails/filer_public/63/5a/635a3457-eaa7-46b1-942a-12ec5563deb5/calendar.png__32x32_q85_crop_subsampling-2_upscale.png','2018-07-27 09:48:23',23),
	(111,'f9bde26a1556cd667f742bd34ec7c55e','filer_public_thumbnails/filer_public/ec/12/ec12ca96-436f-4eb4-a442-a77d8982f8cf/bubble-group.png__180x180_q85_crop_subsampling-2_upscale.png','2018-07-19 11:18:00',17),
	(112,'f9bde26a1556cd667f742bd34ec7c55e','filer_public_thumbnails/filer_public/0c/76/0c76e4b8-ac89-40bf-9692-57f7ae4a4b5e/calculator.png__32x32_q85_crop_subsampling-2_upscale@2x.png','2018-07-27 09:48:33',22),
	(113,'f9bde26a1556cd667f742bd34ec7c55e','filer_public_thumbnails/filer_public/63/5a/635a3457-eaa7-46b1-942a-12ec5563deb5/calendar.png__32x32_q85_crop_subsampling-2_upscale@2x.png','2018-07-27 09:48:23',23),
	(114,'f9bde26a1556cd667f742bd34ec7c55e','filer_public_thumbnails/filer_public/0c/76/0c76e4b8-ac89-40bf-9692-57f7ae4a4b5e/calculator.png__64x64_q85_crop_subsampling-2_upscale.png','2018-07-27 09:48:33',22),
	(115,'f9bde26a1556cd667f742bd34ec7c55e','filer_public_thumbnails/filer_public/63/5a/635a3457-eaa7-46b1-942a-12ec5563deb5/calendar.png__64x64_q85_crop_subsampling-2_upscale.png','2018-07-27 09:48:23',23),
	(116,'f9bde26a1556cd667f742bd34ec7c55e','filer_public_thumbnails/filer_public/ec/12/ec12ca96-436f-4eb4-a442-a77d8982f8cf/bubble-group.png__180x180_q85_crop_subsampling-2_upscale@2x.png','2018-07-19 11:18:00',17),
	(117,'f9bde26a1556cd667f742bd34ec7c55e','filer_public_thumbnails/filer_public/0c/76/0c76e4b8-ac89-40bf-9692-57f7ae4a4b5e/calculator.png__64x64_q85_crop_subsampling-2_upscale@2x.png','2018-07-27 09:48:33',22),
	(118,'f9bde26a1556cd667f742bd34ec7c55e','filer_public_thumbnails/filer_public/63/5a/635a3457-eaa7-46b1-942a-12ec5563deb5/calendar.png__64x64_q85_crop_subsampling-2_upscale@2x.png','2018-07-27 09:48:23',23),
	(119,'f9bde26a1556cd667f742bd34ec7c55e','filer_public_thumbnails/filer_public/0c/76/0c76e4b8-ac89-40bf-9692-57f7ae4a4b5e/calculator.png__48x48_q85_crop_subsampling-2_upscale.png','2018-07-27 09:48:34',22),
	(120,'f9bde26a1556cd667f742bd34ec7c55e','filer_public_thumbnails/filer_public/63/5a/635a3457-eaa7-46b1-942a-12ec5563deb5/calendar.png__48x48_q85_crop_subsampling-2_upscale.png','2018-07-27 09:48:23',23),
	(121,'f9bde26a1556cd667f742bd34ec7c55e','filer_public_thumbnails/filer_public/0c/76/0c76e4b8-ac89-40bf-9692-57f7ae4a4b5e/calculator.png__48x48_q85_crop_subsampling-2_upscale@2x.png','2018-07-27 09:48:34',22),
	(122,'f9bde26a1556cd667f742bd34ec7c55e','filer_public_thumbnails/filer_public/63/5a/635a3457-eaa7-46b1-942a-12ec5563deb5/calendar.png__48x48_q85_crop_subsampling-2_upscale@2x.png','2018-07-27 09:48:23',23),
	(123,'f9bde26a1556cd667f742bd34ec7c55e','filer_public_thumbnails/filer_public/de/aa/deaa3575-e6af-4d49-a179-91002739ff21/chair.png__32x32_q85_crop_subsampling-2_upscale.png','2018-07-27 09:48:34',24),
	(124,'f9bde26a1556cd667f742bd34ec7c55e','filer_public_thumbnails/filer_public/0c/76/0c76e4b8-ac89-40bf-9692-57f7ae4a4b5e/calculator.png__16x16_q85_crop_subsampling-2_upscale.png','2018-07-27 09:48:34',22),
	(125,'f9bde26a1556cd667f742bd34ec7c55e','filer_public_thumbnails/filer_public/63/5a/635a3457-eaa7-46b1-942a-12ec5563deb5/calendar.png__16x16_q85_crop_subsampling-2_upscale.png','2018-07-27 09:48:23',23),
	(126,'f9bde26a1556cd667f742bd34ec7c55e','filer_public_thumbnails/filer_public/0c/76/0c76e4b8-ac89-40bf-9692-57f7ae4a4b5e/calculator.png__16x16_q85_crop_subsampling-2_upscale@2x.png','2018-07-27 09:48:34',22),
	(127,'f9bde26a1556cd667f742bd34ec7c55e','filer_public_thumbnails/filer_public/de/aa/deaa3575-e6af-4d49-a179-91002739ff21/chair.png__32x32_q85_crop_subsampling-2_upscale@2x.png','2018-07-27 09:48:34',24),
	(128,'f9bde26a1556cd667f742bd34ec7c55e','filer_public_thumbnails/filer_public/63/5a/635a3457-eaa7-46b1-942a-12ec5563deb5/calendar.png__16x16_q85_crop_subsampling-2_upscale@2x.png','2018-07-27 09:48:23',23),
	(129,'f9bde26a1556cd667f742bd34ec7c55e','filer_public_thumbnails/filer_public/de/aa/deaa3575-e6af-4d49-a179-91002739ff21/chair.png__64x64_q85_crop_subsampling-2_upscale.png','2018-07-27 09:48:34',24),
	(130,'f9bde26a1556cd667f742bd34ec7c55e','filer_public_thumbnails/filer_public/0c/76/0c76e4b8-ac89-40bf-9692-57f7ae4a4b5e/calculator.png__180x180_q85_crop_subsampling-2_upscale.png','2018-07-19 11:18:01',22),
	(131,'f9bde26a1556cd667f742bd34ec7c55e','filer_public_thumbnails/filer_public/63/5a/635a3457-eaa7-46b1-942a-12ec5563deb5/calendar.png__180x180_q85_crop_subsampling-2_upscale.png','2018-07-19 11:18:01',23),
	(132,'f9bde26a1556cd667f742bd34ec7c55e','filer_public_thumbnails/filer_public/de/aa/deaa3575-e6af-4d49-a179-91002739ff21/chair.png__64x64_q85_crop_subsampling-2_upscale@2x.png','2018-07-27 09:48:34',24),
	(133,'f9bde26a1556cd667f742bd34ec7c55e','filer_public_thumbnails/filer_public/0c/76/0c76e4b8-ac89-40bf-9692-57f7ae4a4b5e/calculator.png__180x180_q85_crop_subsampling-2_upscale@2x.png','2018-07-19 11:18:01',22),
	(134,'f9bde26a1556cd667f742bd34ec7c55e','filer_public_thumbnails/filer_public/de/aa/deaa3575-e6af-4d49-a179-91002739ff21/chair.png__48x48_q85_crop_subsampling-2_upscale.png','2018-07-27 09:48:34',24),
	(135,'f9bde26a1556cd667f742bd34ec7c55e','filer_public_thumbnails/filer_public/63/5a/635a3457-eaa7-46b1-942a-12ec5563deb5/calendar.png__180x180_q85_crop_subsampling-2_upscale@2x.png','2018-07-19 11:18:01',23),
	(136,'f9bde26a1556cd667f742bd34ec7c55e','filer_public_thumbnails/filer_public/de/aa/deaa3575-e6af-4d49-a179-91002739ff21/chair.png__48x48_q85_crop_subsampling-2_upscale@2x.png','2018-07-27 09:48:34',24),
	(137,'f9bde26a1556cd667f742bd34ec7c55e','filer_public_thumbnails/filer_public/de/aa/deaa3575-e6af-4d49-a179-91002739ff21/chair.png__16x16_q85_crop_subsampling-2_upscale.png','2018-07-27 09:48:34',24),
	(138,'f9bde26a1556cd667f742bd34ec7c55e','filer_public_thumbnails/filer_public/de/aa/deaa3575-e6af-4d49-a179-91002739ff21/chair.png__16x16_q85_crop_subsampling-2_upscale@2x.png','2018-07-27 09:48:34',24),
	(139,'f9bde26a1556cd667f742bd34ec7c55e','filer_public_thumbnails/filer_public/de/aa/deaa3575-e6af-4d49-a179-91002739ff21/chair.png__180x180_q85_crop_subsampling-2_upscale.png','2018-07-19 11:18:01',24),
	(140,'f9bde26a1556cd667f742bd34ec7c55e','filer_public_thumbnails/filer_public/2a/66/2a661ab6-8727-4782-89e8-c7072e05d2fb/check.png__32x32_q85_crop_subsampling-2_upscale.png','2018-07-27 09:48:34',25),
	(141,'f9bde26a1556cd667f742bd34ec7c55e','filer_public_thumbnails/filer_public/45/54/4554993a-1786-4a69-b7f4-b4689f98b2ce/checkmark.png__32x32_q85_crop_subsampling-2_upscale.png','2018-07-30 09:32:25',26),
	(142,'f9bde26a1556cd667f742bd34ec7c55e','filer_public_thumbnails/filer_public/2a/66/2a661ab6-8727-4782-89e8-c7072e05d2fb/check.png__32x32_q85_crop_subsampling-2_upscale@2x.png','2018-07-27 09:48:34',25),
	(143,'f9bde26a1556cd667f742bd34ec7c55e','filer_public_thumbnails/filer_public/de/aa/deaa3575-e6af-4d49-a179-91002739ff21/chair.png__180x180_q85_crop_subsampling-2_upscale@2x.png','2018-07-19 11:18:01',24),
	(144,'f9bde26a1556cd667f742bd34ec7c55e','filer_public_thumbnails/filer_public/45/54/4554993a-1786-4a69-b7f4-b4689f98b2ce/checkmark.png__32x32_q85_crop_subsampling-2_upscale@2x.png','2018-07-30 09:32:25',26),
	(145,'f9bde26a1556cd667f742bd34ec7c55e','filer_public_thumbnails/filer_public/2a/66/2a661ab6-8727-4782-89e8-c7072e05d2fb/check.png__64x64_q85_crop_subsampling-2_upscale.png','2018-07-27 09:48:34',25),
	(146,'f9bde26a1556cd667f742bd34ec7c55e','filer_public_thumbnails/filer_public/45/54/4554993a-1786-4a69-b7f4-b4689f98b2ce/checkmark.png__64x64_q85_crop_subsampling-2_upscale.png','2018-07-30 09:32:25',26),
	(147,'f9bde26a1556cd667f742bd34ec7c55e','filer_public_thumbnails/filer_public/2a/66/2a661ab6-8727-4782-89e8-c7072e05d2fb/check.png__64x64_q85_crop_subsampling-2_upscale@2x.png','2018-07-27 09:48:34',25),
	(148,'f9bde26a1556cd667f742bd34ec7c55e','filer_public_thumbnails/filer_public/45/54/4554993a-1786-4a69-b7f4-b4689f98b2ce/checkmark.png__64x64_q85_crop_subsampling-2_upscale@2x.png','2018-07-30 09:32:25',26),
	(149,'f9bde26a1556cd667f742bd34ec7c55e','filer_public_thumbnails/filer_public/2a/66/2a661ab6-8727-4782-89e8-c7072e05d2fb/check.png__48x48_q85_crop_subsampling-2_upscale.png','2018-07-27 09:48:35',25),
	(150,'f9bde26a1556cd667f742bd34ec7c55e','filer_public_thumbnails/filer_public/b0/ba/b0bab0e6-1157-4f97-9a01-0e87f2b0bf95/communication.jpg__32x32_q85_crop_subsampling-2_upscale.jpg','2018-07-27 11:27:04',27),
	(151,'f9bde26a1556cd667f742bd34ec7c55e','filer_public_thumbnails/filer_public/45/54/4554993a-1786-4a69-b7f4-b4689f98b2ce/checkmark.png__48x48_q85_crop_subsampling-2_upscale.png','2018-07-30 09:32:25',26),
	(152,'f9bde26a1556cd667f742bd34ec7c55e','filer_public_thumbnails/filer_public/2a/66/2a661ab6-8727-4782-89e8-c7072e05d2fb/check.png__48x48_q85_crop_subsampling-2_upscale@2x.png','2018-07-27 09:48:35',25),
	(153,'f9bde26a1556cd667f742bd34ec7c55e','filer_public_thumbnails/filer_public/b0/ba/b0bab0e6-1157-4f97-9a01-0e87f2b0bf95/communication.jpg__32x32_q85_crop_subsampling-2_upscale@2x.jpg','2018-07-27 11:27:04',27),
	(154,'f9bde26a1556cd667f742bd34ec7c55e','filer_public_thumbnails/filer_public/45/54/4554993a-1786-4a69-b7f4-b4689f98b2ce/checkmark.png__48x48_q85_crop_subsampling-2_upscale@2x.png','2018-07-30 09:32:25',26),
	(155,'f9bde26a1556cd667f742bd34ec7c55e','filer_public_thumbnails/filer_public/2a/66/2a661ab6-8727-4782-89e8-c7072e05d2fb/check.png__16x16_q85_crop_subsampling-2_upscale.png','2018-07-27 09:48:35',25),
	(156,'f9bde26a1556cd667f742bd34ec7c55e','filer_public_thumbnails/filer_public/45/54/4554993a-1786-4a69-b7f4-b4689f98b2ce/checkmark.png__16x16_q85_crop_subsampling-2_upscale.png','2018-07-30 09:32:25',26),
	(157,'f9bde26a1556cd667f742bd34ec7c55e','filer_public_thumbnails/filer_public/b0/ba/b0bab0e6-1157-4f97-9a01-0e87f2b0bf95/communication.jpg__64x64_q85_crop_subsampling-2_upscale.jpg','2018-07-27 11:27:04',27),
	(158,'f9bde26a1556cd667f742bd34ec7c55e','filer_public_thumbnails/filer_public/2a/66/2a661ab6-8727-4782-89e8-c7072e05d2fb/check.png__16x16_q85_crop_subsampling-2_upscale@2x.png','2018-07-27 09:48:35',25),
	(159,'f9bde26a1556cd667f742bd34ec7c55e','filer_public_thumbnails/filer_public/45/54/4554993a-1786-4a69-b7f4-b4689f98b2ce/checkmark.png__16x16_q85_crop_subsampling-2_upscale@2x.png','2018-07-30 09:32:26',26),
	(160,'f9bde26a1556cd667f742bd34ec7c55e','filer_public_thumbnails/filer_public/b0/ba/b0bab0e6-1157-4f97-9a01-0e87f2b0bf95/communication.jpg__64x64_q85_crop_subsampling-2_upscale@2x.jpg','2018-07-27 11:27:04',27),
	(161,'f9bde26a1556cd667f742bd34ec7c55e','filer_public_thumbnails/filer_public/2a/66/2a661ab6-8727-4782-89e8-c7072e05d2fb/check.png__180x180_q85_crop_subsampling-2_upscale.png','2018-07-19 11:18:02',25),
	(162,'f9bde26a1556cd667f742bd34ec7c55e','filer_public_thumbnails/filer_public/45/54/4554993a-1786-4a69-b7f4-b4689f98b2ce/checkmark.png__180x180_q85_crop_subsampling-2_upscale.png','2018-07-19 11:18:02',26),
	(163,'f9bde26a1556cd667f742bd34ec7c55e','filer_public_thumbnails/filer_public/b0/ba/b0bab0e6-1157-4f97-9a01-0e87f2b0bf95/communication.jpg__48x48_q85_crop_subsampling-2_upscale.jpg','2018-07-27 11:27:04',27),
	(164,'f9bde26a1556cd667f742bd34ec7c55e','filer_public_thumbnails/filer_public/2a/66/2a661ab6-8727-4782-89e8-c7072e05d2fb/check.png__180x180_q85_crop_subsampling-2_upscale@2x.png','2018-07-19 11:18:02',25),
	(165,'f9bde26a1556cd667f742bd34ec7c55e','filer_public_thumbnails/filer_public/45/54/4554993a-1786-4a69-b7f4-b4689f98b2ce/checkmark.png__180x180_q85_crop_subsampling-2_upscale@2x.png','2018-07-19 11:18:02',26),
	(166,'f9bde26a1556cd667f742bd34ec7c55e','filer_public_thumbnails/filer_public/b0/ba/b0bab0e6-1157-4f97-9a01-0e87f2b0bf95/communication.jpg__48x48_q85_crop_subsampling-2_upscale@2x.jpg','2018-07-27 11:27:05',27),
	(167,'f9bde26a1556cd667f742bd34ec7c55e','filer_public_thumbnails/filer_public/b0/ba/b0bab0e6-1157-4f97-9a01-0e87f2b0bf95/communication.jpg__16x16_q85_crop_subsampling-2_upscale.jpg','2018-07-27 11:27:05',27),
	(168,'f9bde26a1556cd667f742bd34ec7c55e','filer_public_thumbnails/filer_public/b0/ba/b0bab0e6-1157-4f97-9a01-0e87f2b0bf95/communication.jpg__16x16_q85_crop_subsampling-2_upscale@2x.jpg','2018-07-27 11:27:05',27),
	(169,'f9bde26a1556cd667f742bd34ec7c55e','filer_public_thumbnails/filer_public/b0/ba/b0bab0e6-1157-4f97-9a01-0e87f2b0bf95/communication.jpg__180x180_q85_crop_subsampling-2_upscale.jpg','2018-07-19 11:18:02',27),
	(170,'f9bde26a1556cd667f742bd34ec7c55e','filer_public_thumbnails/filer_public/d0/11/d0117b22-2504-4e93-8cb3-0d8600c4a7e0/education.jpg__32x32_q85_crop_subsampling-2_upscale.jpg','2018-07-27 11:27:04',28),
	(171,'f9bde26a1556cd667f742bd34ec7c55e','filer_public_thumbnails/filer_public/b0/ba/b0bab0e6-1157-4f97-9a01-0e87f2b0bf95/communication.jpg__180x180_q85_crop_subsampling-2_upscale@2x.jpg','2018-07-19 11:18:02',27),
	(172,'f9bde26a1556cd667f742bd34ec7c55e','filer_public_thumbnails/filer_public/d0/11/d0117b22-2504-4e93-8cb3-0d8600c4a7e0/education.jpg__32x32_q85_crop_subsampling-2_upscale@2x.jpg','2018-07-27 11:27:04',28),
	(173,'f9bde26a1556cd667f742bd34ec7c55e','filer_public_thumbnails/filer_public/d0/11/d0117b22-2504-4e93-8cb3-0d8600c4a7e0/education.jpg__64x64_q85_crop_subsampling-2_upscale.jpg','2018-07-27 11:27:04',28),
	(174,'f9bde26a1556cd667f742bd34ec7c55e','filer_public_thumbnails/filer_public/d0/11/d0117b22-2504-4e93-8cb3-0d8600c4a7e0/education.jpg__64x64_q85_crop_subsampling-2_upscale@2x.jpg','2018-07-27 11:27:04',28),
	(175,'f9bde26a1556cd667f742bd34ec7c55e','filer_public_thumbnails/filer_public/d0/11/d0117b22-2504-4e93-8cb3-0d8600c4a7e0/education.jpg__48x48_q85_crop_subsampling-2_upscale.jpg','2018-07-27 11:27:04',28),
	(176,'f9bde26a1556cd667f742bd34ec7c55e','filer_public_thumbnails/filer_public/d0/11/d0117b22-2504-4e93-8cb3-0d8600c4a7e0/education.jpg__48x48_q85_crop_subsampling-2_upscale@2x.jpg','2018-07-27 11:27:04',28),
	(177,'f9bde26a1556cd667f742bd34ec7c55e','filer_public_thumbnails/filer_public/d0/11/d0117b22-2504-4e93-8cb3-0d8600c4a7e0/education.jpg__16x16_q85_crop_subsampling-2_upscale.jpg','2018-07-27 11:27:04',28),
	(178,'f9bde26a1556cd667f742bd34ec7c55e','filer_public_thumbnails/filer_public/fe/12/fe127736-e2ed-48fa-9d2f-bdffd8162a66/course-bg.jpg__32x32_q85_crop_subsampling-2_upscale.jpg','2018-07-30 09:32:26',29),
	(179,'f9bde26a1556cd667f742bd34ec7c55e','filer_public_thumbnails/filer_public/d0/11/d0117b22-2504-4e93-8cb3-0d8600c4a7e0/education.jpg__16x16_q85_crop_subsampling-2_upscale@2x.jpg','2018-07-27 11:27:04',28),
	(180,'f9bde26a1556cd667f742bd34ec7c55e','filer_public_thumbnails/filer_public/d0/11/d0117b22-2504-4e93-8cb3-0d8600c4a7e0/education.jpg__180x180_q85_crop_subsampling-2_upscale.jpg','2018-07-19 11:18:03',28),
	(181,'f9bde26a1556cd667f742bd34ec7c55e','filer_public_thumbnails/filer_public/d0/11/d0117b22-2504-4e93-8cb3-0d8600c4a7e0/education.jpg__180x180_q85_crop_subsampling-2_upscale@2x.jpg','2018-07-19 11:18:03',28),
	(182,'f9bde26a1556cd667f742bd34ec7c55e','filer_public_thumbnails/filer_public/90/e3/90e3719e-e8f3-4cc2-9c38-59bc17f0a446/face.jpg__32x32_q85_crop_subsampling-2_upscale.jpg','2018-07-30 09:32:29',33),
	(183,'f9bde26a1556cd667f742bd34ec7c55e','filer_public_thumbnails/filer_public/fe/12/fe127736-e2ed-48fa-9d2f-bdffd8162a66/course-bg.jpg__32x32_q85_crop_subsampling-2_upscale@2x.jpg','2018-07-30 09:32:27',29),
	(184,'f9bde26a1556cd667f742bd34ec7c55e','filer_public_thumbnails/filer_public/90/e3/90e3719e-e8f3-4cc2-9c38-59bc17f0a446/face.jpg__32x32_q85_crop_subsampling-2_upscale@2x.jpg','2018-07-30 09:32:30',33),
	(185,'f9bde26a1556cd667f742bd34ec7c55e','filer_public_thumbnails/filer_public/90/e3/90e3719e-e8f3-4cc2-9c38-59bc17f0a446/face.jpg__64x64_q85_crop_subsampling-2_upscale.jpg','2018-07-30 09:32:30',33),
	(186,'f9bde26a1556cd667f742bd34ec7c55e','filer_public_thumbnails/filer_public/90/e3/90e3719e-e8f3-4cc2-9c38-59bc17f0a446/face.jpg__64x64_q85_crop_subsampling-2_upscale@2x.jpg','2018-07-30 09:32:30',33),
	(187,'f9bde26a1556cd667f742bd34ec7c55e','filer_public_thumbnails/filer_public/cd/22/cd220698-ca1e-497f-b3c4-8c0bcf1a1723/filip-libal.png__32x32_q85_crop_subsampling-2_upscale.png','2018-07-27 11:27:39',34),
	(188,'f9bde26a1556cd667f742bd34ec7c55e','filer_public_thumbnails/filer_public/90/e3/90e3719e-e8f3-4cc2-9c38-59bc17f0a446/face.jpg__48x48_q85_crop_subsampling-2_upscale.jpg','2018-07-30 09:32:30',33),
	(189,'f9bde26a1556cd667f742bd34ec7c55e','filer_public_thumbnails/filer_public/fe/12/fe127736-e2ed-48fa-9d2f-bdffd8162a66/course-bg.jpg__64x64_q85_crop_subsampling-2_upscale.jpg','2018-07-30 09:32:27',29),
	(190,'f9bde26a1556cd667f742bd34ec7c55e','filer_public_thumbnails/filer_public/cd/22/cd220698-ca1e-497f-b3c4-8c0bcf1a1723/filip-libal.png__32x32_q85_crop_subsampling-2_upscale@2x.png','2018-07-27 11:27:39',34),
	(191,'f9bde26a1556cd667f742bd34ec7c55e','filer_public_thumbnails/filer_public/90/e3/90e3719e-e8f3-4cc2-9c38-59bc17f0a446/face.jpg__48x48_q85_crop_subsampling-2_upscale@2x.jpg','2018-07-30 09:32:30',33),
	(192,'f9bde26a1556cd667f742bd34ec7c55e','filer_public_thumbnails/filer_public/cd/22/cd220698-ca1e-497f-b3c4-8c0bcf1a1723/filip-libal.png__64x64_q85_crop_subsampling-2_upscale.png','2018-07-27 11:27:39',34),
	(193,'f9bde26a1556cd667f742bd34ec7c55e','filer_public_thumbnails/filer_public/90/e3/90e3719e-e8f3-4cc2-9c38-59bc17f0a446/face.jpg__16x16_q85_crop_subsampling-2_upscale.jpg','2018-07-30 09:32:30',33),
	(194,'f9bde26a1556cd667f742bd34ec7c55e','filer_public_thumbnails/filer_public/cd/22/cd220698-ca1e-497f-b3c4-8c0bcf1a1723/filip-libal.png__64x64_q85_crop_subsampling-2_upscale@2x.png','2018-07-27 11:27:39',34),
	(195,'f9bde26a1556cd667f742bd34ec7c55e','filer_public_thumbnails/filer_public/90/e3/90e3719e-e8f3-4cc2-9c38-59bc17f0a446/face.jpg__16x16_q85_crop_subsampling-2_upscale@2x.jpg','2018-07-30 09:32:30',33),
	(196,'f9bde26a1556cd667f742bd34ec7c55e','filer_public_thumbnails/filer_public/cd/22/cd220698-ca1e-497f-b3c4-8c0bcf1a1723/filip-libal.png__48x48_q85_crop_subsampling-2_upscale.png','2018-07-27 11:27:39',34),
	(197,'f9bde26a1556cd667f742bd34ec7c55e','filer_public_thumbnails/filer_public/90/e3/90e3719e-e8f3-4cc2-9c38-59bc17f0a446/face.jpg__180x180_q85_crop_subsampling-2_upscale.jpg','2018-07-19 11:18:03',33),
	(198,'f9bde26a1556cd667f742bd34ec7c55e','filer_public_thumbnails/filer_public/cd/22/cd220698-ca1e-497f-b3c4-8c0bcf1a1723/filip-libal.png__48x48_q85_crop_subsampling-2_upscale@2x.png','2018-07-27 11:27:39',34),
	(199,'f9bde26a1556cd667f742bd34ec7c55e','filer_public_thumbnails/filer_public/fe/12/fe127736-e2ed-48fa-9d2f-bdffd8162a66/course-bg.jpg__64x64_q85_crop_subsampling-2_upscale@2x.jpg','2018-07-30 09:32:27',29),
	(200,'f9bde26a1556cd667f742bd34ec7c55e','filer_public_thumbnails/filer_public/90/e3/90e3719e-e8f3-4cc2-9c38-59bc17f0a446/face.jpg__180x180_q85_crop_subsampling-2_upscale@2x.jpg','2018-07-19 11:18:04',33),
	(201,'f9bde26a1556cd667f742bd34ec7c55e','filer_public_thumbnails/filer_public/cd/22/cd220698-ca1e-497f-b3c4-8c0bcf1a1723/filip-libal.png__16x16_q85_crop_subsampling-2_upscale.png','2018-07-27 11:27:39',34),
	(202,'f9bde26a1556cd667f742bd34ec7c55e','filer_public_thumbnails/filer_public/cd/22/cd220698-ca1e-497f-b3c4-8c0bcf1a1723/filip-libal.png__16x16_q85_crop_subsampling-2_upscale@2x.png','2018-07-27 11:27:39',34),
	(203,'f9bde26a1556cd667f742bd34ec7c55e','filer_public_thumbnails/filer_public/cd/22/cd220698-ca1e-497f-b3c4-8c0bcf1a1723/filip-libal.png__180x180_q85_crop_subsampling-2_upscale.png','2018-07-19 11:18:04',34),
	(204,'f9bde26a1556cd667f742bd34ec7c55e','filer_public_thumbnails/filer_public/a7/fa/a7fa8137-da7c-458b-8058-c9db099c665a/folders.png__32x32_q85_crop_subsampling-2_upscale.png','2018-07-27 11:27:05',35),
	(205,'f9bde26a1556cd667f742bd34ec7c55e','filer_public_thumbnails/filer_public/a7/fa/a7fa8137-da7c-458b-8058-c9db099c665a/folders.png__32x32_q85_crop_subsampling-2_upscale@2x.png','2018-07-27 11:27:05',35),
	(206,'f9bde26a1556cd667f742bd34ec7c55e','filer_public_thumbnails/filer_public/fe/12/fe127736-e2ed-48fa-9d2f-bdffd8162a66/course-bg.jpg__48x48_q85_crop_subsampling-2_upscale.jpg','2018-07-30 09:32:28',29),
	(207,'f9bde26a1556cd667f742bd34ec7c55e','filer_public_thumbnails/filer_public/a7/fa/a7fa8137-da7c-458b-8058-c9db099c665a/folders.png__64x64_q85_crop_subsampling-2_upscale.png','2018-07-27 11:27:05',35),
	(208,'f9bde26a1556cd667f742bd34ec7c55e','filer_public_thumbnails/filer_public/cd/22/cd220698-ca1e-497f-b3c4-8c0bcf1a1723/filip-libal.png__180x180_q85_crop_subsampling-2_upscale@2x.png','2018-07-19 11:18:04',34),
	(209,'f9bde26a1556cd667f742bd34ec7c55e','filer_public_thumbnails/filer_public/a7/fa/a7fa8137-da7c-458b-8058-c9db099c665a/folders.png__64x64_q85_crop_subsampling-2_upscale@2x.png','2018-07-27 11:27:05',35),
	(210,'f9bde26a1556cd667f742bd34ec7c55e','filer_public_thumbnails/filer_public/a7/fa/a7fa8137-da7c-458b-8058-c9db099c665a/folders.png__48x48_q85_crop_subsampling-2_upscale.png','2018-07-27 11:27:05',35),
	(211,'f9bde26a1556cd667f742bd34ec7c55e','filer_public_thumbnails/filer_public/a7/fa/a7fa8137-da7c-458b-8058-c9db099c665a/folders.png__48x48_q85_crop_subsampling-2_upscale@2x.png','2018-07-27 11:27:05',35),
	(212,'f9bde26a1556cd667f742bd34ec7c55e','filer_public_thumbnails/filer_public/a7/fa/a7fa8137-da7c-458b-8058-c9db099c665a/folders.png__16x16_q85_crop_subsampling-2_upscale.png','2018-07-27 11:27:05',35),
	(213,'f9bde26a1556cd667f742bd34ec7c55e','filer_public_thumbnails/filer_public/fe/12/fe127736-e2ed-48fa-9d2f-bdffd8162a66/course-bg.jpg__48x48_q85_crop_subsampling-2_upscale@2x.jpg','2018-07-30 09:32:28',29),
	(214,'f9bde26a1556cd667f742bd34ec7c55e','filer_public_thumbnails/filer_public/a6/c0/a6c0c761-9310-4d0c-8e7d-628c4deb63ed/graf-row.png__32x32_q85_crop_subsampling-2_upscale.png','2018-07-30 09:32:30',36),
	(215,'f9bde26a1556cd667f742bd34ec7c55e','filer_public_thumbnails/filer_public/a7/fa/a7fa8137-da7c-458b-8058-c9db099c665a/folders.png__16x16_q85_crop_subsampling-2_upscale@2x.png','2018-07-27 11:27:05',35),
	(216,'f9bde26a1556cd667f742bd34ec7c55e','filer_public_thumbnails/filer_public/a6/c0/a6c0c761-9310-4d0c-8e7d-628c4deb63ed/graf-row.png__32x32_q85_crop_subsampling-2_upscale@2x.png','2018-07-30 09:32:30',36),
	(217,'f9bde26a1556cd667f742bd34ec7c55e','filer_public_thumbnails/filer_public/a7/fa/a7fa8137-da7c-458b-8058-c9db099c665a/folders.png__180x180_q85_crop_subsampling-2_upscale.png','2018-07-19 11:18:04',35),
	(218,'f9bde26a1556cd667f742bd34ec7c55e','filer_public_thumbnails/filer_public/a6/c0/a6c0c761-9310-4d0c-8e7d-628c4deb63ed/graf-row.png__64x64_q85_crop_subsampling-2_upscale.png','2018-07-30 09:32:31',36),
	(219,'f9bde26a1556cd667f742bd34ec7c55e','filer_public_thumbnails/filer_public/a7/fa/a7fa8137-da7c-458b-8058-c9db099c665a/folders.png__180x180_q85_crop_subsampling-2_upscale@2x.png','2018-07-19 11:18:04',35),
	(220,'f9bde26a1556cd667f742bd34ec7c55e','filer_public_thumbnails/filer_public/a6/c0/a6c0c761-9310-4d0c-8e7d-628c4deb63ed/graf-row.png__64x64_q85_crop_subsampling-2_upscale@2x.png','2018-07-30 09:32:31',36),
	(221,'f9bde26a1556cd667f742bd34ec7c55e','filer_public_thumbnails/filer_public/fe/12/fe127736-e2ed-48fa-9d2f-bdffd8162a66/course-bg.jpg__16x16_q85_crop_subsampling-2_upscale.jpg','2018-07-30 09:32:29',29),
	(222,'f9bde26a1556cd667f742bd34ec7c55e','filer_public_thumbnails/filer_public/a6/c0/a6c0c761-9310-4d0c-8e7d-628c4deb63ed/graf-row.png__48x48_q85_crop_subsampling-2_upscale.png','2018-07-30 09:32:31',36),
	(223,'f9bde26a1556cd667f742bd34ec7c55e','filer_public_thumbnails/filer_public/a6/c0/a6c0c761-9310-4d0c-8e7d-628c4deb63ed/graf-row.png__48x48_q85_crop_subsampling-2_upscale@2x.png','2018-07-30 09:32:31',36),
	(224,'f9bde26a1556cd667f742bd34ec7c55e','filer_public_thumbnails/filer_public/fe/12/fe127736-e2ed-48fa-9d2f-bdffd8162a66/course-bg.jpg__16x16_q85_crop_subsampling-2_upscale@2x.jpg','2018-07-30 09:32:29',29),
	(225,'f9bde26a1556cd667f742bd34ec7c55e','filer_public_thumbnails/filer_public/a6/c0/a6c0c761-9310-4d0c-8e7d-628c4deb63ed/graf-row.png__16x16_q85_crop_subsampling-2_upscale.png','2018-07-30 09:32:31',36),
	(226,'f9bde26a1556cd667f742bd34ec7c55e','filer_public_thumbnails/filer_public/42/37/4237d567-2b1f-44b9-b5d1-94f0e07b173c/graf.png__32x32_q85_crop_subsampling-2_upscale.png','2018-07-27 11:33:01',37),
	(227,'f9bde26a1556cd667f742bd34ec7c55e','filer_public_thumbnails/filer_public/a6/c0/a6c0c761-9310-4d0c-8e7d-628c4deb63ed/graf-row.png__16x16_q85_crop_subsampling-2_upscale@2x.png','2018-07-30 09:32:31',36),
	(228,'f9bde26a1556cd667f742bd34ec7c55e','filer_public_thumbnails/filer_public/a6/c0/a6c0c761-9310-4d0c-8e7d-628c4deb63ed/graf-row.png__180x180_q85_crop_subsampling-2_upscale.png','2018-07-19 11:18:05',36),
	(229,'f9bde26a1556cd667f742bd34ec7c55e','filer_public_thumbnails/filer_public/fe/12/fe127736-e2ed-48fa-9d2f-bdffd8162a66/course-bg.jpg__180x180_q85_crop_subsampling-2_upscale.jpg','2018-07-19 11:18:05',29),
	(230,'f9bde26a1556cd667f742bd34ec7c55e','filer_public_thumbnails/filer_public/42/37/4237d567-2b1f-44b9-b5d1-94f0e07b173c/graf.png__32x32_q85_crop_subsampling-2_upscale@2x.png','2018-07-27 11:33:01',37),
	(231,'f9bde26a1556cd667f742bd34ec7c55e','filer_public_thumbnails/filer_public/a6/c0/a6c0c761-9310-4d0c-8e7d-628c4deb63ed/graf-row.png__180x180_q85_crop_subsampling-2_upscale@2x.png','2018-07-19 11:18:05',36),
	(232,'f9bde26a1556cd667f742bd34ec7c55e','filer_public_thumbnails/filer_public/42/37/4237d567-2b1f-44b9-b5d1-94f0e07b173c/graf.png__64x64_q85_crop_subsampling-2_upscale.png','2018-07-27 11:33:01',37),
	(233,'f9bde26a1556cd667f742bd34ec7c55e','filer_public_thumbnails/filer_public/42/37/4237d567-2b1f-44b9-b5d1-94f0e07b173c/graf.png__64x64_q85_crop_subsampling-2_upscale@2x.png','2018-07-27 11:33:01',37),
	(234,'f9bde26a1556cd667f742bd34ec7c55e','filer_public_thumbnails/filer_public/42/37/4237d567-2b1f-44b9-b5d1-94f0e07b173c/graf.png__48x48_q85_crop_subsampling-2_upscale.png','2018-07-27 11:33:01',37),
	(235,'f9bde26a1556cd667f742bd34ec7c55e','filer_public_thumbnails/filer_public/fe/12/fe127736-e2ed-48fa-9d2f-bdffd8162a66/course-bg.jpg__180x180_q85_crop_subsampling-2_upscale@2x.jpg','2018-07-19 11:18:06',29),
	(236,'f9bde26a1556cd667f742bd34ec7c55e','filer_public_thumbnails/filer_public/42/37/4237d567-2b1f-44b9-b5d1-94f0e07b173c/graf.png__48x48_q85_crop_subsampling-2_upscale@2x.png','2018-07-27 11:33:01',37),
	(237,'f9bde26a1556cd667f742bd34ec7c55e','filer_public_thumbnails/filer_public/04/49/0449356b-d32a-4432-9e06-67f36da049d6/grap-row.png__32x32_q85_crop_subsampling-2_upscale.png','2018-07-30 09:32:31',38),
	(238,'f9bde26a1556cd667f742bd34ec7c55e','filer_public_thumbnails/filer_public/42/37/4237d567-2b1f-44b9-b5d1-94f0e07b173c/graf.png__16x16_q85_crop_subsampling-2_upscale.png','2018-07-27 11:33:01',37),
	(239,'f9bde26a1556cd667f742bd34ec7c55e','filer_public_thumbnails/filer_public/04/49/0449356b-d32a-4432-9e06-67f36da049d6/grap-row.png__32x32_q85_crop_subsampling-2_upscale@2x.png','2018-07-30 09:32:31',38),
	(240,'f9bde26a1556cd667f742bd34ec7c55e','filer_public_thumbnails/filer_public/42/37/4237d567-2b1f-44b9-b5d1-94f0e07b173c/graf.png__16x16_q85_crop_subsampling-2_upscale@2x.png','2018-07-27 11:33:01',37),
	(241,'f9bde26a1556cd667f742bd34ec7c55e','filer_public_thumbnails/filer_public/04/49/0449356b-d32a-4432-9e06-67f36da049d6/grap-row.png__64x64_q85_crop_subsampling-2_upscale.png','2018-07-30 09:32:31',38),
	(242,'f9bde26a1556cd667f742bd34ec7c55e','filer_public_thumbnails/filer_public/42/37/4237d567-2b1f-44b9-b5d1-94f0e07b173c/graf.png__180x180_q85_crop_subsampling-2_upscale.png','2018-07-19 11:18:06',37),
	(243,'f9bde26a1556cd667f742bd34ec7c55e','filer_public_thumbnails/filer_public/38/63/386343ec-a63c-44ce-8b6a-2f9175bdea34/hammer.png__32x32_q85_crop_subsampling-2_upscale.png','2018-07-27 14:16:30',40),
	(244,'f9bde26a1556cd667f742bd34ec7c55e','filer_public_thumbnails/filer_public/04/49/0449356b-d32a-4432-9e06-67f36da049d6/grap-row.png__64x64_q85_crop_subsampling-2_upscale@2x.png','2018-07-30 09:32:31',38),
	(245,'f9bde26a1556cd667f742bd34ec7c55e','filer_public_thumbnails/filer_public/38/63/386343ec-a63c-44ce-8b6a-2f9175bdea34/hammer.png__32x32_q85_crop_subsampling-2_upscale@2x.png','2018-07-27 14:16:30',40),
	(246,'f9bde26a1556cd667f742bd34ec7c55e','filer_public_thumbnails/filer_public/04/49/0449356b-d32a-4432-9e06-67f36da049d6/grap-row.png__48x48_q85_crop_subsampling-2_upscale.png','2018-07-30 09:32:32',38),
	(247,'f9bde26a1556cd667f742bd34ec7c55e','filer_public_thumbnails/filer_public/42/37/4237d567-2b1f-44b9-b5d1-94f0e07b173c/graf.png__180x180_q85_crop_subsampling-2_upscale@2x.png','2018-07-19 11:18:06',37),
	(248,'f9bde26a1556cd667f742bd34ec7c55e','filer_public_thumbnails/filer_public/38/63/386343ec-a63c-44ce-8b6a-2f9175bdea34/hammer.png__64x64_q85_crop_subsampling-2_upscale.png','2018-07-27 14:16:30',40),
	(249,'f9bde26a1556cd667f742bd34ec7c55e','filer_public_thumbnails/filer_public/04/49/0449356b-d32a-4432-9e06-67f36da049d6/grap-row.png__48x48_q85_crop_subsampling-2_upscale@2x.png','2018-07-30 09:32:32',38),
	(250,'f9bde26a1556cd667f742bd34ec7c55e','filer_public_thumbnails/filer_public/38/63/386343ec-a63c-44ce-8b6a-2f9175bdea34/hammer.png__64x64_q85_crop_subsampling-2_upscale@2x.png','2018-07-27 14:16:30',40),
	(251,'f9bde26a1556cd667f742bd34ec7c55e','filer_public_thumbnails/filer_public/04/49/0449356b-d32a-4432-9e06-67f36da049d6/grap-row.png__16x16_q85_crop_subsampling-2_upscale.png','2018-07-30 09:32:32',38),
	(252,'f9bde26a1556cd667f742bd34ec7c55e','filer_public_thumbnails/filer_public/38/63/386343ec-a63c-44ce-8b6a-2f9175bdea34/hammer.png__48x48_q85_crop_subsampling-2_upscale.png','2018-07-27 14:16:31',40),
	(253,'f9bde26a1556cd667f742bd34ec7c55e','filer_public_thumbnails/filer_public/04/49/0449356b-d32a-4432-9e06-67f36da049d6/grap-row.png__16x16_q85_crop_subsampling-2_upscale@2x.png','2018-07-30 09:32:32',38),
	(254,'f9bde26a1556cd667f742bd34ec7c55e','filer_public_thumbnails/filer_public/38/63/386343ec-a63c-44ce-8b6a-2f9175bdea34/hammer.png__48x48_q85_crop_subsampling-2_upscale@2x.png','2018-07-27 14:16:31',40),
	(255,'f9bde26a1556cd667f742bd34ec7c55e','filer_public_thumbnails/filer_public/04/49/0449356b-d32a-4432-9e06-67f36da049d6/grap-row.png__180x180_q85_crop_subsampling-2_upscale.png','2018-07-19 11:18:06',38),
	(256,'f9bde26a1556cd667f742bd34ec7c55e','filer_public_thumbnails/filer_public/38/63/386343ec-a63c-44ce-8b6a-2f9175bdea34/hammer.png__16x16_q85_crop_subsampling-2_upscale.png','2018-07-27 14:16:31',40),
	(257,'f9bde26a1556cd667f742bd34ec7c55e','filer_public_thumbnails/filer_public/38/63/386343ec-a63c-44ce-8b6a-2f9175bdea34/hammer.png__16x16_q85_crop_subsampling-2_upscale@2x.png','2018-07-27 14:16:31',40),
	(258,'f9bde26a1556cd667f742bd34ec7c55e','filer_public_thumbnails/filer_public/d3/d7/d3d783d1-233c-44e4-ae42-f537eba98646/house.png__32x32_q85_crop_subsampling-2_upscale.png','2018-07-30 09:32:43',41),
	(259,'f9bde26a1556cd667f742bd34ec7c55e','filer_public_thumbnails/filer_public/04/49/0449356b-d32a-4432-9e06-67f36da049d6/grap-row.png__180x180_q85_crop_subsampling-2_upscale@2x.png','2018-07-19 11:18:06',38),
	(260,'f9bde26a1556cd667f742bd34ec7c55e','filer_public_thumbnails/filer_public/38/63/386343ec-a63c-44ce-8b6a-2f9175bdea34/hammer.png__180x180_q85_crop_subsampling-2_upscale.png','2018-07-19 11:18:06',40),
	(261,'f9bde26a1556cd667f742bd34ec7c55e','filer_public_thumbnails/filer_public/d3/d7/d3d783d1-233c-44e4-ae42-f537eba98646/house.png__32x32_q85_crop_subsampling-2_upscale@2x.png','2018-07-30 09:32:43',41),
	(262,'f9bde26a1556cd667f742bd34ec7c55e','filer_public_thumbnails/filer_public/d3/d7/d3d783d1-233c-44e4-ae42-f537eba98646/house.png__64x64_q85_crop_subsampling-2_upscale.png','2018-07-30 09:32:43',41),
	(263,'f9bde26a1556cd667f742bd34ec7c55e','filer_public_thumbnails/filer_public/38/63/386343ec-a63c-44ce-8b6a-2f9175bdea34/hammer.png__180x180_q85_crop_subsampling-2_upscale@2x.png','2018-07-19 11:18:06',40),
	(264,'f9bde26a1556cd667f742bd34ec7c55e','filer_public_thumbnails/filer_public/d3/d7/d3d783d1-233c-44e4-ae42-f537eba98646/house.png__64x64_q85_crop_subsampling-2_upscale@2x.png','2018-07-30 09:32:43',41),
	(265,'f9bde26a1556cd667f742bd34ec7c55e','filer_public_thumbnails/filer_public/d3/d7/d3d783d1-233c-44e4-ae42-f537eba98646/house.png__48x48_q85_crop_subsampling-2_upscale.png','2018-07-30 09:32:43',41),
	(266,'f9bde26a1556cd667f742bd34ec7c55e','filer_public_thumbnails/filer_public/d3/d7/d3d783d1-233c-44e4-ae42-f537eba98646/house.png__48x48_q85_crop_subsampling-2_upscale@2x.png','2018-07-30 09:32:43',41),
	(267,'f9bde26a1556cd667f742bd34ec7c55e','filer_public_thumbnails/filer_public/d3/d7/d3d783d1-233c-44e4-ae42-f537eba98646/house.png__16x16_q85_crop_subsampling-2_upscale.png','2018-07-30 09:32:43',41),
	(268,'f9bde26a1556cd667f742bd34ec7c55e','filer_public_thumbnails/filer_public/65/10/651020f9-6d97-4926-999c-291aba598376/hp-banner.jpg__32x32_q85_crop_subsampling-2_upscale.jpg','2018-07-30 09:32:44',42),
	(269,'f9bde26a1556cd667f742bd34ec7c55e','filer_public_thumbnails/filer_public/d3/d7/d3d783d1-233c-44e4-ae42-f537eba98646/house.png__16x16_q85_crop_subsampling-2_upscale@2x.png','2018-07-30 09:32:43',41),
	(270,'f9bde26a1556cd667f742bd34ec7c55e','filer_public_thumbnails/filer_public/2e/bd/2ebd1581-c7ef-47f6-850e-d90798a669ed/job-banner.jpg__32x32_q85_crop_subsampling-2_upscale.jpg','2018-07-30 09:32:46',43),
	(271,'f9bde26a1556cd667f742bd34ec7c55e','filer_public_thumbnails/filer_public/d3/d7/d3d783d1-233c-44e4-ae42-f537eba98646/house.png__180x180_q85_crop_subsampling-2_upscale.png','2018-07-19 11:18:07',41),
	(272,'f9bde26a1556cd667f742bd34ec7c55e','filer_public_thumbnails/filer_public/65/10/651020f9-6d97-4926-999c-291aba598376/hp-banner.jpg__32x32_q85_crop_subsampling-2_upscale@2x.jpg','2018-07-30 09:32:44',42),
	(273,'f9bde26a1556cd667f742bd34ec7c55e','filer_public_thumbnails/filer_public/2e/bd/2ebd1581-c7ef-47f6-850e-d90798a669ed/job-banner.jpg__32x32_q85_crop_subsampling-2_upscale@2x.jpg','2018-07-30 09:32:46',43),
	(274,'f9bde26a1556cd667f742bd34ec7c55e','filer_public_thumbnails/filer_public/d3/d7/d3d783d1-233c-44e4-ae42-f537eba98646/house.png__180x180_q85_crop_subsampling-2_upscale@2x.png','2018-07-19 11:18:07',41),
	(275,'f9bde26a1556cd667f742bd34ec7c55e','filer_public_thumbnails/filer_public/2e/bd/2ebd1581-c7ef-47f6-850e-d90798a669ed/job-banner.jpg__64x64_q85_crop_subsampling-2_upscale.jpg','2018-07-30 09:32:46',43),
	(276,'f9bde26a1556cd667f742bd34ec7c55e','filer_public_thumbnails/filer_public/65/10/651020f9-6d97-4926-999c-291aba598376/hp-banner.jpg__64x64_q85_crop_subsampling-2_upscale.jpg','2018-07-30 09:32:44',42),
	(277,'f9bde26a1556cd667f742bd34ec7c55e','filer_public_thumbnails/filer_public/2e/bd/2ebd1581-c7ef-47f6-850e-d90798a669ed/job-banner.jpg__64x64_q85_crop_subsampling-2_upscale@2x.jpg','2018-07-30 09:32:47',43),
	(278,'f9bde26a1556cd667f742bd34ec7c55e','filer_public_thumbnails/filer_public/8b/fd/8bfdc397-0b9a-4d3b-b50e-c0a92d4e946b/lab.png__32x32_q85_crop_subsampling-2_upscale.png','2018-07-30 09:32:48',44),
	(279,'f9bde26a1556cd667f742bd34ec7c55e','filer_public_thumbnails/filer_public/8b/fd/8bfdc397-0b9a-4d3b-b50e-c0a92d4e946b/lab.png__32x32_q85_crop_subsampling-2_upscale@2x.png','2018-07-30 09:32:48',44),
	(280,'f9bde26a1556cd667f742bd34ec7c55e','filer_public_thumbnails/filer_public/65/10/651020f9-6d97-4926-999c-291aba598376/hp-banner.jpg__64x64_q85_crop_subsampling-2_upscale@2x.jpg','2018-07-30 09:32:44',42),
	(281,'f9bde26a1556cd667f742bd34ec7c55e','filer_public_thumbnails/filer_public/2e/bd/2ebd1581-c7ef-47f6-850e-d90798a669ed/job-banner.jpg__48x48_q85_crop_subsampling-2_upscale.jpg','2018-07-30 09:32:47',43),
	(282,'f9bde26a1556cd667f742bd34ec7c55e','filer_public_thumbnails/filer_public/8b/fd/8bfdc397-0b9a-4d3b-b50e-c0a92d4e946b/lab.png__64x64_q85_crop_subsampling-2_upscale.png','2018-07-30 09:32:48',44),
	(283,'f9bde26a1556cd667f742bd34ec7c55e','filer_public_thumbnails/filer_public/8b/fd/8bfdc397-0b9a-4d3b-b50e-c0a92d4e946b/lab.png__64x64_q85_crop_subsampling-2_upscale@2x.png','2018-07-30 09:32:48',44),
	(284,'f9bde26a1556cd667f742bd34ec7c55e','filer_public_thumbnails/filer_public/2e/bd/2ebd1581-c7ef-47f6-850e-d90798a669ed/job-banner.jpg__48x48_q85_crop_subsampling-2_upscale@2x.jpg','2018-07-30 09:32:47',43),
	(285,'f9bde26a1556cd667f742bd34ec7c55e','filer_public_thumbnails/filer_public/8b/fd/8bfdc397-0b9a-4d3b-b50e-c0a92d4e946b/lab.png__48x48_q85_crop_subsampling-2_upscale.png','2018-07-30 09:32:48',44),
	(286,'f9bde26a1556cd667f742bd34ec7c55e','filer_public_thumbnails/filer_public/65/10/651020f9-6d97-4926-999c-291aba598376/hp-banner.jpg__48x48_q85_crop_subsampling-2_upscale.jpg','2018-07-30 09:32:45',42),
	(287,'f9bde26a1556cd667f742bd34ec7c55e','filer_public_thumbnails/filer_public/8b/fd/8bfdc397-0b9a-4d3b-b50e-c0a92d4e946b/lab.png__48x48_q85_crop_subsampling-2_upscale@2x.png','2018-07-30 09:32:48',44),
	(288,'f9bde26a1556cd667f742bd34ec7c55e','filer_public_thumbnails/filer_public/2e/bd/2ebd1581-c7ef-47f6-850e-d90798a669ed/job-banner.jpg__16x16_q85_crop_subsampling-2_upscale.jpg','2018-07-30 09:32:47',43),
	(289,'f9bde26a1556cd667f742bd34ec7c55e','filer_public_thumbnails/filer_public/8b/fd/8bfdc397-0b9a-4d3b-b50e-c0a92d4e946b/lab.png__16x16_q85_crop_subsampling-2_upscale.png','2018-07-30 09:32:48',44),
	(290,'f9bde26a1556cd667f742bd34ec7c55e','filer_public_thumbnails/filer_public/2e/bd/2ebd1581-c7ef-47f6-850e-d90798a669ed/job-banner.jpg__16x16_q85_crop_subsampling-2_upscale@2x.jpg','2018-07-30 09:32:47',43),
	(291,'f9bde26a1556cd667f742bd34ec7c55e','filer_public_thumbnails/filer_public/8b/fd/8bfdc397-0b9a-4d3b-b50e-c0a92d4e946b/lab.png__16x16_q85_crop_subsampling-2_upscale@2x.png','2018-07-30 09:32:48',44),
	(292,'f9bde26a1556cd667f742bd34ec7c55e','filer_public_thumbnails/filer_public/65/10/651020f9-6d97-4926-999c-291aba598376/hp-banner.jpg__48x48_q85_crop_subsampling-2_upscale@2x.jpg','2018-07-30 09:32:45',42),
	(293,'f9bde26a1556cd667f742bd34ec7c55e','filer_public_thumbnails/filer_public/8b/fd/8bfdc397-0b9a-4d3b-b50e-c0a92d4e946b/lab.png__180x180_q85_crop_subsampling-2_upscale.png','2018-07-19 11:18:08',44),
	(294,'f9bde26a1556cd667f742bd34ec7c55e','filer_public_thumbnails/filer_public/2e/bd/2ebd1581-c7ef-47f6-850e-d90798a669ed/job-banner.jpg__180x180_q85_crop_subsampling-2_upscale.jpg','2018-07-19 11:18:08',43),
	(295,'f9bde26a1556cd667f742bd34ec7c55e','filer_public_thumbnails/filer_public/65/10/651020f9-6d97-4926-999c-291aba598376/hp-banner.jpg__16x16_q85_crop_subsampling-2_upscale.jpg','2018-07-30 09:32:45',42),
	(296,'f9bde26a1556cd667f742bd34ec7c55e','filer_public_thumbnails/filer_public/8b/fd/8bfdc397-0b9a-4d3b-b50e-c0a92d4e946b/lab.png__180x180_q85_crop_subsampling-2_upscale@2x.png','2018-07-19 11:18:08',44),
	(297,'f9bde26a1556cd667f742bd34ec7c55e','filer_public_thumbnails/filer_public/2e/bd/2ebd1581-c7ef-47f6-850e-d90798a669ed/job-banner.jpg__180x180_q85_crop_subsampling-2_upscale@2x.jpg','2018-07-19 11:18:08',43),
	(298,'f9bde26a1556cd667f742bd34ec7c55e','filer_public_thumbnails/filer_public/65/10/651020f9-6d97-4926-999c-291aba598376/hp-banner.jpg__16x16_q85_crop_subsampling-2_upscale@2x.jpg','2018-07-30 09:32:45',42),
	(299,'f9bde26a1556cd667f742bd34ec7c55e','filer_public_thumbnails/filer_public/65/10/651020f9-6d97-4926-999c-291aba598376/hp-banner.jpg__180x180_q85_crop_subsampling-2_upscale.jpg','2018-07-19 11:18:09',42),
	(300,'f9bde26a1556cd667f742bd34ec7c55e','filer_public_thumbnails/filer_public/4e/e1/4ee1899c-21dc-4885-ba5f-891702f5e2c7/marker.png__32x32_q85_crop_subsampling-2_upscale.png','2018-07-27 13:37:04',47),
	(301,'f9bde26a1556cd667f742bd34ec7c55e','filer_public_thumbnails/filer_public/e3/e8/e3e81490-e1dc-4538-b140-03ad0386f7df/map.png__32x32_q85_crop_subsampling-2_upscale.png','2018-07-30 09:32:48',48),
	(302,'f9bde26a1556cd667f742bd34ec7c55e','filer_public_thumbnails/filer_public/4e/e1/4ee1899c-21dc-4885-ba5f-891702f5e2c7/marker.png__32x32_q85_crop_subsampling-2_upscale@2x.png','2018-07-27 13:37:04',47),
	(303,'f9bde26a1556cd667f742bd34ec7c55e','filer_public_thumbnails/filer_public/65/10/651020f9-6d97-4926-999c-291aba598376/hp-banner.jpg__180x180_q85_crop_subsampling-2_upscale@2x.jpg','2018-07-19 11:18:09',42),
	(304,'f9bde26a1556cd667f742bd34ec7c55e','filer_public_thumbnails/filer_public/e3/e8/e3e81490-e1dc-4538-b140-03ad0386f7df/map.png__32x32_q85_crop_subsampling-2_upscale@2x.png','2018-07-30 09:32:49',48),
	(305,'f9bde26a1556cd667f742bd34ec7c55e','filer_public_thumbnails/filer_public/4e/e1/4ee1899c-21dc-4885-ba5f-891702f5e2c7/marker.png__64x64_q85_crop_subsampling-2_upscale.png','2018-07-27 13:37:04',47),
	(306,'f9bde26a1556cd667f742bd34ec7c55e','filer_public_thumbnails/filer_public/e3/e8/e3e81490-e1dc-4538-b140-03ad0386f7df/map.png__64x64_q85_crop_subsampling-2_upscale.png','2018-07-30 09:32:49',48),
	(307,'f9bde26a1556cd667f742bd34ec7c55e','filer_public_thumbnails/filer_public/4e/e1/4ee1899c-21dc-4885-ba5f-891702f5e2c7/marker.png__64x64_q85_crop_subsampling-2_upscale@2x.png','2018-07-27 13:37:04',47),
	(308,'f9bde26a1556cd667f742bd34ec7c55e','filer_public_thumbnails/filer_public/e3/e8/e3e81490-e1dc-4538-b140-03ad0386f7df/map.png__64x64_q85_crop_subsampling-2_upscale@2x.png','2018-07-30 09:32:49',48),
	(309,'f9bde26a1556cd667f742bd34ec7c55e','filer_public_thumbnails/filer_public/4e/e1/4ee1899c-21dc-4885-ba5f-891702f5e2c7/marker.png__48x48_q85_crop_subsampling-2_upscale.png','2018-07-27 13:37:04',47),
	(310,'f9bde26a1556cd667f742bd34ec7c55e','filer_public_thumbnails/filer_public/e3/e8/e3e81490-e1dc-4538-b140-03ad0386f7df/map.png__48x48_q85_crop_subsampling-2_upscale.png','2018-07-30 09:32:49',48),
	(311,'f9bde26a1556cd667f742bd34ec7c55e','filer_public_thumbnails/filer_public/4e/e1/4ee1899c-21dc-4885-ba5f-891702f5e2c7/marker.png__48x48_q85_crop_subsampling-2_upscale@2x.png','2018-07-27 13:37:04',47),
	(312,'f9bde26a1556cd667f742bd34ec7c55e','filer_public_thumbnails/filer_public/e3/e8/e3e81490-e1dc-4538-b140-03ad0386f7df/map.png__48x48_q85_crop_subsampling-2_upscale@2x.png','2018-07-30 09:32:49',48),
	(313,'f9bde26a1556cd667f742bd34ec7c55e','filer_public_thumbnails/filer_public/4e/e1/4ee1899c-21dc-4885-ba5f-891702f5e2c7/marker.png__16x16_q85_crop_subsampling-2_upscale.png','2018-07-27 13:37:05',47),
	(314,'f9bde26a1556cd667f742bd34ec7c55e','filer_public_thumbnails/filer_public/e3/e8/e3e81490-e1dc-4538-b140-03ad0386f7df/map.png__16x16_q85_crop_subsampling-2_upscale.png','2018-07-30 09:32:49',48),
	(315,'f9bde26a1556cd667f742bd34ec7c55e','filer_public_thumbnails/filer_public/47/51/4751472b-1930-4a7f-9dfd-e414f66b5375/proboston-creative.png__32x32_q85_crop_subsampling-2_upscale.png','2018-07-27 11:27:40',50),
	(316,'f9bde26a1556cd667f742bd34ec7c55e','filer_public_thumbnails/filer_public/4e/e1/4ee1899c-21dc-4885-ba5f-891702f5e2c7/marker.png__16x16_q85_crop_subsampling-2_upscale@2x.png','2018-07-27 13:37:05',47),
	(317,'f9bde26a1556cd667f742bd34ec7c55e','filer_public_thumbnails/filer_public/e3/e8/e3e81490-e1dc-4538-b140-03ad0386f7df/map.png__16x16_q85_crop_subsampling-2_upscale@2x.png','2018-07-30 09:32:49',48),
	(318,'f9bde26a1556cd667f742bd34ec7c55e','filer_public_thumbnails/filer_public/47/51/4751472b-1930-4a7f-9dfd-e414f66b5375/proboston-creative.png__32x32_q85_crop_subsampling-2_upscale@2x.png','2018-07-27 11:27:40',50),
	(319,'f9bde26a1556cd667f742bd34ec7c55e','filer_public_thumbnails/filer_public/4e/e1/4ee1899c-21dc-4885-ba5f-891702f5e2c7/marker.png__180x180_q85_crop_subsampling-2_upscale.png','2018-07-19 11:18:09',47),
	(320,'f9bde26a1556cd667f742bd34ec7c55e','filer_public_thumbnails/filer_public/47/51/4751472b-1930-4a7f-9dfd-e414f66b5375/proboston-creative.png__64x64_q85_crop_subsampling-2_upscale.png','2018-07-27 11:27:40',50),
	(321,'f9bde26a1556cd667f742bd34ec7c55e','filer_public_thumbnails/filer_public/e3/e8/e3e81490-e1dc-4538-b140-03ad0386f7df/map.png__180x180_q85_crop_subsampling-2_upscale.png','2018-07-19 11:18:09',48),
	(322,'f9bde26a1556cd667f742bd34ec7c55e','filer_public_thumbnails/filer_public/4e/e1/4ee1899c-21dc-4885-ba5f-891702f5e2c7/marker.png__180x180_q85_crop_subsampling-2_upscale@2x.png','2018-07-19 11:18:09',47),
	(323,'f9bde26a1556cd667f742bd34ec7c55e','filer_public_thumbnails/filer_public/47/51/4751472b-1930-4a7f-9dfd-e414f66b5375/proboston-creative.png__64x64_q85_crop_subsampling-2_upscale@2x.png','2018-07-27 11:27:40',50),
	(324,'f9bde26a1556cd667f742bd34ec7c55e','filer_public_thumbnails/filer_public/47/51/4751472b-1930-4a7f-9dfd-e414f66b5375/proboston-creative.png__48x48_q85_crop_subsampling-2_upscale.png','2018-07-27 11:27:40',50),
	(325,'f9bde26a1556cd667f742bd34ec7c55e','filer_public_thumbnails/filer_public/47/51/4751472b-1930-4a7f-9dfd-e414f66b5375/proboston-creative.png__48x48_q85_crop_subsampling-2_upscale@2x.png','2018-07-27 11:27:40',50),
	(326,'f9bde26a1556cd667f742bd34ec7c55e','filer_public_thumbnails/filer_public/e3/e8/e3e81490-e1dc-4538-b140-03ad0386f7df/map.png__180x180_q85_crop_subsampling-2_upscale@2x.png','2018-07-19 11:18:10',48),
	(327,'f9bde26a1556cd667f742bd34ec7c55e','filer_public_thumbnails/filer_public/47/51/4751472b-1930-4a7f-9dfd-e414f66b5375/proboston-creative.png__16x16_q85_crop_subsampling-2_upscale.png','2018-07-27 11:27:40',50),
	(328,'f9bde26a1556cd667f742bd34ec7c55e','filer_public_thumbnails/filer_public/47/51/4751472b-1930-4a7f-9dfd-e414f66b5375/proboston-creative.png__16x16_q85_crop_subsampling-2_upscale@2x.png','2018-07-27 11:27:40',50),
	(329,'f9bde26a1556cd667f742bd34ec7c55e','filer_public_thumbnails/filer_public/47/51/4751472b-1930-4a7f-9dfd-e414f66b5375/proboston-creative.png__180x180_q85_crop_subsampling-2_upscale.png','2018-07-19 11:18:10',50),
	(330,'f9bde26a1556cd667f742bd34ec7c55e','filer_public_thumbnails/filer_public/47/51/4751472b-1930-4a7f-9dfd-e414f66b5375/proboston-creative.png__180x180_q85_crop_subsampling-2_upscale@2x.png','2018-07-19 11:18:10',50),
	(331,'f9bde26a1556cd667f742bd34ec7c55e','filer_public_thumbnails/filer_public/99/c3/99c3a360-d335-4335-a280-4b07b679b841/process-bg.jpg__32x32_q85_crop_subsampling-2_upscale.jpg','2018-07-27 13:37:01',52),
	(332,'f9bde26a1556cd667f742bd34ec7c55e','filer_public_thumbnails/filer_public/55/af/55aff8e6-d98e-4220-9a32-943d2d6cee72/scales.png__32x32_q85_crop_subsampling-2_upscale.png','2018-07-27 13:37:03',57),
	(333,'f9bde26a1556cd667f742bd34ec7c55e','filer_public_thumbnails/filer_public/99/c3/99c3a360-d335-4335-a280-4b07b679b841/process-bg.jpg__32x32_q85_crop_subsampling-2_upscale@2x.jpg','2018-07-27 13:37:01',52),
	(334,'f9bde26a1556cd667f742bd34ec7c55e','filer_public_thumbnails/filer_public/55/af/55aff8e6-d98e-4220-9a32-943d2d6cee72/scales.png__32x32_q85_crop_subsampling-2_upscale@2x.png','2018-07-27 13:37:04',57),
	(335,'f9bde26a1556cd667f742bd34ec7c55e','filer_public_thumbnails/filer_public/2d/8b/2d8be547-af50-42d3-8f3c-6aa336e16609/steak.png__32x32_q85_crop_subsampling-2_upscale.png','2018-07-27 11:37:18',58),
	(336,'f9bde26a1556cd667f742bd34ec7c55e','filer_public_thumbnails/filer_public/55/af/55aff8e6-d98e-4220-9a32-943d2d6cee72/scales.png__64x64_q85_crop_subsampling-2_upscale.png','2018-07-27 13:37:04',57),
	(337,'f9bde26a1556cd667f742bd34ec7c55e','filer_public_thumbnails/filer_public/2d/8b/2d8be547-af50-42d3-8f3c-6aa336e16609/steak.png__32x32_q85_crop_subsampling-2_upscale@2x.png','2018-07-27 11:37:18',58),
	(338,'f9bde26a1556cd667f742bd34ec7c55e','filer_public_thumbnails/filer_public/55/af/55aff8e6-d98e-4220-9a32-943d2d6cee72/scales.png__64x64_q85_crop_subsampling-2_upscale@2x.png','2018-07-27 13:37:04',57),
	(339,'f9bde26a1556cd667f742bd34ec7c55e','filer_public_thumbnails/filer_public/99/c3/99c3a360-d335-4335-a280-4b07b679b841/process-bg.jpg__64x64_q85_crop_subsampling-2_upscale.jpg','2018-07-27 13:37:02',52),
	(340,'f9bde26a1556cd667f742bd34ec7c55e','filer_public_thumbnails/filer_public/2d/8b/2d8be547-af50-42d3-8f3c-6aa336e16609/steak.png__64x64_q85_crop_subsampling-2_upscale.png','2018-07-27 11:37:18',58),
	(341,'f9bde26a1556cd667f742bd34ec7c55e','filer_public_thumbnails/filer_public/55/af/55aff8e6-d98e-4220-9a32-943d2d6cee72/scales.png__48x48_q85_crop_subsampling-2_upscale.png','2018-07-27 13:37:04',57),
	(342,'f9bde26a1556cd667f742bd34ec7c55e','filer_public_thumbnails/filer_public/2d/8b/2d8be547-af50-42d3-8f3c-6aa336e16609/steak.png__64x64_q85_crop_subsampling-2_upscale@2x.png','2018-07-27 11:37:18',58),
	(343,'f9bde26a1556cd667f742bd34ec7c55e','filer_public_thumbnails/filer_public/55/af/55aff8e6-d98e-4220-9a32-943d2d6cee72/scales.png__48x48_q85_crop_subsampling-2_upscale@2x.png','2018-07-27 13:37:04',57),
	(344,'f9bde26a1556cd667f742bd34ec7c55e','filer_public_thumbnails/filer_public/2d/8b/2d8be547-af50-42d3-8f3c-6aa336e16609/steak.png__48x48_q85_crop_subsampling-2_upscale.png','2018-07-27 11:37:19',58),
	(345,'f9bde26a1556cd667f742bd34ec7c55e','filer_public_thumbnails/filer_public/55/af/55aff8e6-d98e-4220-9a32-943d2d6cee72/scales.png__16x16_q85_crop_subsampling-2_upscale.png','2018-07-27 13:37:04',57),
	(346,'f9bde26a1556cd667f742bd34ec7c55e','filer_public_thumbnails/filer_public/2d/8b/2d8be547-af50-42d3-8f3c-6aa336e16609/steak.png__48x48_q85_crop_subsampling-2_upscale@2x.png','2018-07-27 11:37:19',58),
	(347,'f9bde26a1556cd667f742bd34ec7c55e','filer_public_thumbnails/filer_public/99/c3/99c3a360-d335-4335-a280-4b07b679b841/process-bg.jpg__64x64_q85_crop_subsampling-2_upscale@2x.jpg','2018-07-27 13:37:02',52),
	(348,'f9bde26a1556cd667f742bd34ec7c55e','filer_public_thumbnails/filer_public/55/af/55aff8e6-d98e-4220-9a32-943d2d6cee72/scales.png__16x16_q85_crop_subsampling-2_upscale@2x.png','2018-07-27 13:37:04',57),
	(349,'f9bde26a1556cd667f742bd34ec7c55e','filer_public_thumbnails/filer_public/2d/8b/2d8be547-af50-42d3-8f3c-6aa336e16609/steak.png__16x16_q85_crop_subsampling-2_upscale.png','2018-07-27 11:37:19',58),
	(350,'f9bde26a1556cd667f742bd34ec7c55e','filer_public_thumbnails/filer_public/55/af/55aff8e6-d98e-4220-9a32-943d2d6cee72/scales.png__180x180_q85_crop_subsampling-2_upscale.png','2018-07-19 11:18:11',57),
	(351,'f9bde26a1556cd667f742bd34ec7c55e','filer_public_thumbnails/filer_public/2d/8b/2d8be547-af50-42d3-8f3c-6aa336e16609/steak.png__16x16_q85_crop_subsampling-2_upscale@2x.png','2018-07-27 11:37:19',58),
	(352,'f9bde26a1556cd667f742bd34ec7c55e','filer_public_thumbnails/filer_public/2d/8b/2d8be547-af50-42d3-8f3c-6aa336e16609/steak.png__180x180_q85_crop_subsampling-2_upscale.png','2018-07-19 11:18:11',58),
	(353,'f9bde26a1556cd667f742bd34ec7c55e','filer_public_thumbnails/filer_public/55/af/55aff8e6-d98e-4220-9a32-943d2d6cee72/scales.png__180x180_q85_crop_subsampling-2_upscale@2x.png','2018-07-19 11:18:11',57),
	(354,'f9bde26a1556cd667f742bd34ec7c55e','filer_public_thumbnails/filer_public/99/c3/99c3a360-d335-4335-a280-4b07b679b841/process-bg.jpg__48x48_q85_crop_subsampling-2_upscale.jpg','2018-07-27 13:37:02',52),
	(355,'f9bde26a1556cd667f742bd34ec7c55e','filer_public_thumbnails/filer_public/2d/8b/2d8be547-af50-42d3-8f3c-6aa336e16609/steak.png__180x180_q85_crop_subsampling-2_upscale@2x.png','2018-07-19 11:18:11',58),
	(356,'f9bde26a1556cd667f742bd34ec7c55e','filer_public_thumbnails/filer_public/a3/94/a39441c2-5564-48ca-aa17-0e0c7abb0500/target.png__32x32_q85_crop_subsampling-2_upscale.png','2018-07-27 13:36:59',59),
	(357,'f9bde26a1556cd667f742bd34ec7c55e','filer_public_thumbnails/filer_public/99/c3/99c3a360-d335-4335-a280-4b07b679b841/process-bg.jpg__48x48_q85_crop_subsampling-2_upscale@2x.jpg','2018-07-27 13:37:03',52),
	(358,'f9bde26a1556cd667f742bd34ec7c55e','filer_public_thumbnails/filer_public/a3/94/a39441c2-5564-48ca-aa17-0e0c7abb0500/target.png__32x32_q85_crop_subsampling-2_upscale@2x.png','2018-07-27 13:36:59',59),
	(359,'f9bde26a1556cd667f742bd34ec7c55e','filer_public_thumbnails/filer_public/a3/94/a39441c2-5564-48ca-aa17-0e0c7abb0500/target.png__64x64_q85_crop_subsampling-2_upscale.png','2018-07-27 13:36:59',59),
	(360,'f9bde26a1556cd667f742bd34ec7c55e','filer_public_thumbnails/filer_public/a3/94/a39441c2-5564-48ca-aa17-0e0c7abb0500/target.png__64x64_q85_crop_subsampling-2_upscale@2x.png','2018-07-27 13:36:59',59),
	(361,'f9bde26a1556cd667f742bd34ec7c55e','filer_public_thumbnails/filer_public/1c/cc/1ccc7b7f-ebcd-4cb2-b682-d2666b18a6cb/thank-you-bg.png__32x32_q85_crop_subsampling-2_upscale.png','2018-07-27 13:36:59',60),
	(362,'f9bde26a1556cd667f742bd34ec7c55e','filer_public_thumbnails/filer_public/99/c3/99c3a360-d335-4335-a280-4b07b679b841/process-bg.jpg__16x16_q85_crop_subsampling-2_upscale.jpg','2018-07-27 13:37:03',52),
	(363,'f9bde26a1556cd667f742bd34ec7c55e','filer_public_thumbnails/filer_public/a3/94/a39441c2-5564-48ca-aa17-0e0c7abb0500/target.png__48x48_q85_crop_subsampling-2_upscale.png','2018-07-27 13:36:59',59),
	(364,'f9bde26a1556cd667f742bd34ec7c55e','filer_public_thumbnails/filer_public/a3/94/a39441c2-5564-48ca-aa17-0e0c7abb0500/target.png__48x48_q85_crop_subsampling-2_upscale@2x.png','2018-07-27 13:36:59',59),
	(365,'f9bde26a1556cd667f742bd34ec7c55e','filer_public_thumbnails/filer_public/1c/cc/1ccc7b7f-ebcd-4cb2-b682-d2666b18a6cb/thank-you-bg.png__32x32_q85_crop_subsampling-2_upscale@2x.png','2018-07-27 13:36:59',60),
	(366,'f9bde26a1556cd667f742bd34ec7c55e','filer_public_thumbnails/filer_public/a3/94/a39441c2-5564-48ca-aa17-0e0c7abb0500/target.png__16x16_q85_crop_subsampling-2_upscale.png','2018-07-27 13:36:59',59),
	(367,'f9bde26a1556cd667f742bd34ec7c55e','filer_public_thumbnails/filer_public/a3/94/a39441c2-5564-48ca-aa17-0e0c7abb0500/target.png__16x16_q85_crop_subsampling-2_upscale@2x.png','2018-07-27 13:36:59',59),
	(368,'f9bde26a1556cd667f742bd34ec7c55e','filer_public_thumbnails/filer_public/99/c3/99c3a360-d335-4335-a280-4b07b679b841/process-bg.jpg__16x16_q85_crop_subsampling-2_upscale@2x.jpg','2018-07-27 13:37:03',52),
	(369,'f9bde26a1556cd667f742bd34ec7c55e','filer_public_thumbnails/filer_public/1c/cc/1ccc7b7f-ebcd-4cb2-b682-d2666b18a6cb/thank-you-bg.png__64x64_q85_crop_subsampling-2_upscale.png','2018-07-27 13:37:00',60),
	(370,'f9bde26a1556cd667f742bd34ec7c55e','filer_public_thumbnails/filer_public/a3/94/a39441c2-5564-48ca-aa17-0e0c7abb0500/target.png__180x180_q85_crop_subsampling-2_upscale.png','2018-07-19 11:18:12',59),
	(371,'f9bde26a1556cd667f742bd34ec7c55e','filer_public_thumbnails/filer_public/1c/cc/1ccc7b7f-ebcd-4cb2-b682-d2666b18a6cb/thank-you-bg.png__64x64_q85_crop_subsampling-2_upscale@2x.png','2018-07-27 13:37:00',60),
	(372,'f9bde26a1556cd667f742bd34ec7c55e','filer_public_thumbnails/filer_public/a3/94/a39441c2-5564-48ca-aa17-0e0c7abb0500/target.png__180x180_q85_crop_subsampling-2_upscale@2x.png','2018-07-19 11:18:12',59),
	(373,'f9bde26a1556cd667f742bd34ec7c55e','filer_public_thumbnails/filer_public/99/c3/99c3a360-d335-4335-a280-4b07b679b841/process-bg.jpg__180x180_q85_crop_subsampling-2_upscale.jpg','2018-07-19 11:18:12',52),
	(374,'f9bde26a1556cd667f742bd34ec7c55e','filer_public_thumbnails/filer_public/1c/cc/1ccc7b7f-ebcd-4cb2-b682-d2666b18a6cb/thank-you-bg.png__48x48_q85_crop_subsampling-2_upscale.png','2018-07-27 13:37:00',60),
	(375,'f9bde26a1556cd667f742bd34ec7c55e','filer_public_thumbnails/filer_public/1c/cc/1ccc7b7f-ebcd-4cb2-b682-d2666b18a6cb/thank-you-bg.png__48x48_q85_crop_subsampling-2_upscale@2x.png','2018-07-27 13:37:00',60),
	(376,'f9bde26a1556cd667f742bd34ec7c55e','filer_public_thumbnails/filer_public/7e/c3/7ec33c46-3353-44d4-94e7-bb9d6ce3de34/thank-you-image.png__32x32_q85_crop_subsampling-2_upscale.png','2018-07-27 13:36:57',61),
	(377,'f9bde26a1556cd667f742bd34ec7c55e','filer_public_thumbnails/filer_public/99/c3/99c3a360-d335-4335-a280-4b07b679b841/process-bg.jpg__180x180_q85_crop_subsampling-2_upscale@2x.jpg','2018-07-19 11:18:12',52),
	(378,'f9bde26a1556cd667f742bd34ec7c55e','filer_public_thumbnails/filer_public/1c/cc/1ccc7b7f-ebcd-4cb2-b682-d2666b18a6cb/thank-you-bg.png__16x16_q85_crop_subsampling-2_upscale.png','2018-07-27 13:37:00',60),
	(379,'f9bde26a1556cd667f742bd34ec7c55e','filer_public_thumbnails/filer_public/1c/cc/1ccc7b7f-ebcd-4cb2-b682-d2666b18a6cb/thank-you-bg.png__16x16_q85_crop_subsampling-2_upscale@2x.png','2018-07-27 13:37:00',60),
	(380,'f9bde26a1556cd667f742bd34ec7c55e','filer_public_thumbnails/filer_public/7e/c3/7ec33c46-3353-44d4-94e7-bb9d6ce3de34/thank-you-image.png__32x32_q85_crop_subsampling-2_upscale@2x.png','2018-07-27 13:36:57',61),
	(381,'f9bde26a1556cd667f742bd34ec7c55e','filer_public_thumbnails/filer_public/1c/cc/1ccc7b7f-ebcd-4cb2-b682-d2666b18a6cb/thank-you-bg.png__180x180_q85_crop_subsampling-2_upscale.png','2018-07-19 11:18:14',60),
	(382,'f9bde26a1556cd667f742bd34ec7c55e','filer_public_thumbnails/filer_public/7e/c3/7ec33c46-3353-44d4-94e7-bb9d6ce3de34/thank-you-image.png__64x64_q85_crop_subsampling-2_upscale.png','2018-07-27 13:36:57',61),
	(383,'f9bde26a1556cd667f742bd34ec7c55e','filer_public_thumbnails/filer_public/46/aa/46aa4cf9-375a-41b6-a1ba-c91a67745ca9/why-bg.jpg__32x32_q85_crop_subsampling-2_upscale.jpg','2018-07-27 13:36:55',62),
	(384,'f9bde26a1556cd667f742bd34ec7c55e','filer_public_thumbnails/filer_public/7e/c3/7ec33c46-3353-44d4-94e7-bb9d6ce3de34/thank-you-image.png__64x64_q85_crop_subsampling-2_upscale@2x.png','2018-07-27 13:36:58',61),
	(385,'f9bde26a1556cd667f742bd34ec7c55e','filer_public_thumbnails/filer_public/1c/cc/1ccc7b7f-ebcd-4cb2-b682-d2666b18a6cb/thank-you-bg.png__180x180_q85_crop_subsampling-2_upscale@2x.png','2018-07-19 11:18:14',60),
	(386,'f9bde26a1556cd667f742bd34ec7c55e','filer_public_thumbnails/filer_public/7e/c3/7ec33c46-3353-44d4-94e7-bb9d6ce3de34/thank-you-image.png__48x48_q85_crop_subsampling-2_upscale.png','2018-07-27 13:36:58',61),
	(387,'f9bde26a1556cd667f742bd34ec7c55e','filer_public_thumbnails/filer_public/46/aa/46aa4cf9-375a-41b6-a1ba-c91a67745ca9/why-bg.jpg__32x32_q85_crop_subsampling-2_upscale@2x.jpg','2018-07-27 13:36:55',62),
	(388,'f9bde26a1556cd667f742bd34ec7c55e','filer_public_thumbnails/filer_public/7e/c3/7ec33c46-3353-44d4-94e7-bb9d6ce3de34/thank-you-image.png__48x48_q85_crop_subsampling-2_upscale@2x.png','2018-07-27 13:36:58',61),
	(389,'f9bde26a1556cd667f742bd34ec7c55e','filer_public_thumbnails/filer_public/46/aa/46aa4cf9-375a-41b6-a1ba-c91a67745ca9/why-bg.jpg__64x64_q85_crop_subsampling-2_upscale.jpg','2018-07-27 13:36:55',62),
	(390,'f9bde26a1556cd667f742bd34ec7c55e','filer_public_thumbnails/filer_public/7e/c3/7ec33c46-3353-44d4-94e7-bb9d6ce3de34/thank-you-image.png__16x16_q85_crop_subsampling-2_upscale.png','2018-07-27 13:36:58',61),
	(391,'f9bde26a1556cd667f742bd34ec7c55e','filer_public_thumbnails/filer_public/7e/c3/7ec33c46-3353-44d4-94e7-bb9d6ce3de34/thank-you-image.png__16x16_q85_crop_subsampling-2_upscale@2x.png','2018-07-27 13:36:59',61),
	(392,'f9bde26a1556cd667f742bd34ec7c55e','filer_public_thumbnails/filer_public/46/aa/46aa4cf9-375a-41b6-a1ba-c91a67745ca9/why-bg.jpg__64x64_q85_crop_subsampling-2_upscale@2x.jpg','2018-07-27 13:36:56',62),
	(393,'f9bde26a1556cd667f742bd34ec7c55e','filer_public_thumbnails/filer_public/7e/c3/7ec33c46-3353-44d4-94e7-bb9d6ce3de34/thank-you-image.png__180x180_q85_crop_subsampling-2_upscale.png','2018-07-19 11:18:14',61),
	(394,'f9bde26a1556cd667f742bd34ec7c55e','filer_public_thumbnails/filer_public/46/aa/46aa4cf9-375a-41b6-a1ba-c91a67745ca9/why-bg.jpg__48x48_q85_crop_subsampling-2_upscale.jpg','2018-07-27 13:36:56',62),
	(395,'f9bde26a1556cd667f742bd34ec7c55e','filer_public_thumbnails/filer_public/7e/c3/7ec33c46-3353-44d4-94e7-bb9d6ce3de34/thank-you-image.png__180x180_q85_crop_subsampling-2_upscale@2x.png','2018-07-19 11:18:15',61),
	(396,'f9bde26a1556cd667f742bd34ec7c55e','filer_public_thumbnails/filer_public/46/aa/46aa4cf9-375a-41b6-a1ba-c91a67745ca9/why-bg.jpg__48x48_q85_crop_subsampling-2_upscale@2x.jpg','2018-07-27 13:36:56',62),
	(397,'f9bde26a1556cd667f742bd34ec7c55e','filer_public_thumbnails/filer_public/46/aa/46aa4cf9-375a-41b6-a1ba-c91a67745ca9/why-bg.jpg__16x16_q85_crop_subsampling-2_upscale.jpg','2018-07-27 13:36:56',62),
	(398,'f9bde26a1556cd667f742bd34ec7c55e','filer_public_thumbnails/filer_public/46/aa/46aa4cf9-375a-41b6-a1ba-c91a67745ca9/why-bg.jpg__16x16_q85_crop_subsampling-2_upscale@2x.jpg','2018-07-27 13:36:56',62),
	(399,'f9bde26a1556cd667f742bd34ec7c55e','filer_public_thumbnails/filer_public/46/aa/46aa4cf9-375a-41b6-a1ba-c91a67745ca9/why-bg.jpg__180x180_q85_crop_subsampling-2_upscale.jpg','2018-07-19 11:18:15',62),
	(400,'f9bde26a1556cd667f742bd34ec7c55e','filer_public_thumbnails/filer_public/46/aa/46aa4cf9-375a-41b6-a1ba-c91a67745ca9/why-bg.jpg__180x180_q85_crop_subsampling-2_upscale@2x.jpg','2018-07-19 11:18:15',62),
	(401,'f9bde26a1556cd667f742bd34ec7c55e','filer_public_thumbnails/filer_public/3e/e6/3ee67437-5a74-47de-a686-9c3f1610fd6b/mordor.jpg__32x32_q85_crop_subsampling-2_upscale.jpg','2018-07-27 13:02:06',63),
	(402,'f9bde26a1556cd667f742bd34ec7c55e','filer_public_thumbnails/filer_public/3e/e6/3ee67437-5a74-47de-a686-9c3f1610fd6b/mordor.jpg__32x32_q85_crop_subsampling-2_upscale@2x.jpg','2018-07-27 13:02:06',63),
	(403,'f9bde26a1556cd667f742bd34ec7c55e','filer_public_thumbnails/filer_public/b9/af/b9af184e-8850-48ab-ba1a-d7833a332eb1/sauron.jpg__32x32_q85_crop_subsampling-2_upscale.jpg','2018-07-27 13:02:55',64),
	(404,'f9bde26a1556cd667f742bd34ec7c55e','filer_public_thumbnails/filer_public/3e/e6/3ee67437-5a74-47de-a686-9c3f1610fd6b/mordor.jpg__64x64_q85_crop_subsampling-2_upscale.jpg','2018-07-27 13:02:06',63),
	(405,'f9bde26a1556cd667f742bd34ec7c55e','filer_public_thumbnails/filer_public/3e/e6/3ee67437-5a74-47de-a686-9c3f1610fd6b/mordor.jpg__64x64_q85_crop_subsampling-2_upscale@2x.jpg','2018-07-27 13:02:06',63),
	(406,'f9bde26a1556cd667f742bd34ec7c55e','filer_public_thumbnails/filer_public/b9/af/b9af184e-8850-48ab-ba1a-d7833a332eb1/sauron.jpg__32x32_q85_crop_subsampling-2_upscale@2x.jpg','2018-07-27 13:02:56',64),
	(407,'f9bde26a1556cd667f742bd34ec7c55e','filer_public_thumbnails/filer_public/3e/e6/3ee67437-5a74-47de-a686-9c3f1610fd6b/mordor.jpg__48x48_q85_crop_subsampling-2_upscale.jpg','2018-07-27 13:02:07',63),
	(408,'f9bde26a1556cd667f742bd34ec7c55e','filer_public_thumbnails/filer_public/3e/e6/3ee67437-5a74-47de-a686-9c3f1610fd6b/mordor.jpg__48x48_q85_crop_subsampling-2_upscale@2x.jpg','2018-07-27 13:02:07',63),
	(409,'f9bde26a1556cd667f742bd34ec7c55e','filer_public_thumbnails/filer_public/b9/af/b9af184e-8850-48ab-ba1a-d7833a332eb1/sauron.jpg__64x64_q85_crop_subsampling-2_upscale.jpg','2018-07-27 13:02:56',64),
	(410,'f9bde26a1556cd667f742bd34ec7c55e','filer_public_thumbnails/filer_public/3e/e6/3ee67437-5a74-47de-a686-9c3f1610fd6b/mordor.jpg__16x16_q85_crop_subsampling-2_upscale.jpg','2018-07-27 13:02:07',63),
	(411,'f9bde26a1556cd667f742bd34ec7c55e','filer_public_thumbnails/filer_public/3e/e6/3ee67437-5a74-47de-a686-9c3f1610fd6b/mordor.jpg__16x16_q85_crop_subsampling-2_upscale@2x.jpg','2018-07-27 13:02:07',63),
	(412,'f9bde26a1556cd667f742bd34ec7c55e','filer_public_thumbnails/filer_public/b9/af/b9af184e-8850-48ab-ba1a-d7833a332eb1/sauron.jpg__64x64_q85_crop_subsampling-2_upscale@2x.jpg','2018-07-27 13:02:56',64),
	(413,'f9bde26a1556cd667f742bd34ec7c55e','filer_public_thumbnails/filer_public/3e/e6/3ee67437-5a74-47de-a686-9c3f1610fd6b/mordor.jpg__180x180_q85_crop_subsampling-2_upscale.jpg','2018-07-19 11:26:36',63),
	(414,'f9bde26a1556cd667f742bd34ec7c55e','filer_public_thumbnails/filer_public/3e/e6/3ee67437-5a74-47de-a686-9c3f1610fd6b/mordor.jpg__180x180_q85_crop_subsampling-2_upscale@2x.jpg','2018-07-19 11:26:36',63),
	(415,'f9bde26a1556cd667f742bd34ec7c55e','filer_public_thumbnails/filer_public/b9/af/b9af184e-8850-48ab-ba1a-d7833a332eb1/sauron.jpg__48x48_q85_crop_subsampling-2_upscale.jpg','2018-07-27 13:02:56',64),
	(416,'f9bde26a1556cd667f742bd34ec7c55e','filer_public_thumbnails/filer_public/b9/af/b9af184e-8850-48ab-ba1a-d7833a332eb1/sauron.jpg__48x48_q85_crop_subsampling-2_upscale@2x.jpg','2018-07-27 13:02:57',64),
	(417,'f9bde26a1556cd667f742bd34ec7c55e','filer_public_thumbnails/filer_public/b9/af/b9af184e-8850-48ab-ba1a-d7833a332eb1/sauron.jpg__16x16_q85_crop_subsampling-2_upscale.jpg','2018-07-27 13:02:57',64),
	(418,'f9bde26a1556cd667f742bd34ec7c55e','filer_public_thumbnails/filer_public/b9/af/b9af184e-8850-48ab-ba1a-d7833a332eb1/sauron.jpg__16x16_q85_crop_subsampling-2_upscale@2x.jpg','2018-07-27 13:02:57',64),
	(419,'f9bde26a1556cd667f742bd34ec7c55e','filer_public_thumbnails/filer_public/b9/af/b9af184e-8850-48ab-ba1a-d7833a332eb1/sauron.jpg__180x180_q85_crop_subsampling-2_upscale.jpg','2018-07-19 11:26:36',64),
	(420,'f9bde26a1556cd667f742bd34ec7c55e','filer_public_thumbnails/filer_public/b9/af/b9af184e-8850-48ab-ba1a-d7833a332eb1/sauron.jpg__180x180_q85_crop_subsampling-2_upscale@2x.jpg','2018-07-19 11:26:36',64),
	(421,'f9bde26a1556cd667f742bd34ec7c55e','filer_public_thumbnails/filer_public/ed/26/ed266d74-3b29-4bc5-8c73-b77ee473e6de/ccs.jpg__32x32_q85_crop_subsampling-2_upscale.jpg','2018-07-27 13:37:02',65),
	(422,'f9bde26a1556cd667f742bd34ec7c55e','filer_public_thumbnails/filer_public/c4/5b/c45b3389-7232-44bf-87c3-1097404cc180/adastra.jpg__32x32_q85_crop_subsampling-2_upscale.jpg','2018-07-27 13:36:58',66),
	(423,'f9bde26a1556cd667f742bd34ec7c55e','filer_public_thumbnails/filer_public/ed/26/ed266d74-3b29-4bc5-8c73-b77ee473e6de/ccs.jpg__32x32_q85_crop_subsampling-2_upscale@2x.jpg','2018-07-27 13:37:02',65),
	(424,'f9bde26a1556cd667f742bd34ec7c55e','filer_public_thumbnails/filer_public/c4/5b/c45b3389-7232-44bf-87c3-1097404cc180/adastra.jpg__32x32_q85_crop_subsampling-2_upscale@2x.jpg','2018-07-27 13:36:58',66),
	(425,'f9bde26a1556cd667f742bd34ec7c55e','filer_public_thumbnails/filer_public/ed/26/ed266d74-3b29-4bc5-8c73-b77ee473e6de/ccs.jpg__64x64_q85_crop_subsampling-2_upscale.jpg','2018-07-27 13:37:02',65),
	(426,'f9bde26a1556cd667f742bd34ec7c55e','filer_public_thumbnails/filer_public/c4/5b/c45b3389-7232-44bf-87c3-1097404cc180/adastra.jpg__64x64_q85_crop_subsampling-2_upscale.jpg','2018-07-27 13:36:58',66),
	(427,'f9bde26a1556cd667f742bd34ec7c55e','filer_public_thumbnails/filer_public/ed/26/ed266d74-3b29-4bc5-8c73-b77ee473e6de/ccs.jpg__64x64_q85_crop_subsampling-2_upscale@2x.jpg','2018-07-27 13:37:02',65),
	(428,'f9bde26a1556cd667f742bd34ec7c55e','filer_public_thumbnails/filer_public/c4/5b/c45b3389-7232-44bf-87c3-1097404cc180/adastra.jpg__64x64_q85_crop_subsampling-2_upscale@2x.jpg','2018-07-27 13:36:58',66),
	(429,'f9bde26a1556cd667f742bd34ec7c55e','filer_public_thumbnails/filer_public/65/15/6515cfa1-8b29-40c3-b58d-378c8d4655c1/allianz.png__32x32_q85_crop_subsampling-2_upscale.png','2018-07-27 13:36:59',67),
	(430,'f9bde26a1556cd667f742bd34ec7c55e','filer_public_thumbnails/filer_public/ed/26/ed266d74-3b29-4bc5-8c73-b77ee473e6de/ccs.jpg__48x48_q85_crop_subsampling-2_upscale.jpg','2018-07-27 13:37:02',65),
	(431,'f9bde26a1556cd667f742bd34ec7c55e','filer_public_thumbnails/filer_public/c4/5b/c45b3389-7232-44bf-87c3-1097404cc180/adastra.jpg__48x48_q85_crop_subsampling-2_upscale.jpg','2018-07-27 13:36:58',66),
	(432,'f9bde26a1556cd667f742bd34ec7c55e','filer_public_thumbnails/filer_public/ed/26/ed266d74-3b29-4bc5-8c73-b77ee473e6de/ccs.jpg__48x48_q85_crop_subsampling-2_upscale@2x.jpg','2018-07-27 13:37:02',65),
	(433,'f9bde26a1556cd667f742bd34ec7c55e','filer_public_thumbnails/filer_public/c4/5b/c45b3389-7232-44bf-87c3-1097404cc180/adastra.jpg__48x48_q85_crop_subsampling-2_upscale@2x.jpg','2018-07-27 13:36:59',66),
	(434,'f9bde26a1556cd667f742bd34ec7c55e','filer_public_thumbnails/filer_public/ed/26/ed266d74-3b29-4bc5-8c73-b77ee473e6de/ccs.jpg__16x16_q85_crop_subsampling-2_upscale.jpg','2018-07-27 13:37:02',65),
	(435,'f9bde26a1556cd667f742bd34ec7c55e','filer_public_thumbnails/filer_public/c4/5b/c45b3389-7232-44bf-87c3-1097404cc180/adastra.jpg__16x16_q85_crop_subsampling-2_upscale.jpg','2018-07-27 13:36:59',66),
	(436,'f9bde26a1556cd667f742bd34ec7c55e','filer_public_thumbnails/filer_public/ed/26/ed266d74-3b29-4bc5-8c73-b77ee473e6de/ccs.jpg__16x16_q85_crop_subsampling-2_upscale@2x.jpg','2018-07-27 13:37:02',65),
	(437,'f9bde26a1556cd667f742bd34ec7c55e','filer_public_thumbnails/filer_public/65/15/6515cfa1-8b29-40c3-b58d-378c8d4655c1/allianz.png__32x32_q85_crop_subsampling-2_upscale@2x.png','2018-07-27 13:37:00',67),
	(438,'f9bde26a1556cd667f742bd34ec7c55e','filer_public_thumbnails/filer_public/c4/5b/c45b3389-7232-44bf-87c3-1097404cc180/adastra.jpg__16x16_q85_crop_subsampling-2_upscale@2x.jpg','2018-07-27 13:36:59',66),
	(439,'f9bde26a1556cd667f742bd34ec7c55e','filer_public_thumbnails/filer_public/ed/26/ed266d74-3b29-4bc5-8c73-b77ee473e6de/ccs.jpg__180x180_q85_crop_subsampling-2_upscale.jpg','2018-07-19 11:28:13',65),
	(440,'f9bde26a1556cd667f742bd34ec7c55e','filer_public_thumbnails/filer_public/ed/26/ed266d74-3b29-4bc5-8c73-b77ee473e6de/ccs.jpg__180x180_q85_crop_subsampling-2_upscale@2x.jpg','2018-07-19 11:28:14',65),
	(441,'f9bde26a1556cd667f742bd34ec7c55e','filer_public_thumbnails/filer_public/c4/5b/c45b3389-7232-44bf-87c3-1097404cc180/adastra.jpg__180x180_q85_crop_subsampling-2_upscale.jpg','2018-07-19 11:28:14',66),
	(442,'f9bde26a1556cd667f742bd34ec7c55e','filer_public_thumbnails/filer_public/65/15/6515cfa1-8b29-40c3-b58d-378c8d4655c1/allianz.png__64x64_q85_crop_subsampling-2_upscale.png','2018-07-27 13:37:00',67),
	(443,'f9bde26a1556cd667f742bd34ec7c55e','filer_public_thumbnails/filer_public/c4/5b/c45b3389-7232-44bf-87c3-1097404cc180/adastra.jpg__180x180_q85_crop_subsampling-2_upscale@2x.jpg','2018-07-19 11:28:14',66),
	(444,'f9bde26a1556cd667f742bd34ec7c55e','filer_public_thumbnails/filer_public/c6/5a/c65ac73e-edcc-41bd-a2ca-8617af5b3094/cortis-consulting.jpg__32x32_q85_crop_subsampling-2_upscale.jpg','2018-07-27 13:37:03',68),
	(445,'f9bde26a1556cd667f742bd34ec7c55e','filer_public_thumbnails/filer_public/c6/5a/c65ac73e-edcc-41bd-a2ca-8617af5b3094/cortis-consulting.jpg__32x32_q85_crop_subsampling-2_upscale@2x.jpg','2018-07-27 13:37:03',68),
	(446,'f9bde26a1556cd667f742bd34ec7c55e','filer_public_thumbnails/filer_public/65/15/6515cfa1-8b29-40c3-b58d-378c8d4655c1/allianz.png__64x64_q85_crop_subsampling-2_upscale@2x.png','2018-07-27 13:37:01',67),
	(447,'f9bde26a1556cd667f742bd34ec7c55e','filer_public_thumbnails/filer_public/c6/5a/c65ac73e-edcc-41bd-a2ca-8617af5b3094/cortis-consulting.jpg__64x64_q85_crop_subsampling-2_upscale.jpg','2018-07-27 13:37:03',68),
	(448,'f9bde26a1556cd667f742bd34ec7c55e','filer_public_thumbnails/filer_public/eb/3b/eb3b080b-bd83-4c40-800b-d68849973b5f/csob-logo.png__32x32_q85_crop_subsampling-2_upscale.png','2018-07-27 13:37:03',69),
	(449,'f9bde26a1556cd667f742bd34ec7c55e','filer_public_thumbnails/filer_public/c6/5a/c65ac73e-edcc-41bd-a2ca-8617af5b3094/cortis-consulting.jpg__64x64_q85_crop_subsampling-2_upscale@2x.jpg','2018-07-27 13:37:03',68),
	(450,'f9bde26a1556cd667f742bd34ec7c55e','filer_public_thumbnails/filer_public/eb/3b/eb3b080b-bd83-4c40-800b-d68849973b5f/csob-logo.png__32x32_q85_crop_subsampling-2_upscale@2x.png','2018-07-27 13:37:03',69),
	(451,'f9bde26a1556cd667f742bd34ec7c55e','filer_public_thumbnails/filer_public/c6/5a/c65ac73e-edcc-41bd-a2ca-8617af5b3094/cortis-consulting.jpg__48x48_q85_crop_subsampling-2_upscale.jpg','2018-07-27 13:37:03',68),
	(452,'f9bde26a1556cd667f742bd34ec7c55e','filer_public_thumbnails/filer_public/65/15/6515cfa1-8b29-40c3-b58d-378c8d4655c1/allianz.png__48x48_q85_crop_subsampling-2_upscale.png','2018-07-27 13:37:01',67),
	(453,'f9bde26a1556cd667f742bd34ec7c55e','filer_public_thumbnails/filer_public/eb/3b/eb3b080b-bd83-4c40-800b-d68849973b5f/csob-logo.png__64x64_q85_crop_subsampling-2_upscale.png','2018-07-27 13:37:03',69),
	(454,'f9bde26a1556cd667f742bd34ec7c55e','filer_public_thumbnails/filer_public/c6/5a/c65ac73e-edcc-41bd-a2ca-8617af5b3094/cortis-consulting.jpg__48x48_q85_crop_subsampling-2_upscale@2x.jpg','2018-07-27 13:37:03',68),
	(455,'f9bde26a1556cd667f742bd34ec7c55e','filer_public_thumbnails/filer_public/c6/5a/c65ac73e-edcc-41bd-a2ca-8617af5b3094/cortis-consulting.jpg__16x16_q85_crop_subsampling-2_upscale.jpg','2018-07-27 13:37:03',68),
	(456,'f9bde26a1556cd667f742bd34ec7c55e','filer_public_thumbnails/filer_public/eb/3b/eb3b080b-bd83-4c40-800b-d68849973b5f/csob-logo.png__64x64_q85_crop_subsampling-2_upscale@2x.png','2018-07-27 13:37:03',69),
	(457,'f9bde26a1556cd667f742bd34ec7c55e','filer_public_thumbnails/filer_public/c6/5a/c65ac73e-edcc-41bd-a2ca-8617af5b3094/cortis-consulting.jpg__16x16_q85_crop_subsampling-2_upscale@2x.jpg','2018-07-27 13:37:03',68),
	(458,'f9bde26a1556cd667f742bd34ec7c55e','filer_public_thumbnails/filer_public/eb/3b/eb3b080b-bd83-4c40-800b-d68849973b5f/csob-logo.png__48x48_q85_crop_subsampling-2_upscale.png','2018-07-27 13:37:03',69),
	(459,'f9bde26a1556cd667f742bd34ec7c55e','filer_public_thumbnails/filer_public/65/15/6515cfa1-8b29-40c3-b58d-378c8d4655c1/allianz.png__48x48_q85_crop_subsampling-2_upscale@2x.png','2018-07-27 13:37:01',67),
	(460,'f9bde26a1556cd667f742bd34ec7c55e','filer_public_thumbnails/filer_public/c6/5a/c65ac73e-edcc-41bd-a2ca-8617af5b3094/cortis-consulting.jpg__180x180_q85_crop_subsampling-2_upscale.jpg','2018-07-19 11:28:14',68),
	(461,'f9bde26a1556cd667f742bd34ec7c55e','filer_public_thumbnails/filer_public/eb/3b/eb3b080b-bd83-4c40-800b-d68849973b5f/csob-logo.png__48x48_q85_crop_subsampling-2_upscale@2x.png','2018-07-27 13:37:03',69),
	(462,'f9bde26a1556cd667f742bd34ec7c55e','filer_public_thumbnails/filer_public/c6/5a/c65ac73e-edcc-41bd-a2ca-8617af5b3094/cortis-consulting.jpg__180x180_q85_crop_subsampling-2_upscale@2x.jpg','2018-07-19 11:28:15',68),
	(463,'f9bde26a1556cd667f742bd34ec7c55e','filer_public_thumbnails/filer_public/65/15/6515cfa1-8b29-40c3-b58d-378c8d4655c1/allianz.png__16x16_q85_crop_subsampling-2_upscale.png','2018-07-27 13:37:01',67),
	(464,'f9bde26a1556cd667f742bd34ec7c55e','filer_public_thumbnails/filer_public/eb/3b/eb3b080b-bd83-4c40-800b-d68849973b5f/csob-logo.png__16x16_q85_crop_subsampling-2_upscale.png','2018-07-27 13:37:03',69),
	(465,'f9bde26a1556cd667f742bd34ec7c55e','filer_public_thumbnails/filer_public/65/15/6515cfa1-8b29-40c3-b58d-378c8d4655c1/allianz.png__16x16_q85_crop_subsampling-2_upscale@2x.png','2018-07-27 13:37:02',67),
	(466,'f9bde26a1556cd667f742bd34ec7c55e','filer_public_thumbnails/filer_public/eb/3b/eb3b080b-bd83-4c40-800b-d68849973b5f/csob-logo.png__16x16_q85_crop_subsampling-2_upscale@2x.png','2018-07-27 13:37:03',69),
	(467,'f9bde26a1556cd667f742bd34ec7c55e','filer_public_thumbnails/filer_public/eb/3b/eb3b080b-bd83-4c40-800b-d68849973b5f/csob-logo.png__180x180_q85_crop_subsampling-2_upscale.png','2018-07-19 11:28:15',69),
	(468,'f9bde26a1556cd667f742bd34ec7c55e','filer_public_thumbnails/filer_public/65/15/6515cfa1-8b29-40c3-b58d-378c8d4655c1/allianz.png__180x180_q85_crop_subsampling-2_upscale.png','2018-07-19 11:28:15',67),
	(469,'f9bde26a1556cd667f742bd34ec7c55e','filer_public_thumbnails/filer_public/a8/d7/a8d799a7-597e-4275-9e5d-1bf3450d3ac2/deloitte.jpg__32x32_q85_crop_subsampling-2_upscale.jpg','2018-07-27 13:37:03',70),
	(470,'f9bde26a1556cd667f742bd34ec7c55e','filer_public_thumbnails/filer_public/a8/d7/a8d799a7-597e-4275-9e5d-1bf3450d3ac2/deloitte.jpg__32x32_q85_crop_subsampling-2_upscale@2x.jpg','2018-07-27 13:37:03',70),
	(471,'f9bde26a1556cd667f742bd34ec7c55e','filer_public_thumbnails/filer_public/eb/3b/eb3b080b-bd83-4c40-800b-d68849973b5f/csob-logo.png__180x180_q85_crop_subsampling-2_upscale@2x.png','2018-07-19 11:28:15',69),
	(472,'f9bde26a1556cd667f742bd34ec7c55e','filer_public_thumbnails/filer_public/a8/d7/a8d799a7-597e-4275-9e5d-1bf3450d3ac2/deloitte.jpg__64x64_q85_crop_subsampling-2_upscale.jpg','2018-07-27 13:37:03',70),
	(473,'f9bde26a1556cd667f742bd34ec7c55e','filer_public_thumbnails/filer_public/65/15/6515cfa1-8b29-40c3-b58d-378c8d4655c1/allianz.png__180x180_q85_crop_subsampling-2_upscale@2x.png','2018-07-19 11:28:15',67),
	(474,'f9bde26a1556cd667f742bd34ec7c55e','filer_public_thumbnails/filer_public/a8/d7/a8d799a7-597e-4275-9e5d-1bf3450d3ac2/deloitte.jpg__64x64_q85_crop_subsampling-2_upscale@2x.jpg','2018-07-27 13:37:03',70),
	(475,'f9bde26a1556cd667f742bd34ec7c55e','filer_public_thumbnails/filer_public/a8/d7/a8d799a7-597e-4275-9e5d-1bf3450d3ac2/deloitte.jpg__48x48_q85_crop_subsampling-2_upscale.jpg','2018-07-27 13:37:03',70),
	(476,'f9bde26a1556cd667f742bd34ec7c55e','filer_public_thumbnails/filer_public/cd/99/cd99a21c-8704-4d3e-ae77-ea6924a20d8a/f-logo.png__32x32_q85_crop_subsampling-2_upscale.png','2018-07-27 13:37:03',71),
	(477,'f9bde26a1556cd667f742bd34ec7c55e','filer_public_thumbnails/filer_public/a8/d7/a8d799a7-597e-4275-9e5d-1bf3450d3ac2/deloitte.jpg__48x48_q85_crop_subsampling-2_upscale@2x.jpg','2018-07-27 13:37:03',70),
	(478,'f9bde26a1556cd667f742bd34ec7c55e','filer_public_thumbnails/filer_public/cd/99/cd99a21c-8704-4d3e-ae77-ea6924a20d8a/f-logo.png__32x32_q85_crop_subsampling-2_upscale@2x.png','2018-07-27 13:37:04',71),
	(479,'f9bde26a1556cd667f742bd34ec7c55e','filer_public_thumbnails/filer_public/a8/d7/a8d799a7-597e-4275-9e5d-1bf3450d3ac2/deloitte.jpg__16x16_q85_crop_subsampling-2_upscale.jpg','2018-07-27 13:37:03',70),
	(480,'f9bde26a1556cd667f742bd34ec7c55e','filer_public_thumbnails/filer_public/52/fe/52fe7a2e-e879-4b76-a1a2-e37c38966212/flextronics.jpg__32x32_q85_crop_subsampling-2_upscale.jpg','2018-07-27 13:37:04',72),
	(481,'f9bde26a1556cd667f742bd34ec7c55e','filer_public_thumbnails/filer_public/cd/99/cd99a21c-8704-4d3e-ae77-ea6924a20d8a/f-logo.png__64x64_q85_crop_subsampling-2_upscale.png','2018-07-27 13:37:04',71),
	(482,'f9bde26a1556cd667f742bd34ec7c55e','filer_public_thumbnails/filer_public/a8/d7/a8d799a7-597e-4275-9e5d-1bf3450d3ac2/deloitte.jpg__16x16_q85_crop_subsampling-2_upscale@2x.jpg','2018-07-27 13:37:03',70),
	(483,'f9bde26a1556cd667f742bd34ec7c55e','filer_public_thumbnails/filer_public/52/fe/52fe7a2e-e879-4b76-a1a2-e37c38966212/flextronics.jpg__32x32_q85_crop_subsampling-2_upscale@2x.jpg','2018-07-27 13:37:04',72),
	(484,'f9bde26a1556cd667f742bd34ec7c55e','filer_public_thumbnails/filer_public/cd/99/cd99a21c-8704-4d3e-ae77-ea6924a20d8a/f-logo.png__64x64_q85_crop_subsampling-2_upscale@2x.png','2018-07-27 13:37:04',71),
	(485,'f9bde26a1556cd667f742bd34ec7c55e','filer_public_thumbnails/filer_public/a8/d7/a8d799a7-597e-4275-9e5d-1bf3450d3ac2/deloitte.jpg__180x180_q85_crop_subsampling-2_upscale.jpg','2018-07-19 11:28:16',70),
	(486,'f9bde26a1556cd667f742bd34ec7c55e','filer_public_thumbnails/filer_public/52/fe/52fe7a2e-e879-4b76-a1a2-e37c38966212/flextronics.jpg__64x64_q85_crop_subsampling-2_upscale.jpg','2018-07-27 13:37:04',72),
	(487,'f9bde26a1556cd667f742bd34ec7c55e','filer_public_thumbnails/filer_public/cd/99/cd99a21c-8704-4d3e-ae77-ea6924a20d8a/f-logo.png__48x48_q85_crop_subsampling-2_upscale.png','2018-07-27 13:37:04',71),
	(488,'f9bde26a1556cd667f742bd34ec7c55e','filer_public_thumbnails/filer_public/a8/d7/a8d799a7-597e-4275-9e5d-1bf3450d3ac2/deloitte.jpg__180x180_q85_crop_subsampling-2_upscale@2x.jpg','2018-07-19 11:28:16',70),
	(489,'f9bde26a1556cd667f742bd34ec7c55e','filer_public_thumbnails/filer_public/52/fe/52fe7a2e-e879-4b76-a1a2-e37c38966212/flextronics.jpg__64x64_q85_crop_subsampling-2_upscale@2x.jpg','2018-07-27 13:37:04',72),
	(490,'f9bde26a1556cd667f742bd34ec7c55e','filer_public_thumbnails/filer_public/cd/99/cd99a21c-8704-4d3e-ae77-ea6924a20d8a/f-logo.png__48x48_q85_crop_subsampling-2_upscale@2x.png','2018-07-27 13:37:04',71),
	(491,'f9bde26a1556cd667f742bd34ec7c55e','filer_public_thumbnails/filer_public/52/fe/52fe7a2e-e879-4b76-a1a2-e37c38966212/flextronics.jpg__48x48_q85_crop_subsampling-2_upscale.jpg','2018-07-27 13:37:04',72),
	(492,'f9bde26a1556cd667f742bd34ec7c55e','filer_public_thumbnails/filer_public/cd/99/cd99a21c-8704-4d3e-ae77-ea6924a20d8a/f-logo.png__16x16_q85_crop_subsampling-2_upscale.png','2018-07-27 13:37:04',71),
	(493,'f9bde26a1556cd667f742bd34ec7c55e','filer_public_thumbnails/filer_public/52/fe/52fe7a2e-e879-4b76-a1a2-e37c38966212/flextronics.jpg__48x48_q85_crop_subsampling-2_upscale@2x.jpg','2018-07-27 13:37:04',72),
	(494,'f9bde26a1556cd667f742bd34ec7c55e','filer_public_thumbnails/filer_public/cd/99/cd99a21c-8704-4d3e-ae77-ea6924a20d8a/f-logo.png__16x16_q85_crop_subsampling-2_upscale@2x.png','2018-07-27 13:37:04',71),
	(495,'f9bde26a1556cd667f742bd34ec7c55e','filer_public_thumbnails/filer_public/52/fe/52fe7a2e-e879-4b76-a1a2-e37c38966212/flextronics.jpg__16x16_q85_crop_subsampling-2_upscale.jpg','2018-07-27 13:37:04',72),
	(496,'f9bde26a1556cd667f742bd34ec7c55e','filer_public_thumbnails/filer_public/cd/99/cd99a21c-8704-4d3e-ae77-ea6924a20d8a/f-logo.png__180x180_q85_crop_subsampling-2_upscale.png','2018-07-19 11:28:16',71),
	(497,'f9bde26a1556cd667f742bd34ec7c55e','filer_public_thumbnails/filer_public/52/fe/52fe7a2e-e879-4b76-a1a2-e37c38966212/flextronics.jpg__16x16_q85_crop_subsampling-2_upscale@2x.jpg','2018-07-27 13:37:04',72),
	(498,'f9bde26a1556cd667f742bd34ec7c55e','filer_public_thumbnails/filer_public/c3/8d/c38d9128-3246-4ec1-b85e-6a850925096b/ikey.png__32x32_q85_crop_subsampling-2_upscale.png','2018-07-27 12:46:09',73),
	(499,'f9bde26a1556cd667f742bd34ec7c55e','filer_public_thumbnails/filer_public/52/fe/52fe7a2e-e879-4b76-a1a2-e37c38966212/flextronics.jpg__180x180_q85_crop_subsampling-2_upscale.jpg','2018-07-19 11:28:16',72),
	(500,'f9bde26a1556cd667f742bd34ec7c55e','filer_public_thumbnails/filer_public/cd/99/cd99a21c-8704-4d3e-ae77-ea6924a20d8a/f-logo.png__180x180_q85_crop_subsampling-2_upscale@2x.png','2018-07-19 11:28:16',71),
	(501,'f9bde26a1556cd667f742bd34ec7c55e','filer_public_thumbnails/filer_public/c3/8d/c38d9128-3246-4ec1-b85e-6a850925096b/ikey.png__32x32_q85_crop_subsampling-2_upscale@2x.png','2018-07-27 12:46:09',73),
	(502,'f9bde26a1556cd667f742bd34ec7c55e','filer_public_thumbnails/filer_public/c3/8d/c38d9128-3246-4ec1-b85e-6a850925096b/ikey.png__64x64_q85_crop_subsampling-2_upscale.png','2018-07-27 12:46:09',73),
	(503,'f9bde26a1556cd667f742bd34ec7c55e','filer_public_thumbnails/filer_public/52/fe/52fe7a2e-e879-4b76-a1a2-e37c38966212/flextronics.jpg__180x180_q85_crop_subsampling-2_upscale@2x.jpg','2018-07-19 11:28:16',72),
	(504,'f9bde26a1556cd667f742bd34ec7c55e','filer_public_thumbnails/filer_public/c3/8d/c38d9128-3246-4ec1-b85e-6a850925096b/ikey.png__64x64_q85_crop_subsampling-2_upscale@2x.png','2018-07-27 12:46:09',73),
	(505,'f9bde26a1556cd667f742bd34ec7c55e','filer_public_thumbnails/filer_public/c3/8d/c38d9128-3246-4ec1-b85e-6a850925096b/ikey.png__48x48_q85_crop_subsampling-2_upscale.png','2018-07-27 12:46:09',73),
	(506,'f9bde26a1556cd667f742bd34ec7c55e','filer_public_thumbnails/filer_public/c3/8d/c38d9128-3246-4ec1-b85e-6a850925096b/ikey.png__48x48_q85_crop_subsampling-2_upscale@2x.png','2018-07-27 12:46:09',73),
	(507,'f9bde26a1556cd667f742bd34ec7c55e','filer_public_thumbnails/filer_public/5a/15/5a158170-cc90-495a-b490-205d7897b12f/plzensky-prazdroj.jpg__32x32_q85_crop_subsampling-2_upscale.jpg','2018-07-27 13:37:04',74),
	(508,'f9bde26a1556cd667f742bd34ec7c55e','filer_public_thumbnails/filer_public/c3/8d/c38d9128-3246-4ec1-b85e-6a850925096b/ikey.png__16x16_q85_crop_subsampling-2_upscale.png','2018-07-27 12:46:09',73),
	(509,'f9bde26a1556cd667f742bd34ec7c55e','filer_public_thumbnails/filer_public/5a/15/5a158170-cc90-495a-b490-205d7897b12f/plzensky-prazdroj.jpg__32x32_q85_crop_subsampling-2_upscale@2x.jpg','2018-07-27 13:37:04',74),
	(510,'f9bde26a1556cd667f742bd34ec7c55e','filer_public_thumbnails/filer_public/c3/8d/c38d9128-3246-4ec1-b85e-6a850925096b/ikey.png__16x16_q85_crop_subsampling-2_upscale@2x.png','2018-07-27 12:46:09',73),
	(511,'f9bde26a1556cd667f742bd34ec7c55e','filer_public_thumbnails/filer_public/5a/15/5a158170-cc90-495a-b490-205d7897b12f/plzensky-prazdroj.jpg__64x64_q85_crop_subsampling-2_upscale.jpg','2018-07-27 13:37:04',74),
	(512,'f9bde26a1556cd667f742bd34ec7c55e','filer_public_thumbnails/filer_public/c3/8d/c38d9128-3246-4ec1-b85e-6a850925096b/ikey.png__180x180_q85_crop_subsampling-2_upscale.png','2018-07-19 11:28:17',73),
	(513,'f9bde26a1556cd667f742bd34ec7c55e','filer_public_thumbnails/filer_public/5a/15/5a158170-cc90-495a-b490-205d7897b12f/plzensky-prazdroj.jpg__64x64_q85_crop_subsampling-2_upscale@2x.jpg','2018-07-27 13:37:04',74),
	(514,'f9bde26a1556cd667f742bd34ec7c55e','filer_public_thumbnails/filer_public/5a/15/5a158170-cc90-495a-b490-205d7897b12f/plzensky-prazdroj.jpg__48x48_q85_crop_subsampling-2_upscale.jpg','2018-07-27 13:37:04',74),
	(515,'f9bde26a1556cd667f742bd34ec7c55e','filer_public_thumbnails/filer_public/c3/8d/c38d9128-3246-4ec1-b85e-6a850925096b/ikey.png__180x180_q85_crop_subsampling-2_upscale@2x.png','2018-07-19 11:28:17',73),
	(516,'f9bde26a1556cd667f742bd34ec7c55e','filer_public_thumbnails/filer_public/5a/15/5a158170-cc90-495a-b490-205d7897b12f/plzensky-prazdroj.jpg__48x48_q85_crop_subsampling-2_upscale@2x.jpg','2018-07-27 13:37:04',74),
	(517,'f9bde26a1556cd667f742bd34ec7c55e','filer_public_thumbnails/filer_public/5a/15/5a158170-cc90-495a-b490-205d7897b12f/plzensky-prazdroj.jpg__16x16_q85_crop_subsampling-2_upscale.jpg','2018-07-27 13:37:04',74),
	(518,'f9bde26a1556cd667f742bd34ec7c55e','filer_public_thumbnails/filer_public/5a/15/5a158170-cc90-495a-b490-205d7897b12f/plzensky-prazdroj.jpg__16x16_q85_crop_subsampling-2_upscale@2x.jpg','2018-07-27 13:37:04',74),
	(519,'f9bde26a1556cd667f742bd34ec7c55e','filer_public_thumbnails/filer_public/5a/15/5a158170-cc90-495a-b490-205d7897b12f/plzensky-prazdroj.jpg__180x180_q85_crop_subsampling-2_upscale.jpg','2018-07-19 11:28:17',74),
	(520,'f9bde26a1556cd667f742bd34ec7c55e','filer_public_thumbnails/filer_public/5a/15/5a158170-cc90-495a-b490-205d7897b12f/plzensky-prazdroj.jpg__180x180_q85_crop_subsampling-2_upscale@2x.jpg','2018-07-19 11:28:17',74),
	(521,'f9bde26a1556cd667f742bd34ec7c55e','filer_public_thumbnails/filer_public/7a/70/7a701437-5d84-4a0e-979d-f2e88599550e/beer.png__32x32_q85_crop_subsampling-2_upscale.png','2018-07-27 13:37:30',75),
	(522,'f9bde26a1556cd667f742bd34ec7c55e','filer_public_thumbnails/filer_public/7a/70/7a701437-5d84-4a0e-979d-f2e88599550e/beer.png__32x32_q85_crop_subsampling-2_upscale@2x.png','2018-07-27 13:37:30',75),
	(523,'f9bde26a1556cd667f742bd34ec7c55e','filer_public_thumbnails/filer_public/14/19/14198386-7178-4597-9761-a47646377c64/arrow-right.png__32x32_q85_crop_subsampling-2_upscale.png','2018-07-27 13:37:29',77),
	(524,'f9bde26a1556cd667f742bd34ec7c55e','filer_public_thumbnails/filer_public/c4/75/c47571cd-0f8c-4a68-9838-008ef74731b7/5.png__32x32_q85_crop_subsampling-2_upscale.png','2018-07-27 13:37:29',76),
	(525,'f9bde26a1556cd667f742bd34ec7c55e','filer_public_thumbnails/filer_public/7a/70/7a701437-5d84-4a0e-979d-f2e88599550e/beer.png__64x64_q85_crop_subsampling-2_upscale.png','2018-07-27 13:37:30',75),
	(526,'f9bde26a1556cd667f742bd34ec7c55e','filer_public_thumbnails/filer_public/14/19/14198386-7178-4597-9761-a47646377c64/arrow-right.png__32x32_q85_crop_subsampling-2_upscale@2x.png','2018-07-27 13:37:29',77),
	(527,'f9bde26a1556cd667f742bd34ec7c55e','filer_public_thumbnails/filer_public/c4/75/c47571cd-0f8c-4a68-9838-008ef74731b7/5.png__32x32_q85_crop_subsampling-2_upscale@2x.png','2018-07-27 13:37:29',76),
	(528,'f9bde26a1556cd667f742bd34ec7c55e','filer_public_thumbnails/filer_public/7a/70/7a701437-5d84-4a0e-979d-f2e88599550e/beer.png__64x64_q85_crop_subsampling-2_upscale@2x.png','2018-07-27 13:37:30',75),
	(529,'f9bde26a1556cd667f742bd34ec7c55e','filer_public_thumbnails/filer_public/14/19/14198386-7178-4597-9761-a47646377c64/arrow-right.png__64x64_q85_crop_subsampling-2_upscale.png','2018-07-27 13:37:29',77),
	(530,'f9bde26a1556cd667f742bd34ec7c55e','filer_public_thumbnails/filer_public/7a/70/7a701437-5d84-4a0e-979d-f2e88599550e/beer.png__48x48_q85_crop_subsampling-2_upscale.png','2018-07-27 13:37:30',75),
	(531,'f9bde26a1556cd667f742bd34ec7c55e','filer_public_thumbnails/filer_public/c4/75/c47571cd-0f8c-4a68-9838-008ef74731b7/5.png__64x64_q85_crop_subsampling-2_upscale.png','2018-07-27 13:37:29',76),
	(532,'f9bde26a1556cd667f742bd34ec7c55e','filer_public_thumbnails/filer_public/14/19/14198386-7178-4597-9761-a47646377c64/arrow-right.png__64x64_q85_crop_subsampling-2_upscale@2x.png','2018-07-27 13:37:29',77),
	(533,'f9bde26a1556cd667f742bd34ec7c55e','filer_public_thumbnails/filer_public/7a/70/7a701437-5d84-4a0e-979d-f2e88599550e/beer.png__48x48_q85_crop_subsampling-2_upscale@2x.png','2018-07-27 13:37:30',75),
	(534,'f9bde26a1556cd667f742bd34ec7c55e','filer_public_thumbnails/filer_public/c4/75/c47571cd-0f8c-4a68-9838-008ef74731b7/5.png__64x64_q85_crop_subsampling-2_upscale@2x.png','2018-07-27 13:37:29',76),
	(535,'f9bde26a1556cd667f742bd34ec7c55e','filer_public_thumbnails/filer_public/14/19/14198386-7178-4597-9761-a47646377c64/arrow-right.png__48x48_q85_crop_subsampling-2_upscale.png','2018-07-27 13:37:29',77),
	(536,'f9bde26a1556cd667f742bd34ec7c55e','filer_public_thumbnails/filer_public/7a/70/7a701437-5d84-4a0e-979d-f2e88599550e/beer.png__16x16_q85_crop_subsampling-2_upscale.png','2018-07-27 13:37:30',75),
	(537,'f9bde26a1556cd667f742bd34ec7c55e','filer_public_thumbnails/filer_public/c4/75/c47571cd-0f8c-4a68-9838-008ef74731b7/5.png__48x48_q85_crop_subsampling-2_upscale.png','2018-07-27 13:37:29',76),
	(538,'f9bde26a1556cd667f742bd34ec7c55e','filer_public_thumbnails/filer_public/14/19/14198386-7178-4597-9761-a47646377c64/arrow-right.png__48x48_q85_crop_subsampling-2_upscale@2x.png','2018-07-27 13:37:29',77),
	(539,'f9bde26a1556cd667f742bd34ec7c55e','filer_public_thumbnails/filer_public/7a/70/7a701437-5d84-4a0e-979d-f2e88599550e/beer.png__16x16_q85_crop_subsampling-2_upscale@2x.png','2018-07-27 13:37:30',75),
	(540,'f9bde26a1556cd667f742bd34ec7c55e','filer_public_thumbnails/filer_public/c4/75/c47571cd-0f8c-4a68-9838-008ef74731b7/5.png__48x48_q85_crop_subsampling-2_upscale@2x.png','2018-07-27 13:37:29',76),
	(541,'f9bde26a1556cd667f742bd34ec7c55e','filer_public_thumbnails/filer_public/14/19/14198386-7178-4597-9761-a47646377c64/arrow-right.png__16x16_q85_crop_subsampling-2_upscale.png','2018-07-27 13:37:29',77),
	(542,'f9bde26a1556cd667f742bd34ec7c55e','filer_public_thumbnails/filer_public/c4/75/c47571cd-0f8c-4a68-9838-008ef74731b7/5.png__16x16_q85_crop_subsampling-2_upscale.png','2018-07-27 13:37:29',76),
	(543,'f9bde26a1556cd667f742bd34ec7c55e','filer_public_thumbnails/filer_public/7a/70/7a701437-5d84-4a0e-979d-f2e88599550e/beer.png__180x180_q85_crop_subsampling-2_upscale.png','2018-07-19 15:13:11',75),
	(544,'f9bde26a1556cd667f742bd34ec7c55e','filer_public_thumbnails/filer_public/14/19/14198386-7178-4597-9761-a47646377c64/arrow-right.png__16x16_q85_crop_subsampling-2_upscale@2x.png','2018-07-27 13:37:29',77),
	(545,'f9bde26a1556cd667f742bd34ec7c55e','filer_public_thumbnails/filer_public/c4/75/c47571cd-0f8c-4a68-9838-008ef74731b7/5.png__16x16_q85_crop_subsampling-2_upscale@2x.png','2018-07-27 13:37:29',76),
	(546,'f9bde26a1556cd667f742bd34ec7c55e','filer_public_thumbnails/filer_public/14/19/14198386-7178-4597-9761-a47646377c64/arrow-right.png__180x180_q85_crop_subsampling-2_upscale.png','2018-07-19 15:13:11',77),
	(547,'f9bde26a1556cd667f742bd34ec7c55e','filer_public_thumbnails/filer_public/c4/75/c47571cd-0f8c-4a68-9838-008ef74731b7/5.png__180x180_q85_crop_subsampling-2_upscale.png','2018-07-19 15:13:11',76),
	(548,'f9bde26a1556cd667f742bd34ec7c55e','filer_public_thumbnails/filer_public/7a/70/7a701437-5d84-4a0e-979d-f2e88599550e/beer.png__180x180_q85_crop_subsampling-2_upscale@2x.png','2018-07-19 15:13:11',75),
	(549,'f9bde26a1556cd667f742bd34ec7c55e','filer_public_thumbnails/filer_public/c4/75/c47571cd-0f8c-4a68-9838-008ef74731b7/5.png__180x180_q85_crop_subsampling-2_upscale@2x.png','2018-07-19 15:13:11',76),
	(550,'f9bde26a1556cd667f742bd34ec7c55e','filer_public_thumbnails/filer_public/14/19/14198386-7178-4597-9761-a47646377c64/arrow-right.png__180x180_q85_crop_subsampling-2_upscale@2x.png','2018-07-19 15:13:12',77),
	(551,'f9bde26a1556cd667f742bd34ec7c55e','filer_public_thumbnails/filer_public/90/cd/90cd53ff-12fe-42a0-97fa-55cc80339fbd/center-person.png__32x32_q85_crop_subsampling-2_upscale.jpg','2018-07-27 13:37:30',78),
	(552,'f9bde26a1556cd667f742bd34ec7c55e','filer_public_thumbnails/filer_public/03/20/0320b11a-591d-4ba7-acb9-cf70c318469c/chair.png__32x32_q85_crop_subsampling-2_upscale.png','2018-07-27 13:37:31',79),
	(553,'f9bde26a1556cd667f742bd34ec7c55e','filer_public_thumbnails/filer_public/90/cd/90cd53ff-12fe-42a0-97fa-55cc80339fbd/center-person.png__32x32_q85_crop_subsampling-2_upscale@2x.jpg','2018-07-27 13:37:30',78),
	(554,'f9bde26a1556cd667f742bd34ec7c55e','filer_public_thumbnails/filer_public/03/20/0320b11a-591d-4ba7-acb9-cf70c318469c/chair.png__32x32_q85_crop_subsampling-2_upscale@2x.png','2018-07-27 13:37:31',79),
	(555,'f9bde26a1556cd667f742bd34ec7c55e','filer_public_thumbnails/filer_public/90/cd/90cd53ff-12fe-42a0-97fa-55cc80339fbd/center-person.png__64x64_q85_crop_subsampling-2_upscale.jpg','2018-07-27 13:37:30',78),
	(556,'f9bde26a1556cd667f742bd34ec7c55e','filer_public_thumbnails/filer_public/03/20/0320b11a-591d-4ba7-acb9-cf70c318469c/chair.png__64x64_q85_crop_subsampling-2_upscale.png','2018-07-27 13:37:31',79),
	(557,'f9bde26a1556cd667f742bd34ec7c55e','filer_public_thumbnails/filer_public/90/cd/90cd53ff-12fe-42a0-97fa-55cc80339fbd/center-person.png__64x64_q85_crop_subsampling-2_upscale@2x.jpg','2018-07-27 13:37:30',78),
	(558,'f9bde26a1556cd667f742bd34ec7c55e','filer_public_thumbnails/filer_public/03/20/0320b11a-591d-4ba7-acb9-cf70c318469c/chair.png__64x64_q85_crop_subsampling-2_upscale@2x.png','2018-07-27 13:37:31',79),
	(559,'f9bde26a1556cd667f742bd34ec7c55e','filer_public_thumbnails/filer_public/90/cd/90cd53ff-12fe-42a0-97fa-55cc80339fbd/center-person.png__48x48_q85_crop_subsampling-2_upscale.jpg','2018-07-27 13:37:30',78),
	(560,'f9bde26a1556cd667f742bd34ec7c55e','filer_public_thumbnails/filer_public/03/20/0320b11a-591d-4ba7-acb9-cf70c318469c/chair.png__48x48_q85_crop_subsampling-2_upscale.png','2018-07-27 13:37:31',79),
	(561,'f9bde26a1556cd667f742bd34ec7c55e','filer_public_thumbnails/filer_public/90/cd/90cd53ff-12fe-42a0-97fa-55cc80339fbd/center-person.png__48x48_q85_crop_subsampling-2_upscale@2x.jpg','2018-07-27 13:37:30',78),
	(562,'f9bde26a1556cd667f742bd34ec7c55e','filer_public_thumbnails/filer_public/03/20/0320b11a-591d-4ba7-acb9-cf70c318469c/chair.png__48x48_q85_crop_subsampling-2_upscale@2x.png','2018-07-27 13:37:31',79),
	(563,'f9bde26a1556cd667f742bd34ec7c55e','filer_public_thumbnails/filer_public/90/cd/90cd53ff-12fe-42a0-97fa-55cc80339fbd/center-person.png__16x16_q85_crop_subsampling-2_upscale.jpg','2018-07-27 13:37:30',78),
	(564,'f9bde26a1556cd667f742bd34ec7c55e','filer_public_thumbnails/filer_public/03/20/0320b11a-591d-4ba7-acb9-cf70c318469c/chair.png__16x16_q85_crop_subsampling-2_upscale.png','2018-07-27 13:37:31',79),
	(565,'f9bde26a1556cd667f742bd34ec7c55e','filer_public_thumbnails/filer_public/90/cd/90cd53ff-12fe-42a0-97fa-55cc80339fbd/center-person.png__16x16_q85_crop_subsampling-2_upscale@2x.jpg','2018-07-27 13:37:31',78),
	(566,'f9bde26a1556cd667f742bd34ec7c55e','filer_public_thumbnails/filer_public/03/20/0320b11a-591d-4ba7-acb9-cf70c318469c/chair.png__16x16_q85_crop_subsampling-2_upscale@2x.png','2018-07-27 13:37:31',79),
	(567,'f9bde26a1556cd667f742bd34ec7c55e','filer_public_thumbnails/filer_public/90/cd/90cd53ff-12fe-42a0-97fa-55cc80339fbd/center-person.png__180x180_q85_crop_subsampling-2_upscale.jpg','2018-07-19 15:13:12',78),
	(568,'f9bde26a1556cd667f742bd34ec7c55e','filer_public_thumbnails/filer_public/03/20/0320b11a-591d-4ba7-acb9-cf70c318469c/chair.png__180x180_q85_crop_subsampling-2_upscale.png','2018-07-19 15:13:12',79),
	(569,'f9bde26a1556cd667f742bd34ec7c55e','filer_public_thumbnails/filer_public/90/cd/90cd53ff-12fe-42a0-97fa-55cc80339fbd/center-person.png__180x180_q85_crop_subsampling-2_upscale@2x.jpg','2018-07-19 15:13:12',78),
	(570,'f9bde26a1556cd667f742bd34ec7c55e','filer_public_thumbnails/filer_public/03/20/0320b11a-591d-4ba7-acb9-cf70c318469c/chair.png__180x180_q85_crop_subsampling-2_upscale@2x.png','2018-07-19 15:13:12',79),
	(571,'f9bde26a1556cd667f742bd34ec7c55e','filer_public_thumbnails/filer_public/fb/15/fb159c45-0522-4684-ab37-17e906653482/chat-heart.png__32x32_q85_crop_subsampling-2_upscale.png','2018-07-27 13:23:50',80),
	(572,'f9bde26a1556cd667f742bd34ec7c55e','filer_public_thumbnails/filer_public/e5/70/e5707604-c4fa-42d4-ae95-a3fe549ca6ac/chat-bubble.png__32x32_q85_crop_subsampling-2_upscale.png','2018-07-27 13:37:31',81),
	(573,'f9bde26a1556cd667f742bd34ec7c55e','filer_public_thumbnails/filer_public/6d/9d/6d9dc3ca-d3c5-43b4-bf09-153e4cc841bd/chat-human-black.png__32x32_q85_crop_subsampling-2_upscale.png','2018-07-27 13:37:32',82),
	(574,'f9bde26a1556cd667f742bd34ec7c55e','filer_public_thumbnails/filer_public/fb/15/fb159c45-0522-4684-ab37-17e906653482/chat-heart.png__32x32_q85_crop_subsampling-2_upscale@2x.png','2018-07-27 13:23:50',80),
	(575,'f9bde26a1556cd667f742bd34ec7c55e','filer_public_thumbnails/filer_public/e5/70/e5707604-c4fa-42d4-ae95-a3fe549ca6ac/chat-bubble.png__32x32_q85_crop_subsampling-2_upscale@2x.png','2018-07-27 13:37:31',81),
	(576,'f9bde26a1556cd667f742bd34ec7c55e','filer_public_thumbnails/filer_public/6d/9d/6d9dc3ca-d3c5-43b4-bf09-153e4cc841bd/chat-human-black.png__32x32_q85_crop_subsampling-2_upscale@2x.png','2018-07-27 13:37:32',82),
	(577,'f9bde26a1556cd667f742bd34ec7c55e','filer_public_thumbnails/filer_public/e5/70/e5707604-c4fa-42d4-ae95-a3fe549ca6ac/chat-bubble.png__64x64_q85_crop_subsampling-2_upscale.png','2018-07-27 13:37:31',81),
	(578,'f9bde26a1556cd667f742bd34ec7c55e','filer_public_thumbnails/filer_public/fb/15/fb159c45-0522-4684-ab37-17e906653482/chat-heart.png__64x64_q85_crop_subsampling-2_upscale.png','2018-07-27 13:23:50',80),
	(579,'f9bde26a1556cd667f742bd34ec7c55e','filer_public_thumbnails/filer_public/6d/9d/6d9dc3ca-d3c5-43b4-bf09-153e4cc841bd/chat-human-black.png__64x64_q85_crop_subsampling-2_upscale.png','2018-07-27 13:37:32',82),
	(580,'f9bde26a1556cd667f742bd34ec7c55e','filer_public_thumbnails/filer_public/e5/70/e5707604-c4fa-42d4-ae95-a3fe549ca6ac/chat-bubble.png__64x64_q85_crop_subsampling-2_upscale@2x.png','2018-07-27 13:37:32',81),
	(581,'f9bde26a1556cd667f742bd34ec7c55e','filer_public_thumbnails/filer_public/fb/15/fb159c45-0522-4684-ab37-17e906653482/chat-heart.png__64x64_q85_crop_subsampling-2_upscale@2x.png','2018-07-27 13:23:50',80),
	(582,'f9bde26a1556cd667f742bd34ec7c55e','filer_public_thumbnails/filer_public/6d/9d/6d9dc3ca-d3c5-43b4-bf09-153e4cc841bd/chat-human-black.png__64x64_q85_crop_subsampling-2_upscale@2x.png','2018-07-27 13:37:32',82),
	(583,'f9bde26a1556cd667f742bd34ec7c55e','filer_public_thumbnails/filer_public/e5/70/e5707604-c4fa-42d4-ae95-a3fe549ca6ac/chat-bubble.png__48x48_q85_crop_subsampling-2_upscale.png','2018-07-27 13:37:32',81),
	(584,'f9bde26a1556cd667f742bd34ec7c55e','filer_public_thumbnails/filer_public/fb/15/fb159c45-0522-4684-ab37-17e906653482/chat-heart.png__48x48_q85_crop_subsampling-2_upscale.png','2018-07-27 13:23:50',80),
	(585,'f9bde26a1556cd667f742bd34ec7c55e','filer_public_thumbnails/filer_public/6d/9d/6d9dc3ca-d3c5-43b4-bf09-153e4cc841bd/chat-human-black.png__48x48_q85_crop_subsampling-2_upscale.png','2018-07-27 13:37:32',82),
	(586,'f9bde26a1556cd667f742bd34ec7c55e','filer_public_thumbnails/filer_public/fb/15/fb159c45-0522-4684-ab37-17e906653482/chat-heart.png__48x48_q85_crop_subsampling-2_upscale@2x.png','2018-07-27 13:23:50',80),
	(587,'f9bde26a1556cd667f742bd34ec7c55e','filer_public_thumbnails/filer_public/6d/9d/6d9dc3ca-d3c5-43b4-bf09-153e4cc841bd/chat-human-black.png__48x48_q85_crop_subsampling-2_upscale@2x.png','2018-07-27 13:37:32',82),
	(588,'f9bde26a1556cd667f742bd34ec7c55e','filer_public_thumbnails/filer_public/e5/70/e5707604-c4fa-42d4-ae95-a3fe549ca6ac/chat-bubble.png__48x48_q85_crop_subsampling-2_upscale@2x.png','2018-07-27 13:37:32',81),
	(589,'f9bde26a1556cd667f742bd34ec7c55e','filer_public_thumbnails/filer_public/fb/15/fb159c45-0522-4684-ab37-17e906653482/chat-heart.png__16x16_q85_crop_subsampling-2_upscale.png','2018-07-27 13:23:50',80),
	(590,'f9bde26a1556cd667f742bd34ec7c55e','filer_public_thumbnails/filer_public/6d/9d/6d9dc3ca-d3c5-43b4-bf09-153e4cc841bd/chat-human-black.png__16x16_q85_crop_subsampling-2_upscale.png','2018-07-27 13:37:32',82),
	(591,'f9bde26a1556cd667f742bd34ec7c55e','filer_public_thumbnails/filer_public/e5/70/e5707604-c4fa-42d4-ae95-a3fe549ca6ac/chat-bubble.png__16x16_q85_crop_subsampling-2_upscale.png','2018-07-27 13:37:32',81),
	(592,'f9bde26a1556cd667f742bd34ec7c55e','filer_public_thumbnails/filer_public/fb/15/fb159c45-0522-4684-ab37-17e906653482/chat-heart.png__16x16_q85_crop_subsampling-2_upscale@2x.png','2018-07-27 13:23:51',80),
	(593,'f9bde26a1556cd667f742bd34ec7c55e','filer_public_thumbnails/filer_public/e5/70/e5707604-c4fa-42d4-ae95-a3fe549ca6ac/chat-bubble.png__16x16_q85_crop_subsampling-2_upscale@2x.png','2018-07-27 13:37:32',81),
	(594,'f9bde26a1556cd667f742bd34ec7c55e','filer_public_thumbnails/filer_public/6d/9d/6d9dc3ca-d3c5-43b4-bf09-153e4cc841bd/chat-human-black.png__16x16_q85_crop_subsampling-2_upscale@2x.png','2018-07-27 13:37:32',82),
	(595,'f9bde26a1556cd667f742bd34ec7c55e','filer_public_thumbnails/filer_public/fb/15/fb159c45-0522-4684-ab37-17e906653482/chat-heart.png__180x180_q85_crop_subsampling-2_upscale.png','2018-07-19 15:13:13',80),
	(596,'f9bde26a1556cd667f742bd34ec7c55e','filer_public_thumbnails/filer_public/6d/9d/6d9dc3ca-d3c5-43b4-bf09-153e4cc841bd/chat-human-black.png__180x180_q85_crop_subsampling-2_upscale.png','2018-07-19 15:13:13',82),
	(597,'f9bde26a1556cd667f742bd34ec7c55e','filer_public_thumbnails/filer_public/e5/70/e5707604-c4fa-42d4-ae95-a3fe549ca6ac/chat-bubble.png__180x180_q85_crop_subsampling-2_upscale.png','2018-07-19 15:13:13',81),
	(598,'f9bde26a1556cd667f742bd34ec7c55e','filer_public_thumbnails/filer_public/6d/9d/6d9dc3ca-d3c5-43b4-bf09-153e4cc841bd/chat-human-black.png__180x180_q85_crop_subsampling-2_upscale@2x.png','2018-07-19 15:13:13',82),
	(599,'f9bde26a1556cd667f742bd34ec7c55e','filer_public_thumbnails/filer_public/fb/15/fb159c45-0522-4684-ab37-17e906653482/chat-heart.png__180x180_q85_crop_subsampling-2_upscale@2x.png','2018-07-19 15:13:13',80),
	(600,'f9bde26a1556cd667f742bd34ec7c55e','filer_public_thumbnails/filer_public/e5/70/e5707604-c4fa-42d4-ae95-a3fe549ca6ac/chat-bubble.png__180x180_q85_crop_subsampling-2_upscale@2x.png','2018-07-19 15:13:13',81),
	(601,'f9bde26a1556cd667f742bd34ec7c55e','filer_public_thumbnails/filer_public/1b/f4/1bf4b89c-d4a2-4559-8e3c-34a43f8a6520/chat-human.png__32x32_q85_crop_subsampling-2_upscale.png','2018-07-27 13:37:32',83),
	(602,'f9bde26a1556cd667f742bd34ec7c55e','filer_public_thumbnails/filer_public/07/4f/074f4c3e-bca4-409e-89a1-610de279a371/chat.png__32x32_q85_crop_subsampling-2_upscale.png','2018-07-27 13:37:33',84),
	(603,'f9bde26a1556cd667f742bd34ec7c55e','filer_public_thumbnails/filer_public/da/d8/dad87021-c8d7-490d-93e1-fab82876437e/computer.png__32x32_q85_crop_subsampling-2_upscale.png','2018-07-27 13:37:33',85),
	(604,'f9bde26a1556cd667f742bd34ec7c55e','filer_public_thumbnails/filer_public/1b/f4/1bf4b89c-d4a2-4559-8e3c-34a43f8a6520/chat-human.png__32x32_q85_crop_subsampling-2_upscale@2x.png','2018-07-27 13:37:32',83),
	(605,'f9bde26a1556cd667f742bd34ec7c55e','filer_public_thumbnails/filer_public/07/4f/074f4c3e-bca4-409e-89a1-610de279a371/chat.png__32x32_q85_crop_subsampling-2_upscale@2x.png','2018-07-27 13:37:33',84),
	(606,'f9bde26a1556cd667f742bd34ec7c55e','filer_public_thumbnails/filer_public/da/d8/dad87021-c8d7-490d-93e1-fab82876437e/computer.png__32x32_q85_crop_subsampling-2_upscale@2x.png','2018-07-27 13:37:33',85),
	(607,'f9bde26a1556cd667f742bd34ec7c55e','filer_public_thumbnails/filer_public/1b/f4/1bf4b89c-d4a2-4559-8e3c-34a43f8a6520/chat-human.png__64x64_q85_crop_subsampling-2_upscale.png','2018-07-27 13:37:32',83),
	(608,'f9bde26a1556cd667f742bd34ec7c55e','filer_public_thumbnails/filer_public/07/4f/074f4c3e-bca4-409e-89a1-610de279a371/chat.png__64x64_q85_crop_subsampling-2_upscale.png','2018-07-27 13:37:33',84),
	(609,'f9bde26a1556cd667f742bd34ec7c55e','filer_public_thumbnails/filer_public/da/d8/dad87021-c8d7-490d-93e1-fab82876437e/computer.png__64x64_q85_crop_subsampling-2_upscale.png','2018-07-27 13:37:33',85),
	(610,'f9bde26a1556cd667f742bd34ec7c55e','filer_public_thumbnails/filer_public/1b/f4/1bf4b89c-d4a2-4559-8e3c-34a43f8a6520/chat-human.png__64x64_q85_crop_subsampling-2_upscale@2x.png','2018-07-27 13:37:32',83),
	(611,'f9bde26a1556cd667f742bd34ec7c55e','filer_public_thumbnails/filer_public/07/4f/074f4c3e-bca4-409e-89a1-610de279a371/chat.png__64x64_q85_crop_subsampling-2_upscale@2x.png','2018-07-27 13:37:33',84),
	(612,'f9bde26a1556cd667f742bd34ec7c55e','filer_public_thumbnails/filer_public/da/d8/dad87021-c8d7-490d-93e1-fab82876437e/computer.png__64x64_q85_crop_subsampling-2_upscale@2x.png','2018-07-27 13:37:33',85),
	(613,'f9bde26a1556cd667f742bd34ec7c55e','filer_public_thumbnails/filer_public/07/4f/074f4c3e-bca4-409e-89a1-610de279a371/chat.png__48x48_q85_crop_subsampling-2_upscale.png','2018-07-27 13:37:33',84),
	(614,'f9bde26a1556cd667f742bd34ec7c55e','filer_public_thumbnails/filer_public/1b/f4/1bf4b89c-d4a2-4559-8e3c-34a43f8a6520/chat-human.png__48x48_q85_crop_subsampling-2_upscale.png','2018-07-27 13:37:32',83),
	(615,'f9bde26a1556cd667f742bd34ec7c55e','filer_public_thumbnails/filer_public/da/d8/dad87021-c8d7-490d-93e1-fab82876437e/computer.png__48x48_q85_crop_subsampling-2_upscale.png','2018-07-27 13:37:33',85),
	(616,'f9bde26a1556cd667f742bd34ec7c55e','filer_public_thumbnails/filer_public/1b/f4/1bf4b89c-d4a2-4559-8e3c-34a43f8a6520/chat-human.png__48x48_q85_crop_subsampling-2_upscale@2x.png','2018-07-27 13:37:32',83),
	(617,'f9bde26a1556cd667f742bd34ec7c55e','filer_public_thumbnails/filer_public/07/4f/074f4c3e-bca4-409e-89a1-610de279a371/chat.png__48x48_q85_crop_subsampling-2_upscale@2x.png','2018-07-27 13:37:33',84),
	(618,'f9bde26a1556cd667f742bd34ec7c55e','filer_public_thumbnails/filer_public/da/d8/dad87021-c8d7-490d-93e1-fab82876437e/computer.png__48x48_q85_crop_subsampling-2_upscale@2x.png','2018-07-27 13:37:33',85),
	(619,'f9bde26a1556cd667f742bd34ec7c55e','filer_public_thumbnails/filer_public/1b/f4/1bf4b89c-d4a2-4559-8e3c-34a43f8a6520/chat-human.png__16x16_q85_crop_subsampling-2_upscale.png','2018-07-27 13:37:32',83),
	(620,'f9bde26a1556cd667f742bd34ec7c55e','filer_public_thumbnails/filer_public/07/4f/074f4c3e-bca4-409e-89a1-610de279a371/chat.png__16x16_q85_crop_subsampling-2_upscale.png','2018-07-27 13:37:33',84),
	(621,'f9bde26a1556cd667f742bd34ec7c55e','filer_public_thumbnails/filer_public/da/d8/dad87021-c8d7-490d-93e1-fab82876437e/computer.png__16x16_q85_crop_subsampling-2_upscale.png','2018-07-27 13:37:33',85),
	(622,'f9bde26a1556cd667f742bd34ec7c55e','filer_public_thumbnails/filer_public/1b/f4/1bf4b89c-d4a2-4559-8e3c-34a43f8a6520/chat-human.png__16x16_q85_crop_subsampling-2_upscale@2x.png','2018-07-27 13:37:32',83),
	(623,'f9bde26a1556cd667f742bd34ec7c55e','filer_public_thumbnails/filer_public/1b/f4/1bf4b89c-d4a2-4559-8e3c-34a43f8a6520/chat-human.png__180x180_q85_crop_subsampling-2_upscale.png','2018-07-19 15:13:14',83),
	(624,'f9bde26a1556cd667f742bd34ec7c55e','filer_public_thumbnails/filer_public/07/4f/074f4c3e-bca4-409e-89a1-610de279a371/chat.png__16x16_q85_crop_subsampling-2_upscale@2x.png','2018-07-27 13:37:33',84),
	(625,'f9bde26a1556cd667f742bd34ec7c55e','filer_public_thumbnails/filer_public/da/d8/dad87021-c8d7-490d-93e1-fab82876437e/computer.png__16x16_q85_crop_subsampling-2_upscale@2x.png','2018-07-27 13:37:33',85),
	(626,'f9bde26a1556cd667f742bd34ec7c55e','filer_public_thumbnails/filer_public/da/d8/dad87021-c8d7-490d-93e1-fab82876437e/computer.png__180x180_q85_crop_subsampling-2_upscale.png','2018-07-19 15:13:14',85),
	(627,'f9bde26a1556cd667f742bd34ec7c55e','filer_public_thumbnails/filer_public/07/4f/074f4c3e-bca4-409e-89a1-610de279a371/chat.png__180x180_q85_crop_subsampling-2_upscale.png','2018-07-19 15:13:14',84),
	(628,'f9bde26a1556cd667f742bd34ec7c55e','filer_public_thumbnails/filer_public/1b/f4/1bf4b89c-d4a2-4559-8e3c-34a43f8a6520/chat-human.png__180x180_q85_crop_subsampling-2_upscale@2x.png','2018-07-19 15:13:14',83),
	(629,'f9bde26a1556cd667f742bd34ec7c55e','filer_public_thumbnails/filer_public/07/4f/074f4c3e-bca4-409e-89a1-610de279a371/chat.png__180x180_q85_crop_subsampling-2_upscale@2x.png','2018-07-19 15:13:15',84),
	(630,'f9bde26a1556cd667f742bd34ec7c55e','filer_public_thumbnails/filer_public/da/d8/dad87021-c8d7-490d-93e1-fab82876437e/computer.png__180x180_q85_crop_subsampling-2_upscale@2x.png','2018-07-19 15:13:15',85),
	(631,'f9bde26a1556cd667f742bd34ec7c55e','filer_public_thumbnails/filer_public/1f/a6/1fa64916-2121-4e09-ac1a-1edef869e16c/diplom-small.png__32x32_q85_crop_subsampling-2_upscale.png','2018-07-27 13:37:33',86),
	(632,'f9bde26a1556cd667f742bd34ec7c55e','filer_public_thumbnails/filer_public/6a/0d/6a0dd9e4-0651-45ee-88e2-d7b401532851/envelope.png__32x32_q85_crop_subsampling-2_upscale.png','2018-07-27 13:37:34',88),
	(633,'f9bde26a1556cd667f742bd34ec7c55e','filer_public_thumbnails/filer_public/42/15/42153c3e-2063-4b89-acda-e5acdf01302d/envelope-black.png__32x32_q85_crop_subsampling-2_upscale.png','2018-07-27 13:37:34',87),
	(634,'f9bde26a1556cd667f742bd34ec7c55e','filer_public_thumbnails/filer_public/1f/a6/1fa64916-2121-4e09-ac1a-1edef869e16c/diplom-small.png__32x32_q85_crop_subsampling-2_upscale@2x.png','2018-07-27 13:37:33',86),
	(635,'f9bde26a1556cd667f742bd34ec7c55e','filer_public_thumbnails/filer_public/42/15/42153c3e-2063-4b89-acda-e5acdf01302d/envelope-black.png__32x32_q85_crop_subsampling-2_upscale@2x.png','2018-07-27 13:37:34',87),
	(636,'f9bde26a1556cd667f742bd34ec7c55e','filer_public_thumbnails/filer_public/6a/0d/6a0dd9e4-0651-45ee-88e2-d7b401532851/envelope.png__32x32_q85_crop_subsampling-2_upscale@2x.png','2018-07-27 13:37:34',88),
	(637,'f9bde26a1556cd667f742bd34ec7c55e','filer_public_thumbnails/filer_public/1f/a6/1fa64916-2121-4e09-ac1a-1edef869e16c/diplom-small.png__64x64_q85_crop_subsampling-2_upscale.png','2018-07-27 13:37:33',86),
	(638,'f9bde26a1556cd667f742bd34ec7c55e','filer_public_thumbnails/filer_public/6a/0d/6a0dd9e4-0651-45ee-88e2-d7b401532851/envelope.png__64x64_q85_crop_subsampling-2_upscale.png','2018-07-27 13:37:34',88),
	(639,'f9bde26a1556cd667f742bd34ec7c55e','filer_public_thumbnails/filer_public/42/15/42153c3e-2063-4b89-acda-e5acdf01302d/envelope-black.png__64x64_q85_crop_subsampling-2_upscale.png','2018-07-27 13:37:34',87),
	(640,'f9bde26a1556cd667f742bd34ec7c55e','filer_public_thumbnails/filer_public/1f/a6/1fa64916-2121-4e09-ac1a-1edef869e16c/diplom-small.png__64x64_q85_crop_subsampling-2_upscale@2x.png','2018-07-27 13:37:33',86),
	(641,'f9bde26a1556cd667f742bd34ec7c55e','filer_public_thumbnails/filer_public/42/15/42153c3e-2063-4b89-acda-e5acdf01302d/envelope-black.png__64x64_q85_crop_subsampling-2_upscale@2x.png','2018-07-27 13:37:34',87),
	(642,'f9bde26a1556cd667f742bd34ec7c55e','filer_public_thumbnails/filer_public/6a/0d/6a0dd9e4-0651-45ee-88e2-d7b401532851/envelope.png__64x64_q85_crop_subsampling-2_upscale@2x.png','2018-07-27 13:37:34',88),
	(643,'f9bde26a1556cd667f742bd34ec7c55e','filer_public_thumbnails/filer_public/1f/a6/1fa64916-2121-4e09-ac1a-1edef869e16c/diplom-small.png__48x48_q85_crop_subsampling-2_upscale.png','2018-07-27 13:37:33',86),
	(644,'f9bde26a1556cd667f742bd34ec7c55e','filer_public_thumbnails/filer_public/6a/0d/6a0dd9e4-0651-45ee-88e2-d7b401532851/envelope.png__48x48_q85_crop_subsampling-2_upscale.png','2018-07-27 13:37:34',88),
	(645,'f9bde26a1556cd667f742bd34ec7c55e','filer_public_thumbnails/filer_public/42/15/42153c3e-2063-4b89-acda-e5acdf01302d/envelope-black.png__48x48_q85_crop_subsampling-2_upscale.png','2018-07-27 13:37:34',87),
	(646,'f9bde26a1556cd667f742bd34ec7c55e','filer_public_thumbnails/filer_public/1f/a6/1fa64916-2121-4e09-ac1a-1edef869e16c/diplom-small.png__48x48_q85_crop_subsampling-2_upscale@2x.png','2018-07-27 13:37:33',86),
	(647,'f9bde26a1556cd667f742bd34ec7c55e','filer_public_thumbnails/filer_public/6a/0d/6a0dd9e4-0651-45ee-88e2-d7b401532851/envelope.png__48x48_q85_crop_subsampling-2_upscale@2x.png','2018-07-27 13:37:34',88),
	(648,'f9bde26a1556cd667f742bd34ec7c55e','filer_public_thumbnails/filer_public/42/15/42153c3e-2063-4b89-acda-e5acdf01302d/envelope-black.png__48x48_q85_crop_subsampling-2_upscale@2x.png','2018-07-27 13:37:34',87),
	(649,'f9bde26a1556cd667f742bd34ec7c55e','filer_public_thumbnails/filer_public/1f/a6/1fa64916-2121-4e09-ac1a-1edef869e16c/diplom-small.png__16x16_q85_crop_subsampling-2_upscale.png','2018-07-27 13:37:33',86),
	(650,'f9bde26a1556cd667f742bd34ec7c55e','filer_public_thumbnails/filer_public/6a/0d/6a0dd9e4-0651-45ee-88e2-d7b401532851/envelope.png__16x16_q85_crop_subsampling-2_upscale.png','2018-07-27 13:37:34',88),
	(651,'f9bde26a1556cd667f742bd34ec7c55e','filer_public_thumbnails/filer_public/42/15/42153c3e-2063-4b89-acda-e5acdf01302d/envelope-black.png__16x16_q85_crop_subsampling-2_upscale.png','2018-07-27 13:37:34',87),
	(652,'f9bde26a1556cd667f742bd34ec7c55e','filer_public_thumbnails/filer_public/1f/a6/1fa64916-2121-4e09-ac1a-1edef869e16c/diplom-small.png__16x16_q85_crop_subsampling-2_upscale@2x.png','2018-07-27 13:37:34',86),
	(653,'f9bde26a1556cd667f742bd34ec7c55e','filer_public_thumbnails/filer_public/6a/0d/6a0dd9e4-0651-45ee-88e2-d7b401532851/envelope.png__16x16_q85_crop_subsampling-2_upscale@2x.png','2018-07-27 13:37:34',88),
	(654,'f9bde26a1556cd667f742bd34ec7c55e','filer_public_thumbnails/filer_public/42/15/42153c3e-2063-4b89-acda-e5acdf01302d/envelope-black.png__16x16_q85_crop_subsampling-2_upscale@2x.png','2018-07-27 13:37:34',87),
	(655,'f9bde26a1556cd667f742bd34ec7c55e','filer_public_thumbnails/filer_public/1f/a6/1fa64916-2121-4e09-ac1a-1edef869e16c/diplom-small.png__180x180_q85_crop_subsampling-2_upscale.png','2018-07-19 15:13:16',86),
	(656,'f9bde26a1556cd667f742bd34ec7c55e','filer_public_thumbnails/filer_public/42/15/42153c3e-2063-4b89-acda-e5acdf01302d/envelope-black.png__180x180_q85_crop_subsampling-2_upscale.png','2018-07-19 15:13:16',87),
	(657,'f9bde26a1556cd667f742bd34ec7c55e','filer_public_thumbnails/filer_public/6a/0d/6a0dd9e4-0651-45ee-88e2-d7b401532851/envelope.png__180x180_q85_crop_subsampling-2_upscale.png','2018-07-19 15:13:16',88),
	(658,'f9bde26a1556cd667f742bd34ec7c55e','filer_public_thumbnails/filer_public/1f/a6/1fa64916-2121-4e09-ac1a-1edef869e16c/diplom-small.png__180x180_q85_crop_subsampling-2_upscale@2x.png','2018-07-19 15:13:16',86),
	(659,'f9bde26a1556cd667f742bd34ec7c55e','filer_public_thumbnails/filer_public/42/15/42153c3e-2063-4b89-acda-e5acdf01302d/envelope-black.png__180x180_q85_crop_subsampling-2_upscale@2x.png','2018-07-19 15:13:16',87),
	(660,'f9bde26a1556cd667f742bd34ec7c55e','filer_public_thumbnails/filer_public/6a/0d/6a0dd9e4-0651-45ee-88e2-d7b401532851/envelope.png__180x180_q85_crop_subsampling-2_upscale@2x.png','2018-07-19 15:13:16',88),
	(661,'f9bde26a1556cd667f742bd34ec7c55e','filer_public_thumbnails/filer_public/22/e1/22e129b6-cfc1-4a4c-85e8-f70d49ec0f34/in.png__32x32_q85_crop_subsampling-2_upscale.png','2018-07-27 13:37:35',89),
	(662,'f9bde26a1556cd667f742bd34ec7c55e','filer_public_thumbnails/filer_public/59/a4/59a4738f-b3b9-46a3-97f0-dba3af87c1e3/job-type.png__32x32_q85_crop_subsampling-2_upscale.png','2018-07-27 13:37:35',91),
	(663,'f9bde26a1556cd667f742bd34ec7c55e','filer_public_thumbnails/filer_public/dd/6a/dd6a258d-98f8-45d6-8134-76f6ac4bcd2d/folder.png__32x32_q85_crop_subsampling-2_upscale.png','2018-07-27 11:33:39',90),
	(664,'f9bde26a1556cd667f742bd34ec7c55e','filer_public_thumbnails/filer_public/22/e1/22e129b6-cfc1-4a4c-85e8-f70d49ec0f34/in.png__32x32_q85_crop_subsampling-2_upscale@2x.png','2018-07-27 13:37:35',89),
	(665,'f9bde26a1556cd667f742bd34ec7c55e','filer_public_thumbnails/filer_public/dd/6a/dd6a258d-98f8-45d6-8134-76f6ac4bcd2d/folder.png__32x32_q85_crop_subsampling-2_upscale@2x.png','2018-07-27 11:33:39',90),
	(666,'f9bde26a1556cd667f742bd34ec7c55e','filer_public_thumbnails/filer_public/59/a4/59a4738f-b3b9-46a3-97f0-dba3af87c1e3/job-type.png__32x32_q85_crop_subsampling-2_upscale@2x.png','2018-07-27 13:37:35',91),
	(667,'f9bde26a1556cd667f742bd34ec7c55e','filer_public_thumbnails/filer_public/22/e1/22e129b6-cfc1-4a4c-85e8-f70d49ec0f34/in.png__64x64_q85_crop_subsampling-2_upscale.png','2018-07-27 13:37:35',89),
	(668,'f9bde26a1556cd667f742bd34ec7c55e','filer_public_thumbnails/filer_public/dd/6a/dd6a258d-98f8-45d6-8134-76f6ac4bcd2d/folder.png__64x64_q85_crop_subsampling-2_upscale.png','2018-07-27 11:33:39',90),
	(669,'f9bde26a1556cd667f742bd34ec7c55e','filer_public_thumbnails/filer_public/59/a4/59a4738f-b3b9-46a3-97f0-dba3af87c1e3/job-type.png__64x64_q85_crop_subsampling-2_upscale.png','2018-07-27 13:37:35',91),
	(670,'f9bde26a1556cd667f742bd34ec7c55e','filer_public_thumbnails/filer_public/22/e1/22e129b6-cfc1-4a4c-85e8-f70d49ec0f34/in.png__64x64_q85_crop_subsampling-2_upscale@2x.png','2018-07-27 13:37:35',89),
	(671,'f9bde26a1556cd667f742bd34ec7c55e','filer_public_thumbnails/filer_public/dd/6a/dd6a258d-98f8-45d6-8134-76f6ac4bcd2d/folder.png__64x64_q85_crop_subsampling-2_upscale@2x.png','2018-07-27 11:33:39',90),
	(672,'f9bde26a1556cd667f742bd34ec7c55e','filer_public_thumbnails/filer_public/59/a4/59a4738f-b3b9-46a3-97f0-dba3af87c1e3/job-type.png__64x64_q85_crop_subsampling-2_upscale@2x.png','2018-07-27 13:37:35',91),
	(673,'f9bde26a1556cd667f742bd34ec7c55e','filer_public_thumbnails/filer_public/22/e1/22e129b6-cfc1-4a4c-85e8-f70d49ec0f34/in.png__48x48_q85_crop_subsampling-2_upscale.png','2018-07-27 13:37:35',89),
	(674,'f9bde26a1556cd667f742bd34ec7c55e','filer_public_thumbnails/filer_public/dd/6a/dd6a258d-98f8-45d6-8134-76f6ac4bcd2d/folder.png__48x48_q85_crop_subsampling-2_upscale.png','2018-07-27 11:33:39',90),
	(675,'f9bde26a1556cd667f742bd34ec7c55e','filer_public_thumbnails/filer_public/59/a4/59a4738f-b3b9-46a3-97f0-dba3af87c1e3/job-type.png__48x48_q85_crop_subsampling-2_upscale.png','2018-07-27 13:37:35',91),
	(676,'f9bde26a1556cd667f742bd34ec7c55e','filer_public_thumbnails/filer_public/22/e1/22e129b6-cfc1-4a4c-85e8-f70d49ec0f34/in.png__48x48_q85_crop_subsampling-2_upscale@2x.png','2018-07-27 13:37:35',89),
	(677,'f9bde26a1556cd667f742bd34ec7c55e','filer_public_thumbnails/filer_public/dd/6a/dd6a258d-98f8-45d6-8134-76f6ac4bcd2d/folder.png__48x48_q85_crop_subsampling-2_upscale@2x.png','2018-07-27 11:33:39',90),
	(678,'f9bde26a1556cd667f742bd34ec7c55e','filer_public_thumbnails/filer_public/59/a4/59a4738f-b3b9-46a3-97f0-dba3af87c1e3/job-type.png__48x48_q85_crop_subsampling-2_upscale@2x.png','2018-07-27 13:37:35',91),
	(679,'f9bde26a1556cd667f742bd34ec7c55e','filer_public_thumbnails/filer_public/59/a4/59a4738f-b3b9-46a3-97f0-dba3af87c1e3/job-type.png__16x16_q85_crop_subsampling-2_upscale.png','2018-07-27 13:37:35',91),
	(680,'f9bde26a1556cd667f742bd34ec7c55e','filer_public_thumbnails/filer_public/dd/6a/dd6a258d-98f8-45d6-8134-76f6ac4bcd2d/folder.png__16x16_q85_crop_subsampling-2_upscale.png','2018-07-27 11:33:39',90),
	(681,'f9bde26a1556cd667f742bd34ec7c55e','filer_public_thumbnails/filer_public/22/e1/22e129b6-cfc1-4a4c-85e8-f70d49ec0f34/in.png__16x16_q85_crop_subsampling-2_upscale.png','2018-07-27 13:37:35',89),
	(682,'f9bde26a1556cd667f742bd34ec7c55e','filer_public_thumbnails/filer_public/59/a4/59a4738f-b3b9-46a3-97f0-dba3af87c1e3/job-type.png__16x16_q85_crop_subsampling-2_upscale@2x.png','2018-07-27 13:37:35',91),
	(683,'f9bde26a1556cd667f742bd34ec7c55e','filer_public_thumbnails/filer_public/dd/6a/dd6a258d-98f8-45d6-8134-76f6ac4bcd2d/folder.png__16x16_q85_crop_subsampling-2_upscale@2x.png','2018-07-27 11:33:39',90),
	(684,'f9bde26a1556cd667f742bd34ec7c55e','filer_public_thumbnails/filer_public/22/e1/22e129b6-cfc1-4a4c-85e8-f70d49ec0f34/in.png__16x16_q85_crop_subsampling-2_upscale@2x.png','2018-07-27 13:37:35',89),
	(685,'f9bde26a1556cd667f742bd34ec7c55e','filer_public_thumbnails/filer_public/dd/6a/dd6a258d-98f8-45d6-8134-76f6ac4bcd2d/folder.png__180x180_q85_crop_subsampling-2_upscale.png','2018-07-19 15:13:16',90),
	(686,'f9bde26a1556cd667f742bd34ec7c55e','filer_public_thumbnails/filer_public/59/a4/59a4738f-b3b9-46a3-97f0-dba3af87c1e3/job-type.png__180x180_q85_crop_subsampling-2_upscale.png','2018-07-19 15:13:16',91),
	(687,'f9bde26a1556cd667f742bd34ec7c55e','filer_public_thumbnails/filer_public/22/e1/22e129b6-cfc1-4a4c-85e8-f70d49ec0f34/in.png__180x180_q85_crop_subsampling-2_upscale.png','2018-07-19 15:13:16',89),
	(688,'f9bde26a1556cd667f742bd34ec7c55e','filer_public_thumbnails/filer_public/dd/6a/dd6a258d-98f8-45d6-8134-76f6ac4bcd2d/folder.png__180x180_q85_crop_subsampling-2_upscale@2x.png','2018-07-19 15:13:16',90),
	(689,'f9bde26a1556cd667f742bd34ec7c55e','filer_public_thumbnails/filer_public/59/a4/59a4738f-b3b9-46a3-97f0-dba3af87c1e3/job-type.png__180x180_q85_crop_subsampling-2_upscale@2x.png','2018-07-19 15:13:17',91),
	(690,'f9bde26a1556cd667f742bd34ec7c55e','filer_public_thumbnails/filer_public/22/e1/22e129b6-cfc1-4a4c-85e8-f70d49ec0f34/in.png__180x180_q85_crop_subsampling-2_upscale@2x.png','2018-07-19 15:13:17',89),
	(691,'f9bde26a1556cd667f742bd34ec7c55e','filer_public_thumbnails/filer_public/29/40/2940216a-ea9e-4f44-9718-a218d294b8e4/key.png__32x32_q85_crop_subsampling-2_upscale.png','2018-07-27 13:37:36',92),
	(692,'f9bde26a1556cd667f742bd34ec7c55e','filer_public_thumbnails/filer_public/b8/e8/b8e8090e-49aa-4e0e-a0f6-6adc5b1d6ac0/line.png__32x32_q85_crop_subsampling-2_upscale.png','2018-07-27 13:37:36',93),
	(693,'f9bde26a1556cd667f742bd34ec7c55e','filer_public_thumbnails/filer_public/0e/cf/0ecf8263-c732-4825-8cc1-97d9f46c8d0a/location.png__32x32_q85_crop_subsampling-2_upscale.png','2018-07-27 13:37:37',94),
	(694,'f9bde26a1556cd667f742bd34ec7c55e','filer_public_thumbnails/filer_public/29/40/2940216a-ea9e-4f44-9718-a218d294b8e4/key.png__32x32_q85_crop_subsampling-2_upscale@2x.png','2018-07-27 13:37:36',92),
	(695,'f9bde26a1556cd667f742bd34ec7c55e','filer_public_thumbnails/filer_public/b8/e8/b8e8090e-49aa-4e0e-a0f6-6adc5b1d6ac0/line.png__32x32_q85_crop_subsampling-2_upscale@2x.png','2018-07-27 13:37:36',93),
	(696,'f9bde26a1556cd667f742bd34ec7c55e','filer_public_thumbnails/filer_public/0e/cf/0ecf8263-c732-4825-8cc1-97d9f46c8d0a/location.png__32x32_q85_crop_subsampling-2_upscale@2x.png','2018-07-27 13:37:37',94),
	(697,'f9bde26a1556cd667f742bd34ec7c55e','filer_public_thumbnails/filer_public/29/40/2940216a-ea9e-4f44-9718-a218d294b8e4/key.png__64x64_q85_crop_subsampling-2_upscale.png','2018-07-27 13:37:36',92),
	(698,'f9bde26a1556cd667f742bd34ec7c55e','filer_public_thumbnails/filer_public/b8/e8/b8e8090e-49aa-4e0e-a0f6-6adc5b1d6ac0/line.png__64x64_q85_crop_subsampling-2_upscale.png','2018-07-27 13:37:36',93),
	(699,'f9bde26a1556cd667f742bd34ec7c55e','filer_public_thumbnails/filer_public/0e/cf/0ecf8263-c732-4825-8cc1-97d9f46c8d0a/location.png__64x64_q85_crop_subsampling-2_upscale.png','2018-07-27 13:37:37',94),
	(700,'f9bde26a1556cd667f742bd34ec7c55e','filer_public_thumbnails/filer_public/29/40/2940216a-ea9e-4f44-9718-a218d294b8e4/key.png__64x64_q85_crop_subsampling-2_upscale@2x.png','2018-07-27 13:37:36',92),
	(701,'f9bde26a1556cd667f742bd34ec7c55e','filer_public_thumbnails/filer_public/b8/e8/b8e8090e-49aa-4e0e-a0f6-6adc5b1d6ac0/line.png__64x64_q85_crop_subsampling-2_upscale@2x.png','2018-07-27 13:37:36',93),
	(702,'f9bde26a1556cd667f742bd34ec7c55e','filer_public_thumbnails/filer_public/0e/cf/0ecf8263-c732-4825-8cc1-97d9f46c8d0a/location.png__64x64_q85_crop_subsampling-2_upscale@2x.png','2018-07-27 13:37:37',94),
	(703,'f9bde26a1556cd667f742bd34ec7c55e','filer_public_thumbnails/filer_public/29/40/2940216a-ea9e-4f44-9718-a218d294b8e4/key.png__48x48_q85_crop_subsampling-2_upscale.png','2018-07-27 13:37:36',92),
	(704,'f9bde26a1556cd667f742bd34ec7c55e','filer_public_thumbnails/filer_public/b8/e8/b8e8090e-49aa-4e0e-a0f6-6adc5b1d6ac0/line.png__48x48_q85_crop_subsampling-2_upscale.png','2018-07-27 13:37:36',93),
	(705,'f9bde26a1556cd667f742bd34ec7c55e','filer_public_thumbnails/filer_public/0e/cf/0ecf8263-c732-4825-8cc1-97d9f46c8d0a/location.png__48x48_q85_crop_subsampling-2_upscale.png','2018-07-27 13:37:37',94),
	(706,'f9bde26a1556cd667f742bd34ec7c55e','filer_public_thumbnails/filer_public/29/40/2940216a-ea9e-4f44-9718-a218d294b8e4/key.png__48x48_q85_crop_subsampling-2_upscale@2x.png','2018-07-27 13:37:36',92),
	(707,'f9bde26a1556cd667f742bd34ec7c55e','filer_public_thumbnails/filer_public/b8/e8/b8e8090e-49aa-4e0e-a0f6-6adc5b1d6ac0/line.png__48x48_q85_crop_subsampling-2_upscale@2x.png','2018-07-27 13:37:36',93),
	(708,'f9bde26a1556cd667f742bd34ec7c55e','filer_public_thumbnails/filer_public/0e/cf/0ecf8263-c732-4825-8cc1-97d9f46c8d0a/location.png__48x48_q85_crop_subsampling-2_upscale@2x.png','2018-07-27 13:37:37',94),
	(709,'f9bde26a1556cd667f742bd34ec7c55e','filer_public_thumbnails/filer_public/29/40/2940216a-ea9e-4f44-9718-a218d294b8e4/key.png__16x16_q85_crop_subsampling-2_upscale.png','2018-07-27 13:37:36',92),
	(710,'f9bde26a1556cd667f742bd34ec7c55e','filer_public_thumbnails/filer_public/b8/e8/b8e8090e-49aa-4e0e-a0f6-6adc5b1d6ac0/line.png__16x16_q85_crop_subsampling-2_upscale.png','2018-07-27 13:37:37',93),
	(711,'f9bde26a1556cd667f742bd34ec7c55e','filer_public_thumbnails/filer_public/0e/cf/0ecf8263-c732-4825-8cc1-97d9f46c8d0a/location.png__16x16_q85_crop_subsampling-2_upscale.png','2018-07-27 13:37:37',94),
	(712,'f9bde26a1556cd667f742bd34ec7c55e','filer_public_thumbnails/filer_public/29/40/2940216a-ea9e-4f44-9718-a218d294b8e4/key.png__16x16_q85_crop_subsampling-2_upscale@2x.png','2018-07-27 13:37:36',92),
	(713,'f9bde26a1556cd667f742bd34ec7c55e','filer_public_thumbnails/filer_public/b8/e8/b8e8090e-49aa-4e0e-a0f6-6adc5b1d6ac0/line.png__16x16_q85_crop_subsampling-2_upscale@2x.png','2018-07-27 13:37:37',93),
	(714,'f9bde26a1556cd667f742bd34ec7c55e','filer_public_thumbnails/filer_public/0e/cf/0ecf8263-c732-4825-8cc1-97d9f46c8d0a/location.png__16x16_q85_crop_subsampling-2_upscale@2x.png','2018-07-27 13:37:37',94),
	(715,'f9bde26a1556cd667f742bd34ec7c55e','filer_public_thumbnails/filer_public/29/40/2940216a-ea9e-4f44-9718-a218d294b8e4/key.png__180x180_q85_crop_subsampling-2_upscale.png','2018-07-19 15:13:18',92),
	(716,'f9bde26a1556cd667f742bd34ec7c55e','filer_public_thumbnails/filer_public/b8/e8/b8e8090e-49aa-4e0e-a0f6-6adc5b1d6ac0/line.png__180x180_q85_crop_subsampling-2_upscale.png','2018-07-19 15:13:18',93),
	(717,'f9bde26a1556cd667f742bd34ec7c55e','filer_public_thumbnails/filer_public/0e/cf/0ecf8263-c732-4825-8cc1-97d9f46c8d0a/location.png__180x180_q85_crop_subsampling-2_upscale.png','2018-07-19 15:13:18',94),
	(718,'f9bde26a1556cd667f742bd34ec7c55e','filer_public_thumbnails/filer_public/b8/e8/b8e8090e-49aa-4e0e-a0f6-6adc5b1d6ac0/line.png__180x180_q85_crop_subsampling-2_upscale@2x.png','2018-07-19 15:13:18',93),
	(719,'f9bde26a1556cd667f742bd34ec7c55e','filer_public_thumbnails/filer_public/29/40/2940216a-ea9e-4f44-9718-a218d294b8e4/key.png__180x180_q85_crop_subsampling-2_upscale@2x.png','2018-07-19 15:13:18',92),
	(720,'f9bde26a1556cd667f742bd34ec7c55e','filer_public_thumbnails/filer_public/0e/cf/0ecf8263-c732-4825-8cc1-97d9f46c8d0a/location.png__180x180_q85_crop_subsampling-2_upscale@2x.png','2018-07-19 15:13:19',94),
	(721,'f9bde26a1556cd667f742bd34ec7c55e','filer_public_thumbnails/filer_public/3e/ee/3eeeae67-3074-4a8f-9d43-d0071d51f20c/location2.png__32x32_q85_crop_subsampling-2_upscale.png','2018-07-30 09:31:49',95),
	(722,'f9bde26a1556cd667f742bd34ec7c55e','filer_public_thumbnails/filer_public/23/a3/23a3e375-7dc6-4a7d-9602-3f9374de4cb4/message.png__32x32_q85_crop_subsampling-2_upscale.png','2018-07-30 09:31:49',96),
	(723,'f9bde26a1556cd667f742bd34ec7c55e','filer_public_thumbnails/filer_public/3e/ee/3eeeae67-3074-4a8f-9d43-d0071d51f20c/location2.png__32x32_q85_crop_subsampling-2_upscale@2x.png','2018-07-30 09:31:49',95),
	(724,'f9bde26a1556cd667f742bd34ec7c55e','filer_public_thumbnails/filer_public/1e/56/1e562f06-2804-4b25-8eb8-aaa2ee9b3a8b/pergamen.png__32x32_q85_crop_subsampling-2_upscale.png','2018-07-30 09:31:50',97),
	(725,'f9bde26a1556cd667f742bd34ec7c55e','filer_public_thumbnails/filer_public/23/a3/23a3e375-7dc6-4a7d-9602-3f9374de4cb4/message.png__32x32_q85_crop_subsampling-2_upscale@2x.png','2018-07-30 09:31:49',96),
	(726,'f9bde26a1556cd667f742bd34ec7c55e','filer_public_thumbnails/filer_public/3e/ee/3eeeae67-3074-4a8f-9d43-d0071d51f20c/location2.png__64x64_q85_crop_subsampling-2_upscale.png','2018-07-30 09:31:49',95),
	(727,'f9bde26a1556cd667f742bd34ec7c55e','filer_public_thumbnails/filer_public/3e/ee/3eeeae67-3074-4a8f-9d43-d0071d51f20c/location2.png__64x64_q85_crop_subsampling-2_upscale@2x.png','2018-07-30 09:31:49',95),
	(728,'f9bde26a1556cd667f742bd34ec7c55e','filer_public_thumbnails/filer_public/1e/56/1e562f06-2804-4b25-8eb8-aaa2ee9b3a8b/pergamen.png__32x32_q85_crop_subsampling-2_upscale@2x.png','2018-07-30 09:31:50',97),
	(729,'f9bde26a1556cd667f742bd34ec7c55e','filer_public_thumbnails/filer_public/23/a3/23a3e375-7dc6-4a7d-9602-3f9374de4cb4/message.png__64x64_q85_crop_subsampling-2_upscale.png','2018-07-30 09:31:49',96),
	(730,'f9bde26a1556cd667f742bd34ec7c55e','filer_public_thumbnails/filer_public/3e/ee/3eeeae67-3074-4a8f-9d43-d0071d51f20c/location2.png__48x48_q85_crop_subsampling-2_upscale.png','2018-07-30 09:31:49',95),
	(731,'f9bde26a1556cd667f742bd34ec7c55e','filer_public_thumbnails/filer_public/1e/56/1e562f06-2804-4b25-8eb8-aaa2ee9b3a8b/pergamen.png__64x64_q85_crop_subsampling-2_upscale.png','2018-07-30 09:31:50',97),
	(732,'f9bde26a1556cd667f742bd34ec7c55e','filer_public_thumbnails/filer_public/23/a3/23a3e375-7dc6-4a7d-9602-3f9374de4cb4/message.png__64x64_q85_crop_subsampling-2_upscale@2x.png','2018-07-30 09:31:49',96),
	(733,'f9bde26a1556cd667f742bd34ec7c55e','filer_public_thumbnails/filer_public/3e/ee/3eeeae67-3074-4a8f-9d43-d0071d51f20c/location2.png__48x48_q85_crop_subsampling-2_upscale@2x.png','2018-07-30 09:31:49',95),
	(734,'f9bde26a1556cd667f742bd34ec7c55e','filer_public_thumbnails/filer_public/23/a3/23a3e375-7dc6-4a7d-9602-3f9374de4cb4/message.png__48x48_q85_crop_subsampling-2_upscale.png','2018-07-30 09:31:50',96),
	(735,'f9bde26a1556cd667f742bd34ec7c55e','filer_public_thumbnails/filer_public/1e/56/1e562f06-2804-4b25-8eb8-aaa2ee9b3a8b/pergamen.png__64x64_q85_crop_subsampling-2_upscale@2x.png','2018-07-30 09:31:50',97),
	(736,'f9bde26a1556cd667f742bd34ec7c55e','filer_public_thumbnails/filer_public/3e/ee/3eeeae67-3074-4a8f-9d43-d0071d51f20c/location2.png__16x16_q85_crop_subsampling-2_upscale.png','2018-07-30 09:31:49',95),
	(737,'f9bde26a1556cd667f742bd34ec7c55e','filer_public_thumbnails/filer_public/1e/56/1e562f06-2804-4b25-8eb8-aaa2ee9b3a8b/pergamen.png__48x48_q85_crop_subsampling-2_upscale.png','2018-07-30 09:31:50',97),
	(738,'f9bde26a1556cd667f742bd34ec7c55e','filer_public_thumbnails/filer_public/23/a3/23a3e375-7dc6-4a7d-9602-3f9374de4cb4/message.png__48x48_q85_crop_subsampling-2_upscale@2x.png','2018-07-30 09:31:50',96),
	(739,'f9bde26a1556cd667f742bd34ec7c55e','filer_public_thumbnails/filer_public/3e/ee/3eeeae67-3074-4a8f-9d43-d0071d51f20c/location2.png__16x16_q85_crop_subsampling-2_upscale@2x.png','2018-07-30 09:31:49',95),
	(740,'f9bde26a1556cd667f742bd34ec7c55e','filer_public_thumbnails/filer_public/23/a3/23a3e375-7dc6-4a7d-9602-3f9374de4cb4/message.png__16x16_q85_crop_subsampling-2_upscale.png','2018-07-30 09:31:50',96),
	(741,'f9bde26a1556cd667f742bd34ec7c55e','filer_public_thumbnails/filer_public/1e/56/1e562f06-2804-4b25-8eb8-aaa2ee9b3a8b/pergamen.png__48x48_q85_crop_subsampling-2_upscale@2x.png','2018-07-30 09:31:50',97),
	(742,'f9bde26a1556cd667f742bd34ec7c55e','filer_public_thumbnails/filer_public/3e/ee/3eeeae67-3074-4a8f-9d43-d0071d51f20c/location2.png__180x180_q85_crop_subsampling-2_upscale.png','2018-07-19 15:13:19',95),
	(743,'f9bde26a1556cd667f742bd34ec7c55e','filer_public_thumbnails/filer_public/23/a3/23a3e375-7dc6-4a7d-9602-3f9374de4cb4/message.png__16x16_q85_crop_subsampling-2_upscale@2x.png','2018-07-30 09:31:50',96),
	(744,'f9bde26a1556cd667f742bd34ec7c55e','filer_public_thumbnails/filer_public/1e/56/1e562f06-2804-4b25-8eb8-aaa2ee9b3a8b/pergamen.png__16x16_q85_crop_subsampling-2_upscale.png','2018-07-30 09:31:51',97),
	(745,'f9bde26a1556cd667f742bd34ec7c55e','filer_public_thumbnails/filer_public/3e/ee/3eeeae67-3074-4a8f-9d43-d0071d51f20c/location2.png__180x180_q85_crop_subsampling-2_upscale@2x.png','2018-07-19 15:13:19',95),
	(746,'f9bde26a1556cd667f742bd34ec7c55e','filer_public_thumbnails/filer_public/23/a3/23a3e375-7dc6-4a7d-9602-3f9374de4cb4/message.png__180x180_q85_crop_subsampling-2_upscale.png','2018-07-19 15:13:19',96),
	(747,'f9bde26a1556cd667f742bd34ec7c55e','filer_public_thumbnails/filer_public/1e/56/1e562f06-2804-4b25-8eb8-aaa2ee9b3a8b/pergamen.png__16x16_q85_crop_subsampling-2_upscale@2x.png','2018-07-30 09:31:51',97),
	(748,'f9bde26a1556cd667f742bd34ec7c55e','filer_public_thumbnails/filer_public/23/a3/23a3e375-7dc6-4a7d-9602-3f9374de4cb4/message.png__180x180_q85_crop_subsampling-2_upscale@2x.png','2018-07-19 15:13:19',96),
	(749,'f9bde26a1556cd667f742bd34ec7c55e','filer_public_thumbnails/filer_public/1e/56/1e562f06-2804-4b25-8eb8-aaa2ee9b3a8b/pergamen.png__180x180_q85_crop_subsampling-2_upscale.png','2018-07-19 15:13:19',97),
	(750,'f9bde26a1556cd667f742bd34ec7c55e','filer_public_thumbnails/filer_public/1e/56/1e562f06-2804-4b25-8eb8-aaa2ee9b3a8b/pergamen.png__180x180_q85_crop_subsampling-2_upscale@2x.png','2018-07-19 15:13:19',97),
	(751,'f9bde26a1556cd667f742bd34ec7c55e','filer_public_thumbnails/filer_public/c9/3f/c93ff6e3-ab34-4330-bbb4-075fca3973be/person.png__32x32_q85_crop_subsampling-2_upscale.jpg','2018-07-27 11:33:31',98),
	(752,'f9bde26a1556cd667f742bd34ec7c55e','filer_public_thumbnails/filer_public/c9/3f/c93ff6e3-ab34-4330-bbb4-075fca3973be/person.png__32x32_q85_crop_subsampling-2_upscale@2x.jpg','2018-07-27 11:33:31',98),
	(753,'f9bde26a1556cd667f742bd34ec7c55e','filer_public_thumbnails/filer_public/33/80/3380227f-dee3-40ae-bf24-33b45fae6d7e/phone-no-ring.png__32x32_q85_crop_subsampling-2_upscale.png','2018-07-30 09:31:51',99),
	(754,'f9bde26a1556cd667f742bd34ec7c55e','filer_public_thumbnails/filer_public/c9/3f/c93ff6e3-ab34-4330-bbb4-075fca3973be/person.png__64x64_q85_crop_subsampling-2_upscale.jpg','2018-07-27 11:33:31',98),
	(755,'f9bde26a1556cd667f742bd34ec7c55e','filer_public_thumbnails/filer_public/33/80/3380227f-dee3-40ae-bf24-33b45fae6d7e/phone-no-ring.png__32x32_q85_crop_subsampling-2_upscale@2x.png','2018-07-30 09:31:51',99),
	(756,'f9bde26a1556cd667f742bd34ec7c55e','filer_public_thumbnails/filer_public/c9/3f/c93ff6e3-ab34-4330-bbb4-075fca3973be/person.png__64x64_q85_crop_subsampling-2_upscale@2x.jpg','2018-07-27 11:33:31',98),
	(757,'f9bde26a1556cd667f742bd34ec7c55e','filer_public_thumbnails/filer_public/e5/f9/e5f90307-b6fc-4af5-87b4-28465a12fd59/phone.png__32x32_q85_crop_subsampling-2_upscale.png','2018-07-30 09:31:51',100),
	(758,'f9bde26a1556cd667f742bd34ec7c55e','filer_public_thumbnails/filer_public/33/80/3380227f-dee3-40ae-bf24-33b45fae6d7e/phone-no-ring.png__64x64_q85_crop_subsampling-2_upscale.png','2018-07-30 09:31:51',99),
	(759,'f9bde26a1556cd667f742bd34ec7c55e','filer_public_thumbnails/filer_public/c9/3f/c93ff6e3-ab34-4330-bbb4-075fca3973be/person.png__48x48_q85_crop_subsampling-2_upscale.jpg','2018-07-27 11:33:31',98),
	(760,'f9bde26a1556cd667f742bd34ec7c55e','filer_public_thumbnails/filer_public/e5/f9/e5f90307-b6fc-4af5-87b4-28465a12fd59/phone.png__32x32_q85_crop_subsampling-2_upscale@2x.png','2018-07-30 09:31:51',100),
	(761,'f9bde26a1556cd667f742bd34ec7c55e','filer_public_thumbnails/filer_public/33/80/3380227f-dee3-40ae-bf24-33b45fae6d7e/phone-no-ring.png__64x64_q85_crop_subsampling-2_upscale@2x.png','2018-07-30 09:31:51',99),
	(762,'f9bde26a1556cd667f742bd34ec7c55e','filer_public_thumbnails/filer_public/c9/3f/c93ff6e3-ab34-4330-bbb4-075fca3973be/person.png__48x48_q85_crop_subsampling-2_upscale@2x.jpg','2018-07-27 11:33:31',98),
	(763,'f9bde26a1556cd667f742bd34ec7c55e','filer_public_thumbnails/filer_public/33/80/3380227f-dee3-40ae-bf24-33b45fae6d7e/phone-no-ring.png__48x48_q85_crop_subsampling-2_upscale.png','2018-07-30 09:31:51',99),
	(764,'f9bde26a1556cd667f742bd34ec7c55e','filer_public_thumbnails/filer_public/e5/f9/e5f90307-b6fc-4af5-87b4-28465a12fd59/phone.png__64x64_q85_crop_subsampling-2_upscale.png','2018-07-30 09:31:51',100),
	(765,'f9bde26a1556cd667f742bd34ec7c55e','filer_public_thumbnails/filer_public/c9/3f/c93ff6e3-ab34-4330-bbb4-075fca3973be/person.png__16x16_q85_crop_subsampling-2_upscale.jpg','2018-07-27 11:33:31',98),
	(766,'f9bde26a1556cd667f742bd34ec7c55e','filer_public_thumbnails/filer_public/33/80/3380227f-dee3-40ae-bf24-33b45fae6d7e/phone-no-ring.png__48x48_q85_crop_subsampling-2_upscale@2x.png','2018-07-30 09:31:51',99),
	(767,'f9bde26a1556cd667f742bd34ec7c55e','filer_public_thumbnails/filer_public/e5/f9/e5f90307-b6fc-4af5-87b4-28465a12fd59/phone.png__64x64_q85_crop_subsampling-2_upscale@2x.png','2018-07-30 09:31:52',100),
	(768,'f9bde26a1556cd667f742bd34ec7c55e','filer_public_thumbnails/filer_public/c9/3f/c93ff6e3-ab34-4330-bbb4-075fca3973be/person.png__16x16_q85_crop_subsampling-2_upscale@2x.jpg','2018-07-27 11:33:31',98),
	(769,'f9bde26a1556cd667f742bd34ec7c55e','filer_public_thumbnails/filer_public/33/80/3380227f-dee3-40ae-bf24-33b45fae6d7e/phone-no-ring.png__16x16_q85_crop_subsampling-2_upscale.png','2018-07-30 09:31:51',99),
	(770,'f9bde26a1556cd667f742bd34ec7c55e','filer_public_thumbnails/filer_public/e5/f9/e5f90307-b6fc-4af5-87b4-28465a12fd59/phone.png__48x48_q85_crop_subsampling-2_upscale.png','2018-07-30 09:31:52',100),
	(771,'f9bde26a1556cd667f742bd34ec7c55e','filer_public_thumbnails/filer_public/c9/3f/c93ff6e3-ab34-4330-bbb4-075fca3973be/person.png__180x180_q85_crop_subsampling-2_upscale.jpg','2018-07-19 15:13:20',98),
	(772,'f9bde26a1556cd667f742bd34ec7c55e','filer_public_thumbnails/filer_public/33/80/3380227f-dee3-40ae-bf24-33b45fae6d7e/phone-no-ring.png__16x16_q85_crop_subsampling-2_upscale@2x.png','2018-07-30 09:31:51',99),
	(773,'f9bde26a1556cd667f742bd34ec7c55e','filer_public_thumbnails/filer_public/e5/f9/e5f90307-b6fc-4af5-87b4-28465a12fd59/phone.png__48x48_q85_crop_subsampling-2_upscale@2x.png','2018-07-30 09:31:52',100),
	(774,'f9bde26a1556cd667f742bd34ec7c55e','filer_public_thumbnails/filer_public/33/80/3380227f-dee3-40ae-bf24-33b45fae6d7e/phone-no-ring.png__180x180_q85_crop_subsampling-2_upscale.png','2018-07-19 15:13:20',99),
	(775,'f9bde26a1556cd667f742bd34ec7c55e','filer_public_thumbnails/filer_public/e5/f9/e5f90307-b6fc-4af5-87b4-28465a12fd59/phone.png__16x16_q85_crop_subsampling-2_upscale.png','2018-07-30 09:31:52',100),
	(776,'f9bde26a1556cd667f742bd34ec7c55e','filer_public_thumbnails/filer_public/c9/3f/c93ff6e3-ab34-4330-bbb4-075fca3973be/person.png__180x180_q85_crop_subsampling-2_upscale@2x.jpg','2018-07-19 15:13:20',98),
	(777,'f9bde26a1556cd667f742bd34ec7c55e','filer_public_thumbnails/filer_public/e5/f9/e5f90307-b6fc-4af5-87b4-28465a12fd59/phone.png__16x16_q85_crop_subsampling-2_upscale@2x.png','2018-07-30 09:31:52',100),
	(778,'f9bde26a1556cd667f742bd34ec7c55e','filer_public_thumbnails/filer_public/33/80/3380227f-dee3-40ae-bf24-33b45fae6d7e/phone-no-ring.png__180x180_q85_crop_subsampling-2_upscale@2x.png','2018-07-19 15:13:20',99),
	(779,'f9bde26a1556cd667f742bd34ec7c55e','filer_public_thumbnails/filer_public/e5/f9/e5f90307-b6fc-4af5-87b4-28465a12fd59/phone.png__180x180_q85_crop_subsampling-2_upscale.png','2018-07-19 15:13:20',100),
	(780,'f9bde26a1556cd667f742bd34ec7c55e','filer_public_thumbnails/filer_public/e5/f9/e5f90307-b6fc-4af5-87b4-28465a12fd59/phone.png__180x180_q85_crop_subsampling-2_upscale@2x.png','2018-07-19 15:13:20',100),
	(781,'f9bde26a1556cd667f742bd34ec7c55e','filer_public_thumbnails/filer_public/72/bf/72bf6b07-d126-4912-93a8-85fb6440c017/settings.png__32x32_q85_crop_subsampling-2_upscale.png','2018-07-30 09:31:53',102),
	(782,'f9bde26a1556cd667f742bd34ec7c55e','filer_public_thumbnails/filer_public/b0/b7/b0b72cf1-0c20-4057-adf4-df8d44feeb8e/search.png__32x32_q85_crop_subsampling-2_upscale.png','2018-07-30 09:31:52',101),
	(783,'f9bde26a1556cd667f742bd34ec7c55e','filer_public_thumbnails/filer_public/72/bf/72bf6b07-d126-4912-93a8-85fb6440c017/settings.png__32x32_q85_crop_subsampling-2_upscale@2x.png','2018-07-30 09:31:53',102),
	(784,'f9bde26a1556cd667f742bd34ec7c55e','filer_public_thumbnails/filer_public/b0/b7/b0b72cf1-0c20-4057-adf4-df8d44feeb8e/search.png__32x32_q85_crop_subsampling-2_upscale@2x.png','2018-07-30 09:31:52',101),
	(785,'f9bde26a1556cd667f742bd34ec7c55e','filer_public_thumbnails/filer_public/72/bf/72bf6b07-d126-4912-93a8-85fb6440c017/settings.png__64x64_q85_crop_subsampling-2_upscale.png','2018-07-30 09:31:53',102),
	(786,'f9bde26a1556cd667f742bd34ec7c55e','filer_public_thumbnails/filer_public/b0/b7/b0b72cf1-0c20-4057-adf4-df8d44feeb8e/search.png__64x64_q85_crop_subsampling-2_upscale.png','2018-07-30 09:31:52',101),
	(787,'f9bde26a1556cd667f742bd34ec7c55e','filer_public_thumbnails/filer_public/72/bf/72bf6b07-d126-4912-93a8-85fb6440c017/settings.png__64x64_q85_crop_subsampling-2_upscale@2x.png','2018-07-30 09:31:53',102),
	(788,'f9bde26a1556cd667f742bd34ec7c55e','filer_public_thumbnails/filer_public/9f/43/9f431beb-2b64-4679-b22e-3f1091715069/tag.png__32x32_q85_crop_subsampling-2_upscale.png','2018-07-30 09:31:53',103),
	(789,'f9bde26a1556cd667f742bd34ec7c55e','filer_public_thumbnails/filer_public/b0/b7/b0b72cf1-0c20-4057-adf4-df8d44feeb8e/search.png__64x64_q85_crop_subsampling-2_upscale@2x.png','2018-07-30 09:31:52',101),
	(790,'f9bde26a1556cd667f742bd34ec7c55e','filer_public_thumbnails/filer_public/72/bf/72bf6b07-d126-4912-93a8-85fb6440c017/settings.png__48x48_q85_crop_subsampling-2_upscale.png','2018-07-30 09:31:53',102),
	(791,'f9bde26a1556cd667f742bd34ec7c55e','filer_public_thumbnails/filer_public/b0/b7/b0b72cf1-0c20-4057-adf4-df8d44feeb8e/search.png__48x48_q85_crop_subsampling-2_upscale.png','2018-07-30 09:31:52',101),
	(792,'f9bde26a1556cd667f742bd34ec7c55e','filer_public_thumbnails/filer_public/9f/43/9f431beb-2b64-4679-b22e-3f1091715069/tag.png__32x32_q85_crop_subsampling-2_upscale@2x.png','2018-07-30 09:31:53',103),
	(793,'f9bde26a1556cd667f742bd34ec7c55e','filer_public_thumbnails/filer_public/72/bf/72bf6b07-d126-4912-93a8-85fb6440c017/settings.png__48x48_q85_crop_subsampling-2_upscale@2x.png','2018-07-30 09:31:53',102),
	(794,'f9bde26a1556cd667f742bd34ec7c55e','filer_public_thumbnails/filer_public/9f/43/9f431beb-2b64-4679-b22e-3f1091715069/tag.png__64x64_q85_crop_subsampling-2_upscale.png','2018-07-30 09:31:54',103),
	(795,'f9bde26a1556cd667f742bd34ec7c55e','filer_public_thumbnails/filer_public/b0/b7/b0b72cf1-0c20-4057-adf4-df8d44feeb8e/search.png__48x48_q85_crop_subsampling-2_upscale@2x.png','2018-07-30 09:31:52',101),
	(796,'f9bde26a1556cd667f742bd34ec7c55e','filer_public_thumbnails/filer_public/72/bf/72bf6b07-d126-4912-93a8-85fb6440c017/settings.png__16x16_q85_crop_subsampling-2_upscale.png','2018-07-30 09:31:53',102),
	(797,'f9bde26a1556cd667f742bd34ec7c55e','filer_public_thumbnails/filer_public/b0/b7/b0b72cf1-0c20-4057-adf4-df8d44feeb8e/search.png__16x16_q85_crop_subsampling-2_upscale.png','2018-07-30 09:31:52',101),
	(798,'f9bde26a1556cd667f742bd34ec7c55e','filer_public_thumbnails/filer_public/9f/43/9f431beb-2b64-4679-b22e-3f1091715069/tag.png__64x64_q85_crop_subsampling-2_upscale@2x.png','2018-07-30 09:31:54',103),
	(799,'f9bde26a1556cd667f742bd34ec7c55e','filer_public_thumbnails/filer_public/72/bf/72bf6b07-d126-4912-93a8-85fb6440c017/settings.png__16x16_q85_crop_subsampling-2_upscale@2x.png','2018-07-30 09:31:53',102),
	(800,'f9bde26a1556cd667f742bd34ec7c55e','filer_public_thumbnails/filer_public/9f/43/9f431beb-2b64-4679-b22e-3f1091715069/tag.png__48x48_q85_crop_subsampling-2_upscale.png','2018-07-30 09:31:54',103),
	(801,'f9bde26a1556cd667f742bd34ec7c55e','filer_public_thumbnails/filer_public/b0/b7/b0b72cf1-0c20-4057-adf4-df8d44feeb8e/search.png__16x16_q85_crop_subsampling-2_upscale@2x.png','2018-07-30 09:31:52',101),
	(802,'f9bde26a1556cd667f742bd34ec7c55e','filer_public_thumbnails/filer_public/72/bf/72bf6b07-d126-4912-93a8-85fb6440c017/settings.png__180x180_q85_crop_subsampling-2_upscale.png','2018-07-19 15:13:21',102),
	(803,'f9bde26a1556cd667f742bd34ec7c55e','filer_public_thumbnails/filer_public/9f/43/9f431beb-2b64-4679-b22e-3f1091715069/tag.png__48x48_q85_crop_subsampling-2_upscale@2x.png','2018-07-30 09:31:54',103),
	(804,'f9bde26a1556cd667f742bd34ec7c55e','filer_public_thumbnails/filer_public/b0/b7/b0b72cf1-0c20-4057-adf4-df8d44feeb8e/search.png__180x180_q85_crop_subsampling-2_upscale.png','2018-07-19 15:13:21',101),
	(805,'f9bde26a1556cd667f742bd34ec7c55e','filer_public_thumbnails/filer_public/9f/43/9f431beb-2b64-4679-b22e-3f1091715069/tag.png__16x16_q85_crop_subsampling-2_upscale.png','2018-07-30 09:31:54',103),
	(806,'f9bde26a1556cd667f742bd34ec7c55e','filer_public_thumbnails/filer_public/72/bf/72bf6b07-d126-4912-93a8-85fb6440c017/settings.png__180x180_q85_crop_subsampling-2_upscale@2x.png','2018-07-19 15:13:21',102),
	(807,'f9bde26a1556cd667f742bd34ec7c55e','filer_public_thumbnails/filer_public/9f/43/9f431beb-2b64-4679-b22e-3f1091715069/tag.png__16x16_q85_crop_subsampling-2_upscale@2x.png','2018-07-30 09:31:54',103),
	(808,'f9bde26a1556cd667f742bd34ec7c55e','filer_public_thumbnails/filer_public/b0/b7/b0b72cf1-0c20-4057-adf4-df8d44feeb8e/search.png__180x180_q85_crop_subsampling-2_upscale@2x.png','2018-07-19 15:13:21',101),
	(809,'f9bde26a1556cd667f742bd34ec7c55e','filer_public_thumbnails/filer_public/9f/43/9f431beb-2b64-4679-b22e-3f1091715069/tag.png__180x180_q85_crop_subsampling-2_upscale.png','2018-07-19 15:13:21',103),
	(810,'f9bde26a1556cd667f742bd34ec7c55e','filer_public_thumbnails/filer_public/3b/5b/3b5bfabe-313e-418d-90b8-888cb068089e/timer.png__32x32_q85_crop_subsampling-2_upscale.png','2018-07-30 09:31:54',105),
	(811,'f9bde26a1556cd667f742bd34ec7c55e','filer_public_thumbnails/filer_public/9f/43/9f431beb-2b64-4679-b22e-3f1091715069/tag.png__180x180_q85_crop_subsampling-2_upscale@2x.png','2018-07-19 15:13:21',103),
	(812,'f9bde26a1556cd667f742bd34ec7c55e','filer_public_thumbnails/filer_public/17/28/17286f55-7637-4d3a-9889-ee3dcaf3fba5/target.png__32x32_q85_crop_subsampling-2_upscale.png','2018-07-27 13:24:22',104),
	(813,'f9bde26a1556cd667f742bd34ec7c55e','filer_public_thumbnails/filer_public/3b/5b/3b5bfabe-313e-418d-90b8-888cb068089e/timer.png__32x32_q85_crop_subsampling-2_upscale@2x.png','2018-07-30 09:31:54',105),
	(814,'f9bde26a1556cd667f742bd34ec7c55e','filer_public_thumbnails/filer_public/17/28/17286f55-7637-4d3a-9889-ee3dcaf3fba5/target.png__32x32_q85_crop_subsampling-2_upscale@2x.png','2018-07-27 13:24:22',104),
	(815,'f9bde26a1556cd667f742bd34ec7c55e','filer_public_thumbnails/filer_public/3b/5b/3b5bfabe-313e-418d-90b8-888cb068089e/timer.png__64x64_q85_crop_subsampling-2_upscale.png','2018-07-30 09:31:54',105),
	(816,'f9bde26a1556cd667f742bd34ec7c55e','filer_public_thumbnails/filer_public/17/28/17286f55-7637-4d3a-9889-ee3dcaf3fba5/target.png__64x64_q85_crop_subsampling-2_upscale.png','2018-07-27 13:24:22',104),
	(817,'f9bde26a1556cd667f742bd34ec7c55e','filer_public_thumbnails/filer_public/3b/5b/3b5bfabe-313e-418d-90b8-888cb068089e/timer.png__64x64_q85_crop_subsampling-2_upscale@2x.png','2018-07-30 09:31:54',105),
	(818,'f9bde26a1556cd667f742bd34ec7c55e','filer_public_thumbnails/filer_public/17/28/17286f55-7637-4d3a-9889-ee3dcaf3fba5/target.png__64x64_q85_crop_subsampling-2_upscale@2x.png','2018-07-27 13:24:22',104),
	(819,'f9bde26a1556cd667f742bd34ec7c55e','filer_public_thumbnails/filer_public/33/d7/33d701cf-c51e-4cce-9d76-64592cf34466/work-type.png__32x32_q85_crop_subsampling-2_upscale.png','2018-07-30 09:31:55',106),
	(820,'f9bde26a1556cd667f742bd34ec7c55e','filer_public_thumbnails/filer_public/3b/5b/3b5bfabe-313e-418d-90b8-888cb068089e/timer.png__48x48_q85_crop_subsampling-2_upscale.png','2018-07-30 09:31:54',105),
	(821,'f9bde26a1556cd667f742bd34ec7c55e','filer_public_thumbnails/filer_public/17/28/17286f55-7637-4d3a-9889-ee3dcaf3fba5/target.png__48x48_q85_crop_subsampling-2_upscale.png','2018-07-27 13:24:22',104),
	(822,'f9bde26a1556cd667f742bd34ec7c55e','filer_public_thumbnails/filer_public/33/d7/33d701cf-c51e-4cce-9d76-64592cf34466/work-type.png__32x32_q85_crop_subsampling-2_upscale@2x.png','2018-07-30 09:31:55',106),
	(823,'f9bde26a1556cd667f742bd34ec7c55e','filer_public_thumbnails/filer_public/3b/5b/3b5bfabe-313e-418d-90b8-888cb068089e/timer.png__48x48_q85_crop_subsampling-2_upscale@2x.png','2018-07-30 09:31:54',105),
	(824,'f9bde26a1556cd667f742bd34ec7c55e','filer_public_thumbnails/filer_public/17/28/17286f55-7637-4d3a-9889-ee3dcaf3fba5/target.png__48x48_q85_crop_subsampling-2_upscale@2x.png','2018-07-27 13:24:22',104),
	(825,'f9bde26a1556cd667f742bd34ec7c55e','filer_public_thumbnails/filer_public/3b/5b/3b5bfabe-313e-418d-90b8-888cb068089e/timer.png__16x16_q85_crop_subsampling-2_upscale.png','2018-07-30 09:31:54',105),
	(826,'f9bde26a1556cd667f742bd34ec7c55e','filer_public_thumbnails/filer_public/33/d7/33d701cf-c51e-4cce-9d76-64592cf34466/work-type.png__64x64_q85_crop_subsampling-2_upscale.png','2018-07-30 09:31:55',106),
	(827,'f9bde26a1556cd667f742bd34ec7c55e','filer_public_thumbnails/filer_public/17/28/17286f55-7637-4d3a-9889-ee3dcaf3fba5/target.png__16x16_q85_crop_subsampling-2_upscale.png','2018-07-27 13:24:22',104),
	(828,'f9bde26a1556cd667f742bd34ec7c55e','filer_public_thumbnails/filer_public/3b/5b/3b5bfabe-313e-418d-90b8-888cb068089e/timer.png__16x16_q85_crop_subsampling-2_upscale@2x.png','2018-07-30 09:31:55',105),
	(829,'f9bde26a1556cd667f742bd34ec7c55e','filer_public_thumbnails/filer_public/33/d7/33d701cf-c51e-4cce-9d76-64592cf34466/work-type.png__64x64_q85_crop_subsampling-2_upscale@2x.png','2018-07-30 09:31:55',106),
	(830,'f9bde26a1556cd667f742bd34ec7c55e','filer_public_thumbnails/filer_public/17/28/17286f55-7637-4d3a-9889-ee3dcaf3fba5/target.png__16x16_q85_crop_subsampling-2_upscale@2x.png','2018-07-27 13:24:22',104),
	(831,'f9bde26a1556cd667f742bd34ec7c55e','filer_public_thumbnails/filer_public/33/d7/33d701cf-c51e-4cce-9d76-64592cf34466/work-type.png__48x48_q85_crop_subsampling-2_upscale.png','2018-07-30 09:31:55',106),
	(832,'f9bde26a1556cd667f742bd34ec7c55e','filer_public_thumbnails/filer_public/3b/5b/3b5bfabe-313e-418d-90b8-888cb068089e/timer.png__180x180_q85_crop_subsampling-2_upscale.png','2018-07-19 15:13:21',105),
	(833,'f9bde26a1556cd667f742bd34ec7c55e','filer_public_thumbnails/filer_public/17/28/17286f55-7637-4d3a-9889-ee3dcaf3fba5/target.png__180x180_q85_crop_subsampling-2_upscale.png','2018-07-19 15:13:21',104),
	(834,'f9bde26a1556cd667f742bd34ec7c55e','filer_public_thumbnails/filer_public/33/d7/33d701cf-c51e-4cce-9d76-64592cf34466/work-type.png__48x48_q85_crop_subsampling-2_upscale@2x.png','2018-07-30 09:31:55',106),
	(835,'f9bde26a1556cd667f742bd34ec7c55e','filer_public_thumbnails/filer_public/33/d7/33d701cf-c51e-4cce-9d76-64592cf34466/work-type.png__16x16_q85_crop_subsampling-2_upscale.png','2018-07-30 09:31:55',106),
	(836,'f9bde26a1556cd667f742bd34ec7c55e','filer_public_thumbnails/filer_public/33/d7/33d701cf-c51e-4cce-9d76-64592cf34466/work-type.png__16x16_q85_crop_subsampling-2_upscale@2x.png','2018-07-30 09:31:55',106),
	(837,'f9bde26a1556cd667f742bd34ec7c55e','filer_public_thumbnails/filer_public/3b/5b/3b5bfabe-313e-418d-90b8-888cb068089e/timer.png__180x180_q85_crop_subsampling-2_upscale@2x.png','2018-07-19 15:13:22',105),
	(838,'f9bde26a1556cd667f742bd34ec7c55e','filer_public_thumbnails/filer_public/17/28/17286f55-7637-4d3a-9889-ee3dcaf3fba5/target.png__180x180_q85_crop_subsampling-2_upscale@2x.png','2018-07-19 15:13:22',104),
	(839,'f9bde26a1556cd667f742bd34ec7c55e','filer_public_thumbnails/filer_public/33/d7/33d701cf-c51e-4cce-9d76-64592cf34466/work-type.png__180x180_q85_crop_subsampling-2_upscale.png','2018-07-19 15:13:22',106),
	(840,'f9bde26a1556cd667f742bd34ec7c55e','filer_public_thumbnails/filer_public/33/d7/33d701cf-c51e-4cce-9d76-64592cf34466/work-type.png__180x180_q85_crop_subsampling-2_upscale@2x.png','2018-07-19 15:13:22',106),
	(841,'f9bde26a1556cd667f742bd34ec7c55e','filer_public_thumbnails/filer_public/3e/e3/3ee33d3a-d079-4482-950c-8e5489b0176b/write.png__32x32_q85_crop_subsampling-2_upscale.png','2018-07-30 09:31:56',107),
	(842,'f9bde26a1556cd667f742bd34ec7c55e','filer_public_thumbnails/filer_public/3e/e3/3ee33d3a-d079-4482-950c-8e5489b0176b/write.png__32x32_q85_crop_subsampling-2_upscale@2x.png','2018-07-30 09:31:56',107),
	(843,'f9bde26a1556cd667f742bd34ec7c55e','filer_public_thumbnails/filer_public/3e/e3/3ee33d3a-d079-4482-950c-8e5489b0176b/write.png__64x64_q85_crop_subsampling-2_upscale.png','2018-07-30 09:31:56',107),
	(844,'f9bde26a1556cd667f742bd34ec7c55e','filer_public_thumbnails/filer_public/3e/e3/3ee33d3a-d079-4482-950c-8e5489b0176b/write.png__64x64_q85_crop_subsampling-2_upscale@2x.png','2018-07-30 09:31:56',107),
	(845,'f9bde26a1556cd667f742bd34ec7c55e','filer_public_thumbnails/filer_public/3e/e3/3ee33d3a-d079-4482-950c-8e5489b0176b/write.png__48x48_q85_crop_subsampling-2_upscale.png','2018-07-30 09:31:56',107),
	(846,'f9bde26a1556cd667f742bd34ec7c55e','filer_public_thumbnails/filer_public/3e/e3/3ee33d3a-d079-4482-950c-8e5489b0176b/write.png__48x48_q85_crop_subsampling-2_upscale@2x.png','2018-07-30 09:31:56',107),
	(847,'f9bde26a1556cd667f742bd34ec7c55e','filer_public_thumbnails/filer_public/3e/e3/3ee33d3a-d079-4482-950c-8e5489b0176b/write.png__16x16_q85_crop_subsampling-2_upscale.png','2018-07-30 09:31:56',107),
	(848,'f9bde26a1556cd667f742bd34ec7c55e','filer_public_thumbnails/filer_public/3e/e3/3ee33d3a-d079-4482-950c-8e5489b0176b/write.png__16x16_q85_crop_subsampling-2_upscale@2x.png','2018-07-30 09:31:56',107),
	(849,'f9bde26a1556cd667f742bd34ec7c55e','filer_public_thumbnails/filer_public/3e/e3/3ee33d3a-d079-4482-950c-8e5489b0176b/write.png__180x180_q85_crop_subsampling-2_upscale.png','2018-07-19 15:13:22',107),
	(850,'f9bde26a1556cd667f742bd34ec7c55e','filer_public_thumbnails/filer_public/3e/e3/3ee33d3a-d079-4482-950c-8e5489b0176b/write.png__180x180_q85_crop_subsampling-2_upscale@2x.png','2018-07-19 15:13:22',107),
	(851,'f9bde26a1556cd667f742bd34ec7c55e','filer_public_thumbnails/filer_public/e4/d4/e4d4b139-2957-4aa9-9680-9b8f82fe9d13/grap-row.png__32x32_q85_crop_subsampling-2_upscale.png','2018-07-27 13:36:53',108),
	(852,'f9bde26a1556cd667f742bd34ec7c55e','filer_public_thumbnails/filer_public/57/4f/574fab7d-041d-4a8f-bfd9-6db5f8f2e490/graf-row.png__32x32_q85_crop_subsampling-2_upscale.png','2018-07-27 13:36:54',110),
	(853,'f9bde26a1556cd667f742bd34ec7c55e','filer_public_thumbnails/filer_public/e4/d4/e4d4b139-2957-4aa9-9680-9b8f82fe9d13/grap-row.png__32x32_q85_crop_subsampling-2_upscale@2x.png','2018-07-27 13:36:54',108),
	(854,'f9bde26a1556cd667f742bd34ec7c55e','filer_public_thumbnails/filer_public/57/4f/574fab7d-041d-4a8f-bfd9-6db5f8f2e490/graf-row.png__32x32_q85_crop_subsampling-2_upscale@2x.png','2018-07-27 13:36:54',110),
	(855,'f9bde26a1556cd667f742bd34ec7c55e','filer_public_thumbnails/filer_public/e4/d4/e4d4b139-2957-4aa9-9680-9b8f82fe9d13/grap-row.png__64x64_q85_crop_subsampling-2_upscale.png','2018-07-27 13:36:54',108),
	(856,'f9bde26a1556cd667f742bd34ec7c55e','filer_public_thumbnails/filer_public/57/4f/574fab7d-041d-4a8f-bfd9-6db5f8f2e490/graf-row.png__64x64_q85_crop_subsampling-2_upscale.png','2018-07-27 13:36:54',110),
	(857,'f9bde26a1556cd667f742bd34ec7c55e','filer_public_thumbnails/filer_public/e4/d4/e4d4b139-2957-4aa9-9680-9b8f82fe9d13/grap-row.png__64x64_q85_crop_subsampling-2_upscale@2x.png','2018-07-27 13:36:54',108),
	(858,'f9bde26a1556cd667f742bd34ec7c55e','filer_public_thumbnails/filer_public/57/4f/574fab7d-041d-4a8f-bfd9-6db5f8f2e490/graf-row.png__64x64_q85_crop_subsampling-2_upscale@2x.png','2018-07-27 13:36:54',110),
	(859,'f9bde26a1556cd667f742bd34ec7c55e','filer_public_thumbnails/filer_public/e4/d4/e4d4b139-2957-4aa9-9680-9b8f82fe9d13/grap-row.png__48x48_q85_crop_subsampling-2_upscale.png','2018-07-27 13:36:54',108),
	(860,'f9bde26a1556cd667f742bd34ec7c55e','filer_public_thumbnails/filer_public/57/4f/574fab7d-041d-4a8f-bfd9-6db5f8f2e490/graf-row.png__48x48_q85_crop_subsampling-2_upscale.png','2018-07-27 13:36:54',110),
	(861,'f9bde26a1556cd667f742bd34ec7c55e','filer_public_thumbnails/filer_public/e4/d4/e4d4b139-2957-4aa9-9680-9b8f82fe9d13/grap-row.png__48x48_q85_crop_subsampling-2_upscale@2x.png','2018-07-27 13:36:54',108),
	(862,'f9bde26a1556cd667f742bd34ec7c55e','filer_public_thumbnails/filer_public/57/4f/574fab7d-041d-4a8f-bfd9-6db5f8f2e490/graf-row.png__48x48_q85_crop_subsampling-2_upscale@2x.png','2018-07-27 13:36:55',110),
	(863,'f9bde26a1556cd667f742bd34ec7c55e','filer_public_thumbnails/filer_public/e4/d4/e4d4b139-2957-4aa9-9680-9b8f82fe9d13/grap-row.png__16x16_q85_crop_subsampling-2_upscale.png','2018-07-27 13:36:54',108),
	(864,'f9bde26a1556cd667f742bd34ec7c55e','filer_public_thumbnails/filer_public/57/4f/574fab7d-041d-4a8f-bfd9-6db5f8f2e490/graf-row.png__16x16_q85_crop_subsampling-2_upscale.png','2018-07-27 13:36:55',110),
	(865,'f9bde26a1556cd667f742bd34ec7c55e','filer_public_thumbnails/filer_public/e4/d4/e4d4b139-2957-4aa9-9680-9b8f82fe9d13/grap-row.png__16x16_q85_crop_subsampling-2_upscale@2x.png','2018-07-27 13:36:54',108),
	(866,'f9bde26a1556cd667f742bd34ec7c55e','filer_public_thumbnails/filer_public/57/4f/574fab7d-041d-4a8f-bfd9-6db5f8f2e490/graf-row.png__16x16_q85_crop_subsampling-2_upscale@2x.png','2018-07-27 13:36:55',110),
	(867,'f9bde26a1556cd667f742bd34ec7c55e','filer_public_thumbnails/filer_public/e4/d4/e4d4b139-2957-4aa9-9680-9b8f82fe9d13/grap-row.png__180x180_q85_crop_subsampling-2_upscale.png','2018-07-23 14:51:19',108),
	(868,'f9bde26a1556cd667f742bd34ec7c55e','filer_public_thumbnails/filer_public/57/4f/574fab7d-041d-4a8f-bfd9-6db5f8f2e490/graf-row.png__180x180_q85_crop_subsampling-2_upscale.png','2018-07-23 14:51:19',110),
	(869,'f9bde26a1556cd667f742bd34ec7c55e','filer_public_thumbnails/filer_public/e4/d4/e4d4b139-2957-4aa9-9680-9b8f82fe9d13/grap-row.png__180x180_q85_crop_subsampling-2_upscale@2x.png','2018-07-23 14:51:19',108),
	(870,'f9bde26a1556cd667f742bd34ec7c55e','filer_public_thumbnails/filer_public/05/e5/05e5248d-0951-42f5-a22c-a561b87826c5/map.png__32x32_q85_crop_subsampling-2_upscale.png','2018-07-27 13:36:53',111),
	(871,'f9bde26a1556cd667f742bd34ec7c55e','filer_public_thumbnails/filer_public/57/4f/574fab7d-041d-4a8f-bfd9-6db5f8f2e490/graf-row.png__180x180_q85_crop_subsampling-2_upscale@2x.png','2018-07-23 14:51:19',110),
	(872,'f9bde26a1556cd667f742bd34ec7c55e','filer_public_thumbnails/filer_public/05/e5/05e5248d-0951-42f5-a22c-a561b87826c5/map.png__32x32_q85_crop_subsampling-2_upscale@2x.png','2018-07-27 13:36:53',111),
	(873,'f9bde26a1556cd667f742bd34ec7c55e','filer_public_thumbnails/filer_public/05/e5/05e5248d-0951-42f5-a22c-a561b87826c5/map.png__64x64_q85_crop_subsampling-2_upscale.png','2018-07-27 13:36:53',111),
	(874,'f9bde26a1556cd667f742bd34ec7c55e','filer_public_thumbnails/filer_public/05/e5/05e5248d-0951-42f5-a22c-a561b87826c5/map.png__64x64_q85_crop_subsampling-2_upscale@2x.png','2018-07-27 13:36:53',111),
	(875,'f9bde26a1556cd667f742bd34ec7c55e','filer_public_thumbnails/filer_public/05/e5/05e5248d-0951-42f5-a22c-a561b87826c5/map.png__48x48_q85_crop_subsampling-2_upscale.png','2018-07-27 13:36:53',111),
	(876,'f9bde26a1556cd667f742bd34ec7c55e','filer_public_thumbnails/filer_public/05/e5/05e5248d-0951-42f5-a22c-a561b87826c5/map.png__48x48_q85_crop_subsampling-2_upscale@2x.png','2018-07-27 13:36:53',111),
	(877,'f9bde26a1556cd667f742bd34ec7c55e','filer_public_thumbnails/filer_public/05/e5/05e5248d-0951-42f5-a22c-a561b87826c5/map.png__16x16_q85_crop_subsampling-2_upscale.png','2018-07-27 13:36:53',111),
	(878,'f9bde26a1556cd667f742bd34ec7c55e','filer_public_thumbnails/filer_public/05/e5/05e5248d-0951-42f5-a22c-a561b87826c5/map.png__16x16_q85_crop_subsampling-2_upscale@2x.png','2018-07-27 13:36:53',111),
	(879,'f9bde26a1556cd667f742bd34ec7c55e','filer_public_thumbnails/filer_public/05/e5/05e5248d-0951-42f5-a22c-a561b87826c5/map.png__180x180_q85_crop_subsampling-2_upscale.png','2018-07-23 14:51:20',111),
	(880,'f9bde26a1556cd667f742bd34ec7c55e','filer_public_thumbnails/filer_public/05/e5/05e5248d-0951-42f5-a22c-a561b87826c5/map.png__180x180_q85_crop_subsampling-2_upscale@2x.png','2018-07-23 14:51:20',111),
	(881,'f9bde26a1556cd667f742bd34ec7c55e','filer_public_thumbnails/filer_public/59/b8/59b80ab4-e0dd-4efb-874b-efe24c21bc0c/sample1920x1080.jpg__32x32_q85_crop_subsampling-2_upscale.jpg','2018-07-27 13:02:07',112),
	(882,'f9bde26a1556cd667f742bd34ec7c55e','filer_public_thumbnails/filer_public/59/b8/59b80ab4-e0dd-4efb-874b-efe24c21bc0c/sample1920x1080.jpg__32x32_q85_crop_subsampling-2_upscale@2x.jpg','2018-07-27 13:02:07',112),
	(883,'f9bde26a1556cd667f742bd34ec7c55e','filer_public_thumbnails/filer_public/59/b8/59b80ab4-e0dd-4efb-874b-efe24c21bc0c/sample1920x1080.jpg__64x64_q85_crop_subsampling-2_upscale.jpg','2018-07-27 13:02:07',112),
	(884,'f9bde26a1556cd667f742bd34ec7c55e','filer_public_thumbnails/filer_public/59/b8/59b80ab4-e0dd-4efb-874b-efe24c21bc0c/sample1920x1080.jpg__64x64_q85_crop_subsampling-2_upscale@2x.jpg','2018-07-27 13:02:07',112),
	(885,'f9bde26a1556cd667f742bd34ec7c55e','filer_public_thumbnails/filer_public/59/b8/59b80ab4-e0dd-4efb-874b-efe24c21bc0c/sample1920x1080.jpg__48x48_q85_crop_subsampling-2_upscale.jpg','2018-07-27 13:02:07',112),
	(886,'f9bde26a1556cd667f742bd34ec7c55e','filer_public_thumbnails/filer_public/59/b8/59b80ab4-e0dd-4efb-874b-efe24c21bc0c/sample1920x1080.jpg__48x48_q85_crop_subsampling-2_upscale@2x.jpg','2018-07-27 13:02:07',112),
	(887,'f9bde26a1556cd667f742bd34ec7c55e','filer_public_thumbnails/filer_public/59/b8/59b80ab4-e0dd-4efb-874b-efe24c21bc0c/sample1920x1080.jpg__16x16_q85_crop_subsampling-2_upscale.jpg','2018-07-27 13:02:07',112),
	(888,'f9bde26a1556cd667f742bd34ec7c55e','filer_public_thumbnails/filer_public/59/b8/59b80ab4-e0dd-4efb-874b-efe24c21bc0c/sample1920x1080.jpg__16x16_q85_crop_subsampling-2_upscale@2x.jpg','2018-07-27 13:02:07',112),
	(889,'f9bde26a1556cd667f742bd34ec7c55e','filer_public_thumbnails/filer_public/59/b8/59b80ab4-e0dd-4efb-874b-efe24c21bc0c/sample1920x1080.jpg__180x180_q85_crop_subsampling-2_upscale.jpg','2018-07-23 14:55:09',112),
	(890,'f9bde26a1556cd667f742bd34ec7c55e','filer_public_thumbnails/filer_public/59/b8/59b80ab4-e0dd-4efb-874b-efe24c21bc0c/sample1920x1080.jpg__180x180_q85_crop_subsampling-2_upscale@2x.jpg','2018-07-23 14:55:09',112),
	(891,'f9bde26a1556cd667f742bd34ec7c55e','filer_public_thumbnails/filer_public/ce/f4/cef41ca9-db90-480e-926a-7c7476474521/line_graph.png__32x32_q85_crop_subsampling-2_upscale.png','2018-07-27 12:42:49',113),
	(892,'f9bde26a1556cd667f742bd34ec7c55e','filer_public_thumbnails/filer_public/ce/f4/cef41ca9-db90-480e-926a-7c7476474521/line_graph.png__32x32_q85_crop_subsampling-2_upscale@2x.png','2018-07-27 12:42:49',113),
	(893,'f9bde26a1556cd667f742bd34ec7c55e','filer_public_thumbnails/filer_public/ce/f4/cef41ca9-db90-480e-926a-7c7476474521/line_graph.png__64x64_q85_crop_subsampling-2_upscale.png','2018-07-27 12:42:49',113),
	(894,'f9bde26a1556cd667f742bd34ec7c55e','filer_public_thumbnails/filer_public/ce/f4/cef41ca9-db90-480e-926a-7c7476474521/line_graph.png__64x64_q85_crop_subsampling-2_upscale@2x.png','2018-07-27 12:42:50',113),
	(895,'f9bde26a1556cd667f742bd34ec7c55e','filer_public_thumbnails/filer_public/ce/f4/cef41ca9-db90-480e-926a-7c7476474521/line_graph.png__48x48_q85_crop_subsampling-2_upscale.png','2018-07-27 12:42:50',113),
	(896,'f9bde26a1556cd667f742bd34ec7c55e','filer_public_thumbnails/filer_public/ce/f4/cef41ca9-db90-480e-926a-7c7476474521/line_graph.png__48x48_q85_crop_subsampling-2_upscale@2x.png','2018-07-27 12:42:51',113),
	(897,'f9bde26a1556cd667f742bd34ec7c55e','filer_public_thumbnails/filer_public/ce/f4/cef41ca9-db90-480e-926a-7c7476474521/line_graph.png__16x16_q85_crop_subsampling-2_upscale.png','2018-07-27 12:42:51',113),
	(898,'f9bde26a1556cd667f742bd34ec7c55e','filer_public_thumbnails/filer_public/ce/f4/cef41ca9-db90-480e-926a-7c7476474521/line_graph.png__16x16_q85_crop_subsampling-2_upscale@2x.png','2018-07-27 12:42:51',113),
	(899,'f9bde26a1556cd667f742bd34ec7c55e','filer_public_thumbnails/filer_public/ce/f4/cef41ca9-db90-480e-926a-7c7476474521/line_graph.png__180x180_q85_crop_subsampling-2_upscale.png','2018-07-23 14:55:13',113),
	(900,'f9bde26a1556cd667f742bd34ec7c55e','filer_public_thumbnails/filer_public/ce/f4/cef41ca9-db90-480e-926a-7c7476474521/line_graph.png__180x180_q85_crop_subsampling-2_upscale@2x.png','2018-07-23 14:55:13',113),
	(901,'f9bde26a1556cd667f742bd34ec7c55e','filer_public_thumbnails/filer_public/d4/20/d420e441-6010-4f1f-8b4d-e19d3feb574d/samplejpgimage_500kbmb.jpg__32x32_q85_crop_subsampling-2_upscale.jpg','2018-07-27 11:34:00',114),
	(902,'f9bde26a1556cd667f742bd34ec7c55e','filer_public_thumbnails/filer_public/d4/20/d420e441-6010-4f1f-8b4d-e19d3feb574d/samplejpgimage_500kbmb.jpg__32x32_q85_crop_subsampling-2_upscale@2x.jpg','2018-07-27 11:34:00',114),
	(903,'f9bde26a1556cd667f742bd34ec7c55e','filer_public_thumbnails/filer_public/d4/20/d420e441-6010-4f1f-8b4d-e19d3feb574d/samplejpgimage_500kbmb.jpg__64x64_q85_crop_subsampling-2_upscale.jpg','2018-07-27 11:34:01',114),
	(904,'f9bde26a1556cd667f742bd34ec7c55e','filer_public_thumbnails/filer_public/d4/20/d420e441-6010-4f1f-8b4d-e19d3feb574d/samplejpgimage_500kbmb.jpg__64x64_q85_crop_subsampling-2_upscale@2x.jpg','2018-07-27 11:34:01',114),
	(905,'f9bde26a1556cd667f742bd34ec7c55e','filer_public_thumbnails/filer_public/d4/20/d420e441-6010-4f1f-8b4d-e19d3feb574d/samplejpgimage_500kbmb.jpg__48x48_q85_crop_subsampling-2_upscale.jpg','2018-07-27 11:34:01',114),
	(906,'f9bde26a1556cd667f742bd34ec7c55e','filer_public_thumbnails/filer_public/d4/20/d420e441-6010-4f1f-8b4d-e19d3feb574d/samplejpgimage_500kbmb.jpg__48x48_q85_crop_subsampling-2_upscale@2x.jpg','2018-07-27 11:34:02',114),
	(907,'f9bde26a1556cd667f742bd34ec7c55e','filer_public_thumbnails/filer_public/d4/20/d420e441-6010-4f1f-8b4d-e19d3feb574d/samplejpgimage_500kbmb.jpg__16x16_q85_crop_subsampling-2_upscale.jpg','2018-07-27 11:34:02',114),
	(908,'f9bde26a1556cd667f742bd34ec7c55e','filer_public_thumbnails/filer_public/d4/20/d420e441-6010-4f1f-8b4d-e19d3feb574d/samplejpgimage_500kbmb.jpg__16x16_q85_crop_subsampling-2_upscale@2x.jpg','2018-07-27 11:34:02',114),
	(909,'f9bde26a1556cd667f742bd34ec7c55e','filer_public_thumbnails/filer_public/d4/20/d420e441-6010-4f1f-8b4d-e19d3feb574d/samplejpgimage_500kbmb.jpg__180x180_q85_crop_subsampling-2_upscale.jpg','2018-07-23 14:55:20',114),
	(910,'f9bde26a1556cd667f742bd34ec7c55e','filer_public_thumbnails/filer_public/d4/20/d420e441-6010-4f1f-8b4d-e19d3feb574d/samplejpgimage_500kbmb.jpg__180x180_q85_crop_subsampling-2_upscale@2x.jpg','2018-07-23 14:55:20',114),
	(911,'f9bde26a1556cd667f742bd34ec7c55e','filer_public_thumbnails/filer_public/eb/c4/ebc4c7c4-2406-4875-b5b8-5b0e168014a9/samplejpgimage_5mbmb.jpg__32x32_q85_crop_subsampling-2_upscale.jpg','2018-07-27 13:02:11',115),
	(912,'f9bde26a1556cd667f742bd34ec7c55e','filer_public_thumbnails/filer_public/eb/c4/ebc4c7c4-2406-4875-b5b8-5b0e168014a9/samplejpgimage_5mbmb.jpg__32x32_q85_crop_subsampling-2_upscale@2x.jpg','2018-07-27 13:02:16',115),
	(913,'f9bde26a1556cd667f742bd34ec7c55e','filer_public_thumbnails/filer_public/eb/c4/ebc4c7c4-2406-4875-b5b8-5b0e168014a9/samplejpgimage_5mbmb.jpg__64x64_q85_crop_subsampling-2_upscale.jpg','2018-07-27 13:02:21',115),
	(914,'f9bde26a1556cd667f742bd34ec7c55e','filer_public_thumbnails/filer_public/eb/c4/ebc4c7c4-2406-4875-b5b8-5b0e168014a9/samplejpgimage_5mbmb.jpg__64x64_q85_crop_subsampling-2_upscale@2x.jpg','2018-07-27 13:02:25',115),
	(915,'f9bde26a1556cd667f742bd34ec7c55e','filer_public_thumbnails/filer_public/eb/c4/ebc4c7c4-2406-4875-b5b8-5b0e168014a9/samplejpgimage_5mbmb.jpg__48x48_q85_crop_subsampling-2_upscale.jpg','2018-07-27 13:02:32',115),
	(916,'f9bde26a1556cd667f742bd34ec7c55e','filer_public_thumbnails/filer_public/eb/c4/ebc4c7c4-2406-4875-b5b8-5b0e168014a9/samplejpgimage_5mbmb.jpg__48x48_q85_crop_subsampling-2_upscale@2x.jpg','2018-07-27 13:02:37',115),
	(917,'f9bde26a1556cd667f742bd34ec7c55e','filer_public_thumbnails/filer_public/eb/c4/ebc4c7c4-2406-4875-b5b8-5b0e168014a9/samplejpgimage_5mbmb.jpg__16x16_q85_crop_subsampling-2_upscale.jpg','2018-07-27 13:02:53',115),
	(918,'f9bde26a1556cd667f742bd34ec7c55e','filer_public_thumbnails/filer_public/eb/c4/ebc4c7c4-2406-4875-b5b8-5b0e168014a9/samplejpgimage_5mbmb.jpg__16x16_q85_crop_subsampling-2_upscale@2x.jpg','2018-07-27 13:02:57',115),
	(919,'f9bde26a1556cd667f742bd34ec7c55e','filer_public_thumbnails/filer_public/eb/c4/ebc4c7c4-2406-4875-b5b8-5b0e168014a9/samplejpgimage_5mbmb.jpg__180x180_q85_crop_subsampling-2_upscale.jpg','2018-07-23 14:56:06',115),
	(920,'f9bde26a1556cd667f742bd34ec7c55e','filer_public_thumbnails/filer_public/eb/c4/ebc4c7c4-2406-4875-b5b8-5b0e168014a9/samplejpgimage_5mbmb.jpg__180x180_q85_crop_subsampling-2_upscale@2x.jpg','2018-07-23 14:56:08',115),
	(921,'f9bde26a1556cd667f742bd34ec7c55e','filer_public_thumbnails/filer_public/d4/20/d420e441-6010-4f1f-8b4d-e19d3feb574d/samplejpgimage_500kbmb.jpg__270x270_q85_subsampling-2.jpg','2018-07-27 11:26:22',114),
	(922,'f9bde26a1556cd667f742bd34ec7c55e','filer_public_thumbnails/filer_public/d4/20/d420e441-6010-4f1f-8b4d-e19d3feb574d/samplejpgimage_500kbmb.jpg__270x270_q85_subsampling-2@2x.jpg','2018-07-27 11:26:23',114),
	(923,'f9bde26a1556cd667f742bd34ec7c55e','filer_public_thumbnails/filer_public/22/e1/22e129b6-cfc1-4a4c-85e8-f70d49ec0f34/in.png__270x270_q85_subsampling-2.png','2018-07-24 13:11:11',89),
	(924,'f9bde26a1556cd667f742bd34ec7c55e','filer_public_thumbnails/filer_public/22/e1/22e129b6-cfc1-4a4c-85e8-f70d49ec0f34/in.png__270x270_q85_subsampling-2@2x.png','2018-07-24 13:11:11',89),
	(925,'f9bde26a1556cd667f742bd34ec7c55e','filer_public_thumbnails/filer_public/2b/92/2b926601-26eb-4e28-994d-36b8d353a849/blahovcova-sarka.png__270x270_q85_subsampling-2.png','2018-07-27 09:48:17',16),
	(926,'f9bde26a1556cd667f742bd34ec7c55e','filer_public_thumbnails/filer_public/2b/92/2b926601-26eb-4e28-994d-36b8d353a849/blahovcova-sarka.png__270x270_q85_subsampling-2@2x.png','2018-07-27 09:48:17',16),
	(927,'f9bde26a1556cd667f742bd34ec7c55e','filer_public_thumbnails/filer_public/4f/d6/4fd67249-b72f-4ee1-98a7-9db88a30bf07/lucie_tvrdikova.png__32x32_q85_crop_subsampling-2_upscale.jpg','2018-07-27 11:25:18',116),
	(928,'f9bde26a1556cd667f742bd34ec7c55e','filer_public_thumbnails/filer_public/be/47/be473429-633f-4b9e-9665-296af556ec06/alzbetazembova.png__32x32_q85_crop_subsampling-2_upscale.jpg','2018-07-27 11:25:17',117),
	(929,'f9bde26a1556cd667f742bd34ec7c55e','filer_public_thumbnails/filer_public/15/a2/15a260e6-40a9-42fd-9087-acebc40e7e6f/marek_nov-k.png__32x32_q85_crop_subsampling-2_upscale.jpg','2018-07-27 11:25:18',118),
	(930,'f9bde26a1556cd667f742bd34ec7c55e','filer_public_thumbnails/filer_public/4f/d6/4fd67249-b72f-4ee1-98a7-9db88a30bf07/lucie_tvrdikova.png__32x32_q85_crop_subsampling-2_upscale@2x.jpg','2018-07-27 11:25:18',116),
	(931,'f9bde26a1556cd667f742bd34ec7c55e','filer_public_thumbnails/filer_public/be/47/be473429-633f-4b9e-9665-296af556ec06/alzbetazembova.png__32x32_q85_crop_subsampling-2_upscale@2x.jpg','2018-07-27 11:25:17',117),
	(932,'f9bde26a1556cd667f742bd34ec7c55e','filer_public_thumbnails/filer_public/4f/d6/4fd67249-b72f-4ee1-98a7-9db88a30bf07/lucie_tvrdikova.png__64x64_q85_crop_subsampling-2_upscale.jpg','2018-07-27 11:25:18',116),
	(933,'f9bde26a1556cd667f742bd34ec7c55e','filer_public_thumbnails/filer_public/15/a2/15a260e6-40a9-42fd-9087-acebc40e7e6f/marek_nov-k.png__32x32_q85_crop_subsampling-2_upscale@2x.jpg','2018-07-27 11:25:18',118),
	(934,'f9bde26a1556cd667f742bd34ec7c55e','filer_public_thumbnails/filer_public/be/47/be473429-633f-4b9e-9665-296af556ec06/alzbetazembova.png__64x64_q85_crop_subsampling-2_upscale.jpg','2018-07-27 11:25:17',117),
	(935,'f9bde26a1556cd667f742bd34ec7c55e','filer_public_thumbnails/filer_public/15/a2/15a260e6-40a9-42fd-9087-acebc40e7e6f/marek_nov-k.png__64x64_q85_crop_subsampling-2_upscale.jpg','2018-07-27 11:25:18',118),
	(936,'f9bde26a1556cd667f742bd34ec7c55e','filer_public_thumbnails/filer_public/4f/d6/4fd67249-b72f-4ee1-98a7-9db88a30bf07/lucie_tvrdikova.png__64x64_q85_crop_subsampling-2_upscale@2x.jpg','2018-07-27 11:25:18',116),
	(937,'f9bde26a1556cd667f742bd34ec7c55e','filer_public_thumbnails/filer_public/be/47/be473429-633f-4b9e-9665-296af556ec06/alzbetazembova.png__64x64_q85_crop_subsampling-2_upscale@2x.jpg','2018-07-27 11:25:17',117),
	(938,'f9bde26a1556cd667f742bd34ec7c55e','filer_public_thumbnails/filer_public/15/a2/15a260e6-40a9-42fd-9087-acebc40e7e6f/marek_nov-k.png__64x64_q85_crop_subsampling-2_upscale@2x.jpg','2018-07-27 11:25:18',118),
	(939,'f9bde26a1556cd667f742bd34ec7c55e','filer_public_thumbnails/filer_public/be/47/be473429-633f-4b9e-9665-296af556ec06/alzbetazembova.png__48x48_q85_crop_subsampling-2_upscale.jpg','2018-07-27 11:25:17',117),
	(940,'f9bde26a1556cd667f742bd34ec7c55e','filer_public_thumbnails/filer_public/4f/d6/4fd67249-b72f-4ee1-98a7-9db88a30bf07/lucie_tvrdikova.png__48x48_q85_crop_subsampling-2_upscale.jpg','2018-07-27 11:25:18',116),
	(941,'f9bde26a1556cd667f742bd34ec7c55e','filer_public_thumbnails/filer_public/be/47/be473429-633f-4b9e-9665-296af556ec06/alzbetazembova.png__48x48_q85_crop_subsampling-2_upscale@2x.jpg','2018-07-27 11:25:17',117),
	(942,'f9bde26a1556cd667f742bd34ec7c55e','filer_public_thumbnails/filer_public/15/a2/15a260e6-40a9-42fd-9087-acebc40e7e6f/marek_nov-k.png__48x48_q85_crop_subsampling-2_upscale.jpg','2018-07-27 11:25:18',118),
	(943,'f9bde26a1556cd667f742bd34ec7c55e','filer_public_thumbnails/filer_public/4f/d6/4fd67249-b72f-4ee1-98a7-9db88a30bf07/lucie_tvrdikova.png__48x48_q85_crop_subsampling-2_upscale@2x.jpg','2018-07-27 11:25:18',116),
	(944,'f9bde26a1556cd667f742bd34ec7c55e','filer_public_thumbnails/filer_public/be/47/be473429-633f-4b9e-9665-296af556ec06/alzbetazembova.png__16x16_q85_crop_subsampling-2_upscale.jpg','2018-07-27 11:25:17',117),
	(945,'f9bde26a1556cd667f742bd34ec7c55e','filer_public_thumbnails/filer_public/4f/d6/4fd67249-b72f-4ee1-98a7-9db88a30bf07/lucie_tvrdikova.png__16x16_q85_crop_subsampling-2_upscale.jpg','2018-07-27 11:25:18',116),
	(946,'f9bde26a1556cd667f742bd34ec7c55e','filer_public_thumbnails/filer_public/15/a2/15a260e6-40a9-42fd-9087-acebc40e7e6f/marek_nov-k.png__48x48_q85_crop_subsampling-2_upscale@2x.jpg','2018-07-27 11:25:18',118),
	(947,'f9bde26a1556cd667f742bd34ec7c55e','filer_public_thumbnails/filer_public/be/47/be473429-633f-4b9e-9665-296af556ec06/alzbetazembova.png__16x16_q85_crop_subsampling-2_upscale@2x.jpg','2018-07-27 11:25:17',117),
	(948,'f9bde26a1556cd667f742bd34ec7c55e','filer_public_thumbnails/filer_public/15/a2/15a260e6-40a9-42fd-9087-acebc40e7e6f/marek_nov-k.png__16x16_q85_crop_subsampling-2_upscale.jpg','2018-07-27 11:25:18',118),
	(949,'f9bde26a1556cd667f742bd34ec7c55e','filer_public_thumbnails/filer_public/4f/d6/4fd67249-b72f-4ee1-98a7-9db88a30bf07/lucie_tvrdikova.png__16x16_q85_crop_subsampling-2_upscale@2x.jpg','2018-07-27 11:25:18',116),
	(950,'f9bde26a1556cd667f742bd34ec7c55e','filer_public_thumbnails/filer_public/be/47/be473429-633f-4b9e-9665-296af556ec06/alzbetazembova.png__180x180_q85_crop_subsampling-2_upscale.jpg','2018-07-26 13:35:21',117),
	(951,'f9bde26a1556cd667f742bd34ec7c55e','filer_public_thumbnails/filer_public/15/a2/15a260e6-40a9-42fd-9087-acebc40e7e6f/marek_nov-k.png__16x16_q85_crop_subsampling-2_upscale@2x.jpg','2018-07-27 11:25:19',118),
	(952,'f9bde26a1556cd667f742bd34ec7c55e','filer_public_thumbnails/filer_public/15/a2/15a260e6-40a9-42fd-9087-acebc40e7e6f/marek_nov-k.png__180x180_q85_crop_subsampling-2_upscale.jpg','2018-07-26 13:35:21',118),
	(953,'f9bde26a1556cd667f742bd34ec7c55e','filer_public_thumbnails/filer_public/4f/d6/4fd67249-b72f-4ee1-98a7-9db88a30bf07/lucie_tvrdikova.png__180x180_q85_crop_subsampling-2_upscale.jpg','2018-07-26 13:35:21',116),
	(954,'f9bde26a1556cd667f742bd34ec7c55e','filer_public_thumbnails/filer_public/be/47/be473429-633f-4b9e-9665-296af556ec06/alzbetazembova.png__180x180_q85_crop_subsampling-2_upscale@2x.jpg','2018-07-26 13:35:21',117),
	(955,'f9bde26a1556cd667f742bd34ec7c55e','filer_public_thumbnails/filer_public/15/a2/15a260e6-40a9-42fd-9087-acebc40e7e6f/marek_nov-k.png__180x180_q85_crop_subsampling-2_upscale@2x.jpg','2018-07-26 13:35:21',118),
	(956,'f9bde26a1556cd667f742bd34ec7c55e','filer_public_thumbnails/filer_public/4f/d6/4fd67249-b72f-4ee1-98a7-9db88a30bf07/lucie_tvrdikova.png__180x180_q85_crop_subsampling-2_upscale@2x.jpg','2018-07-26 13:35:21',116),
	(957,'f9bde26a1556cd667f742bd34ec7c55e','filer_public_thumbnails/filer_public/a6/d0/a6d0699d-0fb1-494a-b30c-8ae177f73f06/tomas_grosup.png__32x32_q85_crop_subsampling-2_upscale.jpg','2018-07-27 11:25:20',119),
	(958,'f9bde26a1556cd667f742bd34ec7c55e','filer_public_thumbnails/filer_public/a6/d0/a6d0699d-0fb1-494a-b30c-8ae177f73f06/tomas_grosup.png__32x32_q85_crop_subsampling-2_upscale@2x.jpg','2018-07-27 11:25:20',119),
	(959,'f9bde26a1556cd667f742bd34ec7c55e','filer_public_thumbnails/filer_public/ee/b9/eeb980d7-a7be-450d-a497-69764318564d/vojtech_kotous.png__32x32_q85_crop_subsampling-2_upscale.jpg','2018-07-27 11:25:20',120),
	(960,'f9bde26a1556cd667f742bd34ec7c55e','filer_public_thumbnails/filer_public/a6/d0/a6d0699d-0fb1-494a-b30c-8ae177f73f06/tomas_grosup.png__64x64_q85_crop_subsampling-2_upscale.jpg','2018-07-27 11:25:20',119),
	(961,'f9bde26a1556cd667f742bd34ec7c55e','filer_public_thumbnails/filer_public/ee/b9/eeb980d7-a7be-450d-a497-69764318564d/vojtech_kotous.png__32x32_q85_crop_subsampling-2_upscale@2x.jpg','2018-07-27 11:25:20',120),
	(962,'f9bde26a1556cd667f742bd34ec7c55e','filer_public_thumbnails/filer_public/ee/b9/eeb980d7-a7be-450d-a497-69764318564d/vojtech_kotous.png__64x64_q85_crop_subsampling-2_upscale.jpg','2018-07-27 11:25:20',120),
	(963,'f9bde26a1556cd667f742bd34ec7c55e','filer_public_thumbnails/filer_public/a6/d0/a6d0699d-0fb1-494a-b30c-8ae177f73f06/tomas_grosup.png__64x64_q85_crop_subsampling-2_upscale@2x.jpg','2018-07-27 11:25:20',119),
	(964,'f9bde26a1556cd667f742bd34ec7c55e','filer_public_thumbnails/filer_public/10/c4/10c42bc4-6846-4f84-9307-10600250b2e5/sokolov_andrei_portrait.png__32x32_q85_crop_subsampling-2_upscale.jpg','2018-07-27 11:25:19',121),
	(965,'f9bde26a1556cd667f742bd34ec7c55e','filer_public_thumbnails/filer_public/a6/d0/a6d0699d-0fb1-494a-b30c-8ae177f73f06/tomas_grosup.png__48x48_q85_crop_subsampling-2_upscale.jpg','2018-07-27 11:25:20',119),
	(966,'f9bde26a1556cd667f742bd34ec7c55e','filer_public_thumbnails/filer_public/ee/b9/eeb980d7-a7be-450d-a497-69764318564d/vojtech_kotous.png__64x64_q85_crop_subsampling-2_upscale@2x.jpg','2018-07-27 11:25:20',120),
	(967,'f9bde26a1556cd667f742bd34ec7c55e','filer_public_thumbnails/filer_public/10/c4/10c42bc4-6846-4f84-9307-10600250b2e5/sokolov_andrei_portrait.png__32x32_q85_crop_subsampling-2_upscale@2x.jpg','2018-07-27 11:25:19',121),
	(968,'f9bde26a1556cd667f742bd34ec7c55e','filer_public_thumbnails/filer_public/ee/b9/eeb980d7-a7be-450d-a497-69764318564d/vojtech_kotous.png__48x48_q85_crop_subsampling-2_upscale.jpg','2018-07-27 11:25:20',120),
	(969,'f9bde26a1556cd667f742bd34ec7c55e','filer_public_thumbnails/filer_public/a6/d0/a6d0699d-0fb1-494a-b30c-8ae177f73f06/tomas_grosup.png__48x48_q85_crop_subsampling-2_upscale@2x.jpg','2018-07-27 11:25:20',119),
	(970,'f9bde26a1556cd667f742bd34ec7c55e','filer_public_thumbnails/filer_public/10/c4/10c42bc4-6846-4f84-9307-10600250b2e5/sokolov_andrei_portrait.png__64x64_q85_crop_subsampling-2_upscale.jpg','2018-07-27 11:25:19',121),
	(971,'f9bde26a1556cd667f742bd34ec7c55e','filer_public_thumbnails/filer_public/ee/b9/eeb980d7-a7be-450d-a497-69764318564d/vojtech_kotous.png__48x48_q85_crop_subsampling-2_upscale@2x.jpg','2018-07-27 11:25:20',120),
	(972,'f9bde26a1556cd667f742bd34ec7c55e','filer_public_thumbnails/filer_public/ee/b9/eeb980d7-a7be-450d-a497-69764318564d/vojtech_kotous.png__16x16_q85_crop_subsampling-2_upscale.jpg','2018-07-27 11:25:21',120),
	(973,'f9bde26a1556cd667f742bd34ec7c55e','filer_public_thumbnails/filer_public/a6/d0/a6d0699d-0fb1-494a-b30c-8ae177f73f06/tomas_grosup.png__16x16_q85_crop_subsampling-2_upscale.jpg','2018-07-27 11:25:20',119),
	(974,'f9bde26a1556cd667f742bd34ec7c55e','filer_public_thumbnails/filer_public/10/c4/10c42bc4-6846-4f84-9307-10600250b2e5/sokolov_andrei_portrait.png__64x64_q85_crop_subsampling-2_upscale@2x.jpg','2018-07-27 11:25:19',121),
	(975,'f9bde26a1556cd667f742bd34ec7c55e','filer_public_thumbnails/filer_public/ee/b9/eeb980d7-a7be-450d-a497-69764318564d/vojtech_kotous.png__16x16_q85_crop_subsampling-2_upscale@2x.jpg','2018-07-27 11:25:21',120),
	(976,'f9bde26a1556cd667f742bd34ec7c55e','filer_public_thumbnails/filer_public/a6/d0/a6d0699d-0fb1-494a-b30c-8ae177f73f06/tomas_grosup.png__16x16_q85_crop_subsampling-2_upscale@2x.jpg','2018-07-27 11:25:20',119),
	(977,'f9bde26a1556cd667f742bd34ec7c55e','filer_public_thumbnails/filer_public/10/c4/10c42bc4-6846-4f84-9307-10600250b2e5/sokolov_andrei_portrait.png__48x48_q85_crop_subsampling-2_upscale.jpg','2018-07-27 11:25:19',121),
	(978,'f9bde26a1556cd667f742bd34ec7c55e','filer_public_thumbnails/filer_public/10/c4/10c42bc4-6846-4f84-9307-10600250b2e5/sokolov_andrei_portrait.png__48x48_q85_crop_subsampling-2_upscale@2x.jpg','2018-07-27 11:25:19',121),
	(979,'f9bde26a1556cd667f742bd34ec7c55e','filer_public_thumbnails/filer_public/ee/b9/eeb980d7-a7be-450d-a497-69764318564d/vojtech_kotous.png__180x180_q85_crop_subsampling-2_upscale.jpg','2018-07-26 13:35:22',120),
	(980,'f9bde26a1556cd667f742bd34ec7c55e','filer_public_thumbnails/filer_public/a6/d0/a6d0699d-0fb1-494a-b30c-8ae177f73f06/tomas_grosup.png__180x180_q85_crop_subsampling-2_upscale.jpg','2018-07-26 13:35:22',119),
	(981,'f9bde26a1556cd667f742bd34ec7c55e','filer_public_thumbnails/filer_public/10/c4/10c42bc4-6846-4f84-9307-10600250b2e5/sokolov_andrei_portrait.png__16x16_q85_crop_subsampling-2_upscale.jpg','2018-07-27 11:25:19',121),
	(982,'f9bde26a1556cd667f742bd34ec7c55e','filer_public_thumbnails/filer_public/10/c4/10c42bc4-6846-4f84-9307-10600250b2e5/sokolov_andrei_portrait.png__16x16_q85_crop_subsampling-2_upscale@2x.jpg','2018-07-27 11:25:19',121),
	(983,'f9bde26a1556cd667f742bd34ec7c55e','filer_public_thumbnails/filer_public/a6/d0/a6d0699d-0fb1-494a-b30c-8ae177f73f06/tomas_grosup.png__180x180_q85_crop_subsampling-2_upscale@2x.jpg','2018-07-26 13:35:22',119),
	(984,'f9bde26a1556cd667f742bd34ec7c55e','filer_public_thumbnails/filer_public/ee/b9/eeb980d7-a7be-450d-a497-69764318564d/vojtech_kotous.png__180x180_q85_crop_subsampling-2_upscale@2x.jpg','2018-07-26 13:35:22',120),
	(985,'f9bde26a1556cd667f742bd34ec7c55e','filer_public_thumbnails/filer_public/10/c4/10c42bc4-6846-4f84-9307-10600250b2e5/sokolov_andrei_portrait.png__180x180_q85_crop_subsampling-2_upscale.jpg','2018-07-26 13:35:22',121),
	(986,'f9bde26a1556cd667f742bd34ec7c55e','filer_public_thumbnails/filer_public/10/c4/10c42bc4-6846-4f84-9307-10600250b2e5/sokolov_andrei_portrait.png__180x180_q85_crop_subsampling-2_upscale@2x.jpg','2018-07-26 13:35:22',121),
	(987,'f9bde26a1556cd667f742bd34ec7c55e','filer_public_thumbnails/filer_public/10/c4/10c42bc4-6846-4f84-9307-10600250b2e5/sokolov_andrei_portrait.png__270x270_q85_subsampling-2.jpg','2018-07-27 09:48:12',121),
	(988,'f9bde26a1556cd667f742bd34ec7c55e','filer_public_thumbnails/filer_public/10/c4/10c42bc4-6846-4f84-9307-10600250b2e5/sokolov_andrei_portrait.png__270x270_q85_subsampling-2@2x.jpg','2018-07-27 09:48:12',121),
	(989,'f9bde26a1556cd667f742bd34ec7c55e','filer_public_thumbnails/filer_public/c3/8d/c38d9128-3246-4ec1-b85e-6a850925096b/ikey.png__120x120_q85_subsampling-2.png','2018-07-27 11:26:22',73),
	(990,'f9bde26a1556cd667f742bd34ec7c55e','filer_public_thumbnails/filer_public/c3/8d/c38d9128-3246-4ec1-b85e-6a850925096b/ikey.png__120x120_q85_subsampling-2@2x.png','2018-07-27 11:26:22',73),
	(991,'f9bde26a1556cd667f742bd34ec7c55e','filer_public_thumbnails/filer_public/44/d9/44d9e241-7754-4ed2-8984-af6c54711ac8/clock.png__32x32_q85_crop_subsampling-2_upscale.png','2018-07-27 09:48:57',124),
	(992,'f9bde26a1556cd667f742bd34ec7c55e','filer_public_thumbnails/filer_public/1c/fa/1cfa2834-0ae9-4ed6-8487-2ed2548aa8e0/settings.png__32x32_q85_crop_subsampling-2_upscale.png','2018-07-27 09:48:57',122),
	(993,'f9bde26a1556cd667f742bd34ec7c55e','filer_public_thumbnails/filer_public/f5/cd/f5cd62b0-459b-4fdf-b9b1-b294c9bcbdc2/pin.png__32x32_q85_crop_subsampling-2_upscale.png','2018-07-27 09:48:57',123),
	(994,'f9bde26a1556cd667f742bd34ec7c55e','filer_public_thumbnails/filer_public/f5/cd/f5cd62b0-459b-4fdf-b9b1-b294c9bcbdc2/pin.png__32x32_q85_crop_subsampling-2_upscale@2x.png','2018-07-27 09:48:57',123),
	(995,'f9bde26a1556cd667f742bd34ec7c55e','filer_public_thumbnails/filer_public/1c/fa/1cfa2834-0ae9-4ed6-8487-2ed2548aa8e0/settings.png__32x32_q85_crop_subsampling-2_upscale@2x.png','2018-07-27 09:48:57',122),
	(996,'f9bde26a1556cd667f742bd34ec7c55e','filer_public_thumbnails/filer_public/44/d9/44d9e241-7754-4ed2-8984-af6c54711ac8/clock.png__32x32_q85_crop_subsampling-2_upscale@2x.png','2018-07-27 09:48:57',124),
	(997,'f9bde26a1556cd667f742bd34ec7c55e','filer_public_thumbnails/filer_public/f5/cd/f5cd62b0-459b-4fdf-b9b1-b294c9bcbdc2/pin.png__64x64_q85_crop_subsampling-2_upscale.png','2018-07-27 09:48:57',123),
	(998,'f9bde26a1556cd667f742bd34ec7c55e','filer_public_thumbnails/filer_public/44/d9/44d9e241-7754-4ed2-8984-af6c54711ac8/clock.png__64x64_q85_crop_subsampling-2_upscale.png','2018-07-27 09:48:58',124),
	(999,'f9bde26a1556cd667f742bd34ec7c55e','filer_public_thumbnails/filer_public/1c/fa/1cfa2834-0ae9-4ed6-8487-2ed2548aa8e0/settings.png__64x64_q85_crop_subsampling-2_upscale.png','2018-07-27 09:48:58',122),
	(1000,'f9bde26a1556cd667f742bd34ec7c55e','filer_public_thumbnails/filer_public/f5/cd/f5cd62b0-459b-4fdf-b9b1-b294c9bcbdc2/pin.png__64x64_q85_crop_subsampling-2_upscale@2x.png','2018-07-27 09:48:58',123),
	(1001,'f9bde26a1556cd667f742bd34ec7c55e','filer_public_thumbnails/filer_public/44/d9/44d9e241-7754-4ed2-8984-af6c54711ac8/clock.png__64x64_q85_crop_subsampling-2_upscale@2x.png','2018-07-27 09:48:58',124),
	(1002,'f9bde26a1556cd667f742bd34ec7c55e','filer_public_thumbnails/filer_public/1c/fa/1cfa2834-0ae9-4ed6-8487-2ed2548aa8e0/settings.png__64x64_q85_crop_subsampling-2_upscale@2x.png','2018-07-27 09:48:58',122),
	(1003,'f9bde26a1556cd667f742bd34ec7c55e','filer_public_thumbnails/filer_public/f5/cd/f5cd62b0-459b-4fdf-b9b1-b294c9bcbdc2/pin.png__48x48_q85_crop_subsampling-2_upscale.png','2018-07-27 09:48:58',123),
	(1004,'f9bde26a1556cd667f742bd34ec7c55e','filer_public_thumbnails/filer_public/44/d9/44d9e241-7754-4ed2-8984-af6c54711ac8/clock.png__48x48_q85_crop_subsampling-2_upscale.png','2018-07-27 09:48:58',124),
	(1005,'f9bde26a1556cd667f742bd34ec7c55e','filer_public_thumbnails/filer_public/1c/fa/1cfa2834-0ae9-4ed6-8487-2ed2548aa8e0/settings.png__48x48_q85_crop_subsampling-2_upscale.png','2018-07-27 09:48:58',122),
	(1006,'f9bde26a1556cd667f742bd34ec7c55e','filer_public_thumbnails/filer_public/f5/cd/f5cd62b0-459b-4fdf-b9b1-b294c9bcbdc2/pin.png__48x48_q85_crop_subsampling-2_upscale@2x.png','2018-07-27 09:48:58',123),
	(1007,'f9bde26a1556cd667f742bd34ec7c55e','filer_public_thumbnails/filer_public/44/d9/44d9e241-7754-4ed2-8984-af6c54711ac8/clock.png__48x48_q85_crop_subsampling-2_upscale@2x.png','2018-07-27 09:48:58',124),
	(1008,'f9bde26a1556cd667f742bd34ec7c55e','filer_public_thumbnails/filer_public/1c/fa/1cfa2834-0ae9-4ed6-8487-2ed2548aa8e0/settings.png__48x48_q85_crop_subsampling-2_upscale@2x.png','2018-07-27 09:48:58',122),
	(1009,'f9bde26a1556cd667f742bd34ec7c55e','filer_public_thumbnails/filer_public/f5/cd/f5cd62b0-459b-4fdf-b9b1-b294c9bcbdc2/pin.png__16x16_q85_crop_subsampling-2_upscale.png','2018-07-27 09:48:58',123),
	(1010,'f9bde26a1556cd667f742bd34ec7c55e','filer_public_thumbnails/filer_public/1c/fa/1cfa2834-0ae9-4ed6-8487-2ed2548aa8e0/settings.png__16x16_q85_crop_subsampling-2_upscale.png','2018-07-27 09:48:58',122),
	(1011,'f9bde26a1556cd667f742bd34ec7c55e','filer_public_thumbnails/filer_public/44/d9/44d9e241-7754-4ed2-8984-af6c54711ac8/clock.png__16x16_q85_crop_subsampling-2_upscale.png','2018-07-27 09:48:58',124),
	(1012,'f9bde26a1556cd667f742bd34ec7c55e','filer_public_thumbnails/filer_public/f5/cd/f5cd62b0-459b-4fdf-b9b1-b294c9bcbdc2/pin.png__16x16_q85_crop_subsampling-2_upscale@2x.png','2018-07-27 09:48:58',123),
	(1013,'f9bde26a1556cd667f742bd34ec7c55e','filer_public_thumbnails/filer_public/1c/fa/1cfa2834-0ae9-4ed6-8487-2ed2548aa8e0/settings.png__16x16_q85_crop_subsampling-2_upscale@2x.png','2018-07-27 09:48:58',122),
	(1014,'f9bde26a1556cd667f742bd34ec7c55e','filer_public_thumbnails/filer_public/44/d9/44d9e241-7754-4ed2-8984-af6c54711ac8/clock.png__16x16_q85_crop_subsampling-2_upscale@2x.png','2018-07-27 09:48:58',124),
	(1015,'f9bde26a1556cd667f742bd34ec7c55e','filer_public_thumbnails/filer_public/f5/cd/f5cd62b0-459b-4fdf-b9b1-b294c9bcbdc2/pin.png__180x180_q85_crop_subsampling-2_upscale.png','2018-07-27 09:48:58',123),
	(1016,'f9bde26a1556cd667f742bd34ec7c55e','filer_public_thumbnails/filer_public/44/d9/44d9e241-7754-4ed2-8984-af6c54711ac8/clock.png__180x180_q85_crop_subsampling-2_upscale.png','2018-07-27 09:48:58',124),
	(1017,'f9bde26a1556cd667f742bd34ec7c55e','filer_public_thumbnails/filer_public/1c/fa/1cfa2834-0ae9-4ed6-8487-2ed2548aa8e0/settings.png__180x180_q85_crop_subsampling-2_upscale.png','2018-07-27 09:48:58',122),
	(1018,'f9bde26a1556cd667f742bd34ec7c55e','filer_public_thumbnails/filer_public/f5/cd/f5cd62b0-459b-4fdf-b9b1-b294c9bcbdc2/pin.png__180x180_q85_crop_subsampling-2_upscale@2x.png','2018-07-27 09:48:58',123),
	(1019,'f9bde26a1556cd667f742bd34ec7c55e','filer_public_thumbnails/filer_public/1c/fa/1cfa2834-0ae9-4ed6-8487-2ed2548aa8e0/settings.png__180x180_q85_crop_subsampling-2_upscale@2x.png','2018-07-27 09:48:58',122),
	(1020,'f9bde26a1556cd667f742bd34ec7c55e','filer_public_thumbnails/filer_public/44/d9/44d9e241-7754-4ed2-8984-af6c54711ac8/clock.png__180x180_q85_crop_subsampling-2_upscale@2x.png','2018-07-27 09:48:58',124),
	(1021,'f9bde26a1556cd667f742bd34ec7c55e','filer_public_thumbnails/filer_public/ce/6c/ce6c62e4-9e87-46ae-a257-2fc9ab2b7ff8/1.png__32x32_q85_crop_subsampling-2_upscale.png','2018-07-27 11:25:40',125),
	(1022,'f9bde26a1556cd667f742bd34ec7c55e','filer_public_thumbnails/filer_public/ce/6c/ce6c62e4-9e87-46ae-a257-2fc9ab2b7ff8/1.png__32x32_q85_crop_subsampling-2_upscale@2x.png','2018-07-27 11:25:40',125),
	(1023,'f9bde26a1556cd667f742bd34ec7c55e','filer_public_thumbnails/filer_public/c7/6d/c76d7f5e-1bfa-4a94-96ec-08d2c1cdab4b/anna_vacikova.png__32x32_q85_crop_subsampling-2_upscale.png','2018-07-27 11:25:40',127),
	(1024,'f9bde26a1556cd667f742bd34ec7c55e','filer_public_thumbnails/filer_public/d6/27/d6277cc8-60dd-46b1-bcb4-aa4b0909070b/blanka_rubisova.png__32x32_q85_crop_subsampling-2_upscale.png','2018-07-27 11:25:40',126),
	(1025,'f9bde26a1556cd667f742bd34ec7c55e','filer_public_thumbnails/filer_public/ce/6c/ce6c62e4-9e87-46ae-a257-2fc9ab2b7ff8/1.png__64x64_q85_crop_subsampling-2_upscale.png','2018-07-27 11:25:40',125),
	(1026,'f9bde26a1556cd667f742bd34ec7c55e','filer_public_thumbnails/filer_public/d6/27/d6277cc8-60dd-46b1-bcb4-aa4b0909070b/blanka_rubisova.png__32x32_q85_crop_subsampling-2_upscale@2x.png','2018-07-27 11:25:40',126),
	(1027,'f9bde26a1556cd667f742bd34ec7c55e','filer_public_thumbnails/filer_public/c7/6d/c76d7f5e-1bfa-4a94-96ec-08d2c1cdab4b/anna_vacikova.png__32x32_q85_crop_subsampling-2_upscale@2x.png','2018-07-27 11:25:40',127),
	(1028,'f9bde26a1556cd667f742bd34ec7c55e','filer_public_thumbnails/filer_public/ce/6c/ce6c62e4-9e87-46ae-a257-2fc9ab2b7ff8/1.png__64x64_q85_crop_subsampling-2_upscale@2x.png','2018-07-27 11:25:40',125),
	(1029,'f9bde26a1556cd667f742bd34ec7c55e','filer_public_thumbnails/filer_public/c7/6d/c76d7f5e-1bfa-4a94-96ec-08d2c1cdab4b/anna_vacikova.png__64x64_q85_crop_subsampling-2_upscale.png','2018-07-27 11:25:40',127),
	(1030,'f9bde26a1556cd667f742bd34ec7c55e','filer_public_thumbnails/filer_public/d6/27/d6277cc8-60dd-46b1-bcb4-aa4b0909070b/blanka_rubisova.png__64x64_q85_crop_subsampling-2_upscale.png','2018-07-27 11:25:40',126),
	(1031,'f9bde26a1556cd667f742bd34ec7c55e','filer_public_thumbnails/filer_public/ce/6c/ce6c62e4-9e87-46ae-a257-2fc9ab2b7ff8/1.png__48x48_q85_crop_subsampling-2_upscale.png','2018-07-27 11:25:40',125),
	(1032,'f9bde26a1556cd667f742bd34ec7c55e','filer_public_thumbnails/filer_public/d6/27/d6277cc8-60dd-46b1-bcb4-aa4b0909070b/blanka_rubisova.png__64x64_q85_crop_subsampling-2_upscale@2x.png','2018-07-27 11:25:40',126),
	(1033,'f9bde26a1556cd667f742bd34ec7c55e','filer_public_thumbnails/filer_public/c7/6d/c76d7f5e-1bfa-4a94-96ec-08d2c1cdab4b/anna_vacikova.png__64x64_q85_crop_subsampling-2_upscale@2x.png','2018-07-27 11:25:40',127),
	(1034,'f9bde26a1556cd667f742bd34ec7c55e','filer_public_thumbnails/filer_public/ce/6c/ce6c62e4-9e87-46ae-a257-2fc9ab2b7ff8/1.png__48x48_q85_crop_subsampling-2_upscale@2x.png','2018-07-27 11:25:40',125),
	(1035,'f9bde26a1556cd667f742bd34ec7c55e','filer_public_thumbnails/filer_public/d6/27/d6277cc8-60dd-46b1-bcb4-aa4b0909070b/blanka_rubisova.png__48x48_q85_crop_subsampling-2_upscale.png','2018-07-27 11:25:40',126),
	(1036,'f9bde26a1556cd667f742bd34ec7c55e','filer_public_thumbnails/filer_public/c7/6d/c76d7f5e-1bfa-4a94-96ec-08d2c1cdab4b/anna_vacikova.png__48x48_q85_crop_subsampling-2_upscale.png','2018-07-27 11:25:40',127),
	(1037,'f9bde26a1556cd667f742bd34ec7c55e','filer_public_thumbnails/filer_public/ce/6c/ce6c62e4-9e87-46ae-a257-2fc9ab2b7ff8/1.png__16x16_q85_crop_subsampling-2_upscale.png','2018-07-27 11:25:40',125),
	(1038,'f9bde26a1556cd667f742bd34ec7c55e','filer_public_thumbnails/filer_public/c7/6d/c76d7f5e-1bfa-4a94-96ec-08d2c1cdab4b/anna_vacikova.png__48x48_q85_crop_subsampling-2_upscale@2x.png','2018-07-27 11:25:40',127),
	(1039,'f9bde26a1556cd667f742bd34ec7c55e','filer_public_thumbnails/filer_public/d6/27/d6277cc8-60dd-46b1-bcb4-aa4b0909070b/blanka_rubisova.png__48x48_q85_crop_subsampling-2_upscale@2x.png','2018-07-27 11:25:40',126),
	(1040,'f9bde26a1556cd667f742bd34ec7c55e','filer_public_thumbnails/filer_public/ce/6c/ce6c62e4-9e87-46ae-a257-2fc9ab2b7ff8/1.png__16x16_q85_crop_subsampling-2_upscale@2x.png','2018-07-27 11:25:40',125),
	(1041,'f9bde26a1556cd667f742bd34ec7c55e','filer_public_thumbnails/filer_public/d6/27/d6277cc8-60dd-46b1-bcb4-aa4b0909070b/blanka_rubisova.png__16x16_q85_crop_subsampling-2_upscale.png','2018-07-27 11:25:40',126),
	(1042,'f9bde26a1556cd667f742bd34ec7c55e','filer_public_thumbnails/filer_public/c7/6d/c76d7f5e-1bfa-4a94-96ec-08d2c1cdab4b/anna_vacikova.png__16x16_q85_crop_subsampling-2_upscale.png','2018-07-27 11:25:40',127),
	(1043,'f9bde26a1556cd667f742bd34ec7c55e','filer_public_thumbnails/filer_public/ce/6c/ce6c62e4-9e87-46ae-a257-2fc9ab2b7ff8/1.png__180x180_q85_crop_subsampling-2_upscale.png','2018-07-27 11:25:41',125),
	(1044,'f9bde26a1556cd667f742bd34ec7c55e','filer_public_thumbnails/filer_public/d6/27/d6277cc8-60dd-46b1-bcb4-aa4b0909070b/blanka_rubisova.png__16x16_q85_crop_subsampling-2_upscale@2x.png','2018-07-27 11:25:41',126),
	(1045,'f9bde26a1556cd667f742bd34ec7c55e','filer_public_thumbnails/filer_public/c7/6d/c76d7f5e-1bfa-4a94-96ec-08d2c1cdab4b/anna_vacikova.png__16x16_q85_crop_subsampling-2_upscale@2x.png','2018-07-27 11:25:41',127),
	(1046,'f9bde26a1556cd667f742bd34ec7c55e','filer_public_thumbnails/filer_public/ce/6c/ce6c62e4-9e87-46ae-a257-2fc9ab2b7ff8/1.png__180x180_q85_crop_subsampling-2_upscale@2x.png','2018-07-27 11:25:41',125),
	(1047,'f9bde26a1556cd667f742bd34ec7c55e','filer_public_thumbnails/filer_public/d6/27/d6277cc8-60dd-46b1-bcb4-aa4b0909070b/blanka_rubisova.png__180x180_q85_crop_subsampling-2_upscale.png','2018-07-27 11:25:41',126),
	(1048,'f9bde26a1556cd667f742bd34ec7c55e','filer_public_thumbnails/filer_public/c7/6d/c76d7f5e-1bfa-4a94-96ec-08d2c1cdab4b/anna_vacikova.png__180x180_q85_crop_subsampling-2_upscale.png','2018-07-27 11:25:41',127),
	(1049,'f9bde26a1556cd667f742bd34ec7c55e','filer_public_thumbnails/filer_public/d6/27/d6277cc8-60dd-46b1-bcb4-aa4b0909070b/blanka_rubisova.png__180x180_q85_crop_subsampling-2_upscale@2x.png','2018-07-27 11:25:41',126),
	(1050,'f9bde26a1556cd667f742bd34ec7c55e','filer_public_thumbnails/filer_public/c7/6d/c76d7f5e-1bfa-4a94-96ec-08d2c1cdab4b/anna_vacikova.png__180x180_q85_crop_subsampling-2_upscale@2x.png','2018-07-27 11:25:41',127),
	(1051,'f9bde26a1556cd667f742bd34ec7c55e','filer_public_thumbnails/filer_public/76/85/7685bd99-bc30-4351-941b-b429c2cd95c6/eliska_chmelikova.png__32x32_q85_crop_subsampling-2_upscale.png','2018-07-27 11:25:41',128),
	(1052,'f9bde26a1556cd667f742bd34ec7c55e','filer_public_thumbnails/filer_public/fe/2b/fe2b247c-8959-4d8e-a0ab-59f4f16b5daf/gabriela_skalova.png__32x32_q85_crop_subsampling-2_upscale.png','2018-07-27 11:25:41',129),
	(1053,'f9bde26a1556cd667f742bd34ec7c55e','filer_public_thumbnails/filer_public/76/85/7685bd99-bc30-4351-941b-b429c2cd95c6/eliska_chmelikova.png__32x32_q85_crop_subsampling-2_upscale@2x.png','2018-07-27 11:25:41',128),
	(1054,'f9bde26a1556cd667f742bd34ec7c55e','filer_public_thumbnails/filer_public/fe/2b/fe2b247c-8959-4d8e-a0ab-59f4f16b5daf/gabriela_skalova.png__32x32_q85_crop_subsampling-2_upscale@2x.png','2018-07-27 11:25:41',129),
	(1055,'f9bde26a1556cd667f742bd34ec7c55e','filer_public_thumbnails/filer_public/76/85/7685bd99-bc30-4351-941b-b429c2cd95c6/eliska_chmelikova.png__64x64_q85_crop_subsampling-2_upscale.png','2018-07-27 11:25:41',128),
	(1056,'f9bde26a1556cd667f742bd34ec7c55e','filer_public_thumbnails/filer_public/fe/2b/fe2b247c-8959-4d8e-a0ab-59f4f16b5daf/gabriela_skalova.png__64x64_q85_crop_subsampling-2_upscale.png','2018-07-27 11:25:41',129),
	(1057,'f9bde26a1556cd667f742bd34ec7c55e','filer_public_thumbnails/filer_public/76/85/7685bd99-bc30-4351-941b-b429c2cd95c6/eliska_chmelikova.png__64x64_q85_crop_subsampling-2_upscale@2x.png','2018-07-27 11:25:41',128),
	(1058,'f9bde26a1556cd667f742bd34ec7c55e','filer_public_thumbnails/filer_public/fe/2b/fe2b247c-8959-4d8e-a0ab-59f4f16b5daf/gabriela_skalova.png__64x64_q85_crop_subsampling-2_upscale@2x.png','2018-07-27 11:25:41',129),
	(1059,'f9bde26a1556cd667f742bd34ec7c55e','filer_public_thumbnails/filer_public/76/85/7685bd99-bc30-4351-941b-b429c2cd95c6/eliska_chmelikova.png__48x48_q85_crop_subsampling-2_upscale.png','2018-07-27 11:25:41',128),
	(1060,'f9bde26a1556cd667f742bd34ec7c55e','filer_public_thumbnails/filer_public/fe/2b/fe2b247c-8959-4d8e-a0ab-59f4f16b5daf/gabriela_skalova.png__48x48_q85_crop_subsampling-2_upscale.png','2018-07-27 11:25:41',129),
	(1061,'f9bde26a1556cd667f742bd34ec7c55e','filer_public_thumbnails/filer_public/76/85/7685bd99-bc30-4351-941b-b429c2cd95c6/eliska_chmelikova.png__48x48_q85_crop_subsampling-2_upscale@2x.png','2018-07-27 11:25:41',128),
	(1062,'f9bde26a1556cd667f742bd34ec7c55e','filer_public_thumbnails/filer_public/fe/2b/fe2b247c-8959-4d8e-a0ab-59f4f16b5daf/gabriela_skalova.png__48x48_q85_crop_subsampling-2_upscale@2x.png','2018-07-27 11:25:41',129),
	(1063,'f9bde26a1556cd667f742bd34ec7c55e','filer_public_thumbnails/filer_public/76/85/7685bd99-bc30-4351-941b-b429c2cd95c6/eliska_chmelikova.png__16x16_q85_crop_subsampling-2_upscale.png','2018-07-27 11:25:42',128),
	(1064,'f9bde26a1556cd667f742bd34ec7c55e','filer_public_thumbnails/filer_public/fe/2b/fe2b247c-8959-4d8e-a0ab-59f4f16b5daf/gabriela_skalova.png__16x16_q85_crop_subsampling-2_upscale.png','2018-07-27 11:25:42',129),
	(1065,'f9bde26a1556cd667f742bd34ec7c55e','filer_public_thumbnails/filer_public/76/85/7685bd99-bc30-4351-941b-b429c2cd95c6/eliska_chmelikova.png__16x16_q85_crop_subsampling-2_upscale@2x.png','2018-07-27 11:25:42',128),
	(1066,'f9bde26a1556cd667f742bd34ec7c55e','filer_public_thumbnails/filer_public/fe/2b/fe2b247c-8959-4d8e-a0ab-59f4f16b5daf/gabriela_skalova.png__16x16_q85_crop_subsampling-2_upscale@2x.png','2018-07-27 11:25:42',129),
	(1067,'f9bde26a1556cd667f742bd34ec7c55e','filer_public_thumbnails/filer_public/76/85/7685bd99-bc30-4351-941b-b429c2cd95c6/eliska_chmelikova.png__180x180_q85_crop_subsampling-2_upscale.png','2018-07-27 11:25:42',128),
	(1068,'f9bde26a1556cd667f742bd34ec7c55e','filer_public_thumbnails/filer_public/fe/2b/fe2b247c-8959-4d8e-a0ab-59f4f16b5daf/gabriela_skalova.png__180x180_q85_crop_subsampling-2_upscale.png','2018-07-27 11:25:42',129),
	(1069,'f9bde26a1556cd667f742bd34ec7c55e','filer_public_thumbnails/filer_public/76/85/7685bd99-bc30-4351-941b-b429c2cd95c6/eliska_chmelikova.png__180x180_q85_crop_subsampling-2_upscale@2x.png','2018-07-27 11:25:42',128),
	(1070,'f9bde26a1556cd667f742bd34ec7c55e','filer_public_thumbnails/filer_public/fe/2b/fe2b247c-8959-4d8e-a0ab-59f4f16b5daf/gabriela_skalova.png__180x180_q85_crop_subsampling-2_upscale@2x.png','2018-07-27 11:25:42',129),
	(1071,'f9bde26a1556cd667f742bd34ec7c55e','filer_public_thumbnails/filer_public/2e/5e/2e5eac83-5be2-4481-a749-5eb9549c4853/jana_dufkova.png__32x32_q85_crop_subsampling-2_upscale.png','2018-07-27 11:25:42',130),
	(1072,'f9bde26a1556cd667f742bd34ec7c55e','filer_public_thumbnails/filer_public/2e/5e/2e5eac83-5be2-4481-a749-5eb9549c4853/jana_dufkova.png__32x32_q85_crop_subsampling-2_upscale@2x.png','2018-07-27 11:25:42',130),
	(1073,'f9bde26a1556cd667f742bd34ec7c55e','filer_public_thumbnails/filer_public/2e/5e/2e5eac83-5be2-4481-a749-5eb9549c4853/jana_dufkova.png__64x64_q85_crop_subsampling-2_upscale.png','2018-07-27 11:25:42',130),
	(1074,'f9bde26a1556cd667f742bd34ec7c55e','filer_public_thumbnails/filer_public/2e/5e/2e5eac83-5be2-4481-a749-5eb9549c4853/jana_dufkova.png__64x64_q85_crop_subsampling-2_upscale@2x.png','2018-07-27 11:25:42',130),
	(1075,'f9bde26a1556cd667f742bd34ec7c55e','filer_public_thumbnails/filer_public/7d/80/7d801310-3b3a-4336-b2e0-4c1656385701/illya_pavlov.png__32x32_q85_crop_subsampling-2_upscale.png','2018-07-27 11:25:42',131),
	(1076,'f9bde26a1556cd667f742bd34ec7c55e','filer_public_thumbnails/filer_public/2e/5e/2e5eac83-5be2-4481-a749-5eb9549c4853/jana_dufkova.png__48x48_q85_crop_subsampling-2_upscale.png','2018-07-27 11:25:42',130),
	(1077,'f9bde26a1556cd667f742bd34ec7c55e','filer_public_thumbnails/filer_public/7d/80/7d801310-3b3a-4336-b2e0-4c1656385701/illya_pavlov.png__32x32_q85_crop_subsampling-2_upscale@2x.png','2018-07-27 11:25:42',131),
	(1078,'f9bde26a1556cd667f742bd34ec7c55e','filer_public_thumbnails/filer_public/2e/5e/2e5eac83-5be2-4481-a749-5eb9549c4853/jana_dufkova.png__48x48_q85_crop_subsampling-2_upscale@2x.png','2018-07-27 11:25:42',130),
	(1079,'f9bde26a1556cd667f742bd34ec7c55e','filer_public_thumbnails/filer_public/7d/80/7d801310-3b3a-4336-b2e0-4c1656385701/illya_pavlov.png__64x64_q85_crop_subsampling-2_upscale.png','2018-07-27 11:25:42',131),
	(1080,'f9bde26a1556cd667f742bd34ec7c55e','filer_public_thumbnails/filer_public/2e/5e/2e5eac83-5be2-4481-a749-5eb9549c4853/jana_dufkova.png__16x16_q85_crop_subsampling-2_upscale.png','2018-07-27 11:25:42',130),
	(1081,'f9bde26a1556cd667f742bd34ec7c55e','filer_public_thumbnails/filer_public/7d/80/7d801310-3b3a-4336-b2e0-4c1656385701/illya_pavlov.png__64x64_q85_crop_subsampling-2_upscale@2x.png','2018-07-27 11:25:43',131),
	(1082,'f9bde26a1556cd667f742bd34ec7c55e','filer_public_thumbnails/filer_public/2e/5e/2e5eac83-5be2-4481-a749-5eb9549c4853/jana_dufkova.png__16x16_q85_crop_subsampling-2_upscale@2x.png','2018-07-27 11:25:43',130),
	(1083,'f9bde26a1556cd667f742bd34ec7c55e','filer_public_thumbnails/filer_public/7d/80/7d801310-3b3a-4336-b2e0-4c1656385701/illya_pavlov.png__48x48_q85_crop_subsampling-2_upscale.png','2018-07-27 11:25:43',131),
	(1084,'f9bde26a1556cd667f742bd34ec7c55e','filer_public_thumbnails/filer_public/2e/5e/2e5eac83-5be2-4481-a749-5eb9549c4853/jana_dufkova.png__180x180_q85_crop_subsampling-2_upscale.png','2018-07-27 11:25:43',130),
	(1085,'f9bde26a1556cd667f742bd34ec7c55e','filer_public_thumbnails/filer_public/7d/80/7d801310-3b3a-4336-b2e0-4c1656385701/illya_pavlov.png__48x48_q85_crop_subsampling-2_upscale@2x.png','2018-07-27 11:25:43',131),
	(1086,'f9bde26a1556cd667f742bd34ec7c55e','filer_public_thumbnails/filer_public/7d/80/7d801310-3b3a-4336-b2e0-4c1656385701/illya_pavlov.png__16x16_q85_crop_subsampling-2_upscale.png','2018-07-27 11:25:43',131),
	(1087,'f9bde26a1556cd667f742bd34ec7c55e','filer_public_thumbnails/filer_public/2e/5e/2e5eac83-5be2-4481-a749-5eb9549c4853/jana_dufkova.png__180x180_q85_crop_subsampling-2_upscale@2x.png','2018-07-27 11:25:43',130),
	(1088,'f9bde26a1556cd667f742bd34ec7c55e','filer_public_thumbnails/filer_public/7d/80/7d801310-3b3a-4336-b2e0-4c1656385701/illya_pavlov.png__16x16_q85_crop_subsampling-2_upscale@2x.png','2018-07-27 11:25:43',131),
	(1089,'f9bde26a1556cd667f742bd34ec7c55e','filer_public_thumbnails/filer_public/7d/80/7d801310-3b3a-4336-b2e0-4c1656385701/illya_pavlov.png__180x180_q85_crop_subsampling-2_upscale.png','2018-07-27 11:25:43',131),
	(1090,'f9bde26a1556cd667f742bd34ec7c55e','filer_public_thumbnails/filer_public/7d/80/7d801310-3b3a-4336-b2e0-4c1656385701/illya_pavlov.png__180x180_q85_crop_subsampling-2_upscale@2x.png','2018-07-27 11:25:43',131),
	(1091,'f9bde26a1556cd667f742bd34ec7c55e','filer_public_thumbnails/filer_public/6a/97/6a97e91a-c070-4f78-b7aa-5fa61d4b9837/jitka-klickova.png__32x32_q85_crop_subsampling-2_upscale.png','2018-07-27 11:25:43',132),
	(1092,'f9bde26a1556cd667f742bd34ec7c55e','filer_public_thumbnails/filer_public/6a/97/6a97e91a-c070-4f78-b7aa-5fa61d4b9837/jitka-klickova.png__32x32_q85_crop_subsampling-2_upscale@2x.png','2018-07-27 11:25:43',132),
	(1093,'f9bde26a1556cd667f742bd34ec7c55e','filer_public_thumbnails/filer_public/6a/97/6a97e91a-c070-4f78-b7aa-5fa61d4b9837/jitka-klickova.png__64x64_q85_crop_subsampling-2_upscale.png','2018-07-27 11:25:43',132),
	(1094,'f9bde26a1556cd667f742bd34ec7c55e','filer_public_thumbnails/filer_public/6a/97/6a97e91a-c070-4f78-b7aa-5fa61d4b9837/jitka-klickova.png__64x64_q85_crop_subsampling-2_upscale@2x.png','2018-07-27 11:25:43',132),
	(1095,'f9bde26a1556cd667f742bd34ec7c55e','filer_public_thumbnails/filer_public/27/a1/27a14f0e-f7cc-4193-9954-19d7b2ed2e04/katerina_paleckova.png__32x32_q85_crop_subsampling-2_upscale.png','2018-07-27 11:25:44',133),
	(1096,'f9bde26a1556cd667f742bd34ec7c55e','filer_public_thumbnails/filer_public/6a/97/6a97e91a-c070-4f78-b7aa-5fa61d4b9837/jitka-klickova.png__48x48_q85_crop_subsampling-2_upscale.png','2018-07-27 11:25:44',132),
	(1097,'f9bde26a1556cd667f742bd34ec7c55e','filer_public_thumbnails/filer_public/6a/97/6a97e91a-c070-4f78-b7aa-5fa61d4b9837/jitka-klickova.png__48x48_q85_crop_subsampling-2_upscale@2x.png','2018-07-27 11:25:44',132),
	(1098,'f9bde26a1556cd667f742bd34ec7c55e','filer_public_thumbnails/filer_public/27/a1/27a14f0e-f7cc-4193-9954-19d7b2ed2e04/katerina_paleckova.png__32x32_q85_crop_subsampling-2_upscale@2x.png','2018-07-27 11:25:44',133),
	(1099,'f9bde26a1556cd667f742bd34ec7c55e','filer_public_thumbnails/filer_public/6a/97/6a97e91a-c070-4f78-b7aa-5fa61d4b9837/jitka-klickova.png__16x16_q85_crop_subsampling-2_upscale.png','2018-07-27 11:25:44',132),
	(1100,'f9bde26a1556cd667f742bd34ec7c55e','filer_public_thumbnails/filer_public/27/a1/27a14f0e-f7cc-4193-9954-19d7b2ed2e04/katerina_paleckova.png__64x64_q85_crop_subsampling-2_upscale.png','2018-07-27 11:25:44',133),
	(1101,'f9bde26a1556cd667f742bd34ec7c55e','filer_public_thumbnails/filer_public/6a/97/6a97e91a-c070-4f78-b7aa-5fa61d4b9837/jitka-klickova.png__16x16_q85_crop_subsampling-2_upscale@2x.png','2018-07-27 11:25:44',132),
	(1102,'f9bde26a1556cd667f742bd34ec7c55e','filer_public_thumbnails/filer_public/27/a1/27a14f0e-f7cc-4193-9954-19d7b2ed2e04/katerina_paleckova.png__64x64_q85_crop_subsampling-2_upscale@2x.png','2018-07-27 11:25:44',133),
	(1103,'f9bde26a1556cd667f742bd34ec7c55e','filer_public_thumbnails/filer_public/6a/97/6a97e91a-c070-4f78-b7aa-5fa61d4b9837/jitka-klickova.png__180x180_q85_crop_subsampling-2_upscale.png','2018-07-27 11:25:44',132),
	(1104,'f9bde26a1556cd667f742bd34ec7c55e','filer_public_thumbnails/filer_public/27/a1/27a14f0e-f7cc-4193-9954-19d7b2ed2e04/katerina_paleckova.png__48x48_q85_crop_subsampling-2_upscale.png','2018-07-27 11:25:44',133),
	(1105,'f9bde26a1556cd667f742bd34ec7c55e','filer_public_thumbnails/filer_public/27/a1/27a14f0e-f7cc-4193-9954-19d7b2ed2e04/katerina_paleckova.png__48x48_q85_crop_subsampling-2_upscale@2x.png','2018-07-27 11:25:44',133),
	(1106,'f9bde26a1556cd667f742bd34ec7c55e','filer_public_thumbnails/filer_public/6a/97/6a97e91a-c070-4f78-b7aa-5fa61d4b9837/jitka-klickova.png__180x180_q85_crop_subsampling-2_upscale@2x.png','2018-07-27 11:25:44',132),
	(1107,'f9bde26a1556cd667f742bd34ec7c55e','filer_public_thumbnails/filer_public/27/a1/27a14f0e-f7cc-4193-9954-19d7b2ed2e04/katerina_paleckova.png__16x16_q85_crop_subsampling-2_upscale.png','2018-07-27 11:25:44',133),
	(1108,'f9bde26a1556cd667f742bd34ec7c55e','filer_public_thumbnails/filer_public/27/a1/27a14f0e-f7cc-4193-9954-19d7b2ed2e04/katerina_paleckova.png__16x16_q85_crop_subsampling-2_upscale@2x.png','2018-07-27 11:25:44',133),
	(1109,'f9bde26a1556cd667f742bd34ec7c55e','filer_public_thumbnails/filer_public/8b/bc/8bbccb4a-1778-4246-97a4-98eb545409d7/lucie_stankova.png__32x32_q85_crop_subsampling-2_upscale.png','2018-07-27 11:25:44',135),
	(1110,'f9bde26a1556cd667f742bd34ec7c55e','filer_public_thumbnails/filer_public/27/a1/27a14f0e-f7cc-4193-9954-19d7b2ed2e04/katerina_paleckova.png__180x180_q85_crop_subsampling-2_upscale.png','2018-07-27 11:25:44',133),
	(1111,'f9bde26a1556cd667f742bd34ec7c55e','filer_public_thumbnails/filer_public/8b/bc/8bbccb4a-1778-4246-97a4-98eb545409d7/lucie_stankova.png__32x32_q85_crop_subsampling-2_upscale@2x.png','2018-07-27 11:25:44',135),
	(1112,'f9bde26a1556cd667f742bd34ec7c55e','filer_public_thumbnails/filer_public/8b/bc/8bbccb4a-1778-4246-97a4-98eb545409d7/lucie_stankova.png__64x64_q85_crop_subsampling-2_upscale.png','2018-07-27 11:25:44',135),
	(1113,'f9bde26a1556cd667f742bd34ec7c55e','filer_public_thumbnails/filer_public/27/a1/27a14f0e-f7cc-4193-9954-19d7b2ed2e04/katerina_paleckova.png__180x180_q85_crop_subsampling-2_upscale@2x.png','2018-07-27 11:25:44',133),
	(1114,'f9bde26a1556cd667f742bd34ec7c55e','filer_public_thumbnails/filer_public/8b/bc/8bbccb4a-1778-4246-97a4-98eb545409d7/lucie_stankova.png__64x64_q85_crop_subsampling-2_upscale@2x.png','2018-07-27 11:25:45',135),
	(1115,'f9bde26a1556cd667f742bd34ec7c55e','filer_public_thumbnails/filer_public/2b/15/2b15f055-0c14-4b9b-a466-7592bdabf5e2/lucie_tvrdikova.png__32x32_q85_crop_subsampling-2_upscale.png','2018-07-27 11:25:45',136),
	(1116,'f9bde26a1556cd667f742bd34ec7c55e','filer_public_thumbnails/filer_public/8b/bc/8bbccb4a-1778-4246-97a4-98eb545409d7/lucie_stankova.png__48x48_q85_crop_subsampling-2_upscale.png','2018-07-27 11:25:45',135),
	(1117,'f9bde26a1556cd667f742bd34ec7c55e','filer_public_thumbnails/filer_public/2b/15/2b15f055-0c14-4b9b-a466-7592bdabf5e2/lucie_tvrdikova.png__32x32_q85_crop_subsampling-2_upscale@2x.png','2018-07-27 11:25:45',136),
	(1118,'f9bde26a1556cd667f742bd34ec7c55e','filer_public_thumbnails/filer_public/8b/bc/8bbccb4a-1778-4246-97a4-98eb545409d7/lucie_stankova.png__48x48_q85_crop_subsampling-2_upscale@2x.png','2018-07-27 11:25:45',135),
	(1119,'f9bde26a1556cd667f742bd34ec7c55e','filer_public_thumbnails/filer_public/2b/15/2b15f055-0c14-4b9b-a466-7592bdabf5e2/lucie_tvrdikova.png__64x64_q85_crop_subsampling-2_upscale.png','2018-07-27 11:25:45',136),
	(1120,'f9bde26a1556cd667f742bd34ec7c55e','filer_public_thumbnails/filer_public/8b/bc/8bbccb4a-1778-4246-97a4-98eb545409d7/lucie_stankova.png__16x16_q85_crop_subsampling-2_upscale.png','2018-07-27 11:25:45',135),
	(1121,'f9bde26a1556cd667f742bd34ec7c55e','filer_public_thumbnails/filer_public/2b/15/2b15f055-0c14-4b9b-a466-7592bdabf5e2/lucie_tvrdikova.png__64x64_q85_crop_subsampling-2_upscale@2x.png','2018-07-27 11:25:45',136),
	(1122,'f9bde26a1556cd667f742bd34ec7c55e','filer_public_thumbnails/filer_public/8b/bc/8bbccb4a-1778-4246-97a4-98eb545409d7/lucie_stankova.png__16x16_q85_crop_subsampling-2_upscale@2x.png','2018-07-27 11:25:45',135),
	(1123,'f9bde26a1556cd667f742bd34ec7c55e','filer_public_thumbnails/filer_public/38/b3/38b36216-2296-49bc-ac23-6e902e0d4faa/marketa_koudelova.png__32x32_q85_crop_subsampling-2_upscale.png','2018-07-27 11:25:45',137),
	(1124,'f9bde26a1556cd667f742bd34ec7c55e','filer_public_thumbnails/filer_public/2b/15/2b15f055-0c14-4b9b-a466-7592bdabf5e2/lucie_tvrdikova.png__48x48_q85_crop_subsampling-2_upscale.png','2018-07-27 11:25:45',136),
	(1125,'f9bde26a1556cd667f742bd34ec7c55e','filer_public_thumbnails/filer_public/8b/bc/8bbccb4a-1778-4246-97a4-98eb545409d7/lucie_stankova.png__180x180_q85_crop_subsampling-2_upscale.png','2018-07-27 11:25:45',135),
	(1126,'f9bde26a1556cd667f742bd34ec7c55e','filer_public_thumbnails/filer_public/38/b3/38b36216-2296-49bc-ac23-6e902e0d4faa/marketa_koudelova.png__32x32_q85_crop_subsampling-2_upscale@2x.png','2018-07-27 11:25:45',137),
	(1127,'f9bde26a1556cd667f742bd34ec7c55e','filer_public_thumbnails/filer_public/2b/15/2b15f055-0c14-4b9b-a466-7592bdabf5e2/lucie_tvrdikova.png__48x48_q85_crop_subsampling-2_upscale@2x.png','2018-07-27 11:25:45',136),
	(1128,'f9bde26a1556cd667f742bd34ec7c55e','filer_public_thumbnails/filer_public/38/b3/38b36216-2296-49bc-ac23-6e902e0d4faa/marketa_koudelova.png__64x64_q85_crop_subsampling-2_upscale.png','2018-07-27 11:25:45',137),
	(1129,'f9bde26a1556cd667f742bd34ec7c55e','filer_public_thumbnails/filer_public/8b/bc/8bbccb4a-1778-4246-97a4-98eb545409d7/lucie_stankova.png__180x180_q85_crop_subsampling-2_upscale@2x.png','2018-07-27 11:25:45',135),
	(1130,'f9bde26a1556cd667f742bd34ec7c55e','filer_public_thumbnails/filer_public/2b/15/2b15f055-0c14-4b9b-a466-7592bdabf5e2/lucie_tvrdikova.png__16x16_q85_crop_subsampling-2_upscale.png','2018-07-27 11:25:45',136),
	(1131,'f9bde26a1556cd667f742bd34ec7c55e','filer_public_thumbnails/filer_public/38/b3/38b36216-2296-49bc-ac23-6e902e0d4faa/marketa_koudelova.png__64x64_q85_crop_subsampling-2_upscale@2x.png','2018-07-27 11:25:45',137),
	(1132,'f9bde26a1556cd667f742bd34ec7c55e','filer_public_thumbnails/filer_public/2b/15/2b15f055-0c14-4b9b-a466-7592bdabf5e2/lucie_tvrdikova.png__16x16_q85_crop_subsampling-2_upscale@2x.png','2018-07-27 11:25:45',136),
	(1133,'f9bde26a1556cd667f742bd34ec7c55e','filer_public_thumbnails/filer_public/38/b3/38b36216-2296-49bc-ac23-6e902e0d4faa/marketa_koudelova.png__48x48_q85_crop_subsampling-2_upscale.png','2018-07-27 11:25:45',137),
	(1134,'f9bde26a1556cd667f742bd34ec7c55e','filer_public_thumbnails/filer_public/2b/15/2b15f055-0c14-4b9b-a466-7592bdabf5e2/lucie_tvrdikova.png__180x180_q85_crop_subsampling-2_upscale.png','2018-07-27 11:25:45',136),
	(1135,'f9bde26a1556cd667f742bd34ec7c55e','filer_public_thumbnails/filer_public/38/b3/38b36216-2296-49bc-ac23-6e902e0d4faa/marketa_koudelova.png__48x48_q85_crop_subsampling-2_upscale@2x.png','2018-07-27 11:25:45',137),
	(1136,'f9bde26a1556cd667f742bd34ec7c55e','filer_public_thumbnails/filer_public/38/b3/38b36216-2296-49bc-ac23-6e902e0d4faa/marketa_koudelova.png__16x16_q85_crop_subsampling-2_upscale.png','2018-07-27 11:25:45',137),
	(1137,'f9bde26a1556cd667f742bd34ec7c55e','filer_public_thumbnails/filer_public/2b/15/2b15f055-0c14-4b9b-a466-7592bdabf5e2/lucie_tvrdikova.png__180x180_q85_crop_subsampling-2_upscale@2x.png','2018-07-27 11:25:45',136),
	(1138,'f9bde26a1556cd667f742bd34ec7c55e','filer_public_thumbnails/filer_public/38/b3/38b36216-2296-49bc-ac23-6e902e0d4faa/marketa_koudelova.png__16x16_q85_crop_subsampling-2_upscale@2x.png','2018-07-27 11:25:45',137),
	(1139,'f9bde26a1556cd667f742bd34ec7c55e','filer_public_thumbnails/filer_public/38/b3/38b36216-2296-49bc-ac23-6e902e0d4faa/marketa_koudelova.png__180x180_q85_crop_subsampling-2_upscale.png','2018-07-27 11:25:45',137),
	(1140,'f9bde26a1556cd667f742bd34ec7c55e','filer_public_thumbnails/filer_public/38/b3/38b36216-2296-49bc-ac23-6e902e0d4faa/marketa_koudelova.png__180x180_q85_crop_subsampling-2_upscale@2x.png','2018-07-27 11:25:45',137),
	(1141,'f9bde26a1556cd667f742bd34ec7c55e','filer_public_thumbnails/filer_public/53/9b/539b44b1-ee85-47ad-b5d6-12093a161508/nikola_navratilova.png__32x32_q85_crop_subsampling-2_upscale.png','2018-07-27 11:25:46',138),
	(1142,'f9bde26a1556cd667f742bd34ec7c55e','filer_public_thumbnails/filer_public/ac/db/acdb3100-3819-43d0-97a8-09c7d2762c40/michala_klapalova.png__32x32_q85_crop_subsampling-2_upscale.png','2018-07-27 11:25:46',139),
	(1143,'f9bde26a1556cd667f742bd34ec7c55e','filer_public_thumbnails/filer_public/53/9b/539b44b1-ee85-47ad-b5d6-12093a161508/nikola_navratilova.png__32x32_q85_crop_subsampling-2_upscale@2x.png','2018-07-27 11:25:46',138),
	(1144,'f9bde26a1556cd667f742bd34ec7c55e','filer_public_thumbnails/filer_public/ac/db/acdb3100-3819-43d0-97a8-09c7d2762c40/michala_klapalova.png__32x32_q85_crop_subsampling-2_upscale@2x.png','2018-07-27 11:25:46',139),
	(1145,'f9bde26a1556cd667f742bd34ec7c55e','filer_public_thumbnails/filer_public/53/9b/539b44b1-ee85-47ad-b5d6-12093a161508/nikola_navratilova.png__64x64_q85_crop_subsampling-2_upscale.png','2018-07-27 11:25:46',138),
	(1146,'f9bde26a1556cd667f742bd34ec7c55e','filer_public_thumbnails/filer_public/ac/db/acdb3100-3819-43d0-97a8-09c7d2762c40/michala_klapalova.png__64x64_q85_crop_subsampling-2_upscale.png','2018-07-27 11:25:46',139),
	(1147,'f9bde26a1556cd667f742bd34ec7c55e','filer_public_thumbnails/filer_public/a2/2e/a22e9e4f-db0c-4de7-9634-7f0706a650b8/sarka_blahovcova.png__32x32_q85_crop_subsampling-2_upscale.png','2018-07-27 11:25:46',140),
	(1148,'f9bde26a1556cd667f742bd34ec7c55e','filer_public_thumbnails/filer_public/53/9b/539b44b1-ee85-47ad-b5d6-12093a161508/nikola_navratilova.png__64x64_q85_crop_subsampling-2_upscale@2x.png','2018-07-27 11:25:46',138),
	(1149,'f9bde26a1556cd667f742bd34ec7c55e','filer_public_thumbnails/filer_public/ac/db/acdb3100-3819-43d0-97a8-09c7d2762c40/michala_klapalova.png__64x64_q85_crop_subsampling-2_upscale@2x.png','2018-07-27 11:25:46',139),
	(1150,'f9bde26a1556cd667f742bd34ec7c55e','filer_public_thumbnails/filer_public/a2/2e/a22e9e4f-db0c-4de7-9634-7f0706a650b8/sarka_blahovcova.png__32x32_q85_crop_subsampling-2_upscale@2x.png','2018-07-27 11:25:46',140),
	(1151,'f9bde26a1556cd667f742bd34ec7c55e','filer_public_thumbnails/filer_public/53/9b/539b44b1-ee85-47ad-b5d6-12093a161508/nikola_navratilova.png__48x48_q85_crop_subsampling-2_upscale.png','2018-07-27 11:25:46',138),
	(1152,'f9bde26a1556cd667f742bd34ec7c55e','filer_public_thumbnails/filer_public/ac/db/acdb3100-3819-43d0-97a8-09c7d2762c40/michala_klapalova.png__48x48_q85_crop_subsampling-2_upscale.png','2018-07-27 11:25:46',139),
	(1153,'f9bde26a1556cd667f742bd34ec7c55e','filer_public_thumbnails/filer_public/a2/2e/a22e9e4f-db0c-4de7-9634-7f0706a650b8/sarka_blahovcova.png__64x64_q85_crop_subsampling-2_upscale.png','2018-07-27 11:25:46',140),
	(1154,'f9bde26a1556cd667f742bd34ec7c55e','filer_public_thumbnails/filer_public/53/9b/539b44b1-ee85-47ad-b5d6-12093a161508/nikola_navratilova.png__48x48_q85_crop_subsampling-2_upscale@2x.png','2018-07-27 11:25:46',138),
	(1155,'f9bde26a1556cd667f742bd34ec7c55e','filer_public_thumbnails/filer_public/ac/db/acdb3100-3819-43d0-97a8-09c7d2762c40/michala_klapalova.png__48x48_q85_crop_subsampling-2_upscale@2x.png','2018-07-27 11:25:46',139),
	(1156,'f9bde26a1556cd667f742bd34ec7c55e','filer_public_thumbnails/filer_public/a2/2e/a22e9e4f-db0c-4de7-9634-7f0706a650b8/sarka_blahovcova.png__64x64_q85_crop_subsampling-2_upscale@2x.png','2018-07-27 11:25:46',140),
	(1157,'f9bde26a1556cd667f742bd34ec7c55e','filer_public_thumbnails/filer_public/ac/db/acdb3100-3819-43d0-97a8-09c7d2762c40/michala_klapalova.png__16x16_q85_crop_subsampling-2_upscale.png','2018-07-27 11:25:46',139),
	(1158,'f9bde26a1556cd667f742bd34ec7c55e','filer_public_thumbnails/filer_public/53/9b/539b44b1-ee85-47ad-b5d6-12093a161508/nikola_navratilova.png__16x16_q85_crop_subsampling-2_upscale.png','2018-07-27 11:25:46',138),
	(1159,'f9bde26a1556cd667f742bd34ec7c55e','filer_public_thumbnails/filer_public/a2/2e/a22e9e4f-db0c-4de7-9634-7f0706a650b8/sarka_blahovcova.png__48x48_q85_crop_subsampling-2_upscale.png','2018-07-27 11:25:46',140),
	(1160,'f9bde26a1556cd667f742bd34ec7c55e','filer_public_thumbnails/filer_public/ac/db/acdb3100-3819-43d0-97a8-09c7d2762c40/michala_klapalova.png__16x16_q85_crop_subsampling-2_upscale@2x.png','2018-07-27 11:25:46',139),
	(1161,'f9bde26a1556cd667f742bd34ec7c55e','filer_public_thumbnails/filer_public/53/9b/539b44b1-ee85-47ad-b5d6-12093a161508/nikola_navratilova.png__16x16_q85_crop_subsampling-2_upscale@2x.png','2018-07-27 11:25:46',138),
	(1162,'f9bde26a1556cd667f742bd34ec7c55e','filer_public_thumbnails/filer_public/a2/2e/a22e9e4f-db0c-4de7-9634-7f0706a650b8/sarka_blahovcova.png__48x48_q85_crop_subsampling-2_upscale@2x.png','2018-07-27 11:25:46',140),
	(1163,'f9bde26a1556cd667f742bd34ec7c55e','filer_public_thumbnails/filer_public/ac/db/acdb3100-3819-43d0-97a8-09c7d2762c40/michala_klapalova.png__180x180_q85_crop_subsampling-2_upscale.png','2018-07-27 11:25:46',139),
	(1164,'f9bde26a1556cd667f742bd34ec7c55e','filer_public_thumbnails/filer_public/53/9b/539b44b1-ee85-47ad-b5d6-12093a161508/nikola_navratilova.png__180x180_q85_crop_subsampling-2_upscale.png','2018-07-27 11:25:46',138),
	(1165,'f9bde26a1556cd667f742bd34ec7c55e','filer_public_thumbnails/filer_public/a2/2e/a22e9e4f-db0c-4de7-9634-7f0706a650b8/sarka_blahovcova.png__16x16_q85_crop_subsampling-2_upscale.png','2018-07-27 11:25:46',140),
	(1166,'f9bde26a1556cd667f742bd34ec7c55e','filer_public_thumbnails/filer_public/ac/db/acdb3100-3819-43d0-97a8-09c7d2762c40/michala_klapalova.png__180x180_q85_crop_subsampling-2_upscale@2x.png','2018-07-27 11:25:46',139),
	(1167,'f9bde26a1556cd667f742bd34ec7c55e','filer_public_thumbnails/filer_public/a2/2e/a22e9e4f-db0c-4de7-9634-7f0706a650b8/sarka_blahovcova.png__16x16_q85_crop_subsampling-2_upscale@2x.png','2018-07-27 11:25:46',140),
	(1168,'f9bde26a1556cd667f742bd34ec7c55e','filer_public_thumbnails/filer_public/53/9b/539b44b1-ee85-47ad-b5d6-12093a161508/nikola_navratilova.png__180x180_q85_crop_subsampling-2_upscale@2x.png','2018-07-27 11:25:46',138),
	(1169,'f9bde26a1556cd667f742bd34ec7c55e','filer_public_thumbnails/filer_public/a2/2e/a22e9e4f-db0c-4de7-9634-7f0706a650b8/sarka_blahovcova.png__180x180_q85_crop_subsampling-2_upscale.png','2018-07-27 11:25:46',140),
	(1170,'f9bde26a1556cd667f742bd34ec7c55e','filer_public_thumbnails/filer_public/a2/2e/a22e9e4f-db0c-4de7-9634-7f0706a650b8/sarka_blahovcova.png__180x180_q85_crop_subsampling-2_upscale@2x.png','2018-07-27 11:25:47',140),
	(1171,'f9bde26a1556cd667f742bd34ec7c55e','filer_public_thumbnails/filer_public/2a/79/2a7982ee-2d8a-4974-9050-850028934024/tereza_simotova.png__32x32_q85_crop_subsampling-2_upscale.png','2018-07-27 11:25:47',141),
	(1172,'f9bde26a1556cd667f742bd34ec7c55e','filer_public_thumbnails/filer_public/2a/79/2a7982ee-2d8a-4974-9050-850028934024/tereza_simotova.png__32x32_q85_crop_subsampling-2_upscale@2x.png','2018-07-27 11:25:47',141),
	(1173,'f9bde26a1556cd667f742bd34ec7c55e','filer_public_thumbnails/filer_public/e6/f1/e6f15c2b-d50a-4b4b-b9a3-b5526f60e6f8/tereza_jarolimkova.png__32x32_q85_crop_subsampling-2_upscale.png','2018-07-27 11:25:47',142),
	(1174,'f9bde26a1556cd667f742bd34ec7c55e','filer_public_thumbnails/filer_public/2a/79/2a7982ee-2d8a-4974-9050-850028934024/tereza_simotova.png__64x64_q85_crop_subsampling-2_upscale.png','2018-07-27 11:25:47',141),
	(1175,'f9bde26a1556cd667f742bd34ec7c55e','filer_public_thumbnails/filer_public/e6/f1/e6f15c2b-d50a-4b4b-b9a3-b5526f60e6f8/tereza_jarolimkova.png__32x32_q85_crop_subsampling-2_upscale@2x.png','2018-07-27 11:25:47',142),
	(1176,'f9bde26a1556cd667f742bd34ec7c55e','filer_public_thumbnails/filer_public/2a/79/2a7982ee-2d8a-4974-9050-850028934024/tereza_simotova.png__64x64_q85_crop_subsampling-2_upscale@2x.png','2018-07-27 11:25:47',141),
	(1177,'f9bde26a1556cd667f742bd34ec7c55e','filer_public_thumbnails/filer_public/e6/f1/e6f15c2b-d50a-4b4b-b9a3-b5526f60e6f8/tereza_jarolimkova.png__64x64_q85_crop_subsampling-2_upscale.png','2018-07-27 11:25:47',142),
	(1178,'f9bde26a1556cd667f742bd34ec7c55e','filer_public_thumbnails/filer_public/68/64/68647966-89f2-4c24-90a0-8496267861b8/veronika_benackova.png__32x32_q85_crop_subsampling-2_upscale.png','2018-07-27 11:25:47',143),
	(1179,'f9bde26a1556cd667f742bd34ec7c55e','filer_public_thumbnails/filer_public/2a/79/2a7982ee-2d8a-4974-9050-850028934024/tereza_simotova.png__48x48_q85_crop_subsampling-2_upscale.png','2018-07-27 11:25:47',141),
	(1180,'f9bde26a1556cd667f742bd34ec7c55e','filer_public_thumbnails/filer_public/e6/f1/e6f15c2b-d50a-4b4b-b9a3-b5526f60e6f8/tereza_jarolimkova.png__64x64_q85_crop_subsampling-2_upscale@2x.png','2018-07-27 11:25:47',142),
	(1181,'f9bde26a1556cd667f742bd34ec7c55e','filer_public_thumbnails/filer_public/68/64/68647966-89f2-4c24-90a0-8496267861b8/veronika_benackova.png__32x32_q85_crop_subsampling-2_upscale@2x.png','2018-07-27 11:25:47',143),
	(1182,'f9bde26a1556cd667f742bd34ec7c55e','filer_public_thumbnails/filer_public/2a/79/2a7982ee-2d8a-4974-9050-850028934024/tereza_simotova.png__48x48_q85_crop_subsampling-2_upscale@2x.png','2018-07-27 11:25:47',141),
	(1183,'f9bde26a1556cd667f742bd34ec7c55e','filer_public_thumbnails/filer_public/e6/f1/e6f15c2b-d50a-4b4b-b9a3-b5526f60e6f8/tereza_jarolimkova.png__48x48_q85_crop_subsampling-2_upscale.png','2018-07-27 11:25:47',142),
	(1184,'f9bde26a1556cd667f742bd34ec7c55e','filer_public_thumbnails/filer_public/68/64/68647966-89f2-4c24-90a0-8496267861b8/veronika_benackova.png__64x64_q85_crop_subsampling-2_upscale.png','2018-07-27 11:25:47',143),
	(1185,'f9bde26a1556cd667f742bd34ec7c55e','filer_public_thumbnails/filer_public/2a/79/2a7982ee-2d8a-4974-9050-850028934024/tereza_simotova.png__16x16_q85_crop_subsampling-2_upscale.png','2018-07-27 11:25:47',141),
	(1186,'f9bde26a1556cd667f742bd34ec7c55e','filer_public_thumbnails/filer_public/e6/f1/e6f15c2b-d50a-4b4b-b9a3-b5526f60e6f8/tereza_jarolimkova.png__48x48_q85_crop_subsampling-2_upscale@2x.png','2018-07-27 11:25:47',142),
	(1187,'f9bde26a1556cd667f742bd34ec7c55e','filer_public_thumbnails/filer_public/68/64/68647966-89f2-4c24-90a0-8496267861b8/veronika_benackova.png__64x64_q85_crop_subsampling-2_upscale@2x.png','2018-07-27 11:25:47',143),
	(1188,'f9bde26a1556cd667f742bd34ec7c55e','filer_public_thumbnails/filer_public/e6/f1/e6f15c2b-d50a-4b4b-b9a3-b5526f60e6f8/tereza_jarolimkova.png__16x16_q85_crop_subsampling-2_upscale.png','2018-07-27 11:25:47',142),
	(1189,'f9bde26a1556cd667f742bd34ec7c55e','filer_public_thumbnails/filer_public/2a/79/2a7982ee-2d8a-4974-9050-850028934024/tereza_simotova.png__16x16_q85_crop_subsampling-2_upscale@2x.png','2018-07-27 11:25:47',141),
	(1190,'f9bde26a1556cd667f742bd34ec7c55e','filer_public_thumbnails/filer_public/68/64/68647966-89f2-4c24-90a0-8496267861b8/veronika_benackova.png__48x48_q85_crop_subsampling-2_upscale.png','2018-07-27 11:25:47',143),
	(1191,'f9bde26a1556cd667f742bd34ec7c55e','filer_public_thumbnails/filer_public/e6/f1/e6f15c2b-d50a-4b4b-b9a3-b5526f60e6f8/tereza_jarolimkova.png__16x16_q85_crop_subsampling-2_upscale@2x.png','2018-07-27 11:25:47',142),
	(1192,'f9bde26a1556cd667f742bd34ec7c55e','filer_public_thumbnails/filer_public/2a/79/2a7982ee-2d8a-4974-9050-850028934024/tereza_simotova.png__180x180_q85_crop_subsampling-2_upscale.png','2018-07-27 11:25:47',141),
	(1193,'f9bde26a1556cd667f742bd34ec7c55e','filer_public_thumbnails/filer_public/68/64/68647966-89f2-4c24-90a0-8496267861b8/veronika_benackova.png__48x48_q85_crop_subsampling-2_upscale@2x.png','2018-07-27 11:25:47',143),
	(1194,'f9bde26a1556cd667f742bd34ec7c55e','filer_public_thumbnails/filer_public/e6/f1/e6f15c2b-d50a-4b4b-b9a3-b5526f60e6f8/tereza_jarolimkova.png__180x180_q85_crop_subsampling-2_upscale.png','2018-07-27 11:25:47',142),
	(1195,'f9bde26a1556cd667f742bd34ec7c55e','filer_public_thumbnails/filer_public/68/64/68647966-89f2-4c24-90a0-8496267861b8/veronika_benackova.png__16x16_q85_crop_subsampling-2_upscale.png','2018-07-27 11:25:47',143),
	(1196,'f9bde26a1556cd667f742bd34ec7c55e','filer_public_thumbnails/filer_public/2a/79/2a7982ee-2d8a-4974-9050-850028934024/tereza_simotova.png__180x180_q85_crop_subsampling-2_upscale@2x.png','2018-07-27 11:25:47',141),
	(1197,'f9bde26a1556cd667f742bd34ec7c55e','filer_public_thumbnails/filer_public/68/64/68647966-89f2-4c24-90a0-8496267861b8/veronika_benackova.png__16x16_q85_crop_subsampling-2_upscale@2x.png','2018-07-27 11:25:47',143),
	(1198,'f9bde26a1556cd667f742bd34ec7c55e','filer_public_thumbnails/filer_public/e6/f1/e6f15c2b-d50a-4b4b-b9a3-b5526f60e6f8/tereza_jarolimkova.png__180x180_q85_crop_subsampling-2_upscale@2x.png','2018-07-27 11:25:47',142),
	(1199,'f9bde26a1556cd667f742bd34ec7c55e','filer_public_thumbnails/filer_public/68/64/68647966-89f2-4c24-90a0-8496267861b8/veronika_benackova.png__180x180_q85_crop_subsampling-2_upscale.png','2018-07-27 11:25:47',143),
	(1200,'f9bde26a1556cd667f742bd34ec7c55e','filer_public_thumbnails/filer_public/68/64/68647966-89f2-4c24-90a0-8496267861b8/veronika_benackova.png__180x180_q85_crop_subsampling-2_upscale@2x.png','2018-07-27 11:25:48',143),
	(1201,'f9bde26a1556cd667f742bd34ec7c55e','filer_public_thumbnails/filer_public/b7/ba/b7ba0f21-650d-41b7-838d-01048c15da25/illya_pavlov.png__32x32_q85_crop_subsampling-2_upscale.png','2018-07-27 13:04:16',144),
	(1202,'f9bde26a1556cd667f742bd34ec7c55e','filer_public_thumbnails/filer_public/b7/ba/b7ba0f21-650d-41b7-838d-01048c15da25/illya_pavlov.png__32x32_q85_crop_subsampling-2_upscale@2x.png','2018-07-27 13:04:16',144),
	(1203,'f9bde26a1556cd667f742bd34ec7c55e','filer_public_thumbnails/filer_public/b7/ba/b7ba0f21-650d-41b7-838d-01048c15da25/illya_pavlov.png__64x64_q85_crop_subsampling-2_upscale.png','2018-07-27 13:04:16',144),
	(1204,'f9bde26a1556cd667f742bd34ec7c55e','filer_public_thumbnails/filer_public/b7/ba/b7ba0f21-650d-41b7-838d-01048c15da25/illya_pavlov.png__64x64_q85_crop_subsampling-2_upscale@2x.png','2018-07-27 13:04:16',144),
	(1205,'f9bde26a1556cd667f742bd34ec7c55e','filer_public_thumbnails/filer_public/b7/ba/b7ba0f21-650d-41b7-838d-01048c15da25/illya_pavlov.png__48x48_q85_crop_subsampling-2_upscale.png','2018-07-27 13:04:16',144),
	(1206,'f9bde26a1556cd667f742bd34ec7c55e','filer_public_thumbnails/filer_public/b7/ba/b7ba0f21-650d-41b7-838d-01048c15da25/illya_pavlov.png__48x48_q85_crop_subsampling-2_upscale@2x.png','2018-07-27 13:04:16',144),
	(1207,'f9bde26a1556cd667f742bd34ec7c55e','filer_public_thumbnails/filer_public/b7/ba/b7ba0f21-650d-41b7-838d-01048c15da25/illya_pavlov.png__16x16_q85_crop_subsampling-2_upscale.png','2018-07-27 13:04:16',144),
	(1208,'f9bde26a1556cd667f742bd34ec7c55e','filer_public_thumbnails/filer_public/b7/ba/b7ba0f21-650d-41b7-838d-01048c15da25/illya_pavlov.png__16x16_q85_crop_subsampling-2_upscale@2x.png','2018-07-27 13:04:16',144),
	(1209,'f9bde26a1556cd667f742bd34ec7c55e','filer_public_thumbnails/filer_public/b7/ba/b7ba0f21-650d-41b7-838d-01048c15da25/illya_pavlov.png__180x180_q85_crop_subsampling-2_upscale.png','2018-07-27 13:04:16',144),
	(1210,'f9bde26a1556cd667f742bd34ec7c55e','filer_public_thumbnails/filer_public/b7/ba/b7ba0f21-650d-41b7-838d-01048c15da25/illya_pavlov.png__180x180_q85_crop_subsampling-2_upscale@2x.png','2018-07-27 13:04:16',144),
	(1211,'f9bde26a1556cd667f742bd34ec7c55e','filer_public_thumbnails/filer_public/b7/ba/b7ba0f21-650d-41b7-838d-01048c15da25/illya_pavlov.png__270x270_q85_subsampling-2.png','2018-07-27 13:04:28',144),
	(1212,'f9bde26a1556cd667f742bd34ec7c55e','filer_public_thumbnails/filer_public/b7/ba/b7ba0f21-650d-41b7-838d-01048c15da25/illya_pavlov.png__270x270_q85_subsampling-2@2x.png','2018-07-27 13:04:28',144),
	(1213,'f9bde26a1556cd667f742bd34ec7c55e','filer_public_thumbnails/filer_public/59/eb/59eb4f27-38ed-4678-87a2-6c50f01f6a41/illya_pavlov.png__32x32_q85_crop_subsampling-2_upscale.png','2018-07-27 13:28:48',145),
	(1214,'f9bde26a1556cd667f742bd34ec7c55e','filer_public_thumbnails/filer_public/59/eb/59eb4f27-38ed-4678-87a2-6c50f01f6a41/illya_pavlov.png__32x32_q85_crop_subsampling-2_upscale@2x.png','2018-07-27 13:28:48',145),
	(1215,'f9bde26a1556cd667f742bd34ec7c55e','filer_public_thumbnails/filer_public/59/eb/59eb4f27-38ed-4678-87a2-6c50f01f6a41/illya_pavlov.png__64x64_q85_crop_subsampling-2_upscale.png','2018-07-27 13:28:48',145),
	(1216,'f9bde26a1556cd667f742bd34ec7c55e','filer_public_thumbnails/filer_public/59/eb/59eb4f27-38ed-4678-87a2-6c50f01f6a41/illya_pavlov.png__64x64_q85_crop_subsampling-2_upscale@2x.png','2018-07-27 13:28:48',145),
	(1217,'f9bde26a1556cd667f742bd34ec7c55e','filer_public_thumbnails/filer_public/59/eb/59eb4f27-38ed-4678-87a2-6c50f01f6a41/illya_pavlov.png__48x48_q85_crop_subsampling-2_upscale.png','2018-07-27 13:28:49',145),
	(1218,'f9bde26a1556cd667f742bd34ec7c55e','filer_public_thumbnails/filer_public/59/eb/59eb4f27-38ed-4678-87a2-6c50f01f6a41/illya_pavlov.png__48x48_q85_crop_subsampling-2_upscale@2x.png','2018-07-27 13:28:49',145),
	(1219,'f9bde26a1556cd667f742bd34ec7c55e','filer_public_thumbnails/filer_public/59/eb/59eb4f27-38ed-4678-87a2-6c50f01f6a41/illya_pavlov.png__16x16_q85_crop_subsampling-2_upscale.png','2018-07-27 13:28:49',145),
	(1220,'f9bde26a1556cd667f742bd34ec7c55e','filer_public_thumbnails/filer_public/59/eb/59eb4f27-38ed-4678-87a2-6c50f01f6a41/illya_pavlov.png__16x16_q85_crop_subsampling-2_upscale@2x.png','2018-07-27 13:28:49',145),
	(1221,'f9bde26a1556cd667f742bd34ec7c55e','filer_public_thumbnails/filer_public/59/eb/59eb4f27-38ed-4678-87a2-6c50f01f6a41/illya_pavlov.png__180x180_q85_crop_subsampling-2_upscale.png','2018-07-27 13:28:49',145),
	(1222,'f9bde26a1556cd667f742bd34ec7c55e','filer_public_thumbnails/filer_public/59/eb/59eb4f27-38ed-4678-87a2-6c50f01f6a41/illya_pavlov.png__180x180_q85_crop_subsampling-2_upscale@2x.png','2018-07-27 13:28:49',145),
	(1223,'f9bde26a1556cd667f742bd34ec7c55e','filer_public_thumbnails/filer_public/4e/5a/4e5a74a4-560b-490d-bca4-24a32d57242f/tereza_simotova.png__32x32_q85_crop_subsampling-2_upscale.png','2018-07-27 13:36:51',146),
	(1224,'f9bde26a1556cd667f742bd34ec7c55e','filer_public_thumbnails/filer_public/4e/5a/4e5a74a4-560b-490d-bca4-24a32d57242f/tereza_simotova.png__32x32_q85_crop_subsampling-2_upscale@2x.png','2018-07-27 13:36:51',146);

INSERT INTO `easy_thumbnails_thumbnail` (`id`, `storage_hash`, `name`, `modified`, `source_id`)
VALUES
	(1225,'f9bde26a1556cd667f742bd34ec7c55e','filer_public_thumbnails/filer_public/4e/5a/4e5a74a4-560b-490d-bca4-24a32d57242f/tereza_simotova.png__64x64_q85_crop_subsampling-2_upscale.png','2018-07-27 13:36:52',146),
	(1226,'f9bde26a1556cd667f742bd34ec7c55e','filer_public_thumbnails/filer_public/4e/5a/4e5a74a4-560b-490d-bca4-24a32d57242f/tereza_simotova.png__64x64_q85_crop_subsampling-2_upscale@2x.png','2018-07-27 13:36:52',146),
	(1227,'f9bde26a1556cd667f742bd34ec7c55e','filer_public_thumbnails/filer_public/4e/5a/4e5a74a4-560b-490d-bca4-24a32d57242f/tereza_simotova.png__48x48_q85_crop_subsampling-2_upscale.png','2018-07-27 13:36:52',146),
	(1228,'f9bde26a1556cd667f742bd34ec7c55e','filer_public_thumbnails/filer_public/4e/5a/4e5a74a4-560b-490d-bca4-24a32d57242f/tereza_simotova.png__48x48_q85_crop_subsampling-2_upscale@2x.png','2018-07-27 13:36:52',146),
	(1229,'f9bde26a1556cd667f742bd34ec7c55e','filer_public_thumbnails/filer_public/4e/5a/4e5a74a4-560b-490d-bca4-24a32d57242f/tereza_simotova.png__16x16_q85_crop_subsampling-2_upscale.png','2018-07-27 13:36:52',146),
	(1230,'f9bde26a1556cd667f742bd34ec7c55e','filer_public_thumbnails/filer_public/4e/5a/4e5a74a4-560b-490d-bca4-24a32d57242f/tereza_simotova.png__16x16_q85_crop_subsampling-2_upscale@2x.png','2018-07-27 13:36:52',146),
	(1231,'f9bde26a1556cd667f742bd34ec7c55e','filer_public_thumbnails/filer_public/4e/5a/4e5a74a4-560b-490d-bca4-24a32d57242f/tereza_simotova.png__180x180_q85_crop_subsampling-2_upscale.png','2018-07-27 13:36:52',146),
	(1232,'f9bde26a1556cd667f742bd34ec7c55e','filer_public_thumbnails/filer_public/4e/5a/4e5a74a4-560b-490d-bca4-24a32d57242f/tereza_simotova.png__180x180_q85_crop_subsampling-2_upscale@2x.png','2018-07-27 13:36:52',146),
	(1243,'f9bde26a1556cd667f742bd34ec7c55e','filer_public_thumbnails/filer_public/1b/25/1b25eca1-3371-494e-bfcd-ff7967b0bb09/tereza_simotova.png__32x32_q85_crop_subsampling-2_upscale.png','2018-07-27 13:38:34',148),
	(1244,'f9bde26a1556cd667f742bd34ec7c55e','filer_public_thumbnails/filer_public/1b/25/1b25eca1-3371-494e-bfcd-ff7967b0bb09/tereza_simotova.png__32x32_q85_crop_subsampling-2_upscale@2x.png','2018-07-27 13:38:34',148),
	(1245,'f9bde26a1556cd667f742bd34ec7c55e','filer_public_thumbnails/filer_public/1b/25/1b25eca1-3371-494e-bfcd-ff7967b0bb09/tereza_simotova.png__64x64_q85_crop_subsampling-2_upscale.png','2018-07-27 13:38:34',148),
	(1246,'f9bde26a1556cd667f742bd34ec7c55e','filer_public_thumbnails/filer_public/1b/25/1b25eca1-3371-494e-bfcd-ff7967b0bb09/tereza_simotova.png__64x64_q85_crop_subsampling-2_upscale@2x.png','2018-07-27 13:38:34',148),
	(1247,'f9bde26a1556cd667f742bd34ec7c55e','filer_public_thumbnails/filer_public/1b/25/1b25eca1-3371-494e-bfcd-ff7967b0bb09/tereza_simotova.png__48x48_q85_crop_subsampling-2_upscale.png','2018-07-27 13:38:34',148),
	(1248,'f9bde26a1556cd667f742bd34ec7c55e','filer_public_thumbnails/filer_public/1b/25/1b25eca1-3371-494e-bfcd-ff7967b0bb09/tereza_simotova.png__48x48_q85_crop_subsampling-2_upscale@2x.png','2018-07-27 13:38:35',148),
	(1249,'f9bde26a1556cd667f742bd34ec7c55e','filer_public_thumbnails/filer_public/1b/25/1b25eca1-3371-494e-bfcd-ff7967b0bb09/tereza_simotova.png__16x16_q85_crop_subsampling-2_upscale.png','2018-07-27 13:38:35',148),
	(1250,'f9bde26a1556cd667f742bd34ec7c55e','filer_public_thumbnails/filer_public/1b/25/1b25eca1-3371-494e-bfcd-ff7967b0bb09/tereza_simotova.png__16x16_q85_crop_subsampling-2_upscale@2x.png','2018-07-27 13:38:35',148),
	(1251,'f9bde26a1556cd667f742bd34ec7c55e','filer_public_thumbnails/filer_public/1b/25/1b25eca1-3371-494e-bfcd-ff7967b0bb09/tereza_simotova.png__180x180_q85_crop_subsampling-2_upscale.png','2018-07-27 13:38:35',148),
	(1252,'f9bde26a1556cd667f742bd34ec7c55e','filer_public_thumbnails/filer_public/1b/25/1b25eca1-3371-494e-bfcd-ff7967b0bb09/tereza_simotova.png__180x180_q85_crop_subsampling-2_upscale@2x.png','2018-07-27 13:38:35',148),
	(1253,'f9bde26a1556cd667f742bd34ec7c55e','filer_public_thumbnails/filer_public/69/54/6954b82f-87ec-4b22-b41c-f1a797d8caca/lucie_stankova.png__32x32_q85_crop_subsampling-2_upscale.png','2018-07-27 14:06:05',149),
	(1254,'f9bde26a1556cd667f742bd34ec7c55e','filer_public_thumbnails/filer_public/69/54/6954b82f-87ec-4b22-b41c-f1a797d8caca/lucie_stankova.png__32x32_q85_crop_subsampling-2_upscale@2x.png','2018-07-27 14:06:06',149),
	(1255,'f9bde26a1556cd667f742bd34ec7c55e','filer_public_thumbnails/filer_public/69/54/6954b82f-87ec-4b22-b41c-f1a797d8caca/lucie_stankova.png__64x64_q85_crop_subsampling-2_upscale.png','2018-07-27 14:06:06',149),
	(1256,'f9bde26a1556cd667f742bd34ec7c55e','filer_public_thumbnails/filer_public/69/54/6954b82f-87ec-4b22-b41c-f1a797d8caca/lucie_stankova.png__64x64_q85_crop_subsampling-2_upscale@2x.png','2018-07-27 14:06:06',149),
	(1257,'f9bde26a1556cd667f742bd34ec7c55e','filer_public_thumbnails/filer_public/69/54/6954b82f-87ec-4b22-b41c-f1a797d8caca/lucie_stankova.png__48x48_q85_crop_subsampling-2_upscale.png','2018-07-27 14:06:06',149),
	(1258,'f9bde26a1556cd667f742bd34ec7c55e','filer_public_thumbnails/filer_public/69/54/6954b82f-87ec-4b22-b41c-f1a797d8caca/lucie_stankova.png__48x48_q85_crop_subsampling-2_upscale@2x.png','2018-07-27 14:06:06',149),
	(1259,'f9bde26a1556cd667f742bd34ec7c55e','filer_public_thumbnails/filer_public/69/54/6954b82f-87ec-4b22-b41c-f1a797d8caca/lucie_stankova.png__16x16_q85_crop_subsampling-2_upscale.png','2018-07-27 14:06:06',149),
	(1260,'f9bde26a1556cd667f742bd34ec7c55e','filer_public_thumbnails/filer_public/69/54/6954b82f-87ec-4b22-b41c-f1a797d8caca/lucie_stankova.png__16x16_q85_crop_subsampling-2_upscale@2x.png','2018-07-27 14:06:06',149),
	(1261,'f9bde26a1556cd667f742bd34ec7c55e','filer_public_thumbnails/filer_public/69/54/6954b82f-87ec-4b22-b41c-f1a797d8caca/lucie_stankova.png__180x180_q85_crop_subsampling-2_upscale.png','2018-07-27 14:06:06',149),
	(1262,'f9bde26a1556cd667f742bd34ec7c55e','filer_public_thumbnails/filer_public/69/54/6954b82f-87ec-4b22-b41c-f1a797d8caca/lucie_stankova.png__180x180_q85_crop_subsampling-2_upscale@2x.png','2018-07-27 14:06:06',149),
	(1263,'f9bde26a1556cd667f742bd34ec7c55e','filer_public_thumbnails/filer_public/69/54/6954b82f-87ec-4b22-b41c-f1a797d8caca/lucie_stankova.png__270x270_q85_subsampling-2.png','2018-07-27 14:06:13',149),
	(1264,'f9bde26a1556cd667f742bd34ec7c55e','filer_public_thumbnails/filer_public/69/54/6954b82f-87ec-4b22-b41c-f1a797d8caca/lucie_stankova.png__270x270_q85_subsampling-2@2x.png','2018-07-27 14:06:13',149),
	(1265,'f9bde26a1556cd667f742bd34ec7c55e','filer_public_thumbnails/filer_public/8b/bc/8bbccb4a-1778-4246-97a4-98eb545409d7/lucie_stankova.png__270x270_q85_subsampling-2.png','2018-07-29 19:37:17',135),
	(1266,'f9bde26a1556cd667f742bd34ec7c55e','filer_public_thumbnails/filer_public/8b/bc/8bbccb4a-1778-4246-97a4-98eb545409d7/lucie_stankova.png__270x270_q85_subsampling-2@2x.png','2018-07-29 19:37:17',135),
	(1267,'f9bde26a1556cd667f742bd34ec7c55e','filer_public_thumbnails/filer_public/7c/4f/7c4f684d-5732-4fd4-8c34-8fff48c09a20/illya_pavlov.png__32x32_q85_crop_subsampling-2_upscale.png','2018-07-30 07:55:54',150),
	(1268,'f9bde26a1556cd667f742bd34ec7c55e','filer_public_thumbnails/filer_public/7c/4f/7c4f684d-5732-4fd4-8c34-8fff48c09a20/illya_pavlov.png__32x32_q85_crop_subsampling-2_upscale@2x.png','2018-07-30 07:55:54',150),
	(1269,'f9bde26a1556cd667f742bd34ec7c55e','filer_public_thumbnails/filer_public/7c/4f/7c4f684d-5732-4fd4-8c34-8fff48c09a20/illya_pavlov.png__64x64_q85_crop_subsampling-2_upscale.png','2018-07-30 07:55:54',150),
	(1270,'f9bde26a1556cd667f742bd34ec7c55e','filer_public_thumbnails/filer_public/7c/4f/7c4f684d-5732-4fd4-8c34-8fff48c09a20/illya_pavlov.png__64x64_q85_crop_subsampling-2_upscale@2x.png','2018-07-30 07:55:54',150),
	(1271,'f9bde26a1556cd667f742bd34ec7c55e','filer_public_thumbnails/filer_public/7c/4f/7c4f684d-5732-4fd4-8c34-8fff48c09a20/illya_pavlov.png__48x48_q85_crop_subsampling-2_upscale.png','2018-07-30 07:55:54',150),
	(1272,'f9bde26a1556cd667f742bd34ec7c55e','filer_public_thumbnails/filer_public/7c/4f/7c4f684d-5732-4fd4-8c34-8fff48c09a20/illya_pavlov.png__48x48_q85_crop_subsampling-2_upscale@2x.png','2018-07-30 07:55:54',150),
	(1273,'f9bde26a1556cd667f742bd34ec7c55e','filer_public_thumbnails/filer_public/7c/4f/7c4f684d-5732-4fd4-8c34-8fff48c09a20/illya_pavlov.png__16x16_q85_crop_subsampling-2_upscale.png','2018-07-30 07:55:54',150),
	(1274,'f9bde26a1556cd667f742bd34ec7c55e','filer_public_thumbnails/filer_public/7c/4f/7c4f684d-5732-4fd4-8c34-8fff48c09a20/illya_pavlov.png__16x16_q85_crop_subsampling-2_upscale@2x.png','2018-07-30 07:55:54',150),
	(1275,'f9bde26a1556cd667f742bd34ec7c55e','filer_public_thumbnails/filer_public/7c/4f/7c4f684d-5732-4fd4-8c34-8fff48c09a20/illya_pavlov.png__180x180_q85_crop_subsampling-2_upscale.png','2018-07-30 07:55:54',150),
	(1276,'f9bde26a1556cd667f742bd34ec7c55e','filer_public_thumbnails/filer_public/7c/4f/7c4f684d-5732-4fd4-8c34-8fff48c09a20/illya_pavlov.png__180x180_q85_crop_subsampling-2_upscale@2x.png','2018-07-30 07:55:55',150),
	(1277,'f9bde26a1556cd667f742bd34ec7c55e','filer_public_thumbnails/filer_public/44/0a/440a07c0-d44f-4e75-a264-b64a04e57921/blanka_rubisova.png__32x32_q85_crop_subsampling-2_upscale.png','2018-07-30 07:56:56',151),
	(1278,'f9bde26a1556cd667f742bd34ec7c55e','filer_public_thumbnails/filer_public/44/0a/440a07c0-d44f-4e75-a264-b64a04e57921/blanka_rubisova.png__32x32_q85_crop_subsampling-2_upscale@2x.png','2018-07-30 07:56:56',151),
	(1279,'f9bde26a1556cd667f742bd34ec7c55e','filer_public_thumbnails/filer_public/44/0a/440a07c0-d44f-4e75-a264-b64a04e57921/blanka_rubisova.png__64x64_q85_crop_subsampling-2_upscale.png','2018-07-30 07:56:56',151),
	(1280,'f9bde26a1556cd667f742bd34ec7c55e','filer_public_thumbnails/filer_public/44/0a/440a07c0-d44f-4e75-a264-b64a04e57921/blanka_rubisova.png__64x64_q85_crop_subsampling-2_upscale@2x.png','2018-07-30 07:56:56',151),
	(1281,'f9bde26a1556cd667f742bd34ec7c55e','filer_public_thumbnails/filer_public/44/0a/440a07c0-d44f-4e75-a264-b64a04e57921/blanka_rubisova.png__48x48_q85_crop_subsampling-2_upscale.png','2018-07-30 07:56:57',151),
	(1282,'f9bde26a1556cd667f742bd34ec7c55e','filer_public_thumbnails/filer_public/44/0a/440a07c0-d44f-4e75-a264-b64a04e57921/blanka_rubisova.png__48x48_q85_crop_subsampling-2_upscale@2x.png','2018-07-30 07:56:58',151),
	(1283,'f9bde26a1556cd667f742bd34ec7c55e','filer_public_thumbnails/filer_public/44/0a/440a07c0-d44f-4e75-a264-b64a04e57921/blanka_rubisova.png__16x16_q85_crop_subsampling-2_upscale.png','2018-07-30 07:56:58',151),
	(1284,'f9bde26a1556cd667f742bd34ec7c55e','filer_public_thumbnails/filer_public/44/0a/440a07c0-d44f-4e75-a264-b64a04e57921/blanka_rubisova.png__16x16_q85_crop_subsampling-2_upscale@2x.png','2018-07-30 07:56:58',151),
	(1285,'f9bde26a1556cd667f742bd34ec7c55e','filer_public_thumbnails/filer_public/44/0a/440a07c0-d44f-4e75-a264-b64a04e57921/blanka_rubisova.png__180x180_q85_crop_subsampling-2_upscale.png','2018-07-30 07:56:58',151),
	(1286,'f9bde26a1556cd667f742bd34ec7c55e','filer_public_thumbnails/filer_public/44/0a/440a07c0-d44f-4e75-a264-b64a04e57921/blanka_rubisova.png__180x180_q85_crop_subsampling-2_upscale@2x.png','2018-07-30 07:56:58',151),
	(1287,'f9bde26a1556cd667f742bd34ec7c55e','filer_public_thumbnails/filer_public/ab/88/ab88967b-ccc1-4713-b1bd-e57ebaa2e4c4/michala_klapalova.png__32x32_q85_crop_subsampling-2_upscale.png','2018-07-30 07:57:51',152),
	(1288,'f9bde26a1556cd667f742bd34ec7c55e','filer_public_thumbnails/filer_public/ab/88/ab88967b-ccc1-4713-b1bd-e57ebaa2e4c4/michala_klapalova.png__32x32_q85_crop_subsampling-2_upscale@2x.png','2018-07-30 07:57:51',152),
	(1289,'f9bde26a1556cd667f742bd34ec7c55e','filer_public_thumbnails/filer_public/ab/88/ab88967b-ccc1-4713-b1bd-e57ebaa2e4c4/michala_klapalova.png__64x64_q85_crop_subsampling-2_upscale.png','2018-07-30 07:57:51',152),
	(1290,'f9bde26a1556cd667f742bd34ec7c55e','filer_public_thumbnails/filer_public/ab/88/ab88967b-ccc1-4713-b1bd-e57ebaa2e4c4/michala_klapalova.png__64x64_q85_crop_subsampling-2_upscale@2x.png','2018-07-30 07:57:51',152),
	(1291,'f9bde26a1556cd667f742bd34ec7c55e','filer_public_thumbnails/filer_public/ab/88/ab88967b-ccc1-4713-b1bd-e57ebaa2e4c4/michala_klapalova.png__48x48_q85_crop_subsampling-2_upscale.png','2018-07-30 07:57:51',152),
	(1292,'f9bde26a1556cd667f742bd34ec7c55e','filer_public_thumbnails/filer_public/ab/88/ab88967b-ccc1-4713-b1bd-e57ebaa2e4c4/michala_klapalova.png__48x48_q85_crop_subsampling-2_upscale@2x.png','2018-07-30 07:57:51',152),
	(1293,'f9bde26a1556cd667f742bd34ec7c55e','filer_public_thumbnails/filer_public/ab/88/ab88967b-ccc1-4713-b1bd-e57ebaa2e4c4/michala_klapalova.png__16x16_q85_crop_subsampling-2_upscale.png','2018-07-30 07:57:51',152),
	(1294,'f9bde26a1556cd667f742bd34ec7c55e','filer_public_thumbnails/filer_public/ab/88/ab88967b-ccc1-4713-b1bd-e57ebaa2e4c4/michala_klapalova.png__16x16_q85_crop_subsampling-2_upscale@2x.png','2018-07-30 07:57:51',152),
	(1295,'f9bde26a1556cd667f742bd34ec7c55e','filer_public_thumbnails/filer_public/ab/88/ab88967b-ccc1-4713-b1bd-e57ebaa2e4c4/michala_klapalova.png__180x180_q85_crop_subsampling-2_upscale.png','2018-07-30 07:57:51',152),
	(1296,'f9bde26a1556cd667f742bd34ec7c55e','filer_public_thumbnails/filer_public/ab/88/ab88967b-ccc1-4713-b1bd-e57ebaa2e4c4/michala_klapalova.png__180x180_q85_crop_subsampling-2_upscale@2x.png','2018-07-30 07:57:51',152),
	(1297,'f9bde26a1556cd667f742bd34ec7c55e','filer_public_thumbnails/filer_public/c6/8f/c68f6486-eb45-435a-b025-2277fd319de5/anna_vacikova.png__32x32_q85_crop_subsampling-2_upscale.png','2018-07-30 07:59:07',153),
	(1298,'f9bde26a1556cd667f742bd34ec7c55e','filer_public_thumbnails/filer_public/c6/8f/c68f6486-eb45-435a-b025-2277fd319de5/anna_vacikova.png__32x32_q85_crop_subsampling-2_upscale@2x.png','2018-07-30 07:59:07',153),
	(1299,'f9bde26a1556cd667f742bd34ec7c55e','filer_public_thumbnails/filer_public/c6/8f/c68f6486-eb45-435a-b025-2277fd319de5/anna_vacikova.png__64x64_q85_crop_subsampling-2_upscale.png','2018-07-30 07:59:07',153),
	(1300,'f9bde26a1556cd667f742bd34ec7c55e','filer_public_thumbnails/filer_public/c6/8f/c68f6486-eb45-435a-b025-2277fd319de5/anna_vacikova.png__64x64_q85_crop_subsampling-2_upscale@2x.png','2018-07-30 07:59:07',153),
	(1301,'f9bde26a1556cd667f742bd34ec7c55e','filer_public_thumbnails/filer_public/c6/8f/c68f6486-eb45-435a-b025-2277fd319de5/anna_vacikova.png__48x48_q85_crop_subsampling-2_upscale.png','2018-07-30 07:59:07',153),
	(1302,'f9bde26a1556cd667f742bd34ec7c55e','filer_public_thumbnails/filer_public/c6/8f/c68f6486-eb45-435a-b025-2277fd319de5/anna_vacikova.png__48x48_q85_crop_subsampling-2_upscale@2x.png','2018-07-30 07:59:08',153),
	(1303,'f9bde26a1556cd667f742bd34ec7c55e','filer_public_thumbnails/filer_public/c6/8f/c68f6486-eb45-435a-b025-2277fd319de5/anna_vacikova.png__16x16_q85_crop_subsampling-2_upscale.png','2018-07-30 07:59:08',153),
	(1304,'f9bde26a1556cd667f742bd34ec7c55e','filer_public_thumbnails/filer_public/c6/8f/c68f6486-eb45-435a-b025-2277fd319de5/anna_vacikova.png__16x16_q85_crop_subsampling-2_upscale@2x.png','2018-07-30 07:59:08',153),
	(1305,'f9bde26a1556cd667f742bd34ec7c55e','filer_public_thumbnails/filer_public/c6/8f/c68f6486-eb45-435a-b025-2277fd319de5/anna_vacikova.png__180x180_q85_crop_subsampling-2_upscale.png','2018-07-30 07:59:08',153),
	(1306,'f9bde26a1556cd667f742bd34ec7c55e','filer_public_thumbnails/filer_public/c6/8f/c68f6486-eb45-435a-b025-2277fd319de5/anna_vacikova.png__180x180_q85_crop_subsampling-2_upscale@2x.png','2018-07-30 07:59:08',153),
	(1307,'f9bde26a1556cd667f742bd34ec7c55e','filer_public_thumbnails/filer_public/96/30/9630297b-1fdf-48ee-87bd-233e2c232997/gabriela_skalova.png__32x32_q85_crop_subsampling-2_upscale.png','2018-07-30 07:59:55',154),
	(1308,'f9bde26a1556cd667f742bd34ec7c55e','filer_public_thumbnails/filer_public/96/30/9630297b-1fdf-48ee-87bd-233e2c232997/gabriela_skalova.png__32x32_q85_crop_subsampling-2_upscale@2x.png','2018-07-30 07:59:55',154),
	(1309,'f9bde26a1556cd667f742bd34ec7c55e','filer_public_thumbnails/filer_public/96/30/9630297b-1fdf-48ee-87bd-233e2c232997/gabriela_skalova.png__64x64_q85_crop_subsampling-2_upscale.png','2018-07-30 07:59:55',154),
	(1310,'f9bde26a1556cd667f742bd34ec7c55e','filer_public_thumbnails/filer_public/96/30/9630297b-1fdf-48ee-87bd-233e2c232997/gabriela_skalova.png__64x64_q85_crop_subsampling-2_upscale@2x.png','2018-07-30 07:59:55',154),
	(1311,'f9bde26a1556cd667f742bd34ec7c55e','filer_public_thumbnails/filer_public/96/30/9630297b-1fdf-48ee-87bd-233e2c232997/gabriela_skalova.png__48x48_q85_crop_subsampling-2_upscale.png','2018-07-30 07:59:55',154),
	(1312,'f9bde26a1556cd667f742bd34ec7c55e','filer_public_thumbnails/filer_public/96/30/9630297b-1fdf-48ee-87bd-233e2c232997/gabriela_skalova.png__48x48_q85_crop_subsampling-2_upscale@2x.png','2018-07-30 07:59:55',154),
	(1313,'f9bde26a1556cd667f742bd34ec7c55e','filer_public_thumbnails/filer_public/96/30/9630297b-1fdf-48ee-87bd-233e2c232997/gabriela_skalova.png__16x16_q85_crop_subsampling-2_upscale.png','2018-07-30 07:59:56',154),
	(1314,'f9bde26a1556cd667f742bd34ec7c55e','filer_public_thumbnails/filer_public/96/30/9630297b-1fdf-48ee-87bd-233e2c232997/gabriela_skalova.png__16x16_q85_crop_subsampling-2_upscale@2x.png','2018-07-30 07:59:56',154),
	(1315,'f9bde26a1556cd667f742bd34ec7c55e','filer_public_thumbnails/filer_public/96/30/9630297b-1fdf-48ee-87bd-233e2c232997/gabriela_skalova.png__180x180_q85_crop_subsampling-2_upscale.png','2018-07-30 07:59:56',154),
	(1316,'f9bde26a1556cd667f742bd34ec7c55e','filer_public_thumbnails/filer_public/96/30/9630297b-1fdf-48ee-87bd-233e2c232997/gabriela_skalova.png__180x180_q85_crop_subsampling-2_upscale@2x.png','2018-07-30 07:59:56',154),
	(1317,'f9bde26a1556cd667f742bd34ec7c55e','filer_public_thumbnails/filer_public/b5/54/b554333c-c0d9-4b01-ba06-3daf5a8eeda7/tereza_jarolimkova.png__32x32_q85_crop_subsampling-2_upscale.png','2018-07-30 08:01:25',155),
	(1318,'f9bde26a1556cd667f742bd34ec7c55e','filer_public_thumbnails/filer_public/b5/54/b554333c-c0d9-4b01-ba06-3daf5a8eeda7/tereza_jarolimkova.png__32x32_q85_crop_subsampling-2_upscale@2x.png','2018-07-30 08:01:25',155),
	(1319,'f9bde26a1556cd667f742bd34ec7c55e','filer_public_thumbnails/filer_public/b5/54/b554333c-c0d9-4b01-ba06-3daf5a8eeda7/tereza_jarolimkova.png__64x64_q85_crop_subsampling-2_upscale.png','2018-07-30 08:01:25',155),
	(1320,'f9bde26a1556cd667f742bd34ec7c55e','filer_public_thumbnails/filer_public/b5/54/b554333c-c0d9-4b01-ba06-3daf5a8eeda7/tereza_jarolimkova.png__64x64_q85_crop_subsampling-2_upscale@2x.png','2018-07-30 08:01:25',155),
	(1321,'f9bde26a1556cd667f742bd34ec7c55e','filer_public_thumbnails/filer_public/b5/54/b554333c-c0d9-4b01-ba06-3daf5a8eeda7/tereza_jarolimkova.png__48x48_q85_crop_subsampling-2_upscale.png','2018-07-30 08:01:26',155),
	(1322,'f9bde26a1556cd667f742bd34ec7c55e','filer_public_thumbnails/filer_public/b5/54/b554333c-c0d9-4b01-ba06-3daf5a8eeda7/tereza_jarolimkova.png__48x48_q85_crop_subsampling-2_upscale@2x.png','2018-07-30 08:01:26',155),
	(1323,'f9bde26a1556cd667f742bd34ec7c55e','filer_public_thumbnails/filer_public/b5/54/b554333c-c0d9-4b01-ba06-3daf5a8eeda7/tereza_jarolimkova.png__16x16_q85_crop_subsampling-2_upscale.png','2018-07-30 08:01:26',155),
	(1324,'f9bde26a1556cd667f742bd34ec7c55e','filer_public_thumbnails/filer_public/b5/54/b554333c-c0d9-4b01-ba06-3daf5a8eeda7/tereza_jarolimkova.png__16x16_q85_crop_subsampling-2_upscale@2x.png','2018-07-30 08:01:26',155),
	(1325,'f9bde26a1556cd667f742bd34ec7c55e','filer_public_thumbnails/filer_public/b5/54/b554333c-c0d9-4b01-ba06-3daf5a8eeda7/tereza_jarolimkova.png__180x180_q85_crop_subsampling-2_upscale.png','2018-07-30 08:01:26',155),
	(1326,'f9bde26a1556cd667f742bd34ec7c55e','filer_public_thumbnails/filer_public/b5/54/b554333c-c0d9-4b01-ba06-3daf5a8eeda7/tereza_jarolimkova.png__180x180_q85_crop_subsampling-2_upscale@2x.png','2018-07-30 08:01:26',155),
	(1327,'f9bde26a1556cd667f742bd34ec7c55e','filer_public_thumbnails/filer_public/6c/8d/6c8de655-555d-4c4a-afe6-378888917d92/lucie_stankova.png__32x32_q85_crop_subsampling-2_upscale.png','2018-07-30 08:02:40',156),
	(1328,'f9bde26a1556cd667f742bd34ec7c55e','filer_public_thumbnails/filer_public/6c/8d/6c8de655-555d-4c4a-afe6-378888917d92/lucie_stankova.png__32x32_q85_crop_subsampling-2_upscale@2x.png','2018-07-30 08:02:40',156),
	(1329,'f9bde26a1556cd667f742bd34ec7c55e','filer_public_thumbnails/filer_public/6c/8d/6c8de655-555d-4c4a-afe6-378888917d92/lucie_stankova.png__64x64_q85_crop_subsampling-2_upscale.png','2018-07-30 08:02:40',156),
	(1330,'f9bde26a1556cd667f742bd34ec7c55e','filer_public_thumbnails/filer_public/6c/8d/6c8de655-555d-4c4a-afe6-378888917d92/lucie_stankova.png__64x64_q85_crop_subsampling-2_upscale@2x.png','2018-07-30 08:02:40',156),
	(1331,'f9bde26a1556cd667f742bd34ec7c55e','filer_public_thumbnails/filer_public/6c/8d/6c8de655-555d-4c4a-afe6-378888917d92/lucie_stankova.png__48x48_q85_crop_subsampling-2_upscale.png','2018-07-30 08:02:40',156),
	(1332,'f9bde26a1556cd667f742bd34ec7c55e','filer_public_thumbnails/filer_public/6c/8d/6c8de655-555d-4c4a-afe6-378888917d92/lucie_stankova.png__48x48_q85_crop_subsampling-2_upscale@2x.png','2018-07-30 08:02:40',156),
	(1333,'f9bde26a1556cd667f742bd34ec7c55e','filer_public_thumbnails/filer_public/6c/8d/6c8de655-555d-4c4a-afe6-378888917d92/lucie_stankova.png__16x16_q85_crop_subsampling-2_upscale.png','2018-07-30 08:02:40',156),
	(1334,'f9bde26a1556cd667f742bd34ec7c55e','filer_public_thumbnails/filer_public/6c/8d/6c8de655-555d-4c4a-afe6-378888917d92/lucie_stankova.png__16x16_q85_crop_subsampling-2_upscale@2x.png','2018-07-30 08:02:40',156),
	(1335,'f9bde26a1556cd667f742bd34ec7c55e','filer_public_thumbnails/filer_public/6c/8d/6c8de655-555d-4c4a-afe6-378888917d92/lucie_stankova.png__180x180_q85_crop_subsampling-2_upscale.png','2018-07-30 08:02:40',156),
	(1336,'f9bde26a1556cd667f742bd34ec7c55e','filer_public_thumbnails/filer_public/6c/8d/6c8de655-555d-4c4a-afe6-378888917d92/lucie_stankova.png__180x180_q85_crop_subsampling-2_upscale@2x.png','2018-07-30 08:02:40',156),
	(1337,'f9bde26a1556cd667f742bd34ec7c55e','filer_public_thumbnails/filer_public/72/d9/72d97001-32c6-4e0f-93ab-efe3bf75dabd/katerina_paleckova.png__32x32_q85_crop_subsampling-2_upscale.png','2018-07-30 08:03:21',157),
	(1338,'f9bde26a1556cd667f742bd34ec7c55e','filer_public_thumbnails/filer_public/72/d9/72d97001-32c6-4e0f-93ab-efe3bf75dabd/katerina_paleckova.png__32x32_q85_crop_subsampling-2_upscale@2x.png','2018-07-30 08:03:21',157),
	(1339,'f9bde26a1556cd667f742bd34ec7c55e','filer_public_thumbnails/filer_public/72/d9/72d97001-32c6-4e0f-93ab-efe3bf75dabd/katerina_paleckova.png__64x64_q85_crop_subsampling-2_upscale.png','2018-07-30 08:03:21',157),
	(1340,'f9bde26a1556cd667f742bd34ec7c55e','filer_public_thumbnails/filer_public/72/d9/72d97001-32c6-4e0f-93ab-efe3bf75dabd/katerina_paleckova.png__64x64_q85_crop_subsampling-2_upscale@2x.png','2018-07-30 08:03:21',157),
	(1341,'f9bde26a1556cd667f742bd34ec7c55e','filer_public_thumbnails/filer_public/72/d9/72d97001-32c6-4e0f-93ab-efe3bf75dabd/katerina_paleckova.png__48x48_q85_crop_subsampling-2_upscale.png','2018-07-30 08:03:21',157),
	(1342,'f9bde26a1556cd667f742bd34ec7c55e','filer_public_thumbnails/filer_public/72/d9/72d97001-32c6-4e0f-93ab-efe3bf75dabd/katerina_paleckova.png__48x48_q85_crop_subsampling-2_upscale@2x.png','2018-07-30 08:03:21',157),
	(1343,'f9bde26a1556cd667f742bd34ec7c55e','filer_public_thumbnails/filer_public/72/d9/72d97001-32c6-4e0f-93ab-efe3bf75dabd/katerina_paleckova.png__16x16_q85_crop_subsampling-2_upscale.png','2018-07-30 08:03:22',157),
	(1344,'f9bde26a1556cd667f742bd34ec7c55e','filer_public_thumbnails/filer_public/72/d9/72d97001-32c6-4e0f-93ab-efe3bf75dabd/katerina_paleckova.png__16x16_q85_crop_subsampling-2_upscale@2x.png','2018-07-30 08:03:22',157),
	(1345,'f9bde26a1556cd667f742bd34ec7c55e','filer_public_thumbnails/filer_public/72/d9/72d97001-32c6-4e0f-93ab-efe3bf75dabd/katerina_paleckova.png__180x180_q85_crop_subsampling-2_upscale.png','2018-07-30 08:03:22',157),
	(1346,'f9bde26a1556cd667f742bd34ec7c55e','filer_public_thumbnails/filer_public/72/d9/72d97001-32c6-4e0f-93ab-efe3bf75dabd/katerina_paleckova.png__180x180_q85_crop_subsampling-2_upscale@2x.png','2018-07-30 08:03:22',157),
	(1347,'f9bde26a1556cd667f742bd34ec7c55e','filer_public_thumbnails/filer_public/47/6b/476b2fd2-23c5-4132-8397-a515bf048aca/tereza_simotova.png__32x32_q85_crop_subsampling-2_upscale.png','2018-07-30 08:04:12',158),
	(1348,'f9bde26a1556cd667f742bd34ec7c55e','filer_public_thumbnails/filer_public/47/6b/476b2fd2-23c5-4132-8397-a515bf048aca/tereza_simotova.png__32x32_q85_crop_subsampling-2_upscale@2x.png','2018-07-30 08:04:12',158),
	(1349,'f9bde26a1556cd667f742bd34ec7c55e','filer_public_thumbnails/filer_public/47/6b/476b2fd2-23c5-4132-8397-a515bf048aca/tereza_simotova.png__64x64_q85_crop_subsampling-2_upscale.png','2018-07-30 08:04:12',158),
	(1350,'f9bde26a1556cd667f742bd34ec7c55e','filer_public_thumbnails/filer_public/47/6b/476b2fd2-23c5-4132-8397-a515bf048aca/tereza_simotova.png__64x64_q85_crop_subsampling-2_upscale@2x.png','2018-07-30 08:04:12',158),
	(1351,'f9bde26a1556cd667f742bd34ec7c55e','filer_public_thumbnails/filer_public/47/6b/476b2fd2-23c5-4132-8397-a515bf048aca/tereza_simotova.png__48x48_q85_crop_subsampling-2_upscale.png','2018-07-30 08:04:13',158),
	(1352,'f9bde26a1556cd667f742bd34ec7c55e','filer_public_thumbnails/filer_public/47/6b/476b2fd2-23c5-4132-8397-a515bf048aca/tereza_simotova.png__48x48_q85_crop_subsampling-2_upscale@2x.png','2018-07-30 08:04:13',158),
	(1353,'f9bde26a1556cd667f742bd34ec7c55e','filer_public_thumbnails/filer_public/47/6b/476b2fd2-23c5-4132-8397-a515bf048aca/tereza_simotova.png__16x16_q85_crop_subsampling-2_upscale.png','2018-07-30 08:04:13',158),
	(1354,'f9bde26a1556cd667f742bd34ec7c55e','filer_public_thumbnails/filer_public/47/6b/476b2fd2-23c5-4132-8397-a515bf048aca/tereza_simotova.png__16x16_q85_crop_subsampling-2_upscale@2x.png','2018-07-30 08:04:13',158),
	(1355,'f9bde26a1556cd667f742bd34ec7c55e','filer_public_thumbnails/filer_public/47/6b/476b2fd2-23c5-4132-8397-a515bf048aca/tereza_simotova.png__180x180_q85_crop_subsampling-2_upscale.png','2018-07-30 08:04:13',158),
	(1356,'f9bde26a1556cd667f742bd34ec7c55e','filer_public_thumbnails/filer_public/47/6b/476b2fd2-23c5-4132-8397-a515bf048aca/tereza_simotova.png__180x180_q85_crop_subsampling-2_upscale@2x.png','2018-07-30 08:04:13',158),
	(1357,'f9bde26a1556cd667f742bd34ec7c55e','filer_public_thumbnails/filer_public/d6/48/d6480532-98e1-42b9-8960-0b8bf9e0fa0a/tereza_simotova.png__32x32_q85_crop_subsampling-2_upscale.png','2018-07-30 08:04:30',159),
	(1358,'f9bde26a1556cd667f742bd34ec7c55e','filer_public_thumbnails/filer_public/d6/48/d6480532-98e1-42b9-8960-0b8bf9e0fa0a/tereza_simotova.png__32x32_q85_crop_subsampling-2_upscale@2x.png','2018-07-30 08:04:30',159),
	(1359,'f9bde26a1556cd667f742bd34ec7c55e','filer_public_thumbnails/filer_public/d6/48/d6480532-98e1-42b9-8960-0b8bf9e0fa0a/tereza_simotova.png__64x64_q85_crop_subsampling-2_upscale.png','2018-07-30 08:04:30',159),
	(1360,'f9bde26a1556cd667f742bd34ec7c55e','filer_public_thumbnails/filer_public/d6/48/d6480532-98e1-42b9-8960-0b8bf9e0fa0a/tereza_simotova.png__64x64_q85_crop_subsampling-2_upscale@2x.png','2018-07-30 08:04:30',159),
	(1361,'f9bde26a1556cd667f742bd34ec7c55e','filer_public_thumbnails/filer_public/d6/48/d6480532-98e1-42b9-8960-0b8bf9e0fa0a/tereza_simotova.png__48x48_q85_crop_subsampling-2_upscale.png','2018-07-30 08:04:30',159),
	(1362,'f9bde26a1556cd667f742bd34ec7c55e','filer_public_thumbnails/filer_public/d6/48/d6480532-98e1-42b9-8960-0b8bf9e0fa0a/tereza_simotova.png__48x48_q85_crop_subsampling-2_upscale@2x.png','2018-07-30 08:04:30',159),
	(1363,'f9bde26a1556cd667f742bd34ec7c55e','filer_public_thumbnails/filer_public/d6/48/d6480532-98e1-42b9-8960-0b8bf9e0fa0a/tereza_simotova.png__16x16_q85_crop_subsampling-2_upscale.png','2018-07-30 08:04:30',159),
	(1364,'f9bde26a1556cd667f742bd34ec7c55e','filer_public_thumbnails/filer_public/d6/48/d6480532-98e1-42b9-8960-0b8bf9e0fa0a/tereza_simotova.png__16x16_q85_crop_subsampling-2_upscale@2x.png','2018-07-30 08:04:30',159),
	(1365,'f9bde26a1556cd667f742bd34ec7c55e','filer_public_thumbnails/filer_public/d6/48/d6480532-98e1-42b9-8960-0b8bf9e0fa0a/tereza_simotova.png__180x180_q85_crop_subsampling-2_upscale.png','2018-07-30 08:04:30',159),
	(1366,'f9bde26a1556cd667f742bd34ec7c55e','filer_public_thumbnails/filer_public/d6/48/d6480532-98e1-42b9-8960-0b8bf9e0fa0a/tereza_simotova.png__180x180_q85_crop_subsampling-2_upscale@2x.png','2018-07-30 08:04:31',159),
	(1367,'f9bde26a1556cd667f742bd34ec7c55e','filer_public_thumbnails/filer_public/77/dc/77dc5ea2-d03c-4d78-98d8-cde7fd6c1f84/nikola_navratilova.png__32x32_q85_crop_subsampling-2_upscale.png','2018-07-30 08:05:49',160),
	(1368,'f9bde26a1556cd667f742bd34ec7c55e','filer_public_thumbnails/filer_public/77/dc/77dc5ea2-d03c-4d78-98d8-cde7fd6c1f84/nikola_navratilova.png__32x32_q85_crop_subsampling-2_upscale@2x.png','2018-07-30 08:05:49',160),
	(1369,'f9bde26a1556cd667f742bd34ec7c55e','filer_public_thumbnails/filer_public/77/dc/77dc5ea2-d03c-4d78-98d8-cde7fd6c1f84/nikola_navratilova.png__64x64_q85_crop_subsampling-2_upscale.png','2018-07-30 08:05:49',160),
	(1370,'f9bde26a1556cd667f742bd34ec7c55e','filer_public_thumbnails/filer_public/77/dc/77dc5ea2-d03c-4d78-98d8-cde7fd6c1f84/nikola_navratilova.png__64x64_q85_crop_subsampling-2_upscale@2x.png','2018-07-30 08:05:49',160),
	(1371,'f9bde26a1556cd667f742bd34ec7c55e','filer_public_thumbnails/filer_public/77/dc/77dc5ea2-d03c-4d78-98d8-cde7fd6c1f84/nikola_navratilova.png__48x48_q85_crop_subsampling-2_upscale.png','2018-07-30 08:05:49',160),
	(1372,'f9bde26a1556cd667f742bd34ec7c55e','filer_public_thumbnails/filer_public/77/dc/77dc5ea2-d03c-4d78-98d8-cde7fd6c1f84/nikola_navratilova.png__48x48_q85_crop_subsampling-2_upscale@2x.png','2018-07-30 08:05:49',160),
	(1373,'f9bde26a1556cd667f742bd34ec7c55e','filer_public_thumbnails/filer_public/77/dc/77dc5ea2-d03c-4d78-98d8-cde7fd6c1f84/nikola_navratilova.png__16x16_q85_crop_subsampling-2_upscale.png','2018-07-30 08:05:50',160),
	(1374,'f9bde26a1556cd667f742bd34ec7c55e','filer_public_thumbnails/filer_public/77/dc/77dc5ea2-d03c-4d78-98d8-cde7fd6c1f84/nikola_navratilova.png__16x16_q85_crop_subsampling-2_upscale@2x.png','2018-07-30 08:05:50',160),
	(1375,'f9bde26a1556cd667f742bd34ec7c55e','filer_public_thumbnails/filer_public/77/dc/77dc5ea2-d03c-4d78-98d8-cde7fd6c1f84/nikola_navratilova.png__180x180_q85_crop_subsampling-2_upscale.png','2018-07-30 08:05:50',160),
	(1376,'f9bde26a1556cd667f742bd34ec7c55e','filer_public_thumbnails/filer_public/77/dc/77dc5ea2-d03c-4d78-98d8-cde7fd6c1f84/nikola_navratilova.png__180x180_q85_crop_subsampling-2_upscale@2x.png','2018-07-30 08:05:50',160),
	(1377,'f9bde26a1556cd667f742bd34ec7c55e','filer_public_thumbnails/filer_public/d9/f7/d9f7480b-d45f-4285-9c21-262df1d9fddf/veronika_benackova.png__32x32_q85_crop_subsampling-2_upscale.png','2018-07-30 08:06:26',161),
	(1378,'f9bde26a1556cd667f742bd34ec7c55e','filer_public_thumbnails/filer_public/d9/f7/d9f7480b-d45f-4285-9c21-262df1d9fddf/veronika_benackova.png__32x32_q85_crop_subsampling-2_upscale@2x.png','2018-07-30 08:06:26',161),
	(1379,'f9bde26a1556cd667f742bd34ec7c55e','filer_public_thumbnails/filer_public/d9/f7/d9f7480b-d45f-4285-9c21-262df1d9fddf/veronika_benackova.png__64x64_q85_crop_subsampling-2_upscale.png','2018-07-30 08:06:26',161),
	(1380,'f9bde26a1556cd667f742bd34ec7c55e','filer_public_thumbnails/filer_public/d9/f7/d9f7480b-d45f-4285-9c21-262df1d9fddf/veronika_benackova.png__64x64_q85_crop_subsampling-2_upscale@2x.png','2018-07-30 08:06:26',161),
	(1381,'f9bde26a1556cd667f742bd34ec7c55e','filer_public_thumbnails/filer_public/d9/f7/d9f7480b-d45f-4285-9c21-262df1d9fddf/veronika_benackova.png__48x48_q85_crop_subsampling-2_upscale.png','2018-07-30 08:06:26',161),
	(1382,'f9bde26a1556cd667f742bd34ec7c55e','filer_public_thumbnails/filer_public/d9/f7/d9f7480b-d45f-4285-9c21-262df1d9fddf/veronika_benackova.png__48x48_q85_crop_subsampling-2_upscale@2x.png','2018-07-30 08:06:26',161),
	(1383,'f9bde26a1556cd667f742bd34ec7c55e','filer_public_thumbnails/filer_public/d9/f7/d9f7480b-d45f-4285-9c21-262df1d9fddf/veronika_benackova.png__16x16_q85_crop_subsampling-2_upscale.png','2018-07-30 08:06:26',161),
	(1384,'f9bde26a1556cd667f742bd34ec7c55e','filer_public_thumbnails/filer_public/d9/f7/d9f7480b-d45f-4285-9c21-262df1d9fddf/veronika_benackova.png__16x16_q85_crop_subsampling-2_upscale@2x.png','2018-07-30 08:06:26',161),
	(1385,'f9bde26a1556cd667f742bd34ec7c55e','filer_public_thumbnails/filer_public/d9/f7/d9f7480b-d45f-4285-9c21-262df1d9fddf/veronika_benackova.png__180x180_q85_crop_subsampling-2_upscale.png','2018-07-30 08:06:26',161),
	(1386,'f9bde26a1556cd667f742bd34ec7c55e','filer_public_thumbnails/filer_public/d9/f7/d9f7480b-d45f-4285-9c21-262df1d9fddf/veronika_benackova.png__180x180_q85_crop_subsampling-2_upscale@2x.png','2018-07-30 08:06:27',161),
	(1387,'f9bde26a1556cd667f742bd34ec7c55e','filer_public_thumbnails/filer_public/50/ff/50ff123f-f132-4197-a40b-5d6680f475b5/eliska_chmelikova.png__32x32_q85_crop_subsampling-2_upscale.png','2018-07-30 08:07:09',162),
	(1388,'f9bde26a1556cd667f742bd34ec7c55e','filer_public_thumbnails/filer_public/50/ff/50ff123f-f132-4197-a40b-5d6680f475b5/eliska_chmelikova.png__32x32_q85_crop_subsampling-2_upscale@2x.png','2018-07-30 08:07:09',162),
	(1389,'f9bde26a1556cd667f742bd34ec7c55e','filer_public_thumbnails/filer_public/50/ff/50ff123f-f132-4197-a40b-5d6680f475b5/eliska_chmelikova.png__64x64_q85_crop_subsampling-2_upscale.png','2018-07-30 08:07:09',162),
	(1390,'f9bde26a1556cd667f742bd34ec7c55e','filer_public_thumbnails/filer_public/50/ff/50ff123f-f132-4197-a40b-5d6680f475b5/eliska_chmelikova.png__64x64_q85_crop_subsampling-2_upscale@2x.png','2018-07-30 08:07:09',162),
	(1391,'f9bde26a1556cd667f742bd34ec7c55e','filer_public_thumbnails/filer_public/50/ff/50ff123f-f132-4197-a40b-5d6680f475b5/eliska_chmelikova.png__48x48_q85_crop_subsampling-2_upscale.png','2018-07-30 08:07:09',162),
	(1392,'f9bde26a1556cd667f742bd34ec7c55e','filer_public_thumbnails/filer_public/50/ff/50ff123f-f132-4197-a40b-5d6680f475b5/eliska_chmelikova.png__48x48_q85_crop_subsampling-2_upscale@2x.png','2018-07-30 08:07:09',162),
	(1393,'f9bde26a1556cd667f742bd34ec7c55e','filer_public_thumbnails/filer_public/50/ff/50ff123f-f132-4197-a40b-5d6680f475b5/eliska_chmelikova.png__16x16_q85_crop_subsampling-2_upscale.png','2018-07-30 08:07:09',162),
	(1394,'f9bde26a1556cd667f742bd34ec7c55e','filer_public_thumbnails/filer_public/50/ff/50ff123f-f132-4197-a40b-5d6680f475b5/eliska_chmelikova.png__16x16_q85_crop_subsampling-2_upscale@2x.png','2018-07-30 08:07:09',162),
	(1395,'f9bde26a1556cd667f742bd34ec7c55e','filer_public_thumbnails/filer_public/50/ff/50ff123f-f132-4197-a40b-5d6680f475b5/eliska_chmelikova.png__180x180_q85_crop_subsampling-2_upscale.png','2018-07-30 08:07:09',162),
	(1396,'f9bde26a1556cd667f742bd34ec7c55e','filer_public_thumbnails/filer_public/50/ff/50ff123f-f132-4197-a40b-5d6680f475b5/eliska_chmelikova.png__180x180_q85_crop_subsampling-2_upscale@2x.png','2018-07-30 08:07:10',162),
	(1397,'f9bde26a1556cd667f742bd34ec7c55e','filer_public_thumbnails/filer_public/41/68/41681dca-9af6-430b-abcd-608b97eb7175/marketa_koudelova.png__32x32_q85_crop_subsampling-2_upscale.png','2018-07-30 08:07:55',163),
	(1398,'f9bde26a1556cd667f742bd34ec7c55e','filer_public_thumbnails/filer_public/41/68/41681dca-9af6-430b-abcd-608b97eb7175/marketa_koudelova.png__32x32_q85_crop_subsampling-2_upscale@2x.png','2018-07-30 08:07:55',163),
	(1399,'f9bde26a1556cd667f742bd34ec7c55e','filer_public_thumbnails/filer_public/41/68/41681dca-9af6-430b-abcd-608b97eb7175/marketa_koudelova.png__64x64_q85_crop_subsampling-2_upscale.png','2018-07-30 08:07:55',163),
	(1400,'f9bde26a1556cd667f742bd34ec7c55e','filer_public_thumbnails/filer_public/41/68/41681dca-9af6-430b-abcd-608b97eb7175/marketa_koudelova.png__64x64_q85_crop_subsampling-2_upscale@2x.png','2018-07-30 08:07:55',163),
	(1401,'f9bde26a1556cd667f742bd34ec7c55e','filer_public_thumbnails/filer_public/41/68/41681dca-9af6-430b-abcd-608b97eb7175/marketa_koudelova.png__48x48_q85_crop_subsampling-2_upscale.png','2018-07-30 08:07:55',163),
	(1402,'f9bde26a1556cd667f742bd34ec7c55e','filer_public_thumbnails/filer_public/41/68/41681dca-9af6-430b-abcd-608b97eb7175/marketa_koudelova.png__48x48_q85_crop_subsampling-2_upscale@2x.png','2018-07-30 08:07:55',163),
	(1403,'f9bde26a1556cd667f742bd34ec7c55e','filer_public_thumbnails/filer_public/41/68/41681dca-9af6-430b-abcd-608b97eb7175/marketa_koudelova.png__16x16_q85_crop_subsampling-2_upscale.png','2018-07-30 08:07:55',163),
	(1404,'f9bde26a1556cd667f742bd34ec7c55e','filer_public_thumbnails/filer_public/41/68/41681dca-9af6-430b-abcd-608b97eb7175/marketa_koudelova.png__16x16_q85_crop_subsampling-2_upscale@2x.png','2018-07-30 08:07:55',163),
	(1405,'f9bde26a1556cd667f742bd34ec7c55e','filer_public_thumbnails/filer_public/41/68/41681dca-9af6-430b-abcd-608b97eb7175/marketa_koudelova.png__180x180_q85_crop_subsampling-2_upscale.png','2018-07-30 08:07:55',163),
	(1406,'f9bde26a1556cd667f742bd34ec7c55e','filer_public_thumbnails/filer_public/41/68/41681dca-9af6-430b-abcd-608b97eb7175/marketa_koudelova.png__180x180_q85_crop_subsampling-2_upscale@2x.png','2018-07-30 08:07:55',163),
	(1407,'f9bde26a1556cd667f742bd34ec7c55e','filer_public_thumbnails/filer_public/67/01/6701e1da-ab46-49ef-a02a-b1f18f486c51/jana_dufkova.png__32x32_q85_crop_subsampling-2_upscale.png','2018-07-30 08:08:42',164),
	(1408,'f9bde26a1556cd667f742bd34ec7c55e','filer_public_thumbnails/filer_public/67/01/6701e1da-ab46-49ef-a02a-b1f18f486c51/jana_dufkova.png__32x32_q85_crop_subsampling-2_upscale@2x.png','2018-07-30 08:08:42',164),
	(1409,'f9bde26a1556cd667f742bd34ec7c55e','filer_public_thumbnails/filer_public/67/01/6701e1da-ab46-49ef-a02a-b1f18f486c51/jana_dufkova.png__64x64_q85_crop_subsampling-2_upscale.png','2018-07-30 08:08:42',164),
	(1410,'f9bde26a1556cd667f742bd34ec7c55e','filer_public_thumbnails/filer_public/67/01/6701e1da-ab46-49ef-a02a-b1f18f486c51/jana_dufkova.png__64x64_q85_crop_subsampling-2_upscale@2x.png','2018-07-30 08:08:42',164),
	(1411,'f9bde26a1556cd667f742bd34ec7c55e','filer_public_thumbnails/filer_public/67/01/6701e1da-ab46-49ef-a02a-b1f18f486c51/jana_dufkova.png__48x48_q85_crop_subsampling-2_upscale.png','2018-07-30 08:08:42',164),
	(1412,'f9bde26a1556cd667f742bd34ec7c55e','filer_public_thumbnails/filer_public/67/01/6701e1da-ab46-49ef-a02a-b1f18f486c51/jana_dufkova.png__48x48_q85_crop_subsampling-2_upscale@2x.png','2018-07-30 08:08:42',164),
	(1413,'f9bde26a1556cd667f742bd34ec7c55e','filer_public_thumbnails/filer_public/67/01/6701e1da-ab46-49ef-a02a-b1f18f486c51/jana_dufkova.png__16x16_q85_crop_subsampling-2_upscale.png','2018-07-30 08:08:42',164),
	(1414,'f9bde26a1556cd667f742bd34ec7c55e','filer_public_thumbnails/filer_public/67/01/6701e1da-ab46-49ef-a02a-b1f18f486c51/jana_dufkova.png__16x16_q85_crop_subsampling-2_upscale@2x.png','2018-07-30 08:08:42',164),
	(1415,'f9bde26a1556cd667f742bd34ec7c55e','filer_public_thumbnails/filer_public/67/01/6701e1da-ab46-49ef-a02a-b1f18f486c51/jana_dufkova.png__180x180_q85_crop_subsampling-2_upscale.png','2018-07-30 08:08:42',164),
	(1416,'f9bde26a1556cd667f742bd34ec7c55e','filer_public_thumbnails/filer_public/67/01/6701e1da-ab46-49ef-a02a-b1f18f486c51/jana_dufkova.png__180x180_q85_crop_subsampling-2_upscale@2x.png','2018-07-30 08:08:43',164),
	(1417,'f9bde26a1556cd667f742bd34ec7c55e','filer_public_thumbnails/filer_public/9d/12/9d129a95-0dd0-4044-875d-84d9d5639ce3/michala_klapalova.png__32x32_q85_crop_subsampling-2_upscale.png','2018-07-30 08:10:31',165),
	(1418,'f9bde26a1556cd667f742bd34ec7c55e','filer_public_thumbnails/filer_public/9d/12/9d129a95-0dd0-4044-875d-84d9d5639ce3/michala_klapalova.png__32x32_q85_crop_subsampling-2_upscale@2x.png','2018-07-30 08:10:31',165),
	(1419,'f9bde26a1556cd667f742bd34ec7c55e','filer_public_thumbnails/filer_public/9d/12/9d129a95-0dd0-4044-875d-84d9d5639ce3/michala_klapalova.png__64x64_q85_crop_subsampling-2_upscale.png','2018-07-30 08:10:31',165),
	(1420,'f9bde26a1556cd667f742bd34ec7c55e','filer_public_thumbnails/filer_public/9d/12/9d129a95-0dd0-4044-875d-84d9d5639ce3/michala_klapalova.png__64x64_q85_crop_subsampling-2_upscale@2x.png','2018-07-30 08:10:31',165),
	(1421,'f9bde26a1556cd667f742bd34ec7c55e','filer_public_thumbnails/filer_public/9d/12/9d129a95-0dd0-4044-875d-84d9d5639ce3/michala_klapalova.png__48x48_q85_crop_subsampling-2_upscale.png','2018-07-30 08:10:31',165),
	(1422,'f9bde26a1556cd667f742bd34ec7c55e','filer_public_thumbnails/filer_public/9d/12/9d129a95-0dd0-4044-875d-84d9d5639ce3/michala_klapalova.png__48x48_q85_crop_subsampling-2_upscale@2x.png','2018-07-30 08:10:32',165),
	(1423,'f9bde26a1556cd667f742bd34ec7c55e','filer_public_thumbnails/filer_public/9d/12/9d129a95-0dd0-4044-875d-84d9d5639ce3/michala_klapalova.png__16x16_q85_crop_subsampling-2_upscale.png','2018-07-30 08:10:32',165),
	(1424,'f9bde26a1556cd667f742bd34ec7c55e','filer_public_thumbnails/filer_public/9d/12/9d129a95-0dd0-4044-875d-84d9d5639ce3/michala_klapalova.png__16x16_q85_crop_subsampling-2_upscale@2x.png','2018-07-30 08:10:32',165),
	(1425,'f9bde26a1556cd667f742bd34ec7c55e','filer_public_thumbnails/filer_public/9d/12/9d129a95-0dd0-4044-875d-84d9d5639ce3/michala_klapalova.png__180x180_q85_crop_subsampling-2_upscale.png','2018-07-30 08:10:32',165),
	(1426,'f9bde26a1556cd667f742bd34ec7c55e','filer_public_thumbnails/filer_public/9d/12/9d129a95-0dd0-4044-875d-84d9d5639ce3/michala_klapalova.png__180x180_q85_crop_subsampling-2_upscale@2x.png','2018-07-30 08:10:32',165),
	(1427,'f9bde26a1556cd667f742bd34ec7c55e','filer_public_thumbnails/filer_public/b6/4e/b64ef0f4-79a0-4be7-b3d1-9af94144a490/jitka-klickova.png__32x32_q85_crop_subsampling-2_upscale.png','2018-07-30 08:11:55',166),
	(1428,'f9bde26a1556cd667f742bd34ec7c55e','filer_public_thumbnails/filer_public/b6/4e/b64ef0f4-79a0-4be7-b3d1-9af94144a490/jitka-klickova.png__32x32_q85_crop_subsampling-2_upscale@2x.png','2018-07-30 08:11:55',166),
	(1429,'f9bde26a1556cd667f742bd34ec7c55e','filer_public_thumbnails/filer_public/b6/4e/b64ef0f4-79a0-4be7-b3d1-9af94144a490/jitka-klickova.png__64x64_q85_crop_subsampling-2_upscale.png','2018-07-30 08:11:55',166),
	(1430,'f9bde26a1556cd667f742bd34ec7c55e','filer_public_thumbnails/filer_public/b6/4e/b64ef0f4-79a0-4be7-b3d1-9af94144a490/jitka-klickova.png__64x64_q85_crop_subsampling-2_upscale@2x.png','2018-07-30 08:11:55',166),
	(1431,'f9bde26a1556cd667f742bd34ec7c55e','filer_public_thumbnails/filer_public/b6/4e/b64ef0f4-79a0-4be7-b3d1-9af94144a490/jitka-klickova.png__48x48_q85_crop_subsampling-2_upscale.png','2018-07-30 08:11:55',166),
	(1432,'f9bde26a1556cd667f742bd34ec7c55e','filer_public_thumbnails/filer_public/b6/4e/b64ef0f4-79a0-4be7-b3d1-9af94144a490/jitka-klickova.png__48x48_q85_crop_subsampling-2_upscale@2x.png','2018-07-30 08:11:55',166),
	(1433,'f9bde26a1556cd667f742bd34ec7c55e','filer_public_thumbnails/filer_public/b6/4e/b64ef0f4-79a0-4be7-b3d1-9af94144a490/jitka-klickova.png__16x16_q85_crop_subsampling-2_upscale.png','2018-07-30 08:11:55',166),
	(1434,'f9bde26a1556cd667f742bd34ec7c55e','filer_public_thumbnails/filer_public/b6/4e/b64ef0f4-79a0-4be7-b3d1-9af94144a490/jitka-klickova.png__16x16_q85_crop_subsampling-2_upscale@2x.png','2018-07-30 08:11:56',166),
	(1435,'f9bde26a1556cd667f742bd34ec7c55e','filer_public_thumbnails/filer_public/b6/4e/b64ef0f4-79a0-4be7-b3d1-9af94144a490/jitka-klickova.png__180x180_q85_crop_subsampling-2_upscale.png','2018-07-30 08:11:56',166),
	(1436,'f9bde26a1556cd667f742bd34ec7c55e','filer_public_thumbnails/filer_public/b6/4e/b64ef0f4-79a0-4be7-b3d1-9af94144a490/jitka-klickova.png__180x180_q85_crop_subsampling-2_upscale@2x.png','2018-07-30 08:11:56',166),
	(1437,'f9bde26a1556cd667f742bd34ec7c55e','filer_public_thumbnails/filer_public/ed/9b/ed9b3b1a-8062-4967-bc6e-b989ed332676/martin_hudos_reference_delloite.png__32x32_q85_crop_subsampling-2_upscale.png','2018-07-31 08:48:19',167),
	(1438,'f9bde26a1556cd667f742bd34ec7c55e','filer_public_thumbnails/filer_public/ed/9b/ed9b3b1a-8062-4967-bc6e-b989ed332676/martin_hudos_reference_delloite.png__32x32_q85_crop_subsampling-2_upscale@2x.png','2018-07-31 08:48:19',167),
	(1439,'f9bde26a1556cd667f742bd34ec7c55e','filer_public_thumbnails/filer_public/ed/9b/ed9b3b1a-8062-4967-bc6e-b989ed332676/martin_hudos_reference_delloite.png__64x64_q85_crop_subsampling-2_upscale.png','2018-07-31 08:48:19',167),
	(1440,'f9bde26a1556cd667f742bd34ec7c55e','filer_public_thumbnails/filer_public/ed/9b/ed9b3b1a-8062-4967-bc6e-b989ed332676/martin_hudos_reference_delloite.png__64x64_q85_crop_subsampling-2_upscale@2x.png','2018-07-31 08:48:19',167),
	(1441,'f9bde26a1556cd667f742bd34ec7c55e','filer_public_thumbnails/filer_public/ed/9b/ed9b3b1a-8062-4967-bc6e-b989ed332676/martin_hudos_reference_delloite.png__48x48_q85_crop_subsampling-2_upscale.png','2018-07-31 08:48:19',167),
	(1442,'f9bde26a1556cd667f742bd34ec7c55e','filer_public_thumbnails/filer_public/ed/9b/ed9b3b1a-8062-4967-bc6e-b989ed332676/martin_hudos_reference_delloite.png__48x48_q85_crop_subsampling-2_upscale@2x.png','2018-07-31 08:48:20',167),
	(1443,'f9bde26a1556cd667f742bd34ec7c55e','filer_public_thumbnails/filer_public/ed/9b/ed9b3b1a-8062-4967-bc6e-b989ed332676/martin_hudos_reference_delloite.png__16x16_q85_crop_subsampling-2_upscale.png','2018-07-31 08:48:20',167),
	(1444,'f9bde26a1556cd667f742bd34ec7c55e','filer_public_thumbnails/filer_public/ed/9b/ed9b3b1a-8062-4967-bc6e-b989ed332676/martin_hudos_reference_delloite.png__16x16_q85_crop_subsampling-2_upscale@2x.png','2018-07-31 08:48:20',167),
	(1445,'f9bde26a1556cd667f742bd34ec7c55e','filer_public_thumbnails/filer_public/ed/9b/ed9b3b1a-8062-4967-bc6e-b989ed332676/martin_hudos_reference_delloite.png__180x180_q85_crop_subsampling-2_upscale.png','2018-07-31 08:48:20',167),
	(1446,'f9bde26a1556cd667f742bd34ec7c55e','filer_public_thumbnails/filer_public/ed/9b/ed9b3b1a-8062-4967-bc6e-b989ed332676/martin_hudos_reference_delloite.png__180x180_q85_crop_subsampling-2_upscale@2x.png','2018-07-31 08:48:20',167),
	(1447,'f9bde26a1556cd667f742bd34ec7c55e','filer_public_thumbnails/filer_public/c2/e9/c2e94656-33c9-4d32-86f2-a7ee7c99bb72/michal_rozehnal__reference_reporting.png__32x32_q85_crop_subsampling-2_upscale.png','2018-07-31 08:48:29',168),
	(1448,'f9bde26a1556cd667f742bd34ec7c55e','filer_public_thumbnails/filer_public/c2/e9/c2e94656-33c9-4d32-86f2-a7ee7c99bb72/michal_rozehnal__reference_reporting.png__32x32_q85_crop_subsampling-2_upscale@2x.png','2018-07-31 08:48:29',168),
	(1449,'f9bde26a1556cd667f742bd34ec7c55e','filer_public_thumbnails/filer_public/c2/e9/c2e94656-33c9-4d32-86f2-a7ee7c99bb72/michal_rozehnal__reference_reporting.png__64x64_q85_crop_subsampling-2_upscale.png','2018-07-31 08:48:29',168),
	(1450,'f9bde26a1556cd667f742bd34ec7c55e','filer_public_thumbnails/filer_public/c2/e9/c2e94656-33c9-4d32-86f2-a7ee7c99bb72/michal_rozehnal__reference_reporting.png__64x64_q85_crop_subsampling-2_upscale@2x.png','2018-07-31 08:48:29',168),
	(1451,'f9bde26a1556cd667f742bd34ec7c55e','filer_public_thumbnails/filer_public/c2/e9/c2e94656-33c9-4d32-86f2-a7ee7c99bb72/michal_rozehnal__reference_reporting.png__48x48_q85_crop_subsampling-2_upscale.png','2018-07-31 08:48:30',168),
	(1452,'f9bde26a1556cd667f742bd34ec7c55e','filer_public_thumbnails/filer_public/c2/e9/c2e94656-33c9-4d32-86f2-a7ee7c99bb72/michal_rozehnal__reference_reporting.png__48x48_q85_crop_subsampling-2_upscale@2x.png','2018-07-31 08:48:30',168),
	(1453,'f9bde26a1556cd667f742bd34ec7c55e','filer_public_thumbnails/filer_public/c2/e9/c2e94656-33c9-4d32-86f2-a7ee7c99bb72/michal_rozehnal__reference_reporting.png__16x16_q85_crop_subsampling-2_upscale.png','2018-07-31 08:48:30',168),
	(1454,'f9bde26a1556cd667f742bd34ec7c55e','filer_public_thumbnails/filer_public/c2/e9/c2e94656-33c9-4d32-86f2-a7ee7c99bb72/michal_rozehnal__reference_reporting.png__16x16_q85_crop_subsampling-2_upscale@2x.png','2018-07-31 08:48:30',168),
	(1455,'f9bde26a1556cd667f742bd34ec7c55e','filer_public_thumbnails/filer_public/c2/e9/c2e94656-33c9-4d32-86f2-a7ee7c99bb72/michal_rozehnal__reference_reporting.png__180x180_q85_crop_subsampling-2_upscale.png','2018-07-31 08:48:31',168),
	(1456,'f9bde26a1556cd667f742bd34ec7c55e','filer_public_thumbnails/filer_public/c2/e9/c2e94656-33c9-4d32-86f2-a7ee7c99bb72/michal_rozehnal__reference_reporting.png__180x180_q85_crop_subsampling-2_upscale@2x.png','2018-07-31 08:48:31',168),
	(1457,'f9bde26a1556cd667f742bd34ec7c55e','filer_public_thumbnails/filer_public/59/ed/59ed28b2-76bd-449f-8c6d-dd9df3d40671/logo1.png__32x32_q85_crop_subsampling-2_upscale.jpg','2018-07-31 08:48:46',169),
	(1458,'f9bde26a1556cd667f742bd34ec7c55e','filer_public_thumbnails/filer_public/59/ed/59ed28b2-76bd-449f-8c6d-dd9df3d40671/logo1.png__32x32_q85_crop_subsampling-2_upscale@2x.jpg','2018-07-31 08:48:46',169),
	(1459,'f9bde26a1556cd667f742bd34ec7c55e','filer_public_thumbnails/filer_public/59/ed/59ed28b2-76bd-449f-8c6d-dd9df3d40671/logo1.png__64x64_q85_crop_subsampling-2_upscale.jpg','2018-07-31 08:48:46',169),
	(1460,'f9bde26a1556cd667f742bd34ec7c55e','filer_public_thumbnails/filer_public/59/ed/59ed28b2-76bd-449f-8c6d-dd9df3d40671/logo1.png__64x64_q85_crop_subsampling-2_upscale@2x.jpg','2018-07-31 08:48:46',169),
	(1461,'f9bde26a1556cd667f742bd34ec7c55e','filer_public_thumbnails/filer_public/59/ed/59ed28b2-76bd-449f-8c6d-dd9df3d40671/logo1.png__48x48_q85_crop_subsampling-2_upscale.jpg','2018-07-31 08:48:46',169),
	(1462,'f9bde26a1556cd667f742bd34ec7c55e','filer_public_thumbnails/filer_public/59/ed/59ed28b2-76bd-449f-8c6d-dd9df3d40671/logo1.png__48x48_q85_crop_subsampling-2_upscale@2x.jpg','2018-07-31 08:48:46',169),
	(1463,'f9bde26a1556cd667f742bd34ec7c55e','filer_public_thumbnails/filer_public/59/ed/59ed28b2-76bd-449f-8c6d-dd9df3d40671/logo1.png__16x16_q85_crop_subsampling-2_upscale.jpg','2018-07-31 08:48:46',169),
	(1464,'f9bde26a1556cd667f742bd34ec7c55e','filer_public_thumbnails/filer_public/59/ed/59ed28b2-76bd-449f-8c6d-dd9df3d40671/logo1.png__16x16_q85_crop_subsampling-2_upscale@2x.jpg','2018-07-31 08:48:46',169),
	(1465,'f9bde26a1556cd667f742bd34ec7c55e','filer_public_thumbnails/filer_public/59/ed/59ed28b2-76bd-449f-8c6d-dd9df3d40671/logo1.png__180x180_q85_crop_subsampling-2_upscale.jpg','2018-07-31 08:48:46',169),
	(1466,'f9bde26a1556cd667f742bd34ec7c55e','filer_public_thumbnails/filer_public/59/ed/59ed28b2-76bd-449f-8c6d-dd9df3d40671/logo1.png__180x180_q85_crop_subsampling-2_upscale@2x.jpg','2018-07-31 08:48:46',169),
	(1467,'f9bde26a1556cd667f742bd34ec7c55e','filer_public_thumbnails/filer_public/1b/f1/1bf1fd68-9dcf-4d9a-9454-a57c74303ea4/logo2.png__32x32_q85_crop_subsampling-2_upscale.jpg','2018-07-31 08:48:49',170),
	(1468,'f9bde26a1556cd667f742bd34ec7c55e','filer_public_thumbnails/filer_public/1b/f1/1bf1fd68-9dcf-4d9a-9454-a57c74303ea4/logo2.png__32x32_q85_crop_subsampling-2_upscale@2x.jpg','2018-07-31 08:48:49',170),
	(1469,'f9bde26a1556cd667f742bd34ec7c55e','filer_public_thumbnails/filer_public/1b/f1/1bf1fd68-9dcf-4d9a-9454-a57c74303ea4/logo2.png__64x64_q85_crop_subsampling-2_upscale.jpg','2018-07-31 08:48:49',170),
	(1470,'f9bde26a1556cd667f742bd34ec7c55e','filer_public_thumbnails/filer_public/1b/f1/1bf1fd68-9dcf-4d9a-9454-a57c74303ea4/logo2.png__64x64_q85_crop_subsampling-2_upscale@2x.jpg','2018-07-31 08:48:49',170),
	(1471,'f9bde26a1556cd667f742bd34ec7c55e','filer_public_thumbnails/filer_public/1b/f1/1bf1fd68-9dcf-4d9a-9454-a57c74303ea4/logo2.png__48x48_q85_crop_subsampling-2_upscale.jpg','2018-07-31 08:48:49',170),
	(1472,'f9bde26a1556cd667f742bd34ec7c55e','filer_public_thumbnails/filer_public/1b/f1/1bf1fd68-9dcf-4d9a-9454-a57c74303ea4/logo2.png__48x48_q85_crop_subsampling-2_upscale@2x.jpg','2018-07-31 08:48:49',170),
	(1473,'f9bde26a1556cd667f742bd34ec7c55e','filer_public_thumbnails/filer_public/1b/f1/1bf1fd68-9dcf-4d9a-9454-a57c74303ea4/logo2.png__16x16_q85_crop_subsampling-2_upscale.jpg','2018-07-31 08:48:49',170),
	(1474,'f9bde26a1556cd667f742bd34ec7c55e','filer_public_thumbnails/filer_public/1b/f1/1bf1fd68-9dcf-4d9a-9454-a57c74303ea4/logo2.png__16x16_q85_crop_subsampling-2_upscale@2x.jpg','2018-07-31 08:48:49',170),
	(1475,'f9bde26a1556cd667f742bd34ec7c55e','filer_public_thumbnails/filer_public/1b/f1/1bf1fd68-9dcf-4d9a-9454-a57c74303ea4/logo2.png__180x180_q85_crop_subsampling-2_upscale.jpg','2018-07-31 08:48:49',170),
	(1476,'f9bde26a1556cd667f742bd34ec7c55e','filer_public_thumbnails/filer_public/1b/f1/1bf1fd68-9dcf-4d9a-9454-a57c74303ea4/logo2.png__180x180_q85_crop_subsampling-2_upscale@2x.jpg','2018-07-31 08:48:49',170),
	(1477,'f9bde26a1556cd667f742bd34ec7c55e','filer_public_thumbnails/filer_public/f9/e4/f9e48074-78ab-41a0-8851-6b0e013f191e/reference_csob.png__32x32_q85_crop_subsampling-2_upscale.png','2018-07-31 10:31:04',171),
	(1478,'f9bde26a1556cd667f742bd34ec7c55e','filer_public_thumbnails/filer_public/f9/e4/f9e48074-78ab-41a0-8851-6b0e013f191e/reference_csob.png__32x32_q85_crop_subsampling-2_upscale@2x.png','2018-07-31 10:31:04',171),
	(1479,'f9bde26a1556cd667f742bd34ec7c55e','filer_public_thumbnails/filer_public/86/89/8689105f-1c33-4356-b281-177a9d3e7c83/reference_financnisprava.png__32x32_q85_crop_subsampling-2_upscale.png','2018-07-31 10:31:04',172),
	(1480,'f9bde26a1556cd667f742bd34ec7c55e','filer_public_thumbnails/filer_public/c3/ba/c3ba6153-5a9b-4a99-afbb-5fdf9365cd6a/reference_ikea.png__32x32_q85_crop_subsampling-2_upscale.png','2018-07-31 10:31:04',173),
	(1481,'f9bde26a1556cd667f742bd34ec7c55e','filer_public_thumbnails/filer_public/f9/e4/f9e48074-78ab-41a0-8851-6b0e013f191e/reference_csob.png__64x64_q85_crop_subsampling-2_upscale.png','2018-07-31 10:31:04',171),
	(1482,'f9bde26a1556cd667f742bd34ec7c55e','filer_public_thumbnails/filer_public/86/89/8689105f-1c33-4356-b281-177a9d3e7c83/reference_financnisprava.png__32x32_q85_crop_subsampling-2_upscale@2x.png','2018-07-31 10:31:04',172),
	(1483,'f9bde26a1556cd667f742bd34ec7c55e','filer_public_thumbnails/filer_public/c3/ba/c3ba6153-5a9b-4a99-afbb-5fdf9365cd6a/reference_ikea.png__32x32_q85_crop_subsampling-2_upscale@2x.png','2018-07-31 10:31:04',173),
	(1484,'f9bde26a1556cd667f742bd34ec7c55e','filer_public_thumbnails/filer_public/f9/e4/f9e48074-78ab-41a0-8851-6b0e013f191e/reference_csob.png__64x64_q85_crop_subsampling-2_upscale@2x.png','2018-07-31 10:31:04',171),
	(1485,'f9bde26a1556cd667f742bd34ec7c55e','filer_public_thumbnails/filer_public/86/89/8689105f-1c33-4356-b281-177a9d3e7c83/reference_financnisprava.png__64x64_q85_crop_subsampling-2_upscale.png','2018-07-31 10:31:04',172),
	(1486,'f9bde26a1556cd667f742bd34ec7c55e','filer_public_thumbnails/filer_public/c3/ba/c3ba6153-5a9b-4a99-afbb-5fdf9365cd6a/reference_ikea.png__64x64_q85_crop_subsampling-2_upscale.png','2018-07-31 10:31:04',173),
	(1487,'f9bde26a1556cd667f742bd34ec7c55e','filer_public_thumbnails/filer_public/f9/e4/f9e48074-78ab-41a0-8851-6b0e013f191e/reference_csob.png__48x48_q85_crop_subsampling-2_upscale.png','2018-07-31 10:31:04',171),
	(1488,'f9bde26a1556cd667f742bd34ec7c55e','filer_public_thumbnails/filer_public/86/89/8689105f-1c33-4356-b281-177a9d3e7c83/reference_financnisprava.png__64x64_q85_crop_subsampling-2_upscale@2x.png','2018-07-31 10:31:04',172),
	(1489,'f9bde26a1556cd667f742bd34ec7c55e','filer_public_thumbnails/filer_public/c3/ba/c3ba6153-5a9b-4a99-afbb-5fdf9365cd6a/reference_ikea.png__64x64_q85_crop_subsampling-2_upscale@2x.png','2018-07-31 10:31:04',173),
	(1490,'f9bde26a1556cd667f742bd34ec7c55e','filer_public_thumbnails/filer_public/f9/e4/f9e48074-78ab-41a0-8851-6b0e013f191e/reference_csob.png__48x48_q85_crop_subsampling-2_upscale@2x.png','2018-07-31 10:31:04',171),
	(1491,'f9bde26a1556cd667f742bd34ec7c55e','filer_public_thumbnails/filer_public/86/89/8689105f-1c33-4356-b281-177a9d3e7c83/reference_financnisprava.png__48x48_q85_crop_subsampling-2_upscale.png','2018-07-31 10:31:04',172),
	(1492,'f9bde26a1556cd667f742bd34ec7c55e','filer_public_thumbnails/filer_public/c3/ba/c3ba6153-5a9b-4a99-afbb-5fdf9365cd6a/reference_ikea.png__48x48_q85_crop_subsampling-2_upscale.png','2018-07-31 10:31:04',173),
	(1493,'f9bde26a1556cd667f742bd34ec7c55e','filer_public_thumbnails/filer_public/f9/e4/f9e48074-78ab-41a0-8851-6b0e013f191e/reference_csob.png__16x16_q85_crop_subsampling-2_upscale.png','2018-07-31 10:31:04',171),
	(1494,'f9bde26a1556cd667f742bd34ec7c55e','filer_public_thumbnails/filer_public/86/89/8689105f-1c33-4356-b281-177a9d3e7c83/reference_financnisprava.png__48x48_q85_crop_subsampling-2_upscale@2x.png','2018-07-31 10:31:04',172),
	(1495,'f9bde26a1556cd667f742bd34ec7c55e','filer_public_thumbnails/filer_public/f9/e4/f9e48074-78ab-41a0-8851-6b0e013f191e/reference_csob.png__16x16_q85_crop_subsampling-2_upscale@2x.png','2018-07-31 10:31:04',171),
	(1496,'f9bde26a1556cd667f742bd34ec7c55e','filer_public_thumbnails/filer_public/c3/ba/c3ba6153-5a9b-4a99-afbb-5fdf9365cd6a/reference_ikea.png__48x48_q85_crop_subsampling-2_upscale@2x.png','2018-07-31 10:31:04',173),
	(1497,'f9bde26a1556cd667f742bd34ec7c55e','filer_public_thumbnails/filer_public/86/89/8689105f-1c33-4356-b281-177a9d3e7c83/reference_financnisprava.png__16x16_q85_crop_subsampling-2_upscale.png','2018-07-31 10:31:04',172),
	(1498,'f9bde26a1556cd667f742bd34ec7c55e','filer_public_thumbnails/filer_public/c3/ba/c3ba6153-5a9b-4a99-afbb-5fdf9365cd6a/reference_ikea.png__16x16_q85_crop_subsampling-2_upscale.png','2018-07-31 10:31:04',173),
	(1499,'f9bde26a1556cd667f742bd34ec7c55e','filer_public_thumbnails/filer_public/f9/e4/f9e48074-78ab-41a0-8851-6b0e013f191e/reference_csob.png__180x180_q85_crop_subsampling-2_upscale.png','2018-07-31 10:31:04',171),
	(1500,'f9bde26a1556cd667f742bd34ec7c55e','filer_public_thumbnails/filer_public/86/89/8689105f-1c33-4356-b281-177a9d3e7c83/reference_financnisprava.png__16x16_q85_crop_subsampling-2_upscale@2x.png','2018-07-31 10:31:04',172),
	(1501,'f9bde26a1556cd667f742bd34ec7c55e','filer_public_thumbnails/filer_public/c3/ba/c3ba6153-5a9b-4a99-afbb-5fdf9365cd6a/reference_ikea.png__16x16_q85_crop_subsampling-2_upscale@2x.png','2018-07-31 10:31:05',173),
	(1502,'f9bde26a1556cd667f742bd34ec7c55e','filer_public_thumbnails/filer_public/f9/e4/f9e48074-78ab-41a0-8851-6b0e013f191e/reference_csob.png__180x180_q85_crop_subsampling-2_upscale@2x.png','2018-07-31 10:31:05',171),
	(1503,'f9bde26a1556cd667f742bd34ec7c55e','filer_public_thumbnails/filer_public/86/89/8689105f-1c33-4356-b281-177a9d3e7c83/reference_financnisprava.png__180x180_q85_crop_subsampling-2_upscale.png','2018-07-31 10:31:05',172),
	(1504,'f9bde26a1556cd667f742bd34ec7c55e','filer_public_thumbnails/filer_public/c3/ba/c3ba6153-5a9b-4a99-afbb-5fdf9365cd6a/reference_ikea.png__180x180_q85_crop_subsampling-2_upscale.png','2018-07-31 10:31:05',173),
	(1505,'f9bde26a1556cd667f742bd34ec7c55e','filer_public_thumbnails/filer_public/86/89/8689105f-1c33-4356-b281-177a9d3e7c83/reference_financnisprava.png__180x180_q85_crop_subsampling-2_upscale@2x.png','2018-07-31 10:31:05',172),
	(1506,'f9bde26a1556cd667f742bd34ec7c55e','filer_public_thumbnails/filer_public/c3/ba/c3ba6153-5a9b-4a99-afbb-5fdf9365cd6a/reference_ikea.png__180x180_q85_crop_subsampling-2_upscale@2x.png','2018-07-31 10:31:05',173),
	(1507,'f9bde26a1556cd667f742bd34ec7c55e','filer_public_thumbnails/filer_public/2d/95/2d95321b-ee34-4a0a-970d-fca01d5db2b7/reference_velkabanka.png__32x32_q85_crop_subsampling-2_upscale.png','2018-07-31 10:31:05',174),
	(1508,'f9bde26a1556cd667f742bd34ec7c55e','filer_public_thumbnails/filer_public/2d/95/2d95321b-ee34-4a0a-970d-fca01d5db2b7/reference_velkabanka.png__32x32_q85_crop_subsampling-2_upscale@2x.png','2018-07-31 10:31:05',174),
	(1509,'f9bde26a1556cd667f742bd34ec7c55e','filer_public_thumbnails/filer_public/2d/95/2d95321b-ee34-4a0a-970d-fca01d5db2b7/reference_velkabanka.png__64x64_q85_crop_subsampling-2_upscale.png','2018-07-31 10:31:05',174),
	(1510,'f9bde26a1556cd667f742bd34ec7c55e','filer_public_thumbnails/filer_public/2d/95/2d95321b-ee34-4a0a-970d-fca01d5db2b7/reference_velkabanka.png__64x64_q85_crop_subsampling-2_upscale@2x.png','2018-07-31 10:31:05',174),
	(1511,'f9bde26a1556cd667f742bd34ec7c55e','filer_public_thumbnails/filer_public/2d/95/2d95321b-ee34-4a0a-970d-fca01d5db2b7/reference_velkabanka.png__48x48_q85_crop_subsampling-2_upscale.png','2018-07-31 10:31:05',174),
	(1512,'f9bde26a1556cd667f742bd34ec7c55e','filer_public_thumbnails/filer_public/2d/95/2d95321b-ee34-4a0a-970d-fca01d5db2b7/reference_velkabanka.png__48x48_q85_crop_subsampling-2_upscale@2x.png','2018-07-31 10:31:05',174),
	(1513,'f9bde26a1556cd667f742bd34ec7c55e','filer_public_thumbnails/filer_public/2d/95/2d95321b-ee34-4a0a-970d-fca01d5db2b7/reference_velkabanka.png__16x16_q85_crop_subsampling-2_upscale.png','2018-07-31 10:31:05',174),
	(1514,'f9bde26a1556cd667f742bd34ec7c55e','filer_public_thumbnails/filer_public/2d/95/2d95321b-ee34-4a0a-970d-fca01d5db2b7/reference_velkabanka.png__16x16_q85_crop_subsampling-2_upscale@2x.png','2018-07-31 10:31:05',174),
	(1515,'f9bde26a1556cd667f742bd34ec7c55e','filer_public_thumbnails/filer_public/2d/95/2d95321b-ee34-4a0a-970d-fca01d5db2b7/reference_velkabanka.png__180x180_q85_crop_subsampling-2_upscale.png','2018-07-31 10:31:05',174),
	(1516,'f9bde26a1556cd667f742bd34ec7c55e','filer_public_thumbnails/filer_public/2d/95/2d95321b-ee34-4a0a-970d-fca01d5db2b7/reference_velkabanka.png__180x180_q85_crop_subsampling-2_upscale@2x.png','2018-07-31 10:31:05',174),
	(1517,'f9bde26a1556cd667f742bd34ec7c55e','filer_public_thumbnails/filer_public/c3/ba/c3ba6153-5a9b-4a99-afbb-5fdf9365cd6a/reference_ikea.png__120x120_q85_subsampling-2.png','2018-07-31 10:31:13',173),
	(1518,'f9bde26a1556cd667f742bd34ec7c55e','filer_public_thumbnails/filer_public/c3/ba/c3ba6153-5a9b-4a99-afbb-5fdf9365cd6a/reference_ikea.png__120x120_q85_subsampling-2@2x.png','2018-07-31 10:31:13',173),
	(1519,'f9bde26a1556cd667f742bd34ec7c55e','filer_public_thumbnails/filer_public/f9/e4/f9e48074-78ab-41a0-8851-6b0e013f191e/reference_csob.png__120x120_q85_subsampling-2.png','2018-07-31 10:32:52',171),
	(1520,'f9bde26a1556cd667f742bd34ec7c55e','filer_public_thumbnails/filer_public/f9/e4/f9e48074-78ab-41a0-8851-6b0e013f191e/reference_csob.png__120x120_q85_subsampling-2@2x.png','2018-07-31 10:32:52',171),
	(1521,'f9bde26a1556cd667f742bd34ec7c55e','filer_public_thumbnails/filer_public/86/89/8689105f-1c33-4356-b281-177a9d3e7c83/reference_financnisprava.png__120x120_q85_subsampling-2.png','2018-07-31 10:33:09',172),
	(1522,'f9bde26a1556cd667f742bd34ec7c55e','filer_public_thumbnails/filer_public/86/89/8689105f-1c33-4356-b281-177a9d3e7c83/reference_financnisprava.png__120x120_q85_subsampling-2@2x.png','2018-07-31 10:33:09',172),
	(1523,'f9bde26a1556cd667f742bd34ec7c55e','filer_public_thumbnails/filer_public/2d/95/2d95321b-ee34-4a0a-970d-fca01d5db2b7/reference_velkabanka.png__120x120_q85_subsampling-2.png','2018-07-31 10:33:22',174),
	(1524,'f9bde26a1556cd667f742bd34ec7c55e','filer_public_thumbnails/filer_public/2d/95/2d95321b-ee34-4a0a-970d-fca01d5db2b7/reference_velkabanka.png__120x120_q85_subsampling-2@2x.png','2018-07-31 10:33:22',174),
	(1525,'f9bde26a1556cd667f742bd34ec7c55e','filer_public_thumbnails/filer_public/f9/c1/f9c1796e-a350-4167-af14-ad5d02ef0982/reference_ikea.png__32x32_q85_crop_subsampling-2_upscale.jpg','2018-07-31 10:36:11',175),
	(1526,'f9bde26a1556cd667f742bd34ec7c55e','filer_public_thumbnails/filer_public/f9/c1/f9c1796e-a350-4167-af14-ad5d02ef0982/reference_ikea.png__32x32_q85_crop_subsampling-2_upscale@2x.jpg','2018-07-31 10:36:11',175),
	(1527,'f9bde26a1556cd667f742bd34ec7c55e','filer_public_thumbnails/filer_public/f9/c1/f9c1796e-a350-4167-af14-ad5d02ef0982/reference_ikea.png__64x64_q85_crop_subsampling-2_upscale.jpg','2018-07-31 10:36:11',175),
	(1528,'f9bde26a1556cd667f742bd34ec7c55e','filer_public_thumbnails/filer_public/f9/c1/f9c1796e-a350-4167-af14-ad5d02ef0982/reference_ikea.png__64x64_q85_crop_subsampling-2_upscale@2x.jpg','2018-07-31 10:36:12',175),
	(1529,'f9bde26a1556cd667f742bd34ec7c55e','filer_public_thumbnails/filer_public/f9/c1/f9c1796e-a350-4167-af14-ad5d02ef0982/reference_ikea.png__48x48_q85_crop_subsampling-2_upscale.jpg','2018-07-31 10:36:12',175),
	(1530,'f9bde26a1556cd667f742bd34ec7c55e','filer_public_thumbnails/filer_public/f9/c1/f9c1796e-a350-4167-af14-ad5d02ef0982/reference_ikea.png__48x48_q85_crop_subsampling-2_upscale@2x.jpg','2018-07-31 10:36:12',175),
	(1531,'f9bde26a1556cd667f742bd34ec7c55e','filer_public_thumbnails/filer_public/f9/c1/f9c1796e-a350-4167-af14-ad5d02ef0982/reference_ikea.png__16x16_q85_crop_subsampling-2_upscale.jpg','2018-07-31 10:36:12',175),
	(1532,'f9bde26a1556cd667f742bd34ec7c55e','filer_public_thumbnails/filer_public/f9/c1/f9c1796e-a350-4167-af14-ad5d02ef0982/reference_ikea.png__16x16_q85_crop_subsampling-2_upscale@2x.jpg','2018-07-31 10:36:12',175),
	(1533,'f9bde26a1556cd667f742bd34ec7c55e','filer_public_thumbnails/filer_public/f9/c1/f9c1796e-a350-4167-af14-ad5d02ef0982/reference_ikea.png__180x180_q85_crop_subsampling-2_upscale.jpg','2018-07-31 10:36:12',175),
	(1534,'f9bde26a1556cd667f742bd34ec7c55e','filer_public_thumbnails/filer_public/f9/c1/f9c1796e-a350-4167-af14-ad5d02ef0982/reference_ikea.png__180x180_q85_crop_subsampling-2_upscale@2x.jpg','2018-07-31 10:36:12',175),
	(1535,'f9bde26a1556cd667f742bd34ec7c55e','filer_public_thumbnails/filer_public/f9/c1/f9c1796e-a350-4167-af14-ad5d02ef0982/reference_ikea.png__120x120_q85_subsampling-2.jpg','2018-07-31 10:36:21',175),
	(1536,'f9bde26a1556cd667f742bd34ec7c55e','filer_public_thumbnails/filer_public/f9/c1/f9c1796e-a350-4167-af14-ad5d02ef0982/reference_ikea.png__120x120_q85_subsampling-2@2x.jpg','2018-07-31 10:36:21',175),
	(1537,'f9bde26a1556cd667f742bd34ec7c55e','filer_public_thumbnails/filer_public/1d/cb/1dcbdf09-75be-4f98-869b-cabdc2ba0d5d/center-person.png__32x32_q85_crop_subsampling-2_upscale.png','2018-08-01 11:07:33',176),
	(1538,'f9bde26a1556cd667f742bd34ec7c55e','filer_public_thumbnails/filer_public/1d/cb/1dcbdf09-75be-4f98-869b-cabdc2ba0d5d/center-person.png__32x32_q85_crop_subsampling-2_upscale@2x.png','2018-08-01 11:07:33',176),
	(1539,'f9bde26a1556cd667f742bd34ec7c55e','filer_public_thumbnails/filer_public/1d/cb/1dcbdf09-75be-4f98-869b-cabdc2ba0d5d/center-person.png__64x64_q85_crop_subsampling-2_upscale.png','2018-08-01 11:07:33',176),
	(1540,'f9bde26a1556cd667f742bd34ec7c55e','filer_public_thumbnails/filer_public/1d/cb/1dcbdf09-75be-4f98-869b-cabdc2ba0d5d/center-person.png__64x64_q85_crop_subsampling-2_upscale@2x.png','2018-08-01 11:07:33',176),
	(1541,'f9bde26a1556cd667f742bd34ec7c55e','filer_public_thumbnails/filer_public/1d/cb/1dcbdf09-75be-4f98-869b-cabdc2ba0d5d/center-person.png__48x48_q85_crop_subsampling-2_upscale.png','2018-08-01 11:07:33',176),
	(1542,'f9bde26a1556cd667f742bd34ec7c55e','filer_public_thumbnails/filer_public/1d/cb/1dcbdf09-75be-4f98-869b-cabdc2ba0d5d/center-person.png__48x48_q85_crop_subsampling-2_upscale@2x.png','2018-08-01 11:07:33',176),
	(1543,'f9bde26a1556cd667f742bd34ec7c55e','filer_public_thumbnails/filer_public/1d/cb/1dcbdf09-75be-4f98-869b-cabdc2ba0d5d/center-person.png__16x16_q85_crop_subsampling-2_upscale.png','2018-08-01 11:07:33',176),
	(1544,'f9bde26a1556cd667f742bd34ec7c55e','filer_public_thumbnails/filer_public/1d/cb/1dcbdf09-75be-4f98-869b-cabdc2ba0d5d/center-person.png__16x16_q85_crop_subsampling-2_upscale@2x.png','2018-08-01 11:07:33',176),
	(1545,'f9bde26a1556cd667f742bd34ec7c55e','filer_public_thumbnails/filer_public/1d/cb/1dcbdf09-75be-4f98-869b-cabdc2ba0d5d/center-person.png__180x180_q85_crop_subsampling-2_upscale.png','2018-08-01 11:07:34',176),
	(1546,'f9bde26a1556cd667f742bd34ec7c55e','filer_public_thumbnails/filer_public/1d/cb/1dcbdf09-75be-4f98-869b-cabdc2ba0d5d/center-person.png__180x180_q85_crop_subsampling-2_upscale@2x.png','2018-08-01 11:07:34',176),
	(1547,'f9bde26a1556cd667f742bd34ec7c55e','filer_public_thumbnails/filer_public/e4/37/e43749ca-3a1a-4187-80f3-359d6bce54c6/person.png__32x32_q85_crop_subsampling-2_upscale.png','2018-08-01 11:08:19',177),
	(1548,'f9bde26a1556cd667f742bd34ec7c55e','filer_public_thumbnails/filer_public/e4/37/e43749ca-3a1a-4187-80f3-359d6bce54c6/person.png__32x32_q85_crop_subsampling-2_upscale@2x.png','2018-08-01 11:08:19',177),
	(1549,'f9bde26a1556cd667f742bd34ec7c55e','filer_public_thumbnails/filer_public/e4/37/e43749ca-3a1a-4187-80f3-359d6bce54c6/person.png__64x64_q85_crop_subsampling-2_upscale.png','2018-08-01 11:08:19',177),
	(1550,'f9bde26a1556cd667f742bd34ec7c55e','filer_public_thumbnails/filer_public/e4/37/e43749ca-3a1a-4187-80f3-359d6bce54c6/person.png__64x64_q85_crop_subsampling-2_upscale@2x.png','2018-08-01 11:08:19',177),
	(1551,'f9bde26a1556cd667f742bd34ec7c55e','filer_public_thumbnails/filer_public/e4/37/e43749ca-3a1a-4187-80f3-359d6bce54c6/person.png__48x48_q85_crop_subsampling-2_upscale.png','2018-08-01 11:08:19',177),
	(1552,'f9bde26a1556cd667f742bd34ec7c55e','filer_public_thumbnails/filer_public/e4/37/e43749ca-3a1a-4187-80f3-359d6bce54c6/person.png__48x48_q85_crop_subsampling-2_upscale@2x.png','2018-08-01 11:08:19',177),
	(1553,'f9bde26a1556cd667f742bd34ec7c55e','filer_public_thumbnails/filer_public/e4/37/e43749ca-3a1a-4187-80f3-359d6bce54c6/person.png__16x16_q85_crop_subsampling-2_upscale.png','2018-08-01 11:08:19',177),
	(1554,'f9bde26a1556cd667f742bd34ec7c55e','filer_public_thumbnails/filer_public/e4/37/e43749ca-3a1a-4187-80f3-359d6bce54c6/person.png__16x16_q85_crop_subsampling-2_upscale@2x.png','2018-08-01 11:08:19',177),
	(1555,'f9bde26a1556cd667f742bd34ec7c55e','filer_public_thumbnails/filer_public/e4/37/e43749ca-3a1a-4187-80f3-359d6bce54c6/person.png__180x180_q85_crop_subsampling-2_upscale.png','2018-08-01 11:08:19',177),
	(1556,'f9bde26a1556cd667f742bd34ec7c55e','filer_public_thumbnails/filer_public/e4/37/e43749ca-3a1a-4187-80f3-359d6bce54c6/person.png__180x180_q85_crop_subsampling-2_upscale@2x.png','2018-08-01 11:08:19',177),
	(1557,'f9bde26a1556cd667f742bd34ec7c55e','filer_public_thumbnails/filer_public/34/b2/34b267bf-07bf-4529-9d7a-17f9cefa90c2/logo_commerz.png__32x32_q85_crop_subsampling-2_upscale.jpg','2018-08-01 11:16:11',178),
	(1558,'f9bde26a1556cd667f742bd34ec7c55e','filer_public_thumbnails/filer_public/34/c2/34c2691d-44a9-418a-9a12-ce6d34c2e592/logo_deloitte.png__32x32_q85_crop_subsampling-2_upscale.jpg','2018-08-01 11:16:11',179),
	(1559,'f9bde26a1556cd667f742bd34ec7c55e','filer_public_thumbnails/filer_public/05/90/0590f0d8-89dc-4f13-8b2a-302ffe0a5e0b/logo_pbc.png__32x32_q85_crop_subsampling-2_upscale.jpg','2018-08-01 11:16:11',180),
	(1560,'f9bde26a1556cd667f742bd34ec7c55e','filer_public_thumbnails/filer_public/34/b2/34b267bf-07bf-4529-9d7a-17f9cefa90c2/logo_commerz.png__32x32_q85_crop_subsampling-2_upscale@2x.jpg','2018-08-01 11:16:11',178),
	(1561,'f9bde26a1556cd667f742bd34ec7c55e','filer_public_thumbnails/filer_public/34/c2/34c2691d-44a9-418a-9a12-ce6d34c2e592/logo_deloitte.png__32x32_q85_crop_subsampling-2_upscale@2x.jpg','2018-08-01 11:16:11',179),
	(1562,'f9bde26a1556cd667f742bd34ec7c55e','filer_public_thumbnails/filer_public/34/b2/34b267bf-07bf-4529-9d7a-17f9cefa90c2/logo_commerz.png__64x64_q85_crop_subsampling-2_upscale.jpg','2018-08-01 11:16:11',178),
	(1563,'f9bde26a1556cd667f742bd34ec7c55e','filer_public_thumbnails/filer_public/05/90/0590f0d8-89dc-4f13-8b2a-302ffe0a5e0b/logo_pbc.png__32x32_q85_crop_subsampling-2_upscale@2x.jpg','2018-08-01 11:16:11',180),
	(1564,'f9bde26a1556cd667f742bd34ec7c55e','filer_public_thumbnails/filer_public/34/c2/34c2691d-44a9-418a-9a12-ce6d34c2e592/logo_deloitte.png__64x64_q85_crop_subsampling-2_upscale.jpg','2018-08-01 11:16:11',179),
	(1565,'f9bde26a1556cd667f742bd34ec7c55e','filer_public_thumbnails/filer_public/05/90/0590f0d8-89dc-4f13-8b2a-302ffe0a5e0b/logo_pbc.png__64x64_q85_crop_subsampling-2_upscale.jpg','2018-08-01 11:16:11',180),
	(1566,'f9bde26a1556cd667f742bd34ec7c55e','filer_public_thumbnails/filer_public/34/b2/34b267bf-07bf-4529-9d7a-17f9cefa90c2/logo_commerz.png__64x64_q85_crop_subsampling-2_upscale@2x.jpg','2018-08-01 11:16:11',178),
	(1567,'f9bde26a1556cd667f742bd34ec7c55e','filer_public_thumbnails/filer_public/34/c2/34c2691d-44a9-418a-9a12-ce6d34c2e592/logo_deloitte.png__64x64_q85_crop_subsampling-2_upscale@2x.jpg','2018-08-01 11:16:11',179),
	(1568,'f9bde26a1556cd667f742bd34ec7c55e','filer_public_thumbnails/filer_public/34/b2/34b267bf-07bf-4529-9d7a-17f9cefa90c2/logo_commerz.png__48x48_q85_crop_subsampling-2_upscale.jpg','2018-08-01 11:16:11',178),
	(1569,'f9bde26a1556cd667f742bd34ec7c55e','filer_public_thumbnails/filer_public/05/90/0590f0d8-89dc-4f13-8b2a-302ffe0a5e0b/logo_pbc.png__64x64_q85_crop_subsampling-2_upscale@2x.jpg','2018-08-01 11:16:11',180),
	(1570,'f9bde26a1556cd667f742bd34ec7c55e','filer_public_thumbnails/filer_public/34/c2/34c2691d-44a9-418a-9a12-ce6d34c2e592/logo_deloitte.png__48x48_q85_crop_subsampling-2_upscale.jpg','2018-08-01 11:16:11',179),
	(1571,'f9bde26a1556cd667f742bd34ec7c55e','filer_public_thumbnails/filer_public/05/90/0590f0d8-89dc-4f13-8b2a-302ffe0a5e0b/logo_pbc.png__48x48_q85_crop_subsampling-2_upscale.jpg','2018-08-01 11:16:11',180),
	(1572,'f9bde26a1556cd667f742bd34ec7c55e','filer_public_thumbnails/filer_public/34/b2/34b267bf-07bf-4529-9d7a-17f9cefa90c2/logo_commerz.png__48x48_q85_crop_subsampling-2_upscale@2x.jpg','2018-08-01 11:16:11',178),
	(1573,'f9bde26a1556cd667f742bd34ec7c55e','filer_public_thumbnails/filer_public/34/c2/34c2691d-44a9-418a-9a12-ce6d34c2e592/logo_deloitte.png__48x48_q85_crop_subsampling-2_upscale@2x.jpg','2018-08-01 11:16:11',179),
	(1574,'f9bde26a1556cd667f742bd34ec7c55e','filer_public_thumbnails/filer_public/34/b2/34b267bf-07bf-4529-9d7a-17f9cefa90c2/logo_commerz.png__16x16_q85_crop_subsampling-2_upscale.jpg','2018-08-01 11:16:11',178),
	(1575,'f9bde26a1556cd667f742bd34ec7c55e','filer_public_thumbnails/filer_public/05/90/0590f0d8-89dc-4f13-8b2a-302ffe0a5e0b/logo_pbc.png__48x48_q85_crop_subsampling-2_upscale@2x.jpg','2018-08-01 11:16:11',180),
	(1576,'f9bde26a1556cd667f742bd34ec7c55e','filer_public_thumbnails/filer_public/34/c2/34c2691d-44a9-418a-9a12-ce6d34c2e592/logo_deloitte.png__16x16_q85_crop_subsampling-2_upscale.jpg','2018-08-01 11:16:11',179),
	(1577,'f9bde26a1556cd667f742bd34ec7c55e','filer_public_thumbnails/filer_public/34/b2/34b267bf-07bf-4529-9d7a-17f9cefa90c2/logo_commerz.png__16x16_q85_crop_subsampling-2_upscale@2x.jpg','2018-08-01 11:16:11',178),
	(1578,'f9bde26a1556cd667f742bd34ec7c55e','filer_public_thumbnails/filer_public/05/90/0590f0d8-89dc-4f13-8b2a-302ffe0a5e0b/logo_pbc.png__16x16_q85_crop_subsampling-2_upscale.jpg','2018-08-01 11:16:11',180),
	(1579,'f9bde26a1556cd667f742bd34ec7c55e','filer_public_thumbnails/filer_public/34/b2/34b267bf-07bf-4529-9d7a-17f9cefa90c2/logo_commerz.png__180x180_q85_crop_subsampling-2_upscale.jpg','2018-08-01 11:16:11',178),
	(1580,'f9bde26a1556cd667f742bd34ec7c55e','filer_public_thumbnails/filer_public/05/90/0590f0d8-89dc-4f13-8b2a-302ffe0a5e0b/logo_pbc.png__16x16_q85_crop_subsampling-2_upscale@2x.jpg','2018-08-01 11:16:11',180),
	(1581,'f9bde26a1556cd667f742bd34ec7c55e','filer_public_thumbnails/filer_public/34/c2/34c2691d-44a9-418a-9a12-ce6d34c2e592/logo_deloitte.png__16x16_q85_crop_subsampling-2_upscale@2x.jpg','2018-08-01 11:16:11',179),
	(1582,'f9bde26a1556cd667f742bd34ec7c55e','filer_public_thumbnails/filer_public/34/b2/34b267bf-07bf-4529-9d7a-17f9cefa90c2/logo_commerz.png__180x180_q85_crop_subsampling-2_upscale@2x.jpg','2018-08-01 11:16:11',178),
	(1583,'f9bde26a1556cd667f742bd34ec7c55e','filer_public_thumbnails/filer_public/34/c2/34c2691d-44a9-418a-9a12-ce6d34c2e592/logo_deloitte.png__180x180_q85_crop_subsampling-2_upscale.jpg','2018-08-01 11:16:11',179),
	(1584,'f9bde26a1556cd667f742bd34ec7c55e','filer_public_thumbnails/filer_public/05/90/0590f0d8-89dc-4f13-8b2a-302ffe0a5e0b/logo_pbc.png__180x180_q85_crop_subsampling-2_upscale.jpg','2018-08-01 11:16:11',180),
	(1585,'f9bde26a1556cd667f742bd34ec7c55e','filer_public_thumbnails/filer_public/34/c2/34c2691d-44a9-418a-9a12-ce6d34c2e592/logo_deloitte.png__180x180_q85_crop_subsampling-2_upscale@2x.jpg','2018-08-01 11:16:12',179),
	(1586,'f9bde26a1556cd667f742bd34ec7c55e','filer_public_thumbnails/filer_public/05/90/0590f0d8-89dc-4f13-8b2a-302ffe0a5e0b/logo_pbc.png__180x180_q85_crop_subsampling-2_upscale@2x.jpg','2018-08-01 11:16:12',180),
	(1587,'f9bde26a1556cd667f742bd34ec7c55e','filer_public_thumbnails/filer_public/dc/c8/dcc83287-2ef4-47e7-9e98-9f9d95f2c665/logo_reporting.png__32x32_q85_crop_subsampling-2_upscale.jpg','2018-08-01 11:16:12',181),
	(1588,'f9bde26a1556cd667f742bd34ec7c55e','filer_public_thumbnails/filer_public/dc/c8/dcc83287-2ef4-47e7-9e98-9f9d95f2c665/logo_reporting.png__32x32_q85_crop_subsampling-2_upscale@2x.jpg','2018-08-01 11:16:12',181),
	(1589,'f9bde26a1556cd667f742bd34ec7c55e','filer_public_thumbnails/filer_public/dc/c8/dcc83287-2ef4-47e7-9e98-9f9d95f2c665/logo_reporting.png__64x64_q85_crop_subsampling-2_upscale.jpg','2018-08-01 11:16:12',181),
	(1590,'f9bde26a1556cd667f742bd34ec7c55e','filer_public_thumbnails/filer_public/dc/c8/dcc83287-2ef4-47e7-9e98-9f9d95f2c665/logo_reporting.png__64x64_q85_crop_subsampling-2_upscale@2x.jpg','2018-08-01 11:16:12',181),
	(1591,'f9bde26a1556cd667f742bd34ec7c55e','filer_public_thumbnails/filer_public/dc/c8/dcc83287-2ef4-47e7-9e98-9f9d95f2c665/logo_reporting.png__48x48_q85_crop_subsampling-2_upscale.jpg','2018-08-01 11:16:12',181),
	(1592,'f9bde26a1556cd667f742bd34ec7c55e','filer_public_thumbnails/filer_public/dc/c8/dcc83287-2ef4-47e7-9e98-9f9d95f2c665/logo_reporting.png__48x48_q85_crop_subsampling-2_upscale@2x.jpg','2018-08-01 11:16:12',181),
	(1593,'f9bde26a1556cd667f742bd34ec7c55e','filer_public_thumbnails/filer_public/dc/c8/dcc83287-2ef4-47e7-9e98-9f9d95f2c665/logo_reporting.png__16x16_q85_crop_subsampling-2_upscale.jpg','2018-08-01 11:16:12',181),
	(1594,'f9bde26a1556cd667f742bd34ec7c55e','filer_public_thumbnails/filer_public/dc/c8/dcc83287-2ef4-47e7-9e98-9f9d95f2c665/logo_reporting.png__16x16_q85_crop_subsampling-2_upscale@2x.jpg','2018-08-01 11:16:12',181),
	(1595,'f9bde26a1556cd667f742bd34ec7c55e','filer_public_thumbnails/filer_public/dc/c8/dcc83287-2ef4-47e7-9e98-9f9d95f2c665/logo_reporting.png__180x180_q85_crop_subsampling-2_upscale.jpg','2018-08-01 11:16:12',181),
	(1596,'f9bde26a1556cd667f742bd34ec7c55e','filer_public_thumbnails/filer_public/dc/c8/dcc83287-2ef4-47e7-9e98-9f9d95f2c665/logo_reporting.png__180x180_q85_crop_subsampling-2_upscale@2x.jpg','2018-08-01 11:16:12',181),
	(1597,'f9bde26a1556cd667f742bd34ec7c55e','filer_public_thumbnails/filer_public/34/b2/34b267bf-07bf-4529-9d7a-17f9cefa90c2/logo_commerz.png__120x120_q85_subsampling-2.jpg','2018-08-01 11:16:17',178),
	(1598,'f9bde26a1556cd667f742bd34ec7c55e','filer_public_thumbnails/filer_public/34/b2/34b267bf-07bf-4529-9d7a-17f9cefa90c2/logo_commerz.png__120x120_q85_subsampling-2@2x.jpg','2018-08-01 11:16:17',178),
	(1599,'f9bde26a1556cd667f742bd34ec7c55e','filer_public_thumbnails/filer_public/dc/c8/dcc83287-2ef4-47e7-9e98-9f9d95f2c665/logo_reporting.png__120x120_q85_subsampling-2.jpg','2018-08-01 11:16:55',181),
	(1600,'f9bde26a1556cd667f742bd34ec7c55e','filer_public_thumbnails/filer_public/dc/c8/dcc83287-2ef4-47e7-9e98-9f9d95f2c665/logo_reporting.png__120x120_q85_subsampling-2@2x.jpg','2018-08-01 11:16:55',181),
	(1601,'f9bde26a1556cd667f742bd34ec7c55e','filer_public_thumbnails/filer_public/a8/d7/a8d799a7-597e-4275-9e5d-1bf3450d3ac2/deloitte.jpg__120x120_q85_subsampling-2.jpg','2018-08-01 11:17:39',70),
	(1602,'f9bde26a1556cd667f742bd34ec7c55e','filer_public_thumbnails/filer_public/a8/d7/a8d799a7-597e-4275-9e5d-1bf3450d3ac2/deloitte.jpg__120x120_q85_subsampling-2@2x.jpg','2018-08-01 11:17:39',70),
	(1603,'f9bde26a1556cd667f742bd34ec7c55e','filer_public_thumbnails/filer_public/05/90/0590f0d8-89dc-4f13-8b2a-302ffe0a5e0b/logo_pbc.png__120x120_q85_subsampling-2.jpg','2018-08-01 11:18:21',180),
	(1604,'f9bde26a1556cd667f742bd34ec7c55e','filer_public_thumbnails/filer_public/05/90/0590f0d8-89dc-4f13-8b2a-302ffe0a5e0b/logo_pbc.png__120x120_q85_subsampling-2@2x.jpg','2018-08-01 11:18:21',180),
	(1605,'f9bde26a1556cd667f742bd34ec7c55e','filer_public_thumbnails/filer_public/34/fa/34fa12f6-7465-433e-bf1f-9a7e6217c253/graf03.jpg__32x32_q85_crop_subsampling-2_upscale.jpg','2018-08-02 08:45:40',183),
	(1606,'f9bde26a1556cd667f742bd34ec7c55e','filer_public_thumbnails/filer_public/34/fa/34fa12f6-7465-433e-bf1f-9a7e6217c253/graf03.jpg__32x32_q85_crop_subsampling-2_upscale@2x.jpg','2018-08-02 08:45:40',183),
	(1607,'f9bde26a1556cd667f742bd34ec7c55e','filer_public_thumbnails/filer_public/34/fa/34fa12f6-7465-433e-bf1f-9a7e6217c253/graf03.jpg__64x64_q85_crop_subsampling-2_upscale.jpg','2018-08-02 08:45:41',183),
	(1608,'f9bde26a1556cd667f742bd34ec7c55e','filer_public_thumbnails/filer_public/34/fa/34fa12f6-7465-433e-bf1f-9a7e6217c253/graf03.jpg__64x64_q85_crop_subsampling-2_upscale@2x.jpg','2018-08-02 08:45:41',183),
	(1609,'f9bde26a1556cd667f742bd34ec7c55e','filer_public_thumbnails/filer_public/34/fa/34fa12f6-7465-433e-bf1f-9a7e6217c253/graf03.jpg__48x48_q85_crop_subsampling-2_upscale.jpg','2018-08-02 08:45:41',183),
	(1610,'f9bde26a1556cd667f742bd34ec7c55e','filer_public_thumbnails/filer_public/34/fa/34fa12f6-7465-433e-bf1f-9a7e6217c253/graf03.jpg__48x48_q85_crop_subsampling-2_upscale@2x.jpg','2018-08-02 08:45:42',183),
	(1611,'f9bde26a1556cd667f742bd34ec7c55e','filer_public_thumbnails/filer_public/34/fa/34fa12f6-7465-433e-bf1f-9a7e6217c253/graf03.jpg__16x16_q85_crop_subsampling-2_upscale.jpg','2018-08-02 08:45:42',183),
	(1612,'f9bde26a1556cd667f742bd34ec7c55e','filer_public_thumbnails/filer_public/34/fa/34fa12f6-7465-433e-bf1f-9a7e6217c253/graf03.jpg__16x16_q85_crop_subsampling-2_upscale@2x.jpg','2018-08-02 08:45:42',183),
	(1613,'f9bde26a1556cd667f742bd34ec7c55e','filer_public_thumbnails/filer_public/34/fa/34fa12f6-7465-433e-bf1f-9a7e6217c253/graf03.jpg__180x180_q85_crop_subsampling-2_upscale.jpg','2018-08-02 08:45:43',183),
	(1614,'f9bde26a1556cd667f742bd34ec7c55e','filer_public_thumbnails/filer_public/34/fa/34fa12f6-7465-433e-bf1f-9a7e6217c253/graf03.jpg__180x180_q85_crop_subsampling-2_upscale@2x.jpg','2018-08-02 08:45:43',183),
	(1615,'f9bde26a1556cd667f742bd34ec7c55e','filer_public_thumbnails/filer_public/21/65/2165f332-5435-4379-8113-e35f5d54076b/graf_03.jpg__32x32_q85_crop_subsampling-2_upscale.jpg','2018-08-02 08:47:59',184),
	(1616,'f9bde26a1556cd667f742bd34ec7c55e','filer_public_thumbnails/filer_public/21/65/2165f332-5435-4379-8113-e35f5d54076b/graf_03.jpg__32x32_q85_crop_subsampling-2_upscale@2x.jpg','2018-08-02 08:48:00',184),
	(1617,'f9bde26a1556cd667f742bd34ec7c55e','filer_public_thumbnails/filer_public/21/65/2165f332-5435-4379-8113-e35f5d54076b/graf_03.jpg__64x64_q85_crop_subsampling-2_upscale.jpg','2018-08-02 08:48:00',184),
	(1618,'f9bde26a1556cd667f742bd34ec7c55e','filer_public_thumbnails/filer_public/21/65/2165f332-5435-4379-8113-e35f5d54076b/graf_03.jpg__64x64_q85_crop_subsampling-2_upscale@2x.jpg','2018-08-02 08:48:00',184),
	(1619,'f9bde26a1556cd667f742bd34ec7c55e','filer_public_thumbnails/filer_public/21/65/2165f332-5435-4379-8113-e35f5d54076b/graf_03.jpg__48x48_q85_crop_subsampling-2_upscale.jpg','2018-08-02 08:48:00',184),
	(1620,'f9bde26a1556cd667f742bd34ec7c55e','filer_public_thumbnails/filer_public/21/65/2165f332-5435-4379-8113-e35f5d54076b/graf_03.jpg__48x48_q85_crop_subsampling-2_upscale@2x.jpg','2018-08-02 08:48:01',184),
	(1621,'f9bde26a1556cd667f742bd34ec7c55e','filer_public_thumbnails/filer_public/21/65/2165f332-5435-4379-8113-e35f5d54076b/graf_03.jpg__16x16_q85_crop_subsampling-2_upscale.jpg','2018-08-02 08:48:01',184),
	(1622,'f9bde26a1556cd667f742bd34ec7c55e','filer_public_thumbnails/filer_public/21/65/2165f332-5435-4379-8113-e35f5d54076b/graf_03.jpg__16x16_q85_crop_subsampling-2_upscale@2x.jpg','2018-08-02 08:48:01',184),
	(1623,'f9bde26a1556cd667f742bd34ec7c55e','filer_public_thumbnails/filer_public/21/65/2165f332-5435-4379-8113-e35f5d54076b/graf_03.jpg__180x180_q85_crop_subsampling-2_upscale.jpg','2018-08-02 08:48:02',184),
	(1624,'f9bde26a1556cd667f742bd34ec7c55e','filer_public_thumbnails/filer_public/21/65/2165f332-5435-4379-8113-e35f5d54076b/graf_03.jpg__180x180_q85_crop_subsampling-2_upscale@2x.jpg','2018-08-02 08:48:02',184),
	(1625,'f9bde26a1556cd667f742bd34ec7c55e','filer_public_thumbnails/filer_public/73/b6/73b6d304-e1a6-4cb1-8ad6-0995e08d3f96/chair.png__32x32_q85_crop_subsampling-2_upscale.png','2018-08-02 09:03:28',185),
	(1626,'f9bde26a1556cd667f742bd34ec7c55e','filer_public_thumbnails/filer_public/73/b6/73b6d304-e1a6-4cb1-8ad6-0995e08d3f96/chair.png__32x32_q85_crop_subsampling-2_upscale@2x.png','2018-08-02 09:03:28',185),
	(1627,'f9bde26a1556cd667f742bd34ec7c55e','filer_public_thumbnails/filer_public/73/b6/73b6d304-e1a6-4cb1-8ad6-0995e08d3f96/chair.png__64x64_q85_crop_subsampling-2_upscale.png','2018-08-02 09:03:29',185),
	(1628,'f9bde26a1556cd667f742bd34ec7c55e','filer_public_thumbnails/filer_public/73/b6/73b6d304-e1a6-4cb1-8ad6-0995e08d3f96/chair.png__64x64_q85_crop_subsampling-2_upscale@2x.png','2018-08-02 09:03:29',185),
	(1629,'f9bde26a1556cd667f742bd34ec7c55e','filer_public_thumbnails/filer_public/73/b6/73b6d304-e1a6-4cb1-8ad6-0995e08d3f96/chair.png__48x48_q85_crop_subsampling-2_upscale.png','2018-08-02 09:03:29',185),
	(1630,'f9bde26a1556cd667f742bd34ec7c55e','filer_public_thumbnails/filer_public/73/b6/73b6d304-e1a6-4cb1-8ad6-0995e08d3f96/chair.png__48x48_q85_crop_subsampling-2_upscale@2x.png','2018-08-02 09:03:29',185),
	(1631,'f9bde26a1556cd667f742bd34ec7c55e','filer_public_thumbnails/filer_public/73/b6/73b6d304-e1a6-4cb1-8ad6-0995e08d3f96/chair.png__16x16_q85_crop_subsampling-2_upscale.png','2018-08-02 09:03:29',185),
	(1632,'f9bde26a1556cd667f742bd34ec7c55e','filer_public_thumbnails/filer_public/73/b6/73b6d304-e1a6-4cb1-8ad6-0995e08d3f96/chair.png__16x16_q85_crop_subsampling-2_upscale@2x.png','2018-08-02 09:03:30',185),
	(1633,'f9bde26a1556cd667f742bd34ec7c55e','filer_public_thumbnails/filer_public/73/b6/73b6d304-e1a6-4cb1-8ad6-0995e08d3f96/chair.png__180x180_q85_crop_subsampling-2_upscale.png','2018-08-02 09:03:30',185),
	(1634,'f9bde26a1556cd667f742bd34ec7c55e','filer_public_thumbnails/filer_public/73/b6/73b6d304-e1a6-4cb1-8ad6-0995e08d3f96/chair.png__180x180_q85_crop_subsampling-2_upscale@2x.png','2018-08-02 09:03:30',185),
	(1635,'f9bde26a1556cd667f742bd34ec7c55e','filer_public_thumbnails/filer_public/13/41/1341859f-5034-4ab6-be59-b106107f0ca9/terc.png__32x32_q85_crop_subsampling-2_upscale.png','2018-08-02 09:06:31',187),
	(1636,'f9bde26a1556cd667f742bd34ec7c55e','filer_public_thumbnails/filer_public/13/41/1341859f-5034-4ab6-be59-b106107f0ca9/terc.png__32x32_q85_crop_subsampling-2_upscale@2x.png','2018-08-02 09:06:31',187),
	(1637,'f9bde26a1556cd667f742bd34ec7c55e','filer_public_thumbnails/filer_public/13/41/1341859f-5034-4ab6-be59-b106107f0ca9/terc.png__64x64_q85_crop_subsampling-2_upscale.png','2018-08-02 09:06:32',187),
	(1638,'f9bde26a1556cd667f742bd34ec7c55e','filer_public_thumbnails/filer_public/13/41/1341859f-5034-4ab6-be59-b106107f0ca9/terc.png__64x64_q85_crop_subsampling-2_upscale@2x.png','2018-08-02 09:06:32',187),
	(1639,'f9bde26a1556cd667f742bd34ec7c55e','filer_public_thumbnails/filer_public/13/41/1341859f-5034-4ab6-be59-b106107f0ca9/terc.png__48x48_q85_crop_subsampling-2_upscale.png','2018-08-02 09:06:32',187),
	(1640,'f9bde26a1556cd667f742bd34ec7c55e','filer_public_thumbnails/filer_public/13/41/1341859f-5034-4ab6-be59-b106107f0ca9/terc.png__48x48_q85_crop_subsampling-2_upscale@2x.png','2018-08-02 09:06:33',187),
	(1641,'f9bde26a1556cd667f742bd34ec7c55e','filer_public_thumbnails/filer_public/13/41/1341859f-5034-4ab6-be59-b106107f0ca9/terc.png__16x16_q85_crop_subsampling-2_upscale.png','2018-08-02 09:06:33',187),
	(1642,'f9bde26a1556cd667f742bd34ec7c55e','filer_public_thumbnails/filer_public/13/41/1341859f-5034-4ab6-be59-b106107f0ca9/terc.png__16x16_q85_crop_subsampling-2_upscale@2x.png','2018-08-02 09:06:33',187),
	(1643,'f9bde26a1556cd667f742bd34ec7c55e','filer_public_thumbnails/filer_public/13/41/1341859f-5034-4ab6-be59-b106107f0ca9/terc.png__180x180_q85_crop_subsampling-2_upscale.png','2018-08-02 09:06:33',187),
	(1644,'f9bde26a1556cd667f742bd34ec7c55e','filer_public_thumbnails/filer_public/13/41/1341859f-5034-4ab6-be59-b106107f0ca9/terc.png__180x180_q85_crop_subsampling-2_upscale@2x.png','2018-08-02 09:06:33',187),
	(1645,'f9bde26a1556cd667f742bd34ec7c55e','filer_public_thumbnails/filer_public/f1/dd/f1ddedf3-cbf8-409c-928a-9c9e8238cfd7/graf_01.png__32x32_q85_crop_subsampling-2_upscale.png','2018-08-08 18:12:17',188),
	(1646,'f9bde26a1556cd667f742bd34ec7c55e','filer_public_thumbnails/filer_public/f1/dd/f1ddedf3-cbf8-409c-928a-9c9e8238cfd7/graf_01.png__32x32_q85_crop_subsampling-2_upscale@2x.png','2018-08-08 18:12:17',188),
	(1647,'f9bde26a1556cd667f742bd34ec7c55e','filer_public_thumbnails/filer_public/f1/dd/f1ddedf3-cbf8-409c-928a-9c9e8238cfd7/graf_01.png__64x64_q85_crop_subsampling-2_upscale.png','2018-08-08 18:12:17',188),
	(1648,'f9bde26a1556cd667f742bd34ec7c55e','filer_public_thumbnails/filer_public/f1/dd/f1ddedf3-cbf8-409c-928a-9c9e8238cfd7/graf_01.png__64x64_q85_crop_subsampling-2_upscale@2x.png','2018-08-08 18:12:17',188),
	(1649,'f9bde26a1556cd667f742bd34ec7c55e','filer_public_thumbnails/filer_public/f1/dd/f1ddedf3-cbf8-409c-928a-9c9e8238cfd7/graf_01.png__48x48_q85_crop_subsampling-2_upscale.png','2018-08-08 18:12:17',188),
	(1650,'f9bde26a1556cd667f742bd34ec7c55e','filer_public_thumbnails/filer_public/f1/dd/f1ddedf3-cbf8-409c-928a-9c9e8238cfd7/graf_01.png__48x48_q85_crop_subsampling-2_upscale@2x.png','2018-08-08 18:12:17',188),
	(1651,'f9bde26a1556cd667f742bd34ec7c55e','filer_public_thumbnails/filer_public/f1/dd/f1ddedf3-cbf8-409c-928a-9c9e8238cfd7/graf_01.png__16x16_q85_crop_subsampling-2_upscale.png','2018-08-08 18:12:17',188),
	(1652,'f9bde26a1556cd667f742bd34ec7c55e','filer_public_thumbnails/filer_public/f1/dd/f1ddedf3-cbf8-409c-928a-9c9e8238cfd7/graf_01.png__16x16_q85_crop_subsampling-2_upscale@2x.png','2018-08-08 18:12:17',188),
	(1653,'f9bde26a1556cd667f742bd34ec7c55e','filer_public_thumbnails/filer_public/f1/dd/f1ddedf3-cbf8-409c-928a-9c9e8238cfd7/graf_01.png__180x180_q85_crop_subsampling-2_upscale.png','2018-08-08 18:12:18',188),
	(1654,'f9bde26a1556cd667f742bd34ec7c55e','filer_public_thumbnails/filer_public/f1/dd/f1ddedf3-cbf8-409c-928a-9c9e8238cfd7/graf_01.png__180x180_q85_crop_subsampling-2_upscale@2x.png','2018-08-08 18:12:18',188),
	(1655,'f9bde26a1556cd667f742bd34ec7c55e','filer_public_thumbnails/filer_public/3e/67/3e6776a2-9866-49c9-a7f0-efef084a6bec/illya_pavlov_small.png__32x32_q85_crop_subsampling-2_upscale.png','2018-08-09 12:48:42',189),
	(1656,'f9bde26a1556cd667f742bd34ec7c55e','filer_public_thumbnails/filer_public/3e/67/3e6776a2-9866-49c9-a7f0-efef084a6bec/illya_pavlov_small.png__32x32_q85_crop_subsampling-2_upscale@2x.png','2018-08-09 12:48:42',189),
	(1657,'f9bde26a1556cd667f742bd34ec7c55e','filer_public_thumbnails/filer_public/3e/67/3e6776a2-9866-49c9-a7f0-efef084a6bec/illya_pavlov_small.png__64x64_q85_crop_subsampling-2_upscale.png','2018-08-09 12:48:42',189),
	(1658,'f9bde26a1556cd667f742bd34ec7c55e','filer_public_thumbnails/filer_public/3e/67/3e6776a2-9866-49c9-a7f0-efef084a6bec/illya_pavlov_small.png__64x64_q85_crop_subsampling-2_upscale@2x.png','2018-08-09 12:48:43',189),
	(1659,'f9bde26a1556cd667f742bd34ec7c55e','filer_public_thumbnails/filer_public/3e/67/3e6776a2-9866-49c9-a7f0-efef084a6bec/illya_pavlov_small.png__48x48_q85_crop_subsampling-2_upscale.png','2018-08-09 12:48:43',189),
	(1660,'f9bde26a1556cd667f742bd34ec7c55e','filer_public_thumbnails/filer_public/3e/67/3e6776a2-9866-49c9-a7f0-efef084a6bec/illya_pavlov_small.png__48x48_q85_crop_subsampling-2_upscale@2x.png','2018-08-09 12:48:43',189),
	(1661,'f9bde26a1556cd667f742bd34ec7c55e','filer_public_thumbnails/filer_public/3e/67/3e6776a2-9866-49c9-a7f0-efef084a6bec/illya_pavlov_small.png__16x16_q85_crop_subsampling-2_upscale.png','2018-08-09 12:48:43',189),
	(1662,'f9bde26a1556cd667f742bd34ec7c55e','filer_public_thumbnails/filer_public/3e/67/3e6776a2-9866-49c9-a7f0-efef084a6bec/illya_pavlov_small.png__16x16_q85_crop_subsampling-2_upscale@2x.png','2018-08-09 12:48:43',189),
	(1663,'f9bde26a1556cd667f742bd34ec7c55e','filer_public_thumbnails/filer_public/3e/67/3e6776a2-9866-49c9-a7f0-efef084a6bec/illya_pavlov_small.png__180x180_q85_crop_subsampling-2_upscale.png','2018-08-09 12:48:43',189),
	(1664,'f9bde26a1556cd667f742bd34ec7c55e','filer_public_thumbnails/filer_public/3e/67/3e6776a2-9866-49c9-a7f0-efef084a6bec/illya_pavlov_small.png__180x180_q85_crop_subsampling-2_upscale@2x.png','2018-08-09 12:48:43',189),
	(1665,'f9bde26a1556cd667f742bd34ec7c55e','filer_public_thumbnails/filer_public/3e/67/3e6776a2-9866-49c9-a7f0-efef084a6bec/illya_pavlov_small.png__270x270_q85_subsampling-2.png','2018-08-09 12:48:49',189),
	(1666,'f9bde26a1556cd667f742bd34ec7c55e','filer_public_thumbnails/filer_public/3e/67/3e6776a2-9866-49c9-a7f0-efef084a6bec/illya_pavlov_small.png__270x270_q85_subsampling-2@2x.png','2018-08-09 12:48:49',189),
	(1667,'f9bde26a1556cd667f742bd34ec7c55e','filer_public_thumbnails/filer_public/ae/c9/aec9837c-9543-46ff-85b7-33e04b293f04/absolvujte_teorii.png__32x32_q85_crop_subsampling-2_upscale.png','2018-08-14 16:45:24',190),
	(1668,'f9bde26a1556cd667f742bd34ec7c55e','filer_public_thumbnails/filer_public/ae/c9/aec9837c-9543-46ff-85b7-33e04b293f04/absolvujte_teorii.png__32x32_q85_crop_subsampling-2_upscale@2x.png','2018-08-14 16:45:24',190),
	(1669,'f9bde26a1556cd667f742bd34ec7c55e','filer_public_thumbnails/filer_public/ae/c9/aec9837c-9543-46ff-85b7-33e04b293f04/absolvujte_teorii.png__64x64_q85_crop_subsampling-2_upscale.png','2018-08-14 16:45:24',190),
	(1670,'f9bde26a1556cd667f742bd34ec7c55e','filer_public_thumbnails/filer_public/ae/c9/aec9837c-9543-46ff-85b7-33e04b293f04/absolvujte_teorii.png__64x64_q85_crop_subsampling-2_upscale@2x.png','2018-08-14 16:45:24',190),
	(1671,'f9bde26a1556cd667f742bd34ec7c55e','filer_public_thumbnails/filer_public/ae/c9/aec9837c-9543-46ff-85b7-33e04b293f04/absolvujte_teorii.png__48x48_q85_crop_subsampling-2_upscale.png','2018-08-14 16:45:24',190),
	(1672,'f9bde26a1556cd667f742bd34ec7c55e','filer_public_thumbnails/filer_public/ae/c9/aec9837c-9543-46ff-85b7-33e04b293f04/absolvujte_teorii.png__48x48_q85_crop_subsampling-2_upscale@2x.png','2018-08-14 16:45:24',190),
	(1673,'f9bde26a1556cd667f742bd34ec7c55e','filer_public_thumbnails/filer_public/ae/c9/aec9837c-9543-46ff-85b7-33e04b293f04/absolvujte_teorii.png__16x16_q85_crop_subsampling-2_upscale.png','2018-08-14 16:45:24',190),
	(1674,'f9bde26a1556cd667f742bd34ec7c55e','filer_public_thumbnails/filer_public/ae/c9/aec9837c-9543-46ff-85b7-33e04b293f04/absolvujte_teorii.png__16x16_q85_crop_subsampling-2_upscale@2x.png','2018-08-14 16:45:24',190),
	(1675,'f9bde26a1556cd667f742bd34ec7c55e','filer_public_thumbnails/filer_public/ae/c9/aec9837c-9543-46ff-85b7-33e04b293f04/absolvujte_teorii.png__180x180_q85_crop_subsampling-2_upscale.png','2018-08-14 16:45:24',190),
	(1676,'f9bde26a1556cd667f742bd34ec7c55e','filer_public_thumbnails/filer_public/ae/c9/aec9837c-9543-46ff-85b7-33e04b293f04/absolvujte_teorii.png__180x180_q85_crop_subsampling-2_upscale@2x.png','2018-08-14 16:45:24',190),
	(1677,'f9bde26a1556cd667f742bd34ec7c55e','filer_public_thumbnails/filer_public/f0/c2/f0c20800-2097-4f9d-b50f-e7bf92be0b22/zaregistrujte_se.png__32x32_q85_crop_subsampling-2_upscale.png','2018-08-14 16:45:44',191),
	(1678,'f9bde26a1556cd667f742bd34ec7c55e','filer_public_thumbnails/filer_public/f0/c2/f0c20800-2097-4f9d-b50f-e7bf92be0b22/zaregistrujte_se.png__32x32_q85_crop_subsampling-2_upscale@2x.png','2018-08-14 16:45:45',191),
	(1679,'f9bde26a1556cd667f742bd34ec7c55e','filer_public_thumbnails/filer_public/f0/c2/f0c20800-2097-4f9d-b50f-e7bf92be0b22/zaregistrujte_se.png__64x64_q85_crop_subsampling-2_upscale.png','2018-08-14 16:45:45',191),
	(1680,'f9bde26a1556cd667f742bd34ec7c55e','filer_public_thumbnails/filer_public/f0/c2/f0c20800-2097-4f9d-b50f-e7bf92be0b22/zaregistrujte_se.png__64x64_q85_crop_subsampling-2_upscale@2x.png','2018-08-14 16:45:45',191),
	(1681,'f9bde26a1556cd667f742bd34ec7c55e','filer_public_thumbnails/filer_public/f0/c2/f0c20800-2097-4f9d-b50f-e7bf92be0b22/zaregistrujte_se.png__48x48_q85_crop_subsampling-2_upscale.png','2018-08-14 16:45:45',191),
	(1682,'f9bde26a1556cd667f742bd34ec7c55e','filer_public_thumbnails/filer_public/f0/c2/f0c20800-2097-4f9d-b50f-e7bf92be0b22/zaregistrujte_se.png__48x48_q85_crop_subsampling-2_upscale@2x.png','2018-08-14 16:45:45',191),
	(1683,'f9bde26a1556cd667f742bd34ec7c55e','filer_public_thumbnails/filer_public/f0/c2/f0c20800-2097-4f9d-b50f-e7bf92be0b22/zaregistrujte_se.png__16x16_q85_crop_subsampling-2_upscale.png','2018-08-14 16:45:45',191),
	(1684,'f9bde26a1556cd667f742bd34ec7c55e','filer_public_thumbnails/filer_public/f0/c2/f0c20800-2097-4f9d-b50f-e7bf92be0b22/zaregistrujte_se.png__16x16_q85_crop_subsampling-2_upscale@2x.png','2018-08-14 16:45:45',191),
	(1685,'f9bde26a1556cd667f742bd34ec7c55e','filer_public_thumbnails/filer_public/f0/c2/f0c20800-2097-4f9d-b50f-e7bf92be0b22/zaregistrujte_se.png__180x180_q85_crop_subsampling-2_upscale.png','2018-08-14 16:45:45',191),
	(1686,'f9bde26a1556cd667f742bd34ec7c55e','filer_public_thumbnails/filer_public/f0/c2/f0c20800-2097-4f9d-b50f-e7bf92be0b22/zaregistrujte_se.png__180x180_q85_crop_subsampling-2_upscale@2x.png','2018-08-14 16:45:45',191),
	(1687,'f9bde26a1556cd667f742bd34ec7c55e','filer_public_thumbnails/filer_public/82/25/8225f062-575c-479b-9a25-f662ed6a099f/key_big.png__32x32_q85_crop_subsampling-2_upscale.png','2018-08-14 16:51:55',192),
	(1688,'f9bde26a1556cd667f742bd34ec7c55e','filer_public_thumbnails/filer_public/00/19/00193c64-64bb-4963-87ae-ad985db668e6/list_big.png__32x32_q85_crop_subsampling-2_upscale.png','2018-08-14 16:51:55',193),
	(1689,'f9bde26a1556cd667f742bd34ec7c55e','filer_public_thumbnails/filer_public/82/25/8225f062-575c-479b-9a25-f662ed6a099f/key_big.png__32x32_q85_crop_subsampling-2_upscale@2x.png','2018-08-14 16:51:55',192),
	(1690,'f9bde26a1556cd667f742bd34ec7c55e','filer_public_thumbnails/filer_public/00/19/00193c64-64bb-4963-87ae-ad985db668e6/list_big.png__32x32_q85_crop_subsampling-2_upscale@2x.png','2018-08-14 16:51:55',193),
	(1691,'f9bde26a1556cd667f742bd34ec7c55e','filer_public_thumbnails/filer_public/82/25/8225f062-575c-479b-9a25-f662ed6a099f/key_big.png__64x64_q85_crop_subsampling-2_upscale.png','2018-08-14 16:51:55',192),
	(1692,'f9bde26a1556cd667f742bd34ec7c55e','filer_public_thumbnails/filer_public/00/19/00193c64-64bb-4963-87ae-ad985db668e6/list_big.png__64x64_q85_crop_subsampling-2_upscale.png','2018-08-14 16:51:55',193),
	(1693,'f9bde26a1556cd667f742bd34ec7c55e','filer_public_thumbnails/filer_public/82/25/8225f062-575c-479b-9a25-f662ed6a099f/key_big.png__64x64_q85_crop_subsampling-2_upscale@2x.png','2018-08-14 16:51:55',192),
	(1694,'f9bde26a1556cd667f742bd34ec7c55e','filer_public_thumbnails/filer_public/00/19/00193c64-64bb-4963-87ae-ad985db668e6/list_big.png__64x64_q85_crop_subsampling-2_upscale@2x.png','2018-08-14 16:51:55',193),
	(1695,'f9bde26a1556cd667f742bd34ec7c55e','filer_public_thumbnails/filer_public/82/25/8225f062-575c-479b-9a25-f662ed6a099f/key_big.png__48x48_q85_crop_subsampling-2_upscale.png','2018-08-14 16:51:55',192),
	(1696,'f9bde26a1556cd667f742bd34ec7c55e','filer_public_thumbnails/filer_public/00/19/00193c64-64bb-4963-87ae-ad985db668e6/list_big.png__48x48_q85_crop_subsampling-2_upscale.png','2018-08-14 16:51:55',193),
	(1697,'f9bde26a1556cd667f742bd34ec7c55e','filer_public_thumbnails/filer_public/82/25/8225f062-575c-479b-9a25-f662ed6a099f/key_big.png__48x48_q85_crop_subsampling-2_upscale@2x.png','2018-08-14 16:51:55',192),
	(1698,'f9bde26a1556cd667f742bd34ec7c55e','filer_public_thumbnails/filer_public/00/19/00193c64-64bb-4963-87ae-ad985db668e6/list_big.png__48x48_q85_crop_subsampling-2_upscale@2x.png','2018-08-14 16:51:55',193),
	(1699,'f9bde26a1556cd667f742bd34ec7c55e','filer_public_thumbnails/filer_public/82/25/8225f062-575c-479b-9a25-f662ed6a099f/key_big.png__16x16_q85_crop_subsampling-2_upscale.png','2018-08-14 16:51:55',192),
	(1700,'f9bde26a1556cd667f742bd34ec7c55e','filer_public_thumbnails/filer_public/00/19/00193c64-64bb-4963-87ae-ad985db668e6/list_big.png__16x16_q85_crop_subsampling-2_upscale.png','2018-08-14 16:51:55',193),
	(1701,'f9bde26a1556cd667f742bd34ec7c55e','filer_public_thumbnails/filer_public/63/74/6374b831-e771-4896-a4f2-829097cf065d/target_big.png__32x32_q85_crop_subsampling-2_upscale.png','2018-08-14 16:51:55',195),
	(1702,'f9bde26a1556cd667f742bd34ec7c55e','filer_public_thumbnails/filer_public/82/25/8225f062-575c-479b-9a25-f662ed6a099f/key_big.png__16x16_q85_crop_subsampling-2_upscale@2x.png','2018-08-14 16:51:55',192),
	(1703,'f9bde26a1556cd667f742bd34ec7c55e','filer_public_thumbnails/filer_public/00/19/00193c64-64bb-4963-87ae-ad985db668e6/list_big.png__16x16_q85_crop_subsampling-2_upscale@2x.png','2018-08-14 16:51:55',193),
	(1704,'f9bde26a1556cd667f742bd34ec7c55e','filer_public_thumbnails/filer_public/63/74/6374b831-e771-4896-a4f2-829097cf065d/target_big.png__32x32_q85_crop_subsampling-2_upscale@2x.png','2018-08-14 16:51:55',195),
	(1705,'f9bde26a1556cd667f742bd34ec7c55e','filer_public_thumbnails/filer_public/82/25/8225f062-575c-479b-9a25-f662ed6a099f/key_big.png__180x180_q85_crop_subsampling-2_upscale.png','2018-08-14 16:51:55',192),
	(1706,'f9bde26a1556cd667f742bd34ec7c55e','filer_public_thumbnails/filer_public/00/19/00193c64-64bb-4963-87ae-ad985db668e6/list_big.png__180x180_q85_crop_subsampling-2_upscale.png','2018-08-14 16:51:56',193),
	(1707,'f9bde26a1556cd667f742bd34ec7c55e','filer_public_thumbnails/filer_public/63/74/6374b831-e771-4896-a4f2-829097cf065d/target_big.png__64x64_q85_crop_subsampling-2_upscale.png','2018-08-14 16:51:56',195),
	(1708,'f9bde26a1556cd667f742bd34ec7c55e','filer_public_thumbnails/filer_public/00/19/00193c64-64bb-4963-87ae-ad985db668e6/list_big.png__180x180_q85_crop_subsampling-2_upscale@2x.png','2018-08-14 16:51:56',193),
	(1709,'f9bde26a1556cd667f742bd34ec7c55e','filer_public_thumbnails/filer_public/82/25/8225f062-575c-479b-9a25-f662ed6a099f/key_big.png__180x180_q85_crop_subsampling-2_upscale@2x.png','2018-08-14 16:51:56',192),
	(1710,'f9bde26a1556cd667f742bd34ec7c55e','filer_public_thumbnails/filer_public/63/74/6374b831-e771-4896-a4f2-829097cf065d/target_big.png__64x64_q85_crop_subsampling-2_upscale@2x.png','2018-08-14 16:51:56',195),
	(1711,'f9bde26a1556cd667f742bd34ec7c55e','filer_public_thumbnails/filer_public/63/74/6374b831-e771-4896-a4f2-829097cf065d/target_big.png__48x48_q85_crop_subsampling-2_upscale.png','2018-08-14 16:51:56',195),
	(1712,'f9bde26a1556cd667f742bd34ec7c55e','filer_public_thumbnails/filer_public/63/74/6374b831-e771-4896-a4f2-829097cf065d/target_big.png__48x48_q85_crop_subsampling-2_upscale@2x.png','2018-08-14 16:51:56',195),
	(1713,'f9bde26a1556cd667f742bd34ec7c55e','filer_public_thumbnails/filer_public/63/74/6374b831-e771-4896-a4f2-829097cf065d/target_big.png__16x16_q85_crop_subsampling-2_upscale.png','2018-08-14 16:51:56',195),
	(1714,'f9bde26a1556cd667f742bd34ec7c55e','filer_public_thumbnails/filer_public/ac/ad/acadaef3-c171-44f1-b089-c886444e16c2/folder_big.png__32x32_q85_crop_subsampling-2_upscale.png','2018-08-14 16:51:56',196),
	(1715,'f9bde26a1556cd667f742bd34ec7c55e','filer_public_thumbnails/filer_public/63/74/6374b831-e771-4896-a4f2-829097cf065d/target_big.png__16x16_q85_crop_subsampling-2_upscale@2x.png','2018-08-14 16:51:56',195),
	(1716,'f9bde26a1556cd667f742bd34ec7c55e','filer_public_thumbnails/filer_public/ac/ad/acadaef3-c171-44f1-b089-c886444e16c2/folder_big.png__32x32_q85_crop_subsampling-2_upscale@2x.png','2018-08-14 16:51:57',196),
	(1717,'f9bde26a1556cd667f742bd34ec7c55e','filer_public_thumbnails/filer_public/63/74/6374b831-e771-4896-a4f2-829097cf065d/target_big.png__180x180_q85_crop_subsampling-2_upscale.png','2018-08-14 16:51:57',195),
	(1718,'f9bde26a1556cd667f742bd34ec7c55e','filer_public_thumbnails/filer_public/ac/ad/acadaef3-c171-44f1-b089-c886444e16c2/folder_big.png__64x64_q85_crop_subsampling-2_upscale.png','2018-08-14 16:51:57',196),
	(1719,'f9bde26a1556cd667f742bd34ec7c55e','filer_public_thumbnails/filer_public/63/74/6374b831-e771-4896-a4f2-829097cf065d/target_big.png__180x180_q85_crop_subsampling-2_upscale@2x.png','2018-08-14 16:51:57',195),
	(1720,'f9bde26a1556cd667f742bd34ec7c55e','filer_public_thumbnails/filer_public/ac/ad/acadaef3-c171-44f1-b089-c886444e16c2/folder_big.png__64x64_q85_crop_subsampling-2_upscale@2x.png','2018-08-14 16:51:57',196),
	(1721,'f9bde26a1556cd667f742bd34ec7c55e','filer_public_thumbnails/filer_public/ac/ad/acadaef3-c171-44f1-b089-c886444e16c2/folder_big.png__48x48_q85_crop_subsampling-2_upscale.png','2018-08-14 16:51:57',196),
	(1722,'f9bde26a1556cd667f742bd34ec7c55e','filer_public_thumbnails/filer_public/ac/ad/acadaef3-c171-44f1-b089-c886444e16c2/folder_big.png__48x48_q85_crop_subsampling-2_upscale@2x.png','2018-08-14 16:51:57',196),
	(1723,'f9bde26a1556cd667f742bd34ec7c55e','filer_public_thumbnails/filer_public/ac/ad/acadaef3-c171-44f1-b089-c886444e16c2/folder_big.png__16x16_q85_crop_subsampling-2_upscale.png','2018-08-14 16:51:57',196),
	(1724,'f9bde26a1556cd667f742bd34ec7c55e','filer_public_thumbnails/filer_public/ac/ad/acadaef3-c171-44f1-b089-c886444e16c2/folder_big.png__16x16_q85_crop_subsampling-2_upscale@2x.png','2018-08-14 16:51:57',196),
	(1725,'f9bde26a1556cd667f742bd34ec7c55e','filer_public_thumbnails/filer_public/ac/ad/acadaef3-c171-44f1-b089-c886444e16c2/folder_big.png__180x180_q85_crop_subsampling-2_upscale.png','2018-08-14 16:51:57',196),
	(1726,'f9bde26a1556cd667f742bd34ec7c55e','filer_public_thumbnails/filer_public/ac/ad/acadaef3-c171-44f1-b089-c886444e16c2/folder_big.png__180x180_q85_crop_subsampling-2_upscale@2x.png','2018-08-14 16:51:57',196),
	(1727,'f9bde26a1556cd667f742bd34ec7c55e','filer_public_thumbnails/filer_public/4c/17/4c17893b-e01a-4325-9f6f-4e1036b7eafe/paper_big.png__32x32_q85_crop_subsampling-2_upscale.png','2018-08-14 16:52:35',197),
	(1728,'f9bde26a1556cd667f742bd34ec7c55e','filer_public_thumbnails/filer_public/4c/17/4c17893b-e01a-4325-9f6f-4e1036b7eafe/paper_big.png__32x32_q85_crop_subsampling-2_upscale@2x.png','2018-08-14 16:52:35',197),
	(1729,'f9bde26a1556cd667f742bd34ec7c55e','filer_public_thumbnails/filer_public/4c/17/4c17893b-e01a-4325-9f6f-4e1036b7eafe/paper_big.png__64x64_q85_crop_subsampling-2_upscale.png','2018-08-14 16:52:35',197),
	(1730,'f9bde26a1556cd667f742bd34ec7c55e','filer_public_thumbnails/filer_public/4c/17/4c17893b-e01a-4325-9f6f-4e1036b7eafe/paper_big.png__64x64_q85_crop_subsampling-2_upscale@2x.png','2018-08-14 16:52:35',197),
	(1731,'f9bde26a1556cd667f742bd34ec7c55e','filer_public_thumbnails/filer_public/4c/17/4c17893b-e01a-4325-9f6f-4e1036b7eafe/paper_big.png__48x48_q85_crop_subsampling-2_upscale.png','2018-08-14 16:52:36',197),
	(1732,'f9bde26a1556cd667f742bd34ec7c55e','filer_public_thumbnails/filer_public/4c/17/4c17893b-e01a-4325-9f6f-4e1036b7eafe/paper_big.png__48x48_q85_crop_subsampling-2_upscale@2x.png','2018-08-14 16:52:37',197),
	(1733,'f9bde26a1556cd667f742bd34ec7c55e','filer_public_thumbnails/filer_public/4c/17/4c17893b-e01a-4325-9f6f-4e1036b7eafe/paper_big.png__16x16_q85_crop_subsampling-2_upscale.png','2018-08-14 16:52:37',197),
	(1734,'f9bde26a1556cd667f742bd34ec7c55e','filer_public_thumbnails/filer_public/4c/17/4c17893b-e01a-4325-9f6f-4e1036b7eafe/paper_big.png__16x16_q85_crop_subsampling-2_upscale@2x.png','2018-08-14 16:52:37',197),
	(1735,'f9bde26a1556cd667f742bd34ec7c55e','filer_public_thumbnails/filer_public/4c/17/4c17893b-e01a-4325-9f6f-4e1036b7eafe/paper_big.png__180x180_q85_crop_subsampling-2_upscale.png','2018-08-14 16:52:37',197),
	(1736,'f9bde26a1556cd667f742bd34ec7c55e','filer_public_thumbnails/filer_public/4c/17/4c17893b-e01a-4325-9f6f-4e1036b7eafe/paper_big.png__180x180_q85_crop_subsampling-2_upscale@2x.png','2018-08-14 16:52:37',197),
	(1737,'f9bde26a1556cd667f742bd34ec7c55e','filer_public_thumbnails/filer_public/22/e1/22e129b6-cfc1-4a4c-85e8-f70d49ec0f34/in.png__210x0_q85_subsampling-2_upscale.png','2018-08-14 18:06:59',89),
	(1738,'f9bde26a1556cd667f742bd34ec7c55e','filer_public_thumbnails/filer_public/22/e1/22e129b6-cfc1-4a4c-85e8-f70d49ec0f34/in.png__210x0_q85_subsampling-2_upscale@2x.png','2018-08-14 18:06:59',89),
	(1739,'f9bde26a1556cd667f742bd34ec7c55e','filer_public_thumbnails/filer_public/42/15/42153c3e-2063-4b89-acda-e5acdf01302d/envelope-black.png__210x0_q85_subsampling-2_upscale.png','2018-08-14 18:07:50',87),
	(1740,'f9bde26a1556cd667f742bd34ec7c55e','filer_public_thumbnails/filer_public/42/15/42153c3e-2063-4b89-acda-e5acdf01302d/envelope-black.png__210x0_q85_subsampling-2_upscale@2x.png','2018-08-14 18:07:50',87),
	(1741,'f9bde26a1556cd667f742bd34ec7c55e','filer_public_thumbnails/filer_public/45/43/4543ef32-2db7-4505-953b-7fc23b1daeeb/envelope.png__32x32_q85_crop_subject_location-32,28_subsampling-2_upscale.png','2018-08-14 18:08:34',198),
	(1742,'f9bde26a1556cd667f742bd34ec7c55e','filer_public_thumbnails/filer_public/45/43/4543ef32-2db7-4505-953b-7fc23b1daeeb/envelope.png__32x32_q85_crop_subject_location-32,28_subsampling-2_upscale@2x.png','2018-08-14 18:08:34',198),
	(1743,'f9bde26a1556cd667f742bd34ec7c55e','filer_public_thumbnails/filer_public/45/43/4543ef32-2db7-4505-953b-7fc23b1daeeb/envelope.png__64x64_q85_crop_subject_location-32,28_subsampling-2_upscale.png','2018-08-14 18:08:34',198),
	(1744,'f9bde26a1556cd667f742bd34ec7c55e','filer_public_thumbnails/filer_public/45/43/4543ef32-2db7-4505-953b-7fc23b1daeeb/envelope.png__64x64_q85_crop_subject_location-32,28_subsampling-2_upscale@2x.png','2018-08-14 18:08:34',198),
	(1745,'f9bde26a1556cd667f742bd34ec7c55e','filer_public_thumbnails/filer_public/45/43/4543ef32-2db7-4505-953b-7fc23b1daeeb/envelope.png__48x48_q85_crop_subject_location-32,28_subsampling-2_upscale.png','2018-08-14 18:08:34',198),
	(1746,'f9bde26a1556cd667f742bd34ec7c55e','filer_public_thumbnails/filer_public/45/43/4543ef32-2db7-4505-953b-7fc23b1daeeb/envelope.png__48x48_q85_crop_subject_location-32,28_subsampling-2_upscale@2x.png','2018-08-14 18:08:34',198),
	(1747,'f9bde26a1556cd667f742bd34ec7c55e','filer_public_thumbnails/filer_public/45/43/4543ef32-2db7-4505-953b-7fc23b1daeeb/envelope.png__16x16_q85_crop_subject_location-32,28_subsampling-2_upscale.png','2018-08-14 18:08:34',198),
	(1748,'f9bde26a1556cd667f742bd34ec7c55e','filer_public_thumbnails/filer_public/45/43/4543ef32-2db7-4505-953b-7fc23b1daeeb/envelope.png__16x16_q85_crop_subject_location-32,28_subsampling-2_upscale@2x.png','2018-08-14 18:08:34',198),
	(1749,'f9bde26a1556cd667f742bd34ec7c55e','filer_public_thumbnails/filer_public/ee/d9/eed9e0a7-76f9-4600-9b25-5505c46107c8/reporting-cz.jpg__32x32_q85_crop_subsampling-2_upscale.jpg','2018-09-12 07:30:22',200),
	(1750,'f9bde26a1556cd667f742bd34ec7c55e','filer_public_thumbnails/filer_public/ee/d9/eed9e0a7-76f9-4600-9b25-5505c46107c8/reporting-cz.jpg__32x32_q85_crop_subsampling-2_upscale@2x.jpg','2018-09-12 07:30:22',200),
	(1751,'f9bde26a1556cd667f742bd34ec7c55e','filer_public_thumbnails/filer_public/ee/d9/eed9e0a7-76f9-4600-9b25-5505c46107c8/reporting-cz.jpg__64x64_q85_crop_subsampling-2_upscale.jpg','2018-09-12 07:30:22',200),
	(1752,'f9bde26a1556cd667f742bd34ec7c55e','filer_public_thumbnails/filer_public/ee/d9/eed9e0a7-76f9-4600-9b25-5505c46107c8/reporting-cz.jpg__64x64_q85_crop_subsampling-2_upscale@2x.jpg','2018-09-12 07:30:22',200),
	(1753,'f9bde26a1556cd667f742bd34ec7c55e','filer_public_thumbnails/filer_public/ee/d9/eed9e0a7-76f9-4600-9b25-5505c46107c8/reporting-cz.jpg__48x48_q85_crop_subsampling-2_upscale.jpg','2018-09-12 07:30:22',200),
	(1754,'f9bde26a1556cd667f742bd34ec7c55e','filer_public_thumbnails/filer_public/ee/d9/eed9e0a7-76f9-4600-9b25-5505c46107c8/reporting-cz.jpg__48x48_q85_crop_subsampling-2_upscale@2x.jpg','2018-09-12 07:30:22',200),
	(1755,'f9bde26a1556cd667f742bd34ec7c55e','filer_public_thumbnails/filer_public/ee/d9/eed9e0a7-76f9-4600-9b25-5505c46107c8/reporting-cz.jpg__16x16_q85_crop_subsampling-2_upscale.jpg','2018-09-12 07:30:22',200),
	(1756,'f9bde26a1556cd667f742bd34ec7c55e','filer_public_thumbnails/filer_public/ee/d9/eed9e0a7-76f9-4600-9b25-5505c46107c8/reporting-cz.jpg__16x16_q85_crop_subsampling-2_upscale@2x.jpg','2018-09-12 07:30:22',200),
	(1757,'f9bde26a1556cd667f742bd34ec7c55e','filer_public_thumbnails/filer_public/ee/d9/eed9e0a7-76f9-4600-9b25-5505c46107c8/reporting-cz.jpg__180x180_q85_crop_subsampling-2_upscale.jpg','2018-09-12 07:30:22',200),
	(1758,'f9bde26a1556cd667f742bd34ec7c55e','filer_public_thumbnails/filer_public/ee/d9/eed9e0a7-76f9-4600-9b25-5505c46107c8/reporting-cz.jpg__180x180_q85_crop_subsampling-2_upscale@2x.jpg','2018-09-12 07:30:22',200),
	(1759,'f9bde26a1556cd667f742bd34ec7c55e','filer_public_thumbnails/filer_public/63/c2/63c2be07-6bc8-40db-bb4a-6330423ed6e3/veronika_benackova.png__32x32_q85_crop_subsampling-2_upscale.png','2018-09-12 08:36:14',201),
	(1760,'f9bde26a1556cd667f742bd34ec7c55e','filer_public_thumbnails/filer_public/63/c2/63c2be07-6bc8-40db-bb4a-6330423ed6e3/veronika_benackova.png__32x32_q85_crop_subsampling-2_upscale@2x.png','2018-09-12 08:36:14',201),
	(1761,'f9bde26a1556cd667f742bd34ec7c55e','filer_public_thumbnails/filer_public/63/c2/63c2be07-6bc8-40db-bb4a-6330423ed6e3/veronika_benackova.png__64x64_q85_crop_subsampling-2_upscale.png','2018-09-12 08:36:14',201),
	(1762,'f9bde26a1556cd667f742bd34ec7c55e','filer_public_thumbnails/filer_public/63/c2/63c2be07-6bc8-40db-bb4a-6330423ed6e3/veronika_benackova.png__64x64_q85_crop_subsampling-2_upscale@2x.png','2018-09-12 08:36:14',201),
	(1763,'f9bde26a1556cd667f742bd34ec7c55e','filer_public_thumbnails/filer_public/63/c2/63c2be07-6bc8-40db-bb4a-6330423ed6e3/veronika_benackova.png__48x48_q85_crop_subsampling-2_upscale.png','2018-09-12 08:36:14',201),
	(1764,'f9bde26a1556cd667f742bd34ec7c55e','filer_public_thumbnails/filer_public/63/c2/63c2be07-6bc8-40db-bb4a-6330423ed6e3/veronika_benackova.png__48x48_q85_crop_subsampling-2_upscale@2x.png','2018-09-12 08:36:14',201),
	(1765,'f9bde26a1556cd667f742bd34ec7c55e','filer_public_thumbnails/filer_public/63/c2/63c2be07-6bc8-40db-bb4a-6330423ed6e3/veronika_benackova.png__16x16_q85_crop_subsampling-2_upscale.png','2018-09-12 08:36:14',201),
	(1766,'f9bde26a1556cd667f742bd34ec7c55e','filer_public_thumbnails/filer_public/63/c2/63c2be07-6bc8-40db-bb4a-6330423ed6e3/veronika_benackova.png__16x16_q85_crop_subsampling-2_upscale@2x.png','2018-09-12 08:36:14',201),
	(1767,'f9bde26a1556cd667f742bd34ec7c55e','filer_public_thumbnails/filer_public/63/c2/63c2be07-6bc8-40db-bb4a-6330423ed6e3/veronika_benackova.png__180x180_q85_crop_subsampling-2_upscale.png','2018-09-12 08:36:14',201),
	(1768,'f9bde26a1556cd667f742bd34ec7c55e','filer_public_thumbnails/filer_public/63/c2/63c2be07-6bc8-40db-bb4a-6330423ed6e3/veronika_benackova.png__180x180_q85_crop_subsampling-2_upscale@2x.png','2018-09-12 08:36:14',201),
	(1769,'f9bde26a1556cd667f742bd34ec7c55e','filer_public_thumbnails/filer_public/95/84/9584f24e-3942-4530-8d5f-7b2062086a2b/graf_01_en.png__32x32_q85_crop_subsampling-2_upscale.png','2018-09-17 11:37:04',203),
	(1770,'f9bde26a1556cd667f742bd34ec7c55e','filer_public_thumbnails/filer_public/95/84/9584f24e-3942-4530-8d5f-7b2062086a2b/graf_01_en.png__32x32_q85_crop_subsampling-2_upscale@2x.png','2018-09-17 11:37:04',203),
	(1771,'f9bde26a1556cd667f742bd34ec7c55e','filer_public_thumbnails/filer_public/95/84/9584f24e-3942-4530-8d5f-7b2062086a2b/graf_01_en.png__64x64_q85_crop_subsampling-2_upscale.png','2018-09-17 11:37:04',203),
	(1772,'f9bde26a1556cd667f742bd34ec7c55e','filer_public_thumbnails/filer_public/95/84/9584f24e-3942-4530-8d5f-7b2062086a2b/graf_01_en.png__64x64_q85_crop_subsampling-2_upscale@2x.png','2018-09-17 11:37:04',203),
	(1773,'f9bde26a1556cd667f742bd34ec7c55e','filer_public_thumbnails/filer_public/95/84/9584f24e-3942-4530-8d5f-7b2062086a2b/graf_01_en.png__48x48_q85_crop_subsampling-2_upscale.png','2018-09-17 11:37:05',203),
	(1774,'f9bde26a1556cd667f742bd34ec7c55e','filer_public_thumbnails/filer_public/95/84/9584f24e-3942-4530-8d5f-7b2062086a2b/graf_01_en.png__48x48_q85_crop_subsampling-2_upscale@2x.png','2018-09-17 11:37:05',203),
	(1775,'f9bde26a1556cd667f742bd34ec7c55e','filer_public_thumbnails/filer_public/95/84/9584f24e-3942-4530-8d5f-7b2062086a2b/graf_01_en.png__16x16_q85_crop_subsampling-2_upscale.png','2018-09-17 11:37:05',203),
	(1776,'f9bde26a1556cd667f742bd34ec7c55e','filer_public_thumbnails/filer_public/95/84/9584f24e-3942-4530-8d5f-7b2062086a2b/graf_01_en.png__16x16_q85_crop_subsampling-2_upscale@2x.png','2018-09-17 11:37:05',203),
	(1777,'f9bde26a1556cd667f742bd34ec7c55e','filer_public_thumbnails/filer_public/95/84/9584f24e-3942-4530-8d5f-7b2062086a2b/graf_01_en.png__180x180_q85_crop_subsampling-2_upscale.png','2018-09-17 11:37:05',203),
	(1778,'f9bde26a1556cd667f742bd34ec7c55e','filer_public_thumbnails/filer_public/95/84/9584f24e-3942-4530-8d5f-7b2062086a2b/graf_01_en.png__180x180_q85_crop_subsampling-2_upscale@2x.png','2018-09-17 11:37:05',203),
	(1779,'f9bde26a1556cd667f742bd34ec7c55e','filer_public_thumbnails/filer_public/03/0e/030e6a86-b89d-4820-a259-240a61edccdb/graf_03_en.png__32x32_q85_crop_subsampling-2_upscale.jpg','2018-09-17 11:37:36',204),
	(1780,'f9bde26a1556cd667f742bd34ec7c55e','filer_public_thumbnails/filer_public/03/0e/030e6a86-b89d-4820-a259-240a61edccdb/graf_03_en.png__32x32_q85_crop_subsampling-2_upscale@2x.jpg','2018-09-17 11:37:36',204),
	(1781,'f9bde26a1556cd667f742bd34ec7c55e','filer_public_thumbnails/filer_public/03/0e/030e6a86-b89d-4820-a259-240a61edccdb/graf_03_en.png__64x64_q85_crop_subsampling-2_upscale.jpg','2018-09-17 11:37:36',204),
	(1782,'f9bde26a1556cd667f742bd34ec7c55e','filer_public_thumbnails/filer_public/03/0e/030e6a86-b89d-4820-a259-240a61edccdb/graf_03_en.png__64x64_q85_crop_subsampling-2_upscale@2x.jpg','2018-09-17 11:37:36',204),
	(1783,'f9bde26a1556cd667f742bd34ec7c55e','filer_public_thumbnails/filer_public/03/0e/030e6a86-b89d-4820-a259-240a61edccdb/graf_03_en.png__48x48_q85_crop_subsampling-2_upscale.jpg','2018-09-17 11:37:37',204),
	(1784,'f9bde26a1556cd667f742bd34ec7c55e','filer_public_thumbnails/filer_public/03/0e/030e6a86-b89d-4820-a259-240a61edccdb/graf_03_en.png__48x48_q85_crop_subsampling-2_upscale@2x.jpg','2018-09-17 11:37:37',204),
	(1785,'f9bde26a1556cd667f742bd34ec7c55e','filer_public_thumbnails/filer_public/03/0e/030e6a86-b89d-4820-a259-240a61edccdb/graf_03_en.png__16x16_q85_crop_subsampling-2_upscale.jpg','2018-09-17 11:37:37',204),
	(1786,'f9bde26a1556cd667f742bd34ec7c55e','filer_public_thumbnails/filer_public/03/0e/030e6a86-b89d-4820-a259-240a61edccdb/graf_03_en.png__16x16_q85_crop_subsampling-2_upscale@2x.jpg','2018-09-17 11:37:38',204),
	(1787,'f9bde26a1556cd667f742bd34ec7c55e','filer_public_thumbnails/filer_public/03/0e/030e6a86-b89d-4820-a259-240a61edccdb/graf_03_en.png__180x180_q85_crop_subsampling-2_upscale.jpg','2018-09-17 11:37:38',204),
	(1788,'f9bde26a1556cd667f742bd34ec7c55e','filer_public_thumbnails/filer_public/03/0e/030e6a86-b89d-4820-a259-240a61edccdb/graf_03_en.png__180x180_q85_crop_subsampling-2_upscale@2x.jpg','2018-09-17 11:37:38',204),
	(1789,'f9bde26a1556cd667f742bd34ec7c55e','filer_public_thumbnails/filer_public/2b/a5/2ba55866-ab17-4d67-adec-e04ae9f00cac/graf_01_ru.png__32x32_q85_crop_subsampling-2_upscale.png','2018-09-17 11:39:14',205),
	(1790,'f9bde26a1556cd667f742bd34ec7c55e','filer_public_thumbnails/filer_public/2b/a5/2ba55866-ab17-4d67-adec-e04ae9f00cac/graf_01_ru.png__32x32_q85_crop_subsampling-2_upscale@2x.png','2018-09-17 11:39:14',205),
	(1791,'f9bde26a1556cd667f742bd34ec7c55e','filer_public_thumbnails/filer_public/2b/a5/2ba55866-ab17-4d67-adec-e04ae9f00cac/graf_01_ru.png__64x64_q85_crop_subsampling-2_upscale.png','2018-09-17 11:39:14',205),
	(1792,'f9bde26a1556cd667f742bd34ec7c55e','filer_public_thumbnails/filer_public/2b/a5/2ba55866-ab17-4d67-adec-e04ae9f00cac/graf_01_ru.png__64x64_q85_crop_subsampling-2_upscale@2x.png','2018-09-17 11:39:14',205),
	(1793,'f9bde26a1556cd667f742bd34ec7c55e','filer_public_thumbnails/filer_public/2b/a5/2ba55866-ab17-4d67-adec-e04ae9f00cac/graf_01_ru.png__48x48_q85_crop_subsampling-2_upscale.png','2018-09-17 11:39:14',205),
	(1794,'f9bde26a1556cd667f742bd34ec7c55e','filer_public_thumbnails/filer_public/2b/a5/2ba55866-ab17-4d67-adec-e04ae9f00cac/graf_01_ru.png__48x48_q85_crop_subsampling-2_upscale@2x.png','2018-09-17 11:39:14',205),
	(1795,'f9bde26a1556cd667f742bd34ec7c55e','filer_public_thumbnails/filer_public/2b/a5/2ba55866-ab17-4d67-adec-e04ae9f00cac/graf_01_ru.png__16x16_q85_crop_subsampling-2_upscale.png','2018-09-17 11:39:14',205),
	(1796,'f9bde26a1556cd667f742bd34ec7c55e','filer_public_thumbnails/filer_public/2b/a5/2ba55866-ab17-4d67-adec-e04ae9f00cac/graf_01_ru.png__16x16_q85_crop_subsampling-2_upscale@2x.png','2018-09-17 11:39:14',205),
	(1797,'f9bde26a1556cd667f742bd34ec7c55e','filer_public_thumbnails/filer_public/2b/a5/2ba55866-ab17-4d67-adec-e04ae9f00cac/graf_01_ru.png__180x180_q85_crop_subsampling-2_upscale.png','2018-09-17 11:39:14',205),
	(1798,'f9bde26a1556cd667f742bd34ec7c55e','filer_public_thumbnails/filer_public/2b/a5/2ba55866-ab17-4d67-adec-e04ae9f00cac/graf_01_ru.png__180x180_q85_crop_subsampling-2_upscale@2x.png','2018-09-17 11:39:15',205),
	(1799,'f9bde26a1556cd667f742bd34ec7c55e','filer_public_thumbnails/filer_public/57/ff/57ffdb8a-aeec-4d32-aeea-ec0a20ae91e9/graf_03_ru.png__32x32_q85_crop_subsampling-2_upscale.jpg','2018-09-17 11:39:36',206),
	(1800,'f9bde26a1556cd667f742bd34ec7c55e','filer_public_thumbnails/filer_public/57/ff/57ffdb8a-aeec-4d32-aeea-ec0a20ae91e9/graf_03_ru.png__32x32_q85_crop_subsampling-2_upscale@2x.jpg','2018-09-17 11:39:36',206),
	(1801,'f9bde26a1556cd667f742bd34ec7c55e','filer_public_thumbnails/filer_public/57/ff/57ffdb8a-aeec-4d32-aeea-ec0a20ae91e9/graf_03_ru.png__64x64_q85_crop_subsampling-2_upscale.jpg','2018-09-17 11:39:36',206),
	(1802,'f9bde26a1556cd667f742bd34ec7c55e','filer_public_thumbnails/filer_public/57/ff/57ffdb8a-aeec-4d32-aeea-ec0a20ae91e9/graf_03_ru.png__64x64_q85_crop_subsampling-2_upscale@2x.jpg','2018-09-17 11:39:37',206),
	(1803,'f9bde26a1556cd667f742bd34ec7c55e','filer_public_thumbnails/filer_public/57/ff/57ffdb8a-aeec-4d32-aeea-ec0a20ae91e9/graf_03_ru.png__48x48_q85_crop_subsampling-2_upscale.jpg','2018-09-17 11:39:37',206),
	(1804,'f9bde26a1556cd667f742bd34ec7c55e','filer_public_thumbnails/filer_public/57/ff/57ffdb8a-aeec-4d32-aeea-ec0a20ae91e9/graf_03_ru.png__48x48_q85_crop_subsampling-2_upscale@2x.jpg','2018-09-17 11:39:37',206),
	(1805,'f9bde26a1556cd667f742bd34ec7c55e','filer_public_thumbnails/filer_public/57/ff/57ffdb8a-aeec-4d32-aeea-ec0a20ae91e9/graf_03_ru.png__16x16_q85_crop_subsampling-2_upscale.jpg','2018-09-17 11:39:38',206),
	(1806,'f9bde26a1556cd667f742bd34ec7c55e','filer_public_thumbnails/filer_public/57/ff/57ffdb8a-aeec-4d32-aeea-ec0a20ae91e9/graf_03_ru.png__16x16_q85_crop_subsampling-2_upscale@2x.jpg','2018-09-17 11:39:38',206),
	(1807,'f9bde26a1556cd667f742bd34ec7c55e','filer_public_thumbnails/filer_public/57/ff/57ffdb8a-aeec-4d32-aeea-ec0a20ae91e9/graf_03_ru.png__180x180_q85_crop_subsampling-2_upscale.jpg','2018-09-17 11:39:38',206),
	(1808,'f9bde26a1556cd667f742bd34ec7c55e','filer_public_thumbnails/filer_public/57/ff/57ffdb8a-aeec-4d32-aeea-ec0a20ae91e9/graf_03_ru.png__180x180_q85_crop_subsampling-2_upscale@2x.jpg','2018-09-17 11:39:38',206),
	(1809,'f9bde26a1556cd667f742bd34ec7c55e','filer_public_thumbnails/filer_public/ab/af/abafe084-cfc4-42da-bb01-8f410d6e2203/marketa_koudelova_v2.png__32x32_q85_crop_subsampling-2_upscale.png','2018-12-27 10:48:01',207),
	(1810,'f9bde26a1556cd667f742bd34ec7c55e','filer_public_thumbnails/filer_public/ab/af/abafe084-cfc4-42da-bb01-8f410d6e2203/marketa_koudelova_v2.png__32x32_q85_crop_subsampling-2_upscale@2x.png','2018-12-27 10:48:01',207),
	(1811,'f9bde26a1556cd667f742bd34ec7c55e','filer_public_thumbnails/filer_public/ab/af/abafe084-cfc4-42da-bb01-8f410d6e2203/marketa_koudelova_v2.png__64x64_q85_crop_subsampling-2_upscale.png','2018-12-27 10:48:01',207),
	(1812,'f9bde26a1556cd667f742bd34ec7c55e','filer_public_thumbnails/filer_public/ab/af/abafe084-cfc4-42da-bb01-8f410d6e2203/marketa_koudelova_v2.png__64x64_q85_crop_subsampling-2_upscale@2x.png','2018-12-27 10:48:01',207),
	(1813,'f9bde26a1556cd667f742bd34ec7c55e','filer_public_thumbnails/filer_public/ab/af/abafe084-cfc4-42da-bb01-8f410d6e2203/marketa_koudelova_v2.png__48x48_q85_crop_subsampling-2_upscale.png','2018-12-27 10:48:01',207),
	(1814,'f9bde26a1556cd667f742bd34ec7c55e','filer_public_thumbnails/filer_public/ab/af/abafe084-cfc4-42da-bb01-8f410d6e2203/marketa_koudelova_v2.png__48x48_q85_crop_subsampling-2_upscale@2x.png','2018-12-27 10:48:01',207),
	(1815,'f9bde26a1556cd667f742bd34ec7c55e','filer_public_thumbnails/filer_public/ab/af/abafe084-cfc4-42da-bb01-8f410d6e2203/marketa_koudelova_v2.png__16x16_q85_crop_subsampling-2_upscale.png','2018-12-27 10:48:01',207),
	(1816,'f9bde26a1556cd667f742bd34ec7c55e','filer_public_thumbnails/filer_public/ab/af/abafe084-cfc4-42da-bb01-8f410d6e2203/marketa_koudelova_v2.png__16x16_q85_crop_subsampling-2_upscale@2x.png','2018-12-27 10:48:01',207),
	(1817,'f9bde26a1556cd667f742bd34ec7c55e','filer_public_thumbnails/filer_public/ab/af/abafe084-cfc4-42da-bb01-8f410d6e2203/marketa_koudelova_v2.png__180x180_q85_crop_subsampling-2_upscale.png','2018-12-27 10:48:01',207),
	(1818,'f9bde26a1556cd667f742bd34ec7c55e','filer_public_thumbnails/filer_public/ab/af/abafe084-cfc4-42da-bb01-8f410d6e2203/marketa_koudelova_v2.png__180x180_q85_crop_subsampling-2_upscale@2x.png','2018-12-27 10:48:01',207),
	(1819,'f9bde26a1556cd667f742bd34ec7c55e','filer_public_thumbnails/filer_public/46/10/4610a66f-17fc-486f-b5f9-3358b15e76e9/tereza_jarolimkova_v2.png__32x32_q85_crop_subsampling-2_upscale.png','2018-12-27 10:50:50',208),
	(1820,'f9bde26a1556cd667f742bd34ec7c55e','filer_public_thumbnails/filer_public/46/10/4610a66f-17fc-486f-b5f9-3358b15e76e9/tereza_jarolimkova_v2.png__32x32_q85_crop_subsampling-2_upscale@2x.png','2018-12-27 10:50:50',208),
	(1821,'f9bde26a1556cd667f742bd34ec7c55e','filer_public_thumbnails/filer_public/46/10/4610a66f-17fc-486f-b5f9-3358b15e76e9/tereza_jarolimkova_v2.png__64x64_q85_crop_subsampling-2_upscale.png','2018-12-27 10:50:50',208),
	(1822,'f9bde26a1556cd667f742bd34ec7c55e','filer_public_thumbnails/filer_public/46/10/4610a66f-17fc-486f-b5f9-3358b15e76e9/tereza_jarolimkova_v2.png__64x64_q85_crop_subsampling-2_upscale@2x.png','2018-12-27 10:50:50',208),
	(1823,'f9bde26a1556cd667f742bd34ec7c55e','filer_public_thumbnails/filer_public/46/10/4610a66f-17fc-486f-b5f9-3358b15e76e9/tereza_jarolimkova_v2.png__48x48_q85_crop_subsampling-2_upscale.png','2018-12-27 10:50:50',208),
	(1824,'f9bde26a1556cd667f742bd34ec7c55e','filer_public_thumbnails/filer_public/46/10/4610a66f-17fc-486f-b5f9-3358b15e76e9/tereza_jarolimkova_v2.png__48x48_q85_crop_subsampling-2_upscale@2x.png','2018-12-27 10:50:50',208),
	(1825,'f9bde26a1556cd667f742bd34ec7c55e','filer_public_thumbnails/filer_public/46/10/4610a66f-17fc-486f-b5f9-3358b15e76e9/tereza_jarolimkova_v2.png__16x16_q85_crop_subsampling-2_upscale.png','2018-12-27 10:50:50',208),
	(1826,'f9bde26a1556cd667f742bd34ec7c55e','filer_public_thumbnails/filer_public/46/10/4610a66f-17fc-486f-b5f9-3358b15e76e9/tereza_jarolimkova_v2.png__16x16_q85_crop_subsampling-2_upscale@2x.png','2018-12-27 10:50:50',208),
	(1827,'f9bde26a1556cd667f742bd34ec7c55e','filer_public_thumbnails/filer_public/46/10/4610a66f-17fc-486f-b5f9-3358b15e76e9/tereza_jarolimkova_v2.png__180x180_q85_crop_subsampling-2_upscale.png','2018-12-27 10:50:50',208),
	(1828,'f9bde26a1556cd667f742bd34ec7c55e','filer_public_thumbnails/filer_public/46/10/4610a66f-17fc-486f-b5f9-3358b15e76e9/tereza_jarolimkova_v2.png__180x180_q85_crop_subsampling-2_upscale@2x.png','2018-12-27 10:50:50',208),
	(1829,'f9bde26a1556cd667f742bd34ec7c55e','filer_public_thumbnails/filer_public/54/f8/54f88ddb-5c49-4523-b3c5-5ee9e5333db1/jitka_klickova_v2.png__32x32_q85_crop_subsampling-2_upscale.png','2018-12-27 10:51:53',209),
	(1830,'f9bde26a1556cd667f742bd34ec7c55e','filer_public_thumbnails/filer_public/54/f8/54f88ddb-5c49-4523-b3c5-5ee9e5333db1/jitka_klickova_v2.png__32x32_q85_crop_subsampling-2_upscale@2x.png','2018-12-27 10:51:53',209),
	(1831,'f9bde26a1556cd667f742bd34ec7c55e','filer_public_thumbnails/filer_public/54/f8/54f88ddb-5c49-4523-b3c5-5ee9e5333db1/jitka_klickova_v2.png__64x64_q85_crop_subsampling-2_upscale.png','2018-12-27 10:51:54',209),
	(1832,'f9bde26a1556cd667f742bd34ec7c55e','filer_public_thumbnails/filer_public/54/f8/54f88ddb-5c49-4523-b3c5-5ee9e5333db1/jitka_klickova_v2.png__64x64_q85_crop_subsampling-2_upscale@2x.png','2018-12-27 10:51:54',209),
	(1833,'f9bde26a1556cd667f742bd34ec7c55e','filer_public_thumbnails/filer_public/54/f8/54f88ddb-5c49-4523-b3c5-5ee9e5333db1/jitka_klickova_v2.png__48x48_q85_crop_subsampling-2_upscale.png','2018-12-27 10:51:54',209),
	(1834,'f9bde26a1556cd667f742bd34ec7c55e','filer_public_thumbnails/filer_public/54/f8/54f88ddb-5c49-4523-b3c5-5ee9e5333db1/jitka_klickova_v2.png__48x48_q85_crop_subsampling-2_upscale@2x.png','2018-12-27 10:51:54',209),
	(1835,'f9bde26a1556cd667f742bd34ec7c55e','filer_public_thumbnails/filer_public/54/f8/54f88ddb-5c49-4523-b3c5-5ee9e5333db1/jitka_klickova_v2.png__16x16_q85_crop_subsampling-2_upscale.png','2018-12-27 10:51:54',209),
	(1836,'f9bde26a1556cd667f742bd34ec7c55e','filer_public_thumbnails/filer_public/54/f8/54f88ddb-5c49-4523-b3c5-5ee9e5333db1/jitka_klickova_v2.png__16x16_q85_crop_subsampling-2_upscale@2x.png','2018-12-27 10:51:54',209),
	(1837,'f9bde26a1556cd667f742bd34ec7c55e','filer_public_thumbnails/filer_public/54/f8/54f88ddb-5c49-4523-b3c5-5ee9e5333db1/jitka_klickova_v2.png__180x180_q85_crop_subsampling-2_upscale.png','2018-12-27 10:51:54',209),
	(1838,'f9bde26a1556cd667f742bd34ec7c55e','filer_public_thumbnails/filer_public/54/f8/54f88ddb-5c49-4523-b3c5-5ee9e5333db1/jitka_klickova_v2.png__180x180_q85_crop_subsampling-2_upscale@2x.png','2018-12-27 10:51:54',209),
	(1839,'f9bde26a1556cd667f742bd34ec7c55e','filer_public_thumbnails/filer_public/dd/99/dd99cbfc-7c07-4dda-8e6f-c62551a15a7c/frantisek_mareth.png__32x32_q85_crop_subsampling-2_upscale.png','2019-01-07 15:33:19',210),
	(1840,'f9bde26a1556cd667f742bd34ec7c55e','filer_public_thumbnails/filer_public/dd/99/dd99cbfc-7c07-4dda-8e6f-c62551a15a7c/frantisek_mareth.png__32x32_q85_crop_subsampling-2_upscale@2x.png','2019-01-07 15:33:19',210),
	(1841,'f9bde26a1556cd667f742bd34ec7c55e','filer_public_thumbnails/filer_public/dd/99/dd99cbfc-7c07-4dda-8e6f-c62551a15a7c/frantisek_mareth.png__64x64_q85_crop_subsampling-2_upscale.png','2019-01-07 15:33:19',210),
	(1842,'f9bde26a1556cd667f742bd34ec7c55e','filer_public_thumbnails/filer_public/dd/99/dd99cbfc-7c07-4dda-8e6f-c62551a15a7c/frantisek_mareth.png__64x64_q85_crop_subsampling-2_upscale@2x.png','2019-01-07 15:33:19',210),
	(1843,'f9bde26a1556cd667f742bd34ec7c55e','filer_public_thumbnails/filer_public/dd/99/dd99cbfc-7c07-4dda-8e6f-c62551a15a7c/frantisek_mareth.png__48x48_q85_crop_subsampling-2_upscale.png','2019-01-07 15:33:19',210),
	(1844,'f9bde26a1556cd667f742bd34ec7c55e','filer_public_thumbnails/filer_public/dd/99/dd99cbfc-7c07-4dda-8e6f-c62551a15a7c/frantisek_mareth.png__48x48_q85_crop_subsampling-2_upscale@2x.png','2019-01-07 15:33:20',210),
	(1845,'f9bde26a1556cd667f742bd34ec7c55e','filer_public_thumbnails/filer_public/dd/99/dd99cbfc-7c07-4dda-8e6f-c62551a15a7c/frantisek_mareth.png__16x16_q85_crop_subsampling-2_upscale.png','2019-01-07 15:33:20',210),
	(1846,'f9bde26a1556cd667f742bd34ec7c55e','filer_public_thumbnails/filer_public/dd/99/dd99cbfc-7c07-4dda-8e6f-c62551a15a7c/frantisek_mareth.png__16x16_q85_crop_subsampling-2_upscale@2x.png','2019-01-07 15:33:20',210),
	(1847,'f9bde26a1556cd667f742bd34ec7c55e','filer_public_thumbnails/filer_public/dd/99/dd99cbfc-7c07-4dda-8e6f-c62551a15a7c/frantisek_mareth.png__180x180_q85_crop_subsampling-2_upscale.png','2019-01-07 15:33:20',210),
	(1848,'f9bde26a1556cd667f742bd34ec7c55e','filer_public_thumbnails/filer_public/dd/99/dd99cbfc-7c07-4dda-8e6f-c62551a15a7c/frantisek_mareth.png__180x180_q85_crop_subsampling-2_upscale@2x.png','2019-01-07 15:33:20',210),
	(1849,'f9bde26a1556cd667f742bd34ec7c55e','filer_public_thumbnails/filer_public/dd/99/dd99cbfc-7c07-4dda-8e6f-c62551a15a7c/frantisek_mareth.png__270x270_q85_subsampling-2.png','2019-01-07 15:33:29',210),
	(1850,'f9bde26a1556cd667f742bd34ec7c55e','filer_public_thumbnails/filer_public/dd/99/dd99cbfc-7c07-4dda-8e6f-c62551a15a7c/frantisek_mareth.png__270x270_q85_subsampling-2@2x.png','2019-01-07 15:33:29',210),
	(1851,'f9bde26a1556cd667f742bd34ec7c55e','filer_public_thumbnails/filer_public/43/80/43800d08-bc78-424e-8c10-4606e18d8099/anna_vacikova.png__32x32_q85_crop_subsampling-2_upscale.png','2019-01-07 15:40:26',211),
	(1852,'f9bde26a1556cd667f742bd34ec7c55e','filer_public_thumbnails/filer_public/43/80/43800d08-bc78-424e-8c10-4606e18d8099/anna_vacikova.png__32x32_q85_crop_subsampling-2_upscale@2x.png','2019-01-07 15:40:26',211),
	(1853,'f9bde26a1556cd667f742bd34ec7c55e','filer_public_thumbnails/filer_public/43/80/43800d08-bc78-424e-8c10-4606e18d8099/anna_vacikova.png__64x64_q85_crop_subsampling-2_upscale.png','2019-01-07 15:40:26',211),
	(1854,'f9bde26a1556cd667f742bd34ec7c55e','filer_public_thumbnails/filer_public/43/80/43800d08-bc78-424e-8c10-4606e18d8099/anna_vacikova.png__64x64_q85_crop_subsampling-2_upscale@2x.png','2019-01-07 15:40:26',211),
	(1855,'f9bde26a1556cd667f742bd34ec7c55e','filer_public_thumbnails/filer_public/43/80/43800d08-bc78-424e-8c10-4606e18d8099/anna_vacikova.png__48x48_q85_crop_subsampling-2_upscale.png','2019-01-07 15:40:27',211),
	(1856,'f9bde26a1556cd667f742bd34ec7c55e','filer_public_thumbnails/filer_public/43/80/43800d08-bc78-424e-8c10-4606e18d8099/anna_vacikova.png__48x48_q85_crop_subsampling-2_upscale@2x.png','2019-01-07 15:40:27',211),
	(1857,'f9bde26a1556cd667f742bd34ec7c55e','filer_public_thumbnails/filer_public/43/80/43800d08-bc78-424e-8c10-4606e18d8099/anna_vacikova.png__16x16_q85_crop_subsampling-2_upscale.png','2019-01-07 15:40:27',211),
	(1858,'f9bde26a1556cd667f742bd34ec7c55e','filer_public_thumbnails/filer_public/43/80/43800d08-bc78-424e-8c10-4606e18d8099/anna_vacikova.png__16x16_q85_crop_subsampling-2_upscale@2x.png','2019-01-07 15:40:27',211),
	(1859,'f9bde26a1556cd667f742bd34ec7c55e','filer_public_thumbnails/filer_public/43/80/43800d08-bc78-424e-8c10-4606e18d8099/anna_vacikova.png__180x180_q85_crop_subsampling-2_upscale.png','2019-01-07 15:40:27',211),
	(1860,'f9bde26a1556cd667f742bd34ec7c55e','filer_public_thumbnails/filer_public/43/80/43800d08-bc78-424e-8c10-4606e18d8099/anna_vacikova.png__180x180_q85_crop_subsampling-2_upscale@2x.png','2019-01-07 15:40:27',211),
	(1861,'f9bde26a1556cd667f742bd34ec7c55e','filer_public_thumbnails/filer_public/8d/89/8d892492-940f-4cbe-839c-c8474c78dcae/frantisek_mareth.png__32x32_q85_crop_subsampling-2_upscale.png','2019-02-08 15:55:28',212),
	(1862,'f9bde26a1556cd667f742bd34ec7c55e','filer_public_thumbnails/filer_public/8d/89/8d892492-940f-4cbe-839c-c8474c78dcae/frantisek_mareth.png__32x32_q85_crop_subsampling-2_upscale@2x.png','2019-02-08 15:55:28',212),
	(1863,'f9bde26a1556cd667f742bd34ec7c55e','filer_public_thumbnails/filer_public/8d/89/8d892492-940f-4cbe-839c-c8474c78dcae/frantisek_mareth.png__64x64_q85_crop_subsampling-2_upscale.png','2019-02-08 15:55:28',212),
	(1864,'f9bde26a1556cd667f742bd34ec7c55e','filer_public_thumbnails/filer_public/8d/89/8d892492-940f-4cbe-839c-c8474c78dcae/frantisek_mareth.png__64x64_q85_crop_subsampling-2_upscale@2x.png','2019-02-08 15:55:28',212),
	(1865,'f9bde26a1556cd667f742bd34ec7c55e','filer_public_thumbnails/filer_public/8d/89/8d892492-940f-4cbe-839c-c8474c78dcae/frantisek_mareth.png__48x48_q85_crop_subsampling-2_upscale.png','2019-02-08 15:55:28',212),
	(1866,'f9bde26a1556cd667f742bd34ec7c55e','filer_public_thumbnails/filer_public/8d/89/8d892492-940f-4cbe-839c-c8474c78dcae/frantisek_mareth.png__48x48_q85_crop_subsampling-2_upscale@2x.png','2019-02-08 15:55:28',212),
	(1867,'f9bde26a1556cd667f742bd34ec7c55e','filer_public_thumbnails/filer_public/8d/89/8d892492-940f-4cbe-839c-c8474c78dcae/frantisek_mareth.png__16x16_q85_crop_subsampling-2_upscale.png','2019-02-08 15:55:28',212),
	(1868,'f9bde26a1556cd667f742bd34ec7c55e','filer_public_thumbnails/filer_public/8d/89/8d892492-940f-4cbe-839c-c8474c78dcae/frantisek_mareth.png__16x16_q85_crop_subsampling-2_upscale@2x.png','2019-02-08 15:55:29',212),
	(1869,'f9bde26a1556cd667f742bd34ec7c55e','filer_public_thumbnails/filer_public/8d/89/8d892492-940f-4cbe-839c-c8474c78dcae/frantisek_mareth.png__180x180_q85_crop_subsampling-2_upscale.png','2019-02-08 15:55:29',212),
	(1870,'f9bde26a1556cd667f742bd34ec7c55e','filer_public_thumbnails/filer_public/8d/89/8d892492-940f-4cbe-839c-c8474c78dcae/frantisek_mareth.png__180x180_q85_crop_subsampling-2_upscale@2x.png','2019-02-08 15:55:29',212),
	(1871,'f9bde26a1556cd667f742bd34ec7c55e','filer_public_thumbnails/filer_public/05/29/0529698d-ada9-4334-867d-ad519d11fdd9/tereza_birkova.png__32x32_q85_crop_subsampling-2_upscale.jpg','2019-05-06 17:15:08',213),
	(1872,'f9bde26a1556cd667f742bd34ec7c55e','filer_public_thumbnails/filer_public/05/29/0529698d-ada9-4334-867d-ad519d11fdd9/tereza_birkova.png__32x32_q85_crop_subsampling-2_upscale@2x.jpg','2019-05-06 17:15:08',213),
	(1873,'f9bde26a1556cd667f742bd34ec7c55e','filer_public_thumbnails/filer_public/05/29/0529698d-ada9-4334-867d-ad519d11fdd9/tereza_birkova.png__64x64_q85_crop_subsampling-2_upscale.jpg','2019-05-06 17:15:08',213),
	(1874,'f9bde26a1556cd667f742bd34ec7c55e','filer_public_thumbnails/filer_public/05/29/0529698d-ada9-4334-867d-ad519d11fdd9/tereza_birkova.png__64x64_q85_crop_subsampling-2_upscale@2x.jpg','2019-05-06 17:15:08',213),
	(1875,'f9bde26a1556cd667f742bd34ec7c55e','filer_public_thumbnails/filer_public/05/29/0529698d-ada9-4334-867d-ad519d11fdd9/tereza_birkova.png__48x48_q85_crop_subsampling-2_upscale.jpg','2019-05-06 17:15:08',213),
	(1876,'f9bde26a1556cd667f742bd34ec7c55e','filer_public_thumbnails/filer_public/05/29/0529698d-ada9-4334-867d-ad519d11fdd9/tereza_birkova.png__48x48_q85_crop_subsampling-2_upscale@2x.jpg','2019-05-06 17:15:08',213),
	(1877,'f9bde26a1556cd667f742bd34ec7c55e','filer_public_thumbnails/filer_public/05/29/0529698d-ada9-4334-867d-ad519d11fdd9/tereza_birkova.png__16x16_q85_crop_subsampling-2_upscale.jpg','2019-05-06 17:15:08',213),
	(1878,'f9bde26a1556cd667f742bd34ec7c55e','filer_public_thumbnails/filer_public/05/29/0529698d-ada9-4334-867d-ad519d11fdd9/tereza_birkova.png__16x16_q85_crop_subsampling-2_upscale@2x.jpg','2019-05-06 17:15:08',213),
	(1879,'f9bde26a1556cd667f742bd34ec7c55e','filer_public_thumbnails/filer_public/05/29/0529698d-ada9-4334-867d-ad519d11fdd9/tereza_birkova.png__180x180_q85_crop_subsampling-2_upscale.jpg','2019-05-06 17:15:08',213),
	(1880,'f9bde26a1556cd667f742bd34ec7c55e','filer_public_thumbnails/filer_public/05/29/0529698d-ada9-4334-867d-ad519d11fdd9/tereza_birkova.png__180x180_q85_crop_subsampling-2_upscale@2x.jpg','2019-05-06 17:15:08',213),
	(1881,'f9bde26a1556cd667f742bd34ec7c55e','filer_public_thumbnails/filer_public/4a/39/4a39cded-083a-4026-8c66-63a1b0ff0bd5/communication.png__32x32_q85_crop_subsampling-2_upscale.png','2019-06-26 13:49:11',214),
	(1882,'f9bde26a1556cd667f742bd34ec7c55e','filer_public_thumbnails/filer_public/4a/39/4a39cded-083a-4026-8c66-63a1b0ff0bd5/communication.png__32x32_q85_crop_subsampling-2_upscale@2x.png','2019-06-26 13:49:11',214),
	(1883,'f9bde26a1556cd667f742bd34ec7c55e','filer_public_thumbnails/filer_public/4a/39/4a39cded-083a-4026-8c66-63a1b0ff0bd5/communication.png__64x64_q85_crop_subsampling-2_upscale.png','2019-06-26 13:49:11',214),
	(1884,'f9bde26a1556cd667f742bd34ec7c55e','filer_public_thumbnails/filer_public/4a/39/4a39cded-083a-4026-8c66-63a1b0ff0bd5/communication.png__64x64_q85_crop_subsampling-2_upscale@2x.png','2019-06-26 13:49:11',214),
	(1885,'f9bde26a1556cd667f742bd34ec7c55e','filer_public_thumbnails/filer_public/4a/39/4a39cded-083a-4026-8c66-63a1b0ff0bd5/communication.png__48x48_q85_crop_subsampling-2_upscale.png','2019-06-26 13:49:11',214),
	(1886,'f9bde26a1556cd667f742bd34ec7c55e','filer_public_thumbnails/filer_public/4a/39/4a39cded-083a-4026-8c66-63a1b0ff0bd5/communication.png__48x48_q85_crop_subsampling-2_upscale@2x.png','2019-06-26 13:49:11',214),
	(1887,'f9bde26a1556cd667f742bd34ec7c55e','filer_public_thumbnails/filer_public/4a/39/4a39cded-083a-4026-8c66-63a1b0ff0bd5/communication.png__16x16_q85_crop_subsampling-2_upscale.png','2019-06-26 13:49:11',214),
	(1888,'f9bde26a1556cd667f742bd34ec7c55e','filer_public_thumbnails/filer_public/4a/39/4a39cded-083a-4026-8c66-63a1b0ff0bd5/communication.png__16x16_q85_crop_subsampling-2_upscale@2x.png','2019-06-26 13:49:11',214),
	(1889,'f9bde26a1556cd667f742bd34ec7c55e','filer_public_thumbnails/filer_public/4a/39/4a39cded-083a-4026-8c66-63a1b0ff0bd5/communication.png__180x180_q85_crop_subsampling-2_upscale.png','2019-06-26 13:49:11',214),
	(1890,'f9bde26a1556cd667f742bd34ec7c55e','filer_public_thumbnails/filer_public/4a/39/4a39cded-083a-4026-8c66-63a1b0ff0bd5/communication.png__180x180_q85_crop_subsampling-2_upscale@2x.png','2019-06-26 13:49:12',214);

/*!40000 ALTER TABLE `easy_thumbnails_thumbnail` ENABLE KEYS */;
UNLOCK TABLES;


# Dump of table easy_thumbnails_thumbnaildimensions
# ------------------------------------------------------------

DROP TABLE IF EXISTS `easy_thumbnails_thumbnaildimensions`;

CREATE TABLE `easy_thumbnails_thumbnaildimensions` (
  `id` int(11) NOT NULL AUTO_INCREMENT,
  `thumbnail_id` int(11) NOT NULL,
  `width` int(10) unsigned DEFAULT NULL,
  `height` int(10) unsigned DEFAULT NULL,
  PRIMARY KEY (`id`),
  UNIQUE KEY `thumbnail_id` (`thumbnail_id`),
  CONSTRAINT `ea_thumbnail_id_29ad34faceb3c17c_fk_easy_thumbnails_thumbnail_id` FOREIGN KEY (`thumbnail_id`) REFERENCES `easy_thumbnails_thumbnail` (`id`)
) ENGINE=InnoDB DEFAULT CHARSET=utf8;



# Dump of table filer_clipboard
# ------------------------------------------------------------

DROP TABLE IF EXISTS `filer_clipboard`;

CREATE TABLE `filer_clipboard` (
  `id` int(11) NOT NULL AUTO_INCREMENT,
  `user_id` int(11) NOT NULL,
  PRIMARY KEY (`id`),
  KEY `filer_clipboard_e8701ad4` (`user_id`),
  CONSTRAINT `filer_clipboard_user_id_2b30c76f2cd235df_fk_auth_user_id` FOREIGN KEY (`user_id`) REFERENCES `auth_user` (`id`)
) ENGINE=InnoDB DEFAULT CHARSET=utf8;

LOCK TABLES `filer_clipboard` WRITE;
/*!40000 ALTER TABLE `filer_clipboard` DISABLE KEYS */;

INSERT INTO `filer_clipboard` (`id`, `user_id`)
VALUES
	(1,1),
	(2,91);

/*!40000 ALTER TABLE `filer_clipboard` ENABLE KEYS */;
UNLOCK TABLES;


# Dump of table filer_clipboarditem
# ------------------------------------------------------------

DROP TABLE IF EXISTS `filer_clipboarditem`;

CREATE TABLE `filer_clipboarditem` (
  `id` int(11) NOT NULL AUTO_INCREMENT,
  `clipboard_id` int(11) NOT NULL,
  `file_id` int(11) NOT NULL,
  PRIMARY KEY (`id`),
  KEY `filer_clipbo_clipboard_id_335d159e1aea2cdc_fk_filer_clipboard_id` (`clipboard_id`),
  KEY `filer_clipboarditem_814552b9` (`file_id`),
  CONSTRAINT `filer_clipboarditem_file_id_7b1b6a14b5a3f2b1_fk_filer_file_id` FOREIGN KEY (`file_id`) REFERENCES `filer_file` (`id`),
  CONSTRAINT `filer_clipbo_clipboard_id_335d159e1aea2cdc_fk_filer_clipboard_id` FOREIGN KEY (`clipboard_id`) REFERENCES `filer_clipboard` (`id`)
) ENGINE=InnoDB DEFAULT CHARSET=utf8;



# Dump of table filer_file
# ------------------------------------------------------------

DROP TABLE IF EXISTS `filer_file`;

CREATE TABLE `filer_file` (
  `id` int(11) NOT NULL AUTO_INCREMENT,
  `file` varchar(255) DEFAULT NULL,
  `_file_size` bigint(20) DEFAULT NULL,
  `sha1` varchar(40) NOT NULL,
  `has_all_mandatory_data` tinyint(1) NOT NULL,
  `original_filename` varchar(255) DEFAULT NULL,
  `name` varchar(255) NOT NULL,
  `description` longtext,
  `uploaded_at` datetime NOT NULL,
  `modified_at` datetime NOT NULL,
  `is_public` tinyint(1) NOT NULL,
  `folder_id` int(11) DEFAULT NULL,
  `owner_id` int(11) DEFAULT NULL,
  `polymorphic_ctype_id` int(11) DEFAULT NULL,
  PRIMARY KEY (`id`),
  KEY `filer_file_a8a44dbb` (`folder_id`),
  KEY `filer_file_5e7b1936` (`owner_id`),
  KEY `filer_file_d3e32c49` (`polymorphic_ctype_id`),
  CONSTRAINT `filer_file_folder_id_24318dda71f59785_fk_filer_folder_id` FOREIGN KEY (`folder_id`) REFERENCES `filer_folder` (`id`),
  CONSTRAINT `filer_file_owner_id_67317c663ea33283_fk_auth_user_id` FOREIGN KEY (`owner_id`) REFERENCES `auth_user` (`id`),
  CONSTRAINT `polymorphic_ctype_id_37b6c9e9cb7a323a_fk_django_content_type_id` FOREIGN KEY (`polymorphic_ctype_id`) REFERENCES `django_content_type` (`id`)
) ENGINE=InnoDB DEFAULT CHARSET=utf8;

LOCK TABLES `filer_file` WRITE;
/*!40000 ALTER TABLE `filer_file` DISABLE KEYS */;

INSERT INTO `filer_file` (`id`, `file`, `_file_size`, `sha1`, `has_all_mandatory_data`, `original_filename`, `name`, `description`, `uploaded_at`, `modified_at`, `is_public`, `folder_id`, `owner_id`, `polymorphic_ctype_id`)
VALUES
	(1,'filer_public/b1/0d/b10d5dba-0d47-4164-bf34-ce406f9cc051/samplevideo_1280x720_1mb.mp4',1055736,'17735b4721faa7d59e1fd8a2300135a3f04c9ea6',0,'SampleVideo_1280x720_1mb.mp4','',NULL,'2018-07-19 11:09:03','2018-07-19 11:09:03',1,1,1,42),
	(2,'filer_public/3b/b5/3bb54884-0d3b-4c92-939d-8b7725599b33/samplevideo_720x480_10mb.mp4',10530208,'06e411faa0488120180fa4c8a59ad092bd529658',0,'SampleVideo_720x480_10mb.mp4','',NULL,'2018-07-19 11:09:07','2018-07-19 11:09:07',1,1,1,42),
	(3,'filer_public/ce/ea/ceea434d-5ff1-4bad-b955-df8841195015/samplevideo_1280x720_2mb.mp4',2107842,'ea71104eb979be59d567ea8b9e8e925a293939fc',0,'SampleVideo_1280x720_2mb.mp4','',NULL,'2018-07-19 11:09:11','2018-07-19 11:09:11',1,1,1,42),
	(4,'filer_public/06/9c/069c57a7-760c-4a2e-b944-a2c74f4b4fcc/samplevideo_360x240_10mb.mp4',10546620,'bfe8feaec39f112dfcc53bbc98a1c17309e0f941',0,'SampleVideo_360x240_10mb.mp4','',NULL,'2018-07-19 11:09:17','2018-07-19 11:09:17',1,1,1,42),
	(5,'filer_public/8b/8d/8b8d4145-61bc-44d6-86f3-ba05fadffc50/sample1920x1080.jpg',2235,'28dbddf500472dad5e3a8d1a7d7d6d3c4a3821ee',0,'sample1920x1080.jpg','',NULL,'2018-07-19 11:11:53','2018-07-19 11:11:53',1,1,1,29),
	(6,'filer_public/4a/e8/4ae8ffcb-003a-4ddc-a781-120182816074/samplejpgimage_500kbmb.jpg',512017,'d558a90e40b78253aa2724bcf989d314d0501d6b',0,'SampleJPGImage_500kbmb.jpg','',NULL,'2018-07-19 11:11:53','2018-07-19 11:11:53',1,1,1,29),
	(7,'filer_public/6f/35/6f3521b0-7432-48b6-bf6e-c3b317372d77/samplejpgimage_5mbmb.jpg',5266467,'2bf82898619b43d28817a8e94f12c0b63d63cf23',0,'SampleJPGImage_5mbmb.jpg','',NULL,'2018-07-19 11:11:55','2018-07-19 11:11:55',1,1,1,29),
	(8,'filer_public/e0/f9/e0f93792-e967-409a-840f-82086d9b2108/404-menu-bg.png',5831,'387270cb74479a4af088dd01d97d5833fef3d1c4',0,'404-menu-bg.png','',NULL,'2018-07-19 11:17:56','2018-07-19 11:17:56',1,2,1,29),
	(9,'filer_public/05/d0/05d0afd4-892d-4626-8391-04477c44511e/404-bubbles.png',33989,'cb08c6692a937944623b2a8e820959efa937a0a1',0,'404-bubbles.png','',NULL,'2018-07-19 11:17:56','2018-07-19 11:17:56',1,2,1,29),
	(10,'filer_public/f9/c3/f9c3f810-89ac-45e4-91e6-f95c46761984/404-planet.png',125070,'956ee8dd4561a38203c1766ff9428e3a8150eede',0,'404-planet.png','',NULL,'2018-07-19 11:17:56','2018-07-19 11:17:56',1,2,1,29),
	(11,'filer_public/35/82/35826dcf-e0a3-4ecb-9e74-4607f5e4a276/acamar-logo.svg',7891,'c7623651347c7a26bbeebcffc4e7b732d5f33db1',0,'acamar-logo.svg','',NULL,'2018-07-19 11:17:58','2018-07-19 11:17:58',1,2,1,26),
	(12,'filer_public/7b/2b/7b2b4acf-ffc3-44b2-a8bf-f152a6f682e0/accordion-caret.png',689,'d7081f609bae5aea87ed5e45993c38b6ab96ca29',0,'accordion-caret.png','',NULL,'2018-07-19 11:17:58','2018-07-19 11:17:58',1,2,1,29),
	(13,'filer_public/7b/79/7b79040b-ff5f-4f3e-9e85-bec6e126fa16/accordion-shadow.png',6855,'1183f9661a14e71be0bd01971eeb4e3743c9a4ad',0,'accordion-shadow.png','',NULL,'2018-07-19 11:17:58','2018-07-19 11:17:58',1,2,1,29),
	(14,'filer_public/a3/e7/a3e77035-fc02-442e-85ce-6e72c4254218/aeroplane.png',3603,'1bf1910c8fe9de1c3ed3afcf42064cb3c450a77b',0,'aeroplane.png','',NULL,'2018-07-19 11:17:59','2018-07-19 11:17:59',1,2,1,29),
	(15,'filer_public/ad/a7/ada7b7e1-2a5a-4d29-b031-e1a69128d233/arrow-down.svg',470,'c5ffcac8fbfce9a0aa37151a8a95836f32f3648f',0,'arrow-down.svg','',NULL,'2018-07-19 11:17:59','2018-07-19 11:17:59',1,2,1,26),
	(16,'filer_public/2b/92/2b926601-26eb-4e28-994d-36b8d353a849/blahovcova-sarka.png',11499,'ea0828cb7d3842614effc215250a5e0327e7d6e0',0,'blahovcova-sarka.png','',NULL,'2018-07-19 11:17:59','2018-07-19 11:17:59',1,2,1,29),
	(17,'filer_public/ec/12/ec12ca96-436f-4eb4-a442-a77d8982f8cf/bubble-group.png',9476,'3f0aaad218811cc7ce0ed8fdf0ccfe4e6c174240',0,'bubble-group.png','',NULL,'2018-07-19 11:17:59','2018-07-19 11:17:59',1,2,1,29),
	(18,'filer_public/cc/7c/cc7ca716-277e-4694-bcb0-d7a23ab13eb8/bubble1.svg',194,'e0ae6b026c91fa418f0d6a7bf6c2bc7946288820',0,'bubble1.svg','',NULL,'2018-07-19 11:18:00','2018-07-19 11:18:00',1,2,1,26),
	(19,'filer_public/e9/bd/e9bd6bad-f669-41cc-9b6c-9afb39f60a97/bubble2.svg',234,'a965b411efbd99a237cc52bcb1bd5aefcd7795fb',0,'bubble2.svg','',NULL,'2018-07-19 11:18:00','2018-07-19 11:18:00',1,2,1,26),
	(20,'filer_public/80/3b/803bf974-d2e5-458a-9b68-37444e9e2c7f/bubble3.svg',196,'fc982cdf8e1c10d0430b05709866451fe1b5f3bd',0,'bubble3.svg','',NULL,'2018-07-19 11:18:00','2018-07-19 11:18:00',1,2,1,26),
	(21,'filer_public/87/67/8767ed3b-d1a9-4654-8d98-b616ef558af0/bubble4.svg',209,'2eaeea16fa59c7ff98cab271df303ffb8f6d947f',0,'bubble4.svg','',NULL,'2018-07-19 11:18:00','2018-07-19 11:18:00',1,2,1,26),
	(22,'filer_public/0c/76/0c76e4b8-ac89-40bf-9692-57f7ae4a4b5e/calculator.png',2422,'36a1107dd1ea330c80f5cd6fd5d16a1edf5a0109',0,'calculator.png','',NULL,'2018-07-19 11:18:00','2018-07-19 11:18:00',1,2,1,29),
	(23,'filer_public/63/5a/635a3457-eaa7-46b1-942a-12ec5563deb5/calendar.png',2750,'93078fd1ce6f31d4071f7d1b569aa81e1e8ce7ae',0,'calendar.png','',NULL,'2018-07-19 11:18:00','2018-07-19 11:18:00',1,2,1,29),
	(24,'filer_public/de/aa/deaa3575-e6af-4d49-a179-91002739ff21/chair.png',3897,'c8d3e7410e89d1026f514050a4937ef26f151d8c',0,'chair.png','',NULL,'2018-07-19 11:18:00','2018-07-19 11:18:00',1,2,1,29),
	(25,'filer_public/2a/66/2a661ab6-8727-4782-89e8-c7072e05d2fb/check.png',634,'feeb9bb5f60c5dfc375521dc5fd07978a58a3014',0,'check.png','',NULL,'2018-07-19 11:18:01','2018-07-19 11:18:01',1,2,1,29),
	(26,'filer_public/45/54/4554993a-1786-4a69-b7f4-b4689f98b2ce/checkmark.png',1778,'ab5318d42c02dfd95f4ff37a7a527e2d55f042fb',0,'checkmark.png','',NULL,'2018-07-19 11:18:01','2018-07-19 11:18:01',1,2,1,29),
	(27,'filer_public/b0/ba/b0bab0e6-1157-4f97-9a01-0e87f2b0bf95/communication.jpg',3560,'70f1abff255301d2a62d4e3634c0cd1aff786030',0,'communication.jpg','',NULL,'2018-07-19 11:18:02','2018-07-19 11:18:02',1,2,1,29),
	(28,'filer_public/d0/11/d0117b22-2504-4e93-8cb3-0d8600c4a7e0/education.jpg',5482,'22087912d219110a9775dcdf8b0bbe70c4bfe67d',0,'education.jpg','',NULL,'2018-07-19 11:18:02','2018-07-19 11:18:02',1,2,1,29),
	(29,'filer_public/fe/12/fe127736-e2ed-48fa-9d2f-bdffd8162a66/course-bg.jpg',227464,'9b8bedde35fbd0d980db2131e2f6aea98cf4344a',0,'course-bg.jpg','',NULL,'2018-07-19 11:18:02','2018-07-19 11:18:02',1,2,1,29),
	(30,'filer_public/6f/2d/6f2d8aae-830c-487d-bd1e-16b458b44656/elipsa-reviews-large.svg',375,'7c931eafb326ded6f4b8123f40262463ab66e8d3',0,'elipsa-reviews-large.svg','',NULL,'2018-07-19 11:18:02','2018-07-19 11:18:02',1,2,1,26),
	(31,'filer_public/84/49/84495c33-bfe8-46b9-9548-1f3480825a41/elipsa-reviews-small.svg',380,'cf3c3b0d373d6afc38aae233879c956d94f01f7a',0,'elipsa-reviews-small.svg','',NULL,'2018-07-19 11:18:03','2018-07-19 11:18:03',1,2,1,26),
	(32,'filer_public/aa/e7/aae7c43f-3c2e-4cba-bc4c-863ffb515532/elipsa.svg',1152,'98cc4d96bf52308206dc76607bb6746e90b350ce',0,'elipsa.svg','',NULL,'2018-07-19 11:18:03','2018-07-19 11:18:03',1,2,1,26),
	(33,'filer_public/90/e3/90e3719e-e8f3-4cc2-9c38-59bc17f0a446/face.jpg',3503,'016e21adf004dbf0a2c21451f873ac5fcb56755b',0,'face.jpg','',NULL,'2018-07-19 11:18:03','2018-07-19 11:18:03',1,2,1,29),
	(34,'filer_public/cd/22/cd220698-ca1e-497f-b3c4-8c0bcf1a1723/filip-libal.png',32400,'b5806ed72f0c727394d48b6d3de7b6a282209ed1',0,'filip-libal.png','',NULL,'2018-07-19 11:18:03','2018-07-19 11:18:03',1,2,1,29),
	(35,'filer_public/a7/fa/a7fa8137-da7c-458b-8058-c9db099c665a/folders.png',2637,'c8f554264c02a1ab1dbce7a0f621d2e7cbf8be87',0,'folders.png','',NULL,'2018-07-19 11:18:04','2018-07-19 11:18:04',1,2,1,29),
	(36,'filer_public/a6/c0/a6c0c761-9310-4d0c-8e7d-628c4deb63ed/graf-row.png',11745,'e9fe34a76fa83a49e8879fe9cb4ac207c166f00a',0,'graf-row.png','',NULL,'2018-07-19 11:18:04','2018-07-19 11:18:04',1,2,1,29),
	(37,'filer_public/42/37/4237d567-2b1f-44b9-b5d1-94f0e07b173c/graf.png',8433,'86d39fadf2a363dd289963a8b09272061f69ba56',0,'graf.png','',NULL,'2018-07-19 11:18:05','2018-07-19 11:18:05',1,2,1,29),
	(38,'filer_public/04/49/0449356b-d32a-4432-9e06-67f36da049d6/grap-row.png',12166,'7151582aef53896bb42a417e17c0a6b42af94a82',0,'grap-row.png','',NULL,'2018-07-19 11:18:05','2018-07-19 11:18:05',1,2,1,29),
	(39,'filer_public/4e/c2/4ec26e03-e87a-4858-8975-3c3c4a396c05/half-buble.svg',370,'8021f1a680ed0d4bdb297e41233b2c32317d433d',0,'half-buble.svg','',NULL,'2018-07-19 11:18:06','2018-07-19 11:18:06',1,2,1,26),
	(40,'filer_public/38/63/386343ec-a63c-44ce-8b6a-2f9175bdea34/hammer.png',2222,'bc156ce0e25311d769c8d86d89dd45a71738fb2e',0,'hammer.png','',NULL,'2018-07-19 11:18:06','2018-07-19 11:18:06',1,2,1,29),
	(41,'filer_public/d3/d7/d3d783d1-233c-44e4-ae42-f537eba98646/house.png',2343,'407a6f3dd371b7de65af26da0cc8b6ec7e1343c6',0,'house.png','',NULL,'2018-07-19 11:18:06','2018-07-19 11:18:06',1,2,1,29),
	(42,'filer_public/65/10/651020f9-6d97-4926-999c-291aba598376/hp-banner.jpg',28611,'357b0d9417a6d7ddb3169aef6983bccb42a54696',0,'hp-banner.jpg','',NULL,'2018-07-19 11:18:06','2018-07-19 11:18:06',1,2,1,29),
	(43,'filer_public/2e/bd/2ebd1581-c7ef-47f6-850e-d90798a669ed/job-banner.jpg',28887,'b76c5c47074d1da04cff4a06b9f100a5e38339b3',0,'job-banner.jpg','',NULL,'2018-07-19 11:18:07','2018-07-19 11:18:07',1,2,1,29),
	(44,'filer_public/8b/fd/8bfdc397-0b9a-4d3b-b50e-c0a92d4e946b/lab.png',2891,'a86bb8e739d5b82aa505ca868231d572e99da3be',0,'lab.png','',NULL,'2018-07-19 11:18:07','2018-07-19 11:18:07',1,2,1,29),
	(45,'filer_public/c3/59/c35952f0-5727-401d-a911-1e48b6dbba5f/logo-bg.svg',584,'9b57b4e7f62da09c611e6b58109929a6d8875727',0,'logo-bg.svg','',NULL,'2018-07-19 11:18:08','2018-07-19 11:18:08',1,2,1,26),
	(46,'filer_public/b9/6a/b96a80b9-3e80-459e-99b8-2561a2b3e083/logo.svg',20895,'fd0d250169aa22fb5c1eff1820c4975255bb3d1a',0,'logo.svg','',NULL,'2018-07-19 11:18:09','2018-07-19 11:18:09',1,2,1,26),
	(47,'filer_public/4e/e1/4ee1899c-21dc-4885-ba5f-891702f5e2c7/marker.png',770,'e4bfde757deb1eecb5b73fcab2df8828279b6d2f',0,'marker.png','',NULL,'2018-07-19 11:18:09','2018-07-19 11:18:09',1,2,1,29),
	(48,'filer_public/e3/e8/e3e81490-e1dc-4538-b140-03ad0386f7df/map.png',66200,'fb6b8eec4fd560439f12f6a6431d3c79a97bba8e',0,'map.png','',NULL,'2018-07-19 11:18:09','2018-07-19 11:18:09',1,2,1,29),
	(49,'filer_public/55/36/55361e16-f515-485e-8e7b-ebd8aefb1518/person.svg',139,'7ca0a07f6f1b4d266b9da3def1f8011f7d3c51b1',0,'person.svg','',NULL,'2018-07-19 11:18:09','2018-07-19 11:18:09',1,2,1,26),
	(50,'filer_public/47/51/4751472b-1930-4a7f-9dfd-e414f66b5375/proboston-creative.png',7321,'b751f9dd66076de2f4e70c17a3f89abd2d949546',0,'proboston-creative.png','',NULL,'2018-07-19 11:18:09','2018-07-19 11:18:09',1,2,1,29),
	(51,'filer_public/e8/de/e8de0628-2117-4ca7-9e9b-bd7eda3c046c/quote-end.svg',1722,'19da2b0fbedb20ea0bd1d2c873eb7dc87808474d',0,'quote-end.svg','',NULL,'2018-07-19 11:18:10','2018-07-19 11:18:10',1,2,1,26),
	(52,'filer_public/99/c3/99c3a360-d335-4335-a280-4b07b679b841/process-bg.jpg',46369,'4ab3094d7df0911784e1ea3eb3d92f9506225286',0,'process-bg.jpg','',NULL,'2018-07-19 11:18:10','2018-07-19 11:18:10',1,2,1,29),
	(53,'filer_public/25/a1/25a1e61b-6945-45f9-ab86-03274290c033/quote-start.svg',1635,'66a0be7544abcc08cff64e76d7bd51afd8089763',0,'quote-start.svg','',NULL,'2018-07-19 11:18:10','2018-07-19 11:18:10',1,2,1,26),
	(54,'filer_public/00/8a/008aee44-b1c8-4abd-aec0-052de54b7603/quotes.svg',833,'12d44ae42c833c02aef8956cfba53bbb76a4775f',0,'quotes.svg','',NULL,'2018-07-19 11:18:10','2018-07-19 11:18:10',1,2,1,26),
	(55,'filer_public/89/70/8970beb3-a5ba-482b-9bff-70223b481c51/right-arrow-white.svg',865,'63e0074aacb6dc77361db1bb1509c01877b0f3bc',0,'right-arrow-white.svg','',NULL,'2018-07-19 11:18:10','2018-07-19 11:18:10',1,2,1,26),
	(56,'filer_public/26/2e/262efd27-ff06-4db4-af9b-a087064e7bbd/right-arrow.svg',845,'4b5fb2129c054df318b77f68e08d115aa8db246c',0,'right-arrow.svg','',NULL,'2018-07-19 11:18:10','2018-07-19 11:18:10',1,2,1,26),
	(57,'filer_public/55/af/55aff8e6-d98e-4220-9a32-943d2d6cee72/scales.png',2860,'f644549e26710707ef73d1fd44b73ae75d24f19d',0,'scales.png','',NULL,'2018-07-19 11:18:10','2018-07-19 11:18:10',1,2,1,29),
	(58,'filer_public/2d/8b/2d8be547-af50-42d3-8f3c-6aa336e16609/steak.png',4249,'ec960a5c88360ded19a1b5d9f27b6b28d9c4e4a9',0,'steak.png','',NULL,'2018-07-19 11:18:10','2018-07-19 11:18:10',1,2,1,29),
	(59,'filer_public/a3/94/a39441c2-5564-48ca-aa17-0e0c7abb0500/target.png',5312,'46ee5435595e909186b567030252d5ed95d1f210',0,'target.png','',NULL,'2018-07-19 11:18:11','2018-07-19 11:18:11',1,2,1,29),
	(60,'filer_public/1c/cc/1ccc7b7f-ebcd-4cb2-b682-d2666b18a6cb/thank-you-bg.png',24918,'1855986bf570688da3fd3363b0b433ffec79fde3',0,'thank-you-bg.png','',NULL,'2018-07-19 11:18:11','2018-07-19 11:18:11',1,2,1,29),
	(61,'filer_public/7e/c3/7ec33c46-3353-44d4-94e7-bb9d6ce3de34/thank-you-image.png',20655,'be9e55b029440d2dc81088cd7e32de7fb37b3cf0',0,'thank-you-image.png','',NULL,'2018-07-19 11:18:12','2018-07-19 11:18:12',1,2,1,29),
	(62,'filer_public/46/aa/46aa4cf9-375a-41b6-a1ba-c91a67745ca9/why-bg.jpg',76500,'ac223b059d1add5fa1fee68d2583584c2a9fd56a',0,'why-bg.jpg','',NULL,'2018-07-19 11:18:13','2018-07-19 11:18:13',1,2,1,29),
	(63,'filer_public/3e/e6/3ee67437-5a74-47de-a686-9c3f1610fd6b/mordor.jpg',13006,'59d7ed7abc4702f3f906f33ec5c28eacec5b8c77',0,'mordor.jpg','',NULL,'2018-07-19 11:26:35','2018-07-19 11:26:35',1,3,1,29),
	(64,'filer_public/b9/af/b9af184e-8850-48ab-ba1a-d7833a332eb1/sauron.jpg',123008,'d381d5158483e95e16580d2783f1f036004607b8',0,'sauron.jpg','',NULL,'2018-07-19 11:26:35','2018-07-19 11:26:35',1,3,1,29),
	(65,'filer_public/ed/26/ed266d74-3b29-4bc5-8c73-b77ee473e6de/ccs.jpg',6589,'6623d94a5d148df7902fdb58c9b21dc8cb5608da',0,'ccs.jpg','',NULL,'2018-07-19 11:28:13','2018-07-19 11:28:13',1,4,1,29),
	(66,'filer_public/c4/5b/c45b3389-7232-44bf-87c3-1097404cc180/adastra.jpg',22846,'154adaf355f4ce543b0a8fdddc5979983d3b67be',0,'adastra.jpg','',NULL,'2018-07-19 11:28:13','2018-07-19 11:28:13',1,4,1,29),
	(67,'filer_public/65/15/6515cfa1-8b29-40c3-b58d-378c8d4655c1/allianz.png',23100,'82422c837fe142f5c28d421ff55b58968f58751d',0,'allianz.png','',NULL,'2018-07-19 11:28:13','2018-07-19 11:28:13',1,4,1,29),
	(68,'filer_public/c6/5a/c65ac73e-edcc-41bd-a2ca-8617af5b3094/cortis-consulting.jpg',12465,'c82e47f74e67007023b995a9f8e60ad486e0568a',0,'cortis-consulting.jpg','',NULL,'2018-07-19 11:28:14','2018-07-19 11:28:14',1,4,1,29),
	(69,'filer_public/eb/3b/eb3b080b-bd83-4c40-800b-d68849973b5f/csob-logo.png',6753,'09b5a16e81f8c7fa40efbbf0060e21834c10ad4e',0,'csob-logo.png','',NULL,'2018-07-19 11:28:14','2018-07-19 11:28:14',1,4,1,29),
	(70,'filer_public/a8/d7/a8d799a7-597e-4275-9e5d-1bf3450d3ac2/deloitte.jpg',7968,'4893e6b014a46e154b9af7026649bde61777d92c',0,'deloitte.jpg','',NULL,'2018-07-19 11:28:15','2018-07-19 11:28:15',1,4,1,29),
	(71,'filer_public/cd/99/cd99a21c-8704-4d3e-ae77-ea6924a20d8a/f-logo.png',2655,'4a190b36e7fdb6b4a2b6e382eacd0b5327d3a489',0,'f-logo.png','',NULL,'2018-07-19 11:28:15','2018-07-19 11:28:15',1,4,1,29),
	(72,'filer_public/52/fe/52fe7a2e-e879-4b76-a1a2-e37c38966212/flextronics.jpg',9912,'557ca7cd334b3978f54045c5c0abd92e89b57c12',0,'flextronics.jpg','',NULL,'2018-07-19 11:28:16','2018-07-19 11:28:16',1,4,1,29),
	(73,'filer_public/c3/8d/c38d9128-3246-4ec1-b85e-6a850925096b/ikey.png',12218,'443f7a296d5c76b01385bd7039c5310d48e55f97',0,'ikey.png','',NULL,'2018-07-19 11:28:16','2018-07-19 11:28:16',1,4,1,29),
	(74,'filer_public/5a/15/5a158170-cc90-495a-b490-205d7897b12f/plzensky-prazdroj.jpg',16348,'a5f8cf2fc10fb84bce52a1b27f5a3560400a876e',0,'plzensky-prazdroj.jpg','',NULL,'2018-07-19 11:28:16','2018-07-19 11:28:16',1,4,1,29),
	(75,'filer_public/7a/70/7a701437-5d84-4a0e-979d-f2e88599550e/beer.png',1149,'546c1a83a8dcea502a8175ccddfaf6fb440b4cc6',0,'beer.png','',NULL,'2018-07-19 15:13:11','2018-07-19 15:13:11',1,5,1,29),
	(76,'filer_public/c4/75/c47571cd-0f8c-4a68-9838-008ef74731b7/5.png',1147,'5bcecccd6adb682ba0f2d4544173a49104ed2704',0,'5.png','',NULL,'2018-07-19 15:13:11','2018-07-19 15:13:11',1,5,1,29),
	(77,'filer_public/14/19/14198386-7178-4597-9761-a47646377c64/arrow-right.png',226,'f8b8f96c04eceb1a6f4554f5a85f76c5efb6fa46',0,'arrow-right.png','',NULL,'2018-07-19 15:13:11','2018-07-19 15:13:11',1,5,1,29),
	(78,'filer_public/90/cd/90cd53ff-12fe-42a0-97fa-55cc80339fbd/center-person.png',2363,'84897a4a24f765b0edca550a71d14a9b967662d7',0,'center-person.png','',NULL,'2018-07-19 15:13:12','2018-07-19 15:13:12',1,5,1,29),
	(79,'filer_public/03/20/0320b11a-591d-4ba7-acb9-cf70c318469c/chair.png',1708,'959ab91a5e45ee993d11c370d7611336f61ed55e',0,'chair.png','',NULL,'2018-07-19 15:13:12','2018-07-19 15:13:12',1,5,1,29),
	(80,'filer_public/fb/15/fb159c45-0522-4684-ab37-17e906653482/chat-heart.png',1790,'ddf5929fa8aeb750994cafa5f56268ffad4fef98',0,'chat-heart.png','',NULL,'2018-07-19 15:13:12','2018-07-19 15:13:12',1,5,1,29),
	(81,'filer_public/e5/70/e5707604-c4fa-42d4-ae95-a3fe549ca6ac/chat-bubble.png',1511,'9846c2c81a28d9b8d764a7020f653a2be437b436',0,'chat-bubble.png','',NULL,'2018-07-19 15:13:12','2018-07-19 15:13:12',1,5,1,29),
	(82,'filer_public/6d/9d/6d9dc3ca-d3c5-43b4-bf09-153e4cc841bd/chat-human-black.png',1978,'2c70b4e98a5f0ebe7285ff092b5b4b3cdc00ac5c',0,'chat-human-black.png','',NULL,'2018-07-19 15:13:12','2018-07-19 15:13:12',1,5,1,29),
	(83,'filer_public/1b/f4/1bf4b89c-d4a2-4559-8e3c-34a43f8a6520/chat-human.png',1337,'5060421c2908510673364212a407aad8f7e230f3',0,'chat-human.png','',NULL,'2018-07-19 15:13:13','2018-07-19 15:13:13',1,5,1,29),
	(84,'filer_public/07/4f/074f4c3e-bca4-409e-89a1-610de279a371/chat.png',252,'52afac850ab3ba25a592e1d992eca2ef1a47c075',0,'chat.png','',NULL,'2018-07-19 15:13:13','2018-07-19 15:13:13',1,5,1,29),
	(85,'filer_public/da/d8/dad87021-c8d7-490d-93e1-fab82876437e/computer.png',578,'6c99f8bea4a355cf85520c935ac9bbc0ceffcc0e',0,'computer.png','',NULL,'2018-07-19 15:13:13','2018-07-19 15:13:13',1,5,1,29),
	(86,'filer_public/1f/a6/1fa64916-2121-4e09-ac1a-1edef869e16c/diplom-small.png',320,'332e590181f9fbca22bbe6926d88855cefc3d83d',0,'diplom-small.png','',NULL,'2018-07-19 15:13:15','2018-07-19 15:13:15',1,5,1,29),
	(87,'filer_public/45/43/4543ef32-2db7-4505-953b-7fc23b1daeeb/envelope.png',2134,'6cf494fe4f08d8d3dcd090c1bf5e3308186c0360',0,'envelope-black.png','','','2018-07-19 15:13:15','2018-08-14 18:08:33',1,5,1,29),
	(88,'filer_public/6a/0d/6a0dd9e4-0651-45ee-88e2-d7b401532851/envelope.png',790,'1a0f30190bb6ebaac62676be8126b21550155f68',0,'envelope.png','',NULL,'2018-07-19 15:13:15','2018-07-19 15:13:15',1,5,1,29),
	(89,'filer_public/22/e1/22e129b6-cfc1-4a4c-85e8-f70d49ec0f34/in.png',367,'80dc102ccf1bdccf82d7c2855b1baa125097b651',0,'in.png','',NULL,'2018-07-19 15:13:16','2018-07-19 15:13:16',1,5,1,29),
	(90,'filer_public/dd/6a/dd6a258d-98f8-45d6-8134-76f6ac4bcd2d/folder.png',811,'a48cb96ddf258f13b7e692373f2ae673744f87ed',0,'folder.png','',NULL,'2018-07-19 15:13:16','2018-07-19 15:13:16',1,5,1,29),
	(91,'filer_public/59/a4/59a4738f-b3b9-46a3-97f0-dba3af87c1e3/job-type.png',336,'cd32f83884e25c7e11c92df05bb3ac0792ed00cc',0,'job-type.png','',NULL,'2018-07-19 15:13:16','2018-07-19 15:13:16',1,5,1,29),
	(92,'filer_public/29/40/2940216a-ea9e-4f44-9718-a218d294b8e4/key.png',1430,'2180ce43d869a0faa2a20b031395a6201ffb06cf',0,'key.png','',NULL,'2018-07-19 15:13:17','2018-07-19 15:13:17',1,5,1,29),
	(93,'filer_public/b8/e8/b8e8090e-49aa-4e0e-a0f6-6adc5b1d6ac0/line.png',860,'80b8e86d2d4e027595e6d79c94a4619cc18463f7',0,'line.png','',NULL,'2018-07-19 15:13:17','2018-07-19 15:13:17',1,5,1,29),
	(94,'filer_public/0e/cf/0ecf8263-c732-4825-8cc1-97d9f46c8d0a/location.png',490,'a6afece42297fb34e9f74aaaedb9a5ee9e14a700',0,'location.png','',NULL,'2018-07-19 15:13:17','2018-07-19 15:13:17',1,5,1,29),
	(95,'filer_public/3e/ee/3eeeae67-3074-4a8f-9d43-d0071d51f20c/location2.png',344,'2cc194a12e44baaf0c462060126ca0d224a1fff5',0,'location2.png','',NULL,'2018-07-19 15:13:19','2018-07-19 15:13:19',1,5,1,29),
	(96,'filer_public/23/a3/23a3e375-7dc6-4a7d-9602-3f9374de4cb4/message.png',492,'1e39db0e730b0e6670961bbefcabd524c72d15bf',0,'message.png','',NULL,'2018-07-19 15:13:19','2018-07-19 15:13:19',1,5,1,29),
	(97,'filer_public/1e/56/1e562f06-2804-4b25-8eb8-aaa2ee9b3a8b/pergamen.png',888,'946e233183e11488f27b2000045a05dab84eaf24',0,'pergamen.png','',NULL,'2018-07-19 15:13:19','2018-07-19 15:13:19',1,5,1,29),
	(98,'filer_public/c9/3f/c93ff6e3-ab34-4330-bbb4-075fca3973be/person.png',2144,'3a1fcf731686cd7c2f72646825d3f5b40bf890e3',0,'person.png','',NULL,'2018-07-19 15:13:19','2018-07-19 15:13:19',1,5,1,29),
	(99,'filer_public/33/80/3380227f-dee3-40ae-bf24-33b45fae6d7e/phone-no-ring.png',381,'ee4870ff0011eb13cc1e4ecf6bb86381cb40dece',0,'phone-no-ring.png','',NULL,'2018-07-19 15:13:19','2018-07-19 15:13:19',1,5,1,29),
	(100,'filer_public/e5/f9/e5f90307-b6fc-4af5-87b4-28465a12fd59/phone.png',667,'1577385f5546eddb0758b79610ef18cb2d8e7635',0,'phone.png','',NULL,'2018-07-19 15:13:20','2018-07-19 15:13:20',1,5,1,29),
	(101,'filer_public/b0/b7/b0b72cf1-0c20-4057-adf4-df8d44feeb8e/search.png',650,'814c64a7975825a94e4d9de8bfab1453285221df',0,'search.png','',NULL,'2018-07-19 15:13:20','2018-07-19 15:13:20',1,5,1,29),
	(102,'filer_public/72/bf/72bf6b07-d126-4912-93a8-85fb6440c017/settings.png',319,'bf9050503ff383db0dc8f84676cb11bbb745eb5f',0,'settings.png','',NULL,'2018-07-19 15:13:20','2018-07-19 15:13:20',1,5,1,29),
	(103,'filer_public/9f/43/9f431beb-2b64-4679-b22e-3f1091715069/tag.png',354,'e05c37133cf954cf50a4f4ee923b4aefb70200e8',0,'tag.png','',NULL,'2018-07-19 15:13:20','2018-07-19 15:13:20',1,5,1,29),
	(104,'filer_public/17/28/17286f55-7637-4d3a-9889-ee3dcaf3fba5/target.png',2163,'f635171c16e97adbcd4b790d9eacffeb9ca94664',0,'target.png','',NULL,'2018-07-19 15:13:21','2018-07-19 15:13:21',1,5,1,29),
	(105,'filer_public/3b/5b/3b5bfabe-313e-418d-90b8-888cb068089e/timer.png',528,'70c13af9f6cc94eeaf45ae0b97150410292cc1a3',0,'timer.png','',NULL,'2018-07-19 15:13:21','2018-07-19 15:13:21',1,5,1,29),
	(106,'filer_public/33/d7/33d701cf-c51e-4cce-9d76-64592cf34466/work-type.png',336,'cd32f83884e25c7e11c92df05bb3ac0792ed00cc',0,'work-type.png','',NULL,'2018-07-19 15:13:21','2018-07-19 15:13:21',1,5,1,29),
	(107,'filer_public/3e/e3/3ee33d3a-d079-4482-950c-8e5489b0176b/write.png',422,'22bd2202608f24a33be1fad2f6ea3d3328ed8f44',0,'write.png','',NULL,'2018-07-19 15:13:22','2018-07-19 15:13:22',1,5,1,29),
	(108,'filer_public/e4/d4/e4d4b139-2957-4aa9-9680-9b8f82fe9d13/grap-row.png',12166,'7151582aef53896bb42a417e17c0a6b42af94a82',0,'grap-row.png','',NULL,'2018-07-23 14:51:18','2018-07-23 14:51:18',1,2,1,29),
	(110,'filer_public/57/4f/574fab7d-041d-4a8f-bfd9-6db5f8f2e490/graf-row.png',11745,'e9fe34a76fa83a49e8879fe9cb4ac207c166f00a',0,'graf-row.png','',NULL,'2018-07-23 14:51:18','2018-07-23 14:51:18',1,2,1,29),
	(111,'filer_public/05/e5/05e5248d-0951-42f5-a22c-a561b87826c5/map.png',66200,'fb6b8eec4fd560439f12f6a6431d3c79a97bba8e',0,'map.png','',NULL,'2018-07-23 14:51:19','2018-07-23 14:51:19',1,2,1,29),
	(112,'filer_public/59/b8/59b80ab4-e0dd-4efb-874b-efe24c21bc0c/sample1920x1080.jpg',2235,'28dbddf500472dad5e3a8d1a7d7d6d3c4a3821ee',0,'sample1920x1080.jpg','',NULL,'2018-07-23 14:55:09','2018-07-23 14:55:09',1,3,1,29),
	(113,'filer_public/ce/f4/cef41ca9-db90-480e-926a-7c7476474521/line_graph.png',161697,'d99ddef290202d032bacf0bf3961f3628b74fd12',0,'line_graph.png','',NULL,'2018-07-23 14:55:11','2018-07-23 14:55:11',1,3,1,29),
	(114,'filer_public/d4/20/d420e441-6010-4f1f-8b4d-e19d3feb574d/samplejpgimage_500kbmb.jpg',512017,'d558a90e40b78253aa2724bcf989d314d0501d6b',0,'SampleJPGImage_500kbmb.jpg','',NULL,'2018-07-23 14:55:18','2018-07-23 14:55:18',1,3,1,29),
	(115,'filer_public/eb/c4/ebc4c7c4-2406-4875-b5b8-5b0e168014a9/samplejpgimage_5mbmb.jpg',5266467,'2bf82898619b43d28817a8e94f12c0b63d63cf23',0,'SampleJPGImage_5mbmb.jpg','',NULL,'2018-07-23 14:55:49','2018-07-23 14:55:49',1,3,1,29),
	(116,'filer_public/4f/d6/4fd67249-b72f-4ee1-98a7-9db88a30bf07/lucie_tvrdikova.png',42869,'6698faa8a5fb94d80c349b27f58a72ba51f8b60c',0,'Lucie_Tvrdikova.png','',NULL,'2018-07-26 13:35:19','2018-07-26 13:35:19',1,6,1,29),
	(117,'filer_public/be/47/be473429-633f-4b9e-9665-296af556ec06/alzbetazembova.png',45396,'149063f1a7e56d4a1530a0ff901a5a676af753c6',0,'Alzbeta.Zembova.png','',NULL,'2018-07-26 13:35:20','2018-07-26 13:35:20',1,6,1,29),
	(118,'filer_public/15/a2/15a260e6-40a9-42fd-9087-acebc40e7e6f/marek_nov-k.png',38263,'bb6cc7bdb7978ac4315fc7309446e071843eec40',0,'Marek_Nov-k.png','',NULL,'2018-07-26 13:35:20','2018-07-26 13:35:20',1,6,1,29),
	(119,'filer_public/a6/d0/a6d0699d-0fb1-494a-b30c-8ae177f73f06/tomas_grosup.png',30247,'38f2f4a11b1b3b2479600cc5ce677b9c85ef1d3a',0,'Tomas_Grosup.png','',NULL,'2018-07-26 13:35:21','2018-07-26 13:35:21',1,6,1,29),
	(120,'filer_public/ee/b9/eeb980d7-a7be-450d-a497-69764318564d/vojtech_kotous.png',30541,'8aa42d29e7f9592271f66098241fedab11536526',0,'Vojtech_Kotous.png','',NULL,'2018-07-26 13:35:21','2018-07-26 13:35:21',1,6,1,29),
	(121,'filer_public/10/c4/10c42bc4-6846-4f84-9307-10600250b2e5/sokolov_andrei_portrait.png',36005,'2dbd4b175e70b4ad8514c39dc9e7f159cf0bf021',0,'Sokolov_Andrei_portrait.png','',NULL,'2018-07-26 13:35:22','2018-07-26 13:35:22',1,6,1,29),
	(122,'filer_public/1c/fa/1cfa2834-0ae9-4ed6-8487-2ed2548aa8e0/settings.png',5424,'3865ffa9605c1f1a63b75599cd131e611a478ccd',0,'settings.png','',NULL,'2018-07-27 09:48:57','2018-07-27 09:48:57',1,7,1,29),
	(123,'filer_public/f5/cd/f5cd62b0-459b-4fdf-b9b1-b294c9bcbdc2/pin.png',4893,'83a8c5dae86efe6951ad37ea1ef0697cb4c8f65b',0,'pin.png','',NULL,'2018-07-27 09:48:57','2018-07-27 09:48:57',1,7,1,29),
	(124,'filer_public/44/d9/44d9e241-7754-4ed2-8984-af6c54711ac8/clock.png',5234,'f7074737a7c5d54c71d7c19d4351f09072017496',0,'clock.png','',NULL,'2018-07-27 09:48:57','2018-07-27 09:48:57',1,7,1,29),
	(125,'filer_public/ce/6c/ce6c62e4-9e87-46ae-a257-2fc9ab2b7ff8/1.png',46113,'45636a2bd7e4f6a4ca18e6ec97e9e58c8c5d1392',0,'1.png','',NULL,'2018-07-27 11:25:36','2018-07-27 11:25:36',1,6,1,29),
	(126,'filer_public/d6/27/d6277cc8-60dd-46b1-bcb4-aa4b0909070b/blanka_rubisova.png',50641,'11a27ab5de2d16bbce4f2a5103395d4494d6fdec',0,'Blanka_Rubisova.png','',NULL,'2018-07-27 11:25:39','2018-07-27 11:25:39',1,6,1,29),
	(127,'filer_public/c7/6d/c76d7f5e-1bfa-4a94-96ec-08d2c1cdab4b/anna_vacikova.png',46113,'45636a2bd7e4f6a4ca18e6ec97e9e58c8c5d1392',0,'Anna_Vacikova.png','',NULL,'2018-07-27 11:25:39','2018-07-27 11:25:39',1,6,1,29),
	(128,'filer_public/76/85/7685bd99-bc30-4351-941b-b429c2cd95c6/eliska_chmelikova.png',52015,'d2ebe45ab7f9cab41b8a8de4e1df74106ac48f1f',0,'Eliska_Chmelikova.png','',NULL,'2018-07-27 11:25:41','2018-07-27 11:25:41',1,6,1,29),
	(129,'filer_public/fe/2b/fe2b247c-8959-4d8e-a0ab-59f4f16b5daf/gabriela_skalova.png',53312,'b2273585cfa78400ec6236808eb20ec9e4877739',0,'Gabriela_Skalova.png','',NULL,'2018-07-27 11:25:41','2018-07-27 11:25:41',1,6,1,29),
	(130,'filer_public/2e/5e/2e5eac83-5be2-4481-a749-5eb9549c4853/jana_dufkova.png',41070,'33e615c9399ba0e1f8150f9c6a8574ac68a6bc4c',0,'Jana_Dufkova.png','',NULL,'2018-07-27 11:25:42','2018-07-27 11:25:42',1,6,1,29),
	(131,'filer_public/7d/80/7d801310-3b3a-4336-b2e0-4c1656385701/illya_pavlov.png',53554,'633cb8020784757ac5ff8ff794ecaf2e756eaa32',0,'Illya_Pavlov.png','',NULL,'2018-07-27 11:25:42','2018-07-27 11:25:42',1,6,1,29),
	(132,'filer_public/6a/97/6a97e91a-c070-4f78-b7aa-5fa61d4b9837/jitka-klickova.png',51496,'b322a85b6075f11b70c9d7964cf64e5365797e06',0,'Jitka-Klickova.png','',NULL,'2018-07-27 11:25:43','2018-07-27 11:25:43',1,6,1,29),
	(133,'filer_public/27/a1/27a14f0e-f7cc-4193-9954-19d7b2ed2e04/katerina_paleckova.png',51968,'3e9a7738a5f5d17f0abc27c848a537ecab6da9d5',0,'Katerina_Paleckova.png','',NULL,'2018-07-27 11:25:43','2018-07-27 11:25:43',1,6,1,29),
	(135,'filer_public/8b/bc/8bbccb4a-1778-4246-97a4-98eb545409d7/lucie_stankova.png',50071,'2ff0829a478851ba6dc494b9347b9e556a091b6f',0,'Lucie_Stankova.png','',NULL,'2018-07-27 11:25:44','2018-07-27 11:25:44',1,6,1,29),
	(136,'filer_public/2b/15/2b15f055-0c14-4b9b-a466-7592bdabf5e2/lucie_tvrdikova.png',48524,'adb7e57fc8cdf4a786d55b4c5135b86d04c7638d',0,'Lucie_Tvrdikova.png','',NULL,'2018-07-27 11:25:44','2018-07-27 11:25:44',1,6,1,29),
	(137,'filer_public/38/b3/38b36216-2296-49bc-ac23-6e902e0d4faa/marketa_koudelova.png',50557,'58710b9f28989a520661a51214da3124e8916d3a',0,'Marketa_Koudelova.png','',NULL,'2018-07-27 11:25:45','2018-07-27 11:25:45',1,6,1,29),
	(138,'filer_public/53/9b/539b44b1-ee85-47ad-b5d6-12093a161508/nikola_navratilova.png',52919,'c26245ba48715bbbc4f95be9b23f83b8cc653d3e',0,'Nikola_Navratilova.png','',NULL,'2018-07-27 11:25:45','2018-07-27 11:25:45',1,6,1,29),
	(139,'filer_public/ac/db/acdb3100-3819-43d0-97a8-09c7d2762c40/michala_klapalova.png',49317,'647c531cd403f707b9cc0fd7262d9fc4c2d9503c',0,'Michala_Klapalova.png','',NULL,'2018-07-27 11:25:46','2018-07-27 11:25:46',1,6,1,29),
	(140,'filer_public/a2/2e/a22e9e4f-db0c-4de7-9634-7f0706a650b8/sarka_blahovcova.png',50444,'f8131b1867b8fffab383dcb6c70f115800666e7b',0,'Sarka_Blahovcova.png','',NULL,'2018-07-27 11:25:46','2018-07-27 11:25:46',1,6,1,29),
	(141,'filer_public/2a/79/2a7982ee-2d8a-4974-9050-850028934024/tereza_simotova.png',43556,'99ad8c807b6182264aa857c1f8b0348bbdbd35e3',0,'Tereza_Simotova.png','',NULL,'2018-07-27 11:25:47','2018-07-27 11:25:47',1,6,1,29),
	(142,'filer_public/e6/f1/e6f15c2b-d50a-4b4b-b9a3-b5526f60e6f8/tereza_jarolimkova.png',46702,'99baf60bfd59b12a65349df2dea96acc91f9d6d6',0,'Tereza_Jarolimkova.png','',NULL,'2018-07-27 11:25:47','2018-07-27 11:25:47',1,6,1,29),
	(143,'filer_public/68/64/68647966-89f2-4c24-90a0-8496267861b8/veronika_benackova.png',59434,'aaf2fea92b7c51071a76f9f09c3a9f07c7ae7446',0,'Veronika_Benackova.png','',NULL,'2018-07-27 11:25:47','2018-07-27 11:25:47',1,6,1,29),
	(144,'filer_public/b7/ba/b7ba0f21-650d-41b7-838d-01048c15da25/illya_pavlov.png',53554,'633cb8020784757ac5ff8ff794ecaf2e756eaa32',0,'Illya_Pavlov.png','',NULL,'2018-07-27 13:04:16','2018-07-27 13:04:16',1,3,1,29),
	(145,'filer_public/59/eb/59eb4f27-38ed-4678-87a2-6c50f01f6a41/illya_pavlov.png',53554,'633cb8020784757ac5ff8ff794ecaf2e756eaa32',0,'Illya_Pavlov.png','',NULL,'2018-07-27 13:28:48','2018-07-27 13:28:48',1,6,1,29),
	(146,'filer_public/4e/5a/4e5a74a4-560b-490d-bca4-24a32d57242f/tereza_simotova.png',43556,'99ad8c807b6182264aa857c1f8b0348bbdbd35e3',0,'Tereza_Simotova.png','',NULL,'2018-07-27 13:36:51','2018-07-27 13:36:51',1,2,1,29),
	(148,'filer_public/1b/25/1b25eca1-3371-494e-bfcd-ff7967b0bb09/tereza_simotova.png',43556,'99ad8c807b6182264aa857c1f8b0348bbdbd35e3',0,'Tereza_Simotova.png','',NULL,'2018-07-27 13:38:34','2018-07-27 13:38:34',1,2,1,29),
	(149,'filer_public/69/54/6954b82f-87ec-4b22-b41c-f1a797d8caca/lucie_stankova.png',50071,'2ff0829a478851ba6dc494b9347b9e556a091b6f',0,'Lucie_Stankova.png','',NULL,'2018-07-27 14:06:05','2018-07-27 14:06:05',1,2,1,29),
	(150,'filer_public/7c/4f/7c4f684d-5732-4fd4-8c34-8fff48c09a20/illya_pavlov.png',53554,'633cb8020784757ac5ff8ff794ecaf2e756eaa32',0,'Illya_Pavlov.png','',NULL,'2018-07-30 07:55:54','2018-07-30 07:55:54',1,2,1,29),
	(151,'filer_public/44/0a/440a07c0-d44f-4e75-a264-b64a04e57921/blanka_rubisova.png',50641,'11a27ab5de2d16bbce4f2a5103395d4494d6fdec',0,'Blanka_Rubisova.png','',NULL,'2018-07-30 07:56:56','2018-07-30 07:56:56',1,2,1,29),
	(152,'filer_public/ab/88/ab88967b-ccc1-4713-b1bd-e57ebaa2e4c4/michala_klapalova.png',49317,'647c531cd403f707b9cc0fd7262d9fc4c2d9503c',0,'Michala_Klapalova.png','',NULL,'2018-07-30 07:57:51','2018-07-30 07:57:51',1,3,1,29),
	(153,'filer_public/c6/8f/c68f6486-eb45-435a-b025-2277fd319de5/anna_vacikova.png',46113,'45636a2bd7e4f6a4ca18e6ec97e9e58c8c5d1392',0,'Anna_Vacikova.png','',NULL,'2018-07-30 07:59:07','2018-07-30 07:59:07',1,2,1,29),
	(154,'filer_public/96/30/9630297b-1fdf-48ee-87bd-233e2c232997/gabriela_skalova.png',53312,'b2273585cfa78400ec6236808eb20ec9e4877739',0,'Gabriela_Skalova.png','',NULL,'2018-07-30 07:59:55','2018-07-30 07:59:55',1,2,1,29),
	(155,'filer_public/b5/54/b554333c-c0d9-4b01-ba06-3daf5a8eeda7/tereza_jarolimkova.png',46702,'99baf60bfd59b12a65349df2dea96acc91f9d6d6',0,'Tereza_Jarolimkova.png','',NULL,'2018-07-30 08:01:25','2018-07-30 08:01:25',1,2,1,29),
	(156,'filer_public/6c/8d/6c8de655-555d-4c4a-afe6-378888917d92/lucie_stankova.png',50071,'2ff0829a478851ba6dc494b9347b9e556a091b6f',0,'Lucie_Stankova.png','',NULL,'2018-07-30 08:02:40','2018-07-30 08:02:40',1,2,1,29),
	(157,'filer_public/72/d9/72d97001-32c6-4e0f-93ab-efe3bf75dabd/katerina_paleckova.png',51968,'3e9a7738a5f5d17f0abc27c848a537ecab6da9d5',0,'Katerina_Paleckova.png','',NULL,'2018-07-30 08:03:21','2018-07-30 08:03:21',1,2,1,29),
	(158,'filer_public/47/6b/476b2fd2-23c5-4132-8397-a515bf048aca/tereza_simotova.png',43556,'99ad8c807b6182264aa857c1f8b0348bbdbd35e3',0,'Tereza_Simotova.png','',NULL,'2018-07-30 08:04:12','2018-07-30 08:04:12',1,2,1,29),
	(159,'filer_public/d6/48/d6480532-98e1-42b9-8960-0b8bf9e0fa0a/tereza_simotova.png',43556,'99ad8c807b6182264aa857c1f8b0348bbdbd35e3',0,'Tereza_Simotova.png','',NULL,'2018-07-30 08:04:30','2018-07-30 08:04:30',1,2,1,29),
	(160,'filer_public/77/dc/77dc5ea2-d03c-4d78-98d8-cde7fd6c1f84/nikola_navratilova.png',52919,'c26245ba48715bbbc4f95be9b23f83b8cc653d3e',0,'Nikola_Navratilova.png','',NULL,'2018-07-30 08:05:49','2018-07-30 08:05:49',1,2,1,29),
	(161,'filer_public/d9/f7/d9f7480b-d45f-4285-9c21-262df1d9fddf/veronika_benackova.png',59434,'aaf2fea92b7c51071a76f9f09c3a9f07c7ae7446',0,'Veronika_Benackova.png','',NULL,'2018-07-30 08:06:25','2018-07-30 08:06:25',1,2,1,29),
	(162,'filer_public/50/ff/50ff123f-f132-4197-a40b-5d6680f475b5/eliska_chmelikova.png',52015,'d2ebe45ab7f9cab41b8a8de4e1df74106ac48f1f',0,'Eliska_Chmelikova.png','',NULL,'2018-07-30 08:07:09','2018-07-30 08:07:09',1,2,1,29),
	(163,'filer_public/41/68/41681dca-9af6-430b-abcd-608b97eb7175/marketa_koudelova.png',50557,'58710b9f28989a520661a51214da3124e8916d3a',0,'Marketa_Koudelova.png','',NULL,'2018-07-30 08:07:54','2018-07-30 08:07:54',1,2,1,29),
	(164,'filer_public/67/01/6701e1da-ab46-49ef-a02a-b1f18f486c51/jana_dufkova.png',41070,'33e615c9399ba0e1f8150f9c6a8574ac68a6bc4c',0,'Jana_Dufkova.png','',NULL,'2018-07-30 08:08:41','2018-07-30 08:08:41',1,2,1,29),
	(165,'filer_public/9d/12/9d129a95-0dd0-4044-875d-84d9d5639ce3/michala_klapalova.png',49317,'647c531cd403f707b9cc0fd7262d9fc4c2d9503c',0,'Michala_Klapalova.png','',NULL,'2018-07-30 08:10:31','2018-07-30 08:10:31',1,2,1,29),
	(166,'filer_public/b6/4e/b64ef0f4-79a0-4be7-b3d1-9af94144a490/jitka-klickova.png',51496,'b322a85b6075f11b70c9d7964cf64e5365797e06',0,'Jitka-Klickova.png','',NULL,'2018-07-30 08:11:55','2018-07-30 08:11:55',1,2,1,29),
	(167,'filer_public/ed/9b/ed9b3b1a-8062-4967-bc6e-b989ed332676/martin_hudos_reference_delloite.png',53807,'4a5ea9aa3690c85474ce055e15fc9a9ca9618cde',0,'Martin Hudos_Reference_Delloite.png','',NULL,'2018-07-31 08:48:19','2018-07-31 08:48:19',1,6,1,29),
	(168,'filer_public/c2/e9/c2e94656-33c9-4d32-86f2-a7ee7c99bb72/michal_rozehnal__reference_reporting.png',64121,'29b07ab396be83b94841aa8870e1bb81f515de68',0,'Michal Rozehnal_ Reference_Reporting.png','',NULL,'2018-07-31 08:48:29','2018-07-31 08:48:29',1,6,1,29),
	(169,'filer_public/59/ed/59ed28b2-76bd-449f-8c6d-dd9df3d40671/logo1.png',6363,'910e279fa52caa339e7ca4a8cb379748407633fa',0,'logo1.png','',NULL,'2018-07-31 08:48:46','2018-07-31 08:48:46',1,2,1,29),
	(170,'filer_public/1b/f1/1bf1fd68-9dcf-4d9a-9454-a57c74303ea4/logo2.png',5116,'6a1d5737435224dc3993207f8fbbf2c1d8537d2d',0,'logo2.png','',NULL,'2018-07-31 08:48:49','2018-07-31 08:48:49',1,2,1,29),
	(171,'filer_public/f9/e4/f9e48074-78ab-41a0-8851-6b0e013f191e/reference_csob.png',5226,'ced9d6f8ba666187b5396e8fbe132715bf8dd35f',0,'reference_csob.png','',NULL,'2018-07-31 10:31:04','2018-07-31 10:31:04',1,4,1,29),
	(172,'filer_public/86/89/8689105f-1c33-4356-b281-177a9d3e7c83/reference_financnisprava.png',2715,'7776d6cc601f5ff2e07b95980d58a0246347b47b',0,'reference_financnisprava.png','',NULL,'2018-07-31 10:31:04','2018-07-31 10:31:04',1,4,1,29),
	(173,'filer_public/c3/ba/c3ba6153-5a9b-4a99-afbb-5fdf9365cd6a/reference_ikea.png',11192,'e59b70f8fc1959eecdf9224a67ab4595f52e07b5',0,'reference_ikea.png','',NULL,'2018-07-31 10:31:04','2018-07-31 10:31:04',1,4,1,29),
	(174,'filer_public/2d/95/2d95321b-ee34-4a0a-970d-fca01d5db2b7/reference_velkabanka.png',2822,'3848e943be7041cae1edc131b5d0c069694d96ae',0,'reference_velkabanka.png','',NULL,'2018-07-31 10:31:05','2018-07-31 10:31:05',1,4,1,29),
	(175,'filer_public/f9/c1/f9c1796e-a350-4167-af14-ad5d02ef0982/reference_ikea.png',14904,'1c2bffc3ce162f4c696a97310d417270e8858a98',0,'reference_ikea.png','',NULL,'2018-07-31 10:36:11','2018-07-31 10:36:11',1,4,1,29),
	(176,'filer_public/1d/cb/1dcbdf09-75be-4f98-869b-cabdc2ba0d5d/center-person.png',3509,'371ff0b712ab7e1a2468e31e8f61bf1aafd28e72',0,'center-person.png','',NULL,'2018-08-01 11:07:33','2018-08-01 11:07:33',1,5,1,29),
	(177,'filer_public/e4/37/e43749ca-3a1a-4187-80f3-359d6bce54c6/person.png',3119,'e36c8539db61cbd259505fa413129d128612e5b7',0,'person.png','',NULL,'2018-08-01 11:08:19','2018-08-01 11:08:19',1,5,1,29),
	(178,'filer_public/34/b2/34b267bf-07bf-4529-9d7a-17f9cefa90c2/logo_commerz.png',18811,'fc981219a26a582991b5d5052439b00b8ef10992',0,'logo_Commerz.png','',NULL,'2018-08-01 11:16:11','2018-08-01 11:16:11',1,4,1,29),
	(179,'filer_public/34/c2/34c2691d-44a9-418a-9a12-ce6d34c2e592/logo_deloitte.png',5796,'babf910d50abe26341d4a90b555a8cadfed0614c',0,'logo_deloitte.png','',NULL,'2018-08-01 11:16:11','2018-08-01 11:16:11',1,4,1,29),
	(180,'filer_public/05/90/0590f0d8-89dc-4f13-8b2a-302ffe0a5e0b/logo_pbc.png',22336,'378782ef3c7cae35c15a826df3a0f5b9211da92d',0,'logo_pbc.png','',NULL,'2018-08-01 11:16:11','2018-08-01 11:16:11',1,4,1,29),
	(181,'filer_public/dc/c8/dcc83287-2ef4-47e7-9e98-9f9d95f2c665/logo_reporting.png',10111,'eede8d86b33b9fb91f57d8338375613ee431e99f',0,'logo_reporting.png','',NULL,'2018-08-01 11:16:12','2018-08-01 11:16:12',1,4,1,29),
	(182,'filer_public/b0/65/b06548f7-ec0c-41df-b69b-afb8058671a7/graf03.svg',9978,'f839592a7be9d1c9ce1cb4ba37b1783218ba1c68',0,'Graf03.svg','',NULL,'2018-08-02 08:43:37','2018-08-02 08:43:37',1,3,1,26),
	(183,'filer_public/34/fa/34fa12f6-7465-433e-bf1f-9a7e6217c253/graf03.jpg',419509,'1ae99b133c8b5e0cc4eb95ce244bb5f7fadee80d',0,'Graf03.jpg','',NULL,'2018-08-02 08:45:39','2018-08-02 08:45:39',1,3,1,29),
	(184,'filer_public/21/65/2165f332-5435-4379-8113-e35f5d54076b/graf_03.jpg',648136,'0e3e77e9304f15c438e27b0d9c9eb12087800b1f',0,'Graf_03.jpg','',NULL,'2018-08-02 08:47:59','2018-08-02 08:47:59',1,3,1,29),
	(185,'filer_public/73/b6/73b6d304-e1a6-4cb1-8ad6-0995e08d3f96/chair.png',821694,'5d8bf5176dcaf3027b74ad4ae6b7737beb922d08',0,'chair.png','',NULL,'2018-08-02 09:03:28','2018-08-02 09:03:28',1,5,1,29),
	(187,'filer_public/13/41/1341859f-5034-4ab6-be59-b106107f0ca9/terc.png',834687,'737875a48f871cf06302c445a31e85c35e12ea46',0,'Terč.png','',NULL,'2018-08-02 09:06:31','2018-08-02 09:06:31',1,5,1,29),
	(188,'filer_public/f1/dd/f1ddedf3-cbf8-409c-928a-9c9e8238cfd7/graf_01.png',29209,'4774d1ef837c6e4eca379f7bf09a1af90aa34ef6',0,'Graf 01.png','',NULL,'2018-08-08 18:12:17','2018-08-08 18:12:17',1,2,1,29),
	(189,'filer_public/3e/67/3e6776a2-9866-49c9-a7f0-efef084a6bec/illya_pavlov_small.png',66071,'f6cadc8b474cf5c9cad58326225bf3ff7c9eb754',0,'illya_pavlov_small.png','',NULL,'2018-08-09 12:48:41','2018-08-09 12:48:41',1,3,1,29),
	(190,'filer_public/ae/c9/aec9837c-9543-46ff-85b7-33e04b293f04/absolvujte_teorii.png',1891,'320afc8fe5086833abbd06b6dc88ed10d65658d5',0,'Absolvujte teorii.png','',NULL,'2018-08-14 16:45:24','2018-08-14 16:45:24',1,5,1,29),
	(191,'filer_public/f0/c2/f0c20800-2097-4f9d-b50f-e7bf92be0b22/zaregistrujte_se.png',957,'650e4a4346dd80d173be46e1049e7c53dfb08075',0,'Zaregistrujte se.png','',NULL,'2018-08-14 16:45:44','2018-08-14 16:45:44',1,5,1,29),
	(192,'filer_public/82/25/8225f062-575c-479b-9a25-f662ed6a099f/key_big.png',12898,'f6114f126a43da6bbd3f0c1813bf815a64744a08',0,'Key_big.png','',NULL,'2018-08-14 16:51:55','2018-08-14 16:51:55',1,8,1,29),
	(193,'filer_public/00/19/00193c64-64bb-4963-87ae-ad985db668e6/list_big.png',6940,'d23a454a54b5e876e0a4534f9d93138871594672',0,'List_big.png','',NULL,'2018-08-14 16:51:55','2018-08-14 16:51:55',1,8,1,29),
	(195,'filer_public/63/74/6374b831-e771-4896-a4f2-829097cf065d/target_big.png',14998,'16d1a93d1a7901b4edfb33be40dad4ce9cfba6a8',0,'Target_big.png','',NULL,'2018-08-14 16:51:55','2018-08-14 16:51:55',1,8,1,29),
	(196,'filer_public/ac/ad/acadaef3-c171-44f1-b089-c886444e16c2/folder_big.png',3933,'1072d628abccfb19fd3cba4e3bc24cc28193a157',0,'Folder_big.png','',NULL,'2018-08-14 16:51:56','2018-08-14 16:51:56',1,8,1,29),
	(197,'filer_public/4c/17/4c17893b-e01a-4325-9f6f-4e1036b7eafe/paper_big.png',6054,'5160e786115593e7b73aab162221bbe81d0c4828',0,'Paper_big.png','',NULL,'2018-08-14 16:52:35','2018-08-14 16:52:35',1,8,1,29),
	(198,'filer_public/21/2f/212f552b-0af9-47f0-a637-062956fa6c42/acamar_hp.mp4',9502857,'8a6c665fff3aefa4e598901b4a26b654c8cb2347',0,'Acamar_HP.mp4','',NULL,'2018-09-04 10:14:50','2018-09-04 10:14:50',1,1,1,42),
	(199,'filer_public/ee/d9/eed9e0a7-76f9-4600-9b25-5505c46107c8/reporting-cz.jpg',5148,'8acae34c9629414f48dd96227ba32e71ba80381e',0,'reporting-cz.jpg','',NULL,'2018-09-12 07:30:22','2018-09-12 07:30:22',1,2,1,29),
	(200,'filer_public/63/c2/63c2be07-6bc8-40db-bb4a-6330423ed6e3/veronika_benackova.png',59434,'aaf2fea92b7c51071a76f9f09c3a9f07c7ae7446',0,'veronika_benackova.png','',NULL,'2018-09-12 08:36:14','2018-09-12 08:36:14',1,2,1,29),
	(201,'filer_public/7d/fe/7dfe10f8-f4bb-4e6f-816a-63feede9fff2/header.mp4',10730719,'13d458f5f5acb0ff78bdda3dbf10a8244990f498',0,'header.mp4','',NULL,'2018-09-12 11:02:30','2018-09-12 11:02:30',1,1,1,42),
	(202,'filer_public/95/84/9584f24e-3942-4530-8d5f-7b2062086a2b/graf_01_en.png',21872,'7a795d36743dda1e38a9cf098eb39ce3b87882ae',0,'graf_01 en.png','',NULL,'2018-09-17 11:37:04','2018-09-17 11:37:04',1,2,1,29),
	(203,'filer_public/03/0e/030e6a86-b89d-4820-a259-240a61edccdb/graf_03_en.png',475463,'7c103ab76cd59a83ab816cbd54c08d997f002338',0,'graf_03 en.png','',NULL,'2018-09-17 11:37:35','2018-09-17 11:37:35',1,3,1,29),
	(204,'filer_public/2b/a5/2ba55866-ab17-4d67-adec-e04ae9f00cac/graf_01_ru.png',22224,'9585970b293588736e610646cd314e5e35e195f9',0,'graf_01 ru.png','',NULL,'2018-09-17 11:39:14','2018-09-17 11:39:14',1,2,1,29),
	(205,'filer_public/57/ff/57ffdb8a-aeec-4d32-aeea-ec0a20ae91e9/graf_03_ru.png',474969,'d801bc7aa8390b1706b49c43d29dd15c2e775dfb',0,'graf_03 ru.png','',NULL,'2018-09-17 11:39:36','2018-09-17 11:39:36',1,3,1,29),
	(206,'filer_public/ab/af/abafe084-cfc4-42da-bb01-8f410d6e2203/marketa_koudelova_v2.png',42152,'d9f17aa7c27d738b1d0a10c200334a3102d3f3fe',0,'marketa_koudelova_v2.png','',NULL,'2018-12-27 10:48:01','2018-12-27 10:48:01',1,2,1,29),
	(207,'filer_public/46/10/4610a66f-17fc-486f-b5f9-3358b15e76e9/tereza_jarolimkova_v2.png',36450,'63a6c527d33c610cfe097cf986c431d5f8f11edd',0,'tereza_jarolimkova_v2.png','',NULL,'2018-12-27 10:50:50','2018-12-27 10:50:50',1,2,1,29),
	(208,'filer_public/54/f8/54f88ddb-5c49-4523-b3c5-5ee9e5333db1/jitka_klickova_v2.png',38726,'7028ac20b704407c9ff5803beab17612ae7ba2ef',0,'jitka_klickova_v2.png','',NULL,'2018-12-27 10:51:53','2018-12-27 10:51:53',1,2,1,29),
	(209,'filer_public/dd/99/dd99cbfc-7c07-4dda-8e6f-c62551a15a7c/frantisek_mareth.png',29712,'107c9e636ef97cafc4db7168b9aed7500f47eb75',0,'frantisek_mareth.png','',NULL,'2019-01-07 15:33:19','2019-01-07 15:33:19',1,3,1,29),
	(210,'filer_public/43/80/43800d08-bc78-424e-8c10-4606e18d8099/anna_vacikova.png',39413,'f0a9015442b35eec85263cf047bebd6fc5ebec7a',0,'anna_vacikova.png','',NULL,'2019-01-07 15:40:26','2019-01-07 15:40:26',1,6,1,29),
	(211,'filer_public/8d/89/8d892492-940f-4cbe-839c-c8474c78dcae/frantisek_mareth.png',29712,'107c9e636ef97cafc4db7168b9aed7500f47eb75',0,'frantisek_mareth.png','',NULL,'2019-02-08 15:55:28','2019-02-08 15:55:28',1,6,1,29),
	(212,'filer_public/05/29/0529698d-ada9-4334-867d-ad519d11fdd9/tereza_birkova.png',41874,'f64649ed0751b2bfc8305da21a420d0b0557d56c',0,'tereza birkova.png','',NULL,'2019-05-06 17:15:08','2019-05-06 17:15:08',1,6,91,29),
	(213,'filer_public/4a/39/4a39cded-083a-4026-8c66-63a1b0ff0bd5/communication.png',6392,'cb25cbd5109e5f899540604830b1e351cb24c44e',0,'communication.png','',NULL,'2019-06-26 13:49:11','2019-06-26 13:49:11',1,2,91,29);

/*!40000 ALTER TABLE `filer_file` ENABLE KEYS */;
UNLOCK TABLES;


# Dump of table filer_folder
# ------------------------------------------------------------

DROP TABLE IF EXISTS `filer_folder`;

CREATE TABLE `filer_folder` (
  `id` int(11) NOT NULL AUTO_INCREMENT,
  `name` varchar(255) NOT NULL,
  `uploaded_at` datetime NOT NULL,
  `created_at` datetime NOT NULL,
  `modified_at` datetime NOT NULL,
  `lft` int(10) unsigned NOT NULL,
  `rght` int(10) unsigned NOT NULL,
  `tree_id` int(10) unsigned NOT NULL,
  `level` int(10) unsigned NOT NULL,
  `owner_id` int(11) DEFAULT NULL,
  `parent_id` int(11) DEFAULT NULL,
  PRIMARY KEY (`id`),
  UNIQUE KEY `filer_folder_parent_id_30ad83e34d901e49_uniq` (`parent_id`,`name`),
  KEY `filer_folder_caf7cc51` (`lft`),
  KEY `filer_folder_3cfbd988` (`rght`),
  KEY `filer_folder_656442a0` (`tree_id`),
  KEY `filer_folder_c9e9a848` (`level`),
  KEY `filer_folder_owner_id_6527f5f13a76f3ed_fk_auth_user_id` (`owner_id`),
  CONSTRAINT `filer_folder_owner_id_6527f5f13a76f3ed_fk_auth_user_id` FOREIGN KEY (`owner_id`) REFERENCES `auth_user` (`id`),
  CONSTRAINT `filer_folder_parent_id_4170098ac31c2cbf_fk_filer_folder_id` FOREIGN KEY (`parent_id`) REFERENCES `filer_folder` (`id`)
) ENGINE=InnoDB DEFAULT CHARSET=utf8;

LOCK TABLES `filer_folder` WRITE;
/*!40000 ALTER TABLE `filer_folder` DISABLE KEYS */;

INSERT INTO `filer_folder` (`id`, `name`, `uploaded_at`, `created_at`, `modified_at`, `lft`, `rght`, `tree_id`, `level`, `owner_id`, `parent_id`)
VALUES
	(1,'Main banner','2018-07-19 11:07:03','2018-07-19 11:07:03','2018-07-19 11:07:03',1,2,1,0,1,NULL),
	(2,'static','2018-07-19 11:17:38','2018-07-19 11:17:38','2018-07-19 11:17:38',1,8,2,0,1,NULL),
	(3,'test','2018-07-19 11:23:56','2018-07-19 11:23:56','2018-07-19 11:23:56',1,2,3,0,1,NULL),
	(4,'clients','2018-07-19 11:27:58','2018-07-19 11:27:58','2018-07-19 11:27:58',2,3,2,1,1,2),
	(5,'small-icons','2018-07-19 15:12:55','2018-07-19 15:12:55','2018-07-19 15:12:55',4,5,2,1,1,2),
	(6,'people','2018-07-26 13:34:54','2018-07-26 13:34:54','2018-07-26 13:34:54',1,2,4,0,1,NULL),
	(7,'course_detail','2018-07-27 09:48:46','2018-07-27 09:48:46','2018-07-27 09:48:46',1,2,5,0,1,NULL),
	(8,'medium-icons','2018-08-14 16:51:45','2018-08-14 16:51:45','2018-08-14 16:51:45',6,7,2,1,1,2);

/*!40000 ALTER TABLE `filer_folder` ENABLE KEYS */;
UNLOCK TABLES;


# Dump of table filer_folderpermission
# ------------------------------------------------------------

DROP TABLE IF EXISTS `filer_folderpermission`;

CREATE TABLE `filer_folderpermission` (
  `id` int(11) NOT NULL AUTO_INCREMENT,
  `type` smallint(6) NOT NULL,
  `everybody` tinyint(1) NOT NULL,
  `can_edit` smallint(6) DEFAULT NULL,
  `can_read` smallint(6) DEFAULT NULL,
  `can_add_children` smallint(6) DEFAULT NULL,
  `folder_id` int(11) DEFAULT NULL,
  `group_id` int(11) DEFAULT NULL,
  `user_id` int(11) DEFAULT NULL,
  PRIMARY KEY (`id`),
  KEY `filer_folderpermis_folder_id_442a5347ee209a98_fk_filer_folder_id` (`folder_id`),
  KEY `filer_folderpermissio_group_id_7c2389ac07ebbde2_fk_auth_group_id` (`group_id`),
  KEY `filer_folderpermission_user_id_7c6e1a7187a0f15b_fk_auth_user_id` (`user_id`),
  CONSTRAINT `filer_folderpermission_user_id_7c6e1a7187a0f15b_fk_auth_user_id` FOREIGN KEY (`user_id`) REFERENCES `auth_user` (`id`),
  CONSTRAINT `filer_folderpermissio_group_id_7c2389ac07ebbde2_fk_auth_group_id` FOREIGN KEY (`group_id`) REFERENCES `auth_group` (`id`),
  CONSTRAINT `filer_folderpermis_folder_id_442a5347ee209a98_fk_filer_folder_id` FOREIGN KEY (`folder_id`) REFERENCES `filer_folder` (`id`)
) ENGINE=InnoDB DEFAULT CHARSET=utf8;



# Dump of table filer_image
# ------------------------------------------------------------

DROP TABLE IF EXISTS `filer_image`;

CREATE TABLE `filer_image` (
  `file_ptr_id` int(11) NOT NULL,
  `_height` int(11) DEFAULT NULL,
  `_width` int(11) DEFAULT NULL,
  `date_taken` datetime DEFAULT NULL,
  `default_alt_text` varchar(255) DEFAULT NULL,
  `default_caption` varchar(255) DEFAULT NULL,
  `author` varchar(255) DEFAULT NULL,
  `must_always_publish_author_credit` tinyint(1) NOT NULL,
  `must_always_publish_copyright` tinyint(1) NOT NULL,
  `subject_location` varchar(64) NOT NULL,
  PRIMARY KEY (`file_ptr_id`),
  CONSTRAINT `filer_image_file_ptr_id_1dde9ad32bce39a6_fk_filer_file_id` FOREIGN KEY (`file_ptr_id`) REFERENCES `filer_file` (`id`)
) ENGINE=InnoDB DEFAULT CHARSET=utf8;

LOCK TABLES `filer_image` WRITE;
/*!40000 ALTER TABLE `filer_image` DISABLE KEYS */;

INSERT INTO `filer_image` (`file_ptr_id`, `_height`, `_width`, `date_taken`, `default_alt_text`, `default_caption`, `author`, `must_always_publish_author_credit`, `must_always_publish_copyright`, `subject_location`)
VALUES
	(5,100,100,'2018-07-19 11:11:53',NULL,NULL,NULL,0,0,''),
	(6,1792,1792,'2018-07-19 11:11:53',NULL,NULL,NULL,0,0,''),
	(7,6761,5072,'2018-07-19 11:11:55',NULL,NULL,NULL,0,0,''),
	(8,234,1049,'2018-07-19 11:17:56',NULL,NULL,NULL,0,0,''),
	(9,873,1744,'2018-07-19 11:17:56',NULL,NULL,NULL,0,0,''),
	(10,446,470,'2018-07-19 11:17:56',NULL,NULL,NULL,0,0,''),
	(12,27,46,'2018-07-19 11:17:58',NULL,NULL,NULL,0,0,''),
	(13,171,1199,'2018-07-19 11:17:58',NULL,NULL,NULL,0,0,''),
	(14,67,91,'2018-07-19 11:17:59',NULL,NULL,NULL,0,0,''),
	(16,270,270,'2018-07-19 11:17:59',NULL,NULL,NULL,0,0,''),
	(17,627,1109,'2018-07-19 11:17:59',NULL,NULL,NULL,0,0,''),
	(22,90,70,'2018-07-19 11:18:00',NULL,NULL,NULL,0,0,''),
	(23,120,147,'2018-07-19 11:18:00',NULL,NULL,NULL,0,0,''),
	(24,139,139,'2018-07-19 11:18:00',NULL,NULL,NULL,0,0,''),
	(25,41,53,'2018-07-19 11:18:01',NULL,NULL,NULL,0,0,''),
	(26,67,75,'2018-07-19 11:18:01',NULL,NULL,NULL,0,0,''),
	(27,124,144,'2018-07-19 11:18:02',NULL,NULL,NULL,0,0,''),
	(28,154,153,'2018-07-19 11:18:02',NULL,NULL,NULL,0,0,''),
	(29,1751,1920,'2018-07-19 11:18:02',NULL,NULL,NULL,0,0,''),
	(33,116,116,'2018-07-19 11:18:03',NULL,NULL,NULL,0,0,''),
	(34,294,280,'2018-07-19 11:18:03',NULL,NULL,NULL,0,0,''),
	(35,133,142,'2018-07-19 11:18:04',NULL,NULL,NULL,0,0,''),
	(36,251,568,'2018-07-19 11:18:04',NULL,NULL,NULL,0,0,''),
	(37,269,427,'2018-07-19 11:18:05',NULL,NULL,NULL,0,0,''),
	(38,251,568,'2018-07-19 11:18:05',NULL,NULL,NULL,0,0,''),
	(40,82,85,'2018-07-19 11:18:06',NULL,NULL,NULL,0,0,''),
	(41,72,91,'2018-07-19 11:18:06',NULL,NULL,NULL,0,0,''),
	(42,1106,1920,'2018-07-19 11:18:06',NULL,NULL,NULL,0,0,''),
	(43,577,1865,'2018-07-19 11:18:07',NULL,NULL,NULL,0,0,''),
	(44,86,54,'2018-07-19 11:18:07',NULL,NULL,NULL,0,0,''),
	(47,56,56,'2018-07-19 11:18:09',NULL,NULL,NULL,0,0,''),
	(48,297,600,'2018-07-19 11:18:09',NULL,NULL,NULL,0,0,''),
	(50,210,210,'2018-07-19 11:18:09',NULL,NULL,NULL,0,0,''),
	(52,1386,1920,'2018-07-19 11:18:10',NULL,NULL,NULL,0,0,''),
	(57,70,90,'2018-07-19 11:18:10',NULL,NULL,NULL,0,0,''),
	(58,144,146,'2018-07-19 11:18:10',NULL,NULL,NULL,0,0,''),
	(59,150,149,'2018-07-19 11:18:11',NULL,NULL,NULL,0,0,''),
	(60,494,1689,'2018-07-19 11:18:11',NULL,NULL,NULL,0,0,''),
	(61,867,1041,'2018-07-19 11:18:12',NULL,NULL,NULL,0,0,''),
	(62,901,1920,'2018-07-19 11:18:13',NULL,NULL,NULL,0,0,''),
	(63,500,500,'2018-07-19 11:26:35',NULL,NULL,NULL,0,0,''),
	(64,1343,900,'2018-07-19 11:26:35',NULL,NULL,NULL,0,0,''),
	(65,182,276,'2018-07-19 11:28:13',NULL,NULL,NULL,0,0,''),
	(66,138,1181,'2018-07-19 11:28:13',NULL,NULL,NULL,0,0,''),
	(67,827,3332,'2018-07-19 11:28:13',NULL,NULL,NULL,0,0,''),
	(68,220,563,'2018-07-19 11:28:14',NULL,NULL,NULL,0,0,''),
	(69,94,113,'2018-07-19 11:28:14',NULL,NULL,NULL,0,0,''),
	(70,104,482,'2018-07-19 11:28:15',NULL,NULL,NULL,0,0,''),
	(71,49,52,'2018-07-19 11:28:15',NULL,NULL,NULL,0,0,''),
	(72,110,699,'2018-07-19 11:28:15',NULL,NULL,NULL,0,0,''),
	(73,55,157,'2018-07-19 11:28:16',NULL,NULL,NULL,0,0,''),
	(74,144,500,'2018-07-19 11:28:16',NULL,NULL,NULL,0,0,''),
	(75,57,49,'2018-07-19 15:13:10',NULL,NULL,NULL,0,0,''),
	(76,50,50,'2018-07-19 15:13:11',NULL,NULL,NULL,0,0,''),
	(77,15,19,'2018-07-19 15:13:11',NULL,NULL,NULL,0,0,''),
	(78,50,50,'2018-07-19 15:13:12',NULL,NULL,NULL,0,0,''),
	(79,58,58,'2018-07-19 15:13:12',NULL,NULL,NULL,0,0,''),
	(80,54,56,'2018-07-19 15:13:12',NULL,NULL,NULL,0,0,''),
	(81,47,61,'2018-07-19 15:13:12',NULL,NULL,NULL,0,0,''),
	(82,44,40,'2018-07-19 15:13:12',NULL,NULL,NULL,0,0,''),
	(83,59,59,'2018-07-19 15:13:13',NULL,NULL,NULL,0,0,''),
	(84,18,18,'2018-07-19 15:13:13',NULL,NULL,NULL,0,0,''),
	(85,52,58,'2018-07-19 15:13:13',NULL,NULL,NULL,0,0,''),
	(86,24,24,'2018-07-19 15:13:15',NULL,NULL,NULL,0,0,''),
	(87,100,150,'2018-07-19 15:13:15','','','',0,0,'32,28'),
	(88,38,57,'2018-07-19 15:13:15',NULL,NULL,NULL,0,0,''),
	(89,17,17,'2018-07-19 15:13:16',NULL,NULL,NULL,0,0,''),
	(90,37,50,'2018-07-19 15:13:16',NULL,NULL,NULL,0,0,''),
	(91,17,17,'2018-07-19 15:13:16',NULL,NULL,NULL,0,0,''),
	(92,50,50,'2018-07-19 15:13:17',NULL,NULL,NULL,0,0,''),
	(93,37,48,'2018-07-19 15:13:17',NULL,NULL,NULL,0,0,''),
	(94,21,16,'2018-07-19 15:13:17',NULL,NULL,NULL,0,0,''),
	(95,19,15,'2018-07-19 15:13:19',NULL,NULL,NULL,0,0,''),
	(96,28,34,'2018-07-19 15:13:19',NULL,NULL,NULL,0,0,''),
	(97,51,51,'2018-07-19 15:13:19',NULL,NULL,NULL,0,0,''),
	(98,50,50,'2018-07-19 15:13:19',NULL,NULL,NULL,0,0,''),
	(99,19,19,'2018-07-19 15:13:19',NULL,NULL,NULL,0,0,''),
	(100,29,29,'2018-07-19 15:13:20',NULL,NULL,NULL,0,0,''),
	(101,37,37,'2018-07-19 15:13:20',NULL,NULL,NULL,0,0,''),
	(102,18,18,'2018-07-19 15:13:20',NULL,NULL,NULL,0,0,''),
	(103,21,21,'2018-07-19 15:13:20',NULL,NULL,NULL,0,0,''),
	(104,62,62,'2018-07-19 15:13:21',NULL,NULL,NULL,0,0,''),
	(105,21,17,'2018-07-19 15:13:21',NULL,NULL,NULL,0,0,''),
	(106,17,17,'2018-07-19 15:13:21',NULL,NULL,NULL,0,0,''),
	(107,33,33,'2018-07-19 15:13:22',NULL,NULL,NULL,0,0,''),
	(108,251,568,'2018-07-23 14:51:18',NULL,NULL,NULL,0,0,''),
	(110,251,568,'2018-07-23 14:51:18',NULL,NULL,NULL,0,0,''),
	(111,297,600,'2018-07-23 14:51:19',NULL,NULL,NULL,0,0,''),
	(112,100,100,'2018-07-23 14:55:09',NULL,NULL,NULL,0,0,''),
	(113,1241,1754,'2018-07-23 14:55:11',NULL,NULL,NULL,0,0,''),
	(114,1792,1792,'2018-07-23 14:55:18',NULL,NULL,NULL,0,0,''),
	(115,6761,5072,'2018-07-23 14:55:49',NULL,NULL,NULL,0,0,''),
	(116,170,354,'2018-07-26 13:35:19',NULL,NULL,NULL,0,0,''),
	(117,170,354,'2018-07-26 13:35:20',NULL,NULL,NULL,0,0,''),
	(118,170,354,'2018-07-26 13:35:20',NULL,NULL,NULL,0,0,''),
	(119,170,354,'2018-07-26 13:35:21',NULL,NULL,NULL,0,0,''),
	(120,170,354,'2018-07-26 13:35:21',NULL,NULL,NULL,0,0,''),
	(121,170,354,'2018-07-26 13:35:22',NULL,NULL,NULL,0,0,''),
	(122,120,120,'2018-07-27 09:48:57',NULL,NULL,NULL,0,0,''),
	(123,126,84,'2018-07-27 09:48:57',NULL,NULL,NULL,0,0,''),
	(124,122,122,'2018-07-27 09:48:57',NULL,NULL,NULL,0,0,''),
	(125,270,270,'2018-07-27 11:25:36',NULL,NULL,NULL,0,0,''),
	(126,270,270,'2018-07-27 11:25:36',NULL,NULL,NULL,0,0,''),
	(127,270,270,'2018-07-27 11:25:36',NULL,NULL,NULL,0,0,''),
	(128,270,270,'2018-07-27 11:25:41',NULL,NULL,NULL,0,0,''),
	(129,270,270,'2018-07-27 11:25:41',NULL,NULL,NULL,0,0,''),
	(130,270,270,'2018-07-27 11:25:42',NULL,NULL,NULL,0,0,''),
	(131,270,270,'2018-07-27 11:25:42',NULL,NULL,NULL,0,0,''),
	(132,270,270,'2018-07-27 11:25:43',NULL,NULL,NULL,0,0,''),
	(133,270,270,'2018-07-27 11:25:43',NULL,NULL,NULL,0,0,''),
	(135,270,270,'2018-07-27 11:25:44',NULL,NULL,NULL,0,0,''),
	(136,270,270,'2018-07-27 11:25:44',NULL,NULL,NULL,0,0,''),
	(137,270,270,'2018-07-27 11:25:45',NULL,NULL,NULL,0,0,''),
	(138,270,270,'2018-07-27 11:25:45',NULL,NULL,NULL,0,0,''),
	(139,270,270,'2018-07-27 11:25:46',NULL,NULL,NULL,0,0,''),
	(140,270,270,'2018-07-27 11:25:46',NULL,NULL,NULL,0,0,''),
	(141,270,270,'2018-07-27 11:25:46',NULL,NULL,NULL,0,0,''),
	(142,270,270,'2018-07-27 11:25:47',NULL,NULL,NULL,0,0,''),
	(143,270,270,'2018-07-27 11:25:47',NULL,NULL,NULL,0,0,''),
	(144,270,270,'2018-07-27 13:04:16',NULL,NULL,NULL,0,0,''),
	(145,270,270,'2018-07-27 13:28:48',NULL,NULL,NULL,0,0,''),
	(146,270,270,'2018-07-27 13:36:51',NULL,NULL,NULL,0,0,''),
	(148,270,270,'2018-07-27 13:38:34',NULL,NULL,NULL,0,0,''),
	(149,270,270,'2018-07-27 14:06:05',NULL,NULL,NULL,0,0,''),
	(150,270,270,'2018-07-30 07:55:54',NULL,NULL,NULL,0,0,''),
	(151,270,270,'2018-07-30 07:56:56',NULL,NULL,NULL,0,0,''),
	(152,270,270,'2018-07-30 07:57:51',NULL,NULL,NULL,0,0,''),
	(153,270,270,'2018-07-30 07:59:07',NULL,NULL,NULL,0,0,''),
	(154,270,270,'2018-07-30 07:59:55',NULL,NULL,NULL,0,0,''),
	(155,270,270,'2018-07-30 08:01:25',NULL,NULL,NULL,0,0,''),
	(156,270,270,'2018-07-30 08:02:40',NULL,NULL,NULL,0,0,''),
	(157,270,270,'2018-07-30 08:03:21',NULL,NULL,NULL,0,0,''),
	(158,270,270,'2018-07-30 08:04:12',NULL,NULL,NULL,0,0,''),
	(159,270,270,'2018-07-30 08:04:30',NULL,NULL,NULL,0,0,''),
	(160,270,270,'2018-07-30 08:05:49',NULL,NULL,NULL,0,0,''),
	(161,270,270,'2018-07-30 08:06:25',NULL,NULL,NULL,0,0,''),
	(162,270,270,'2018-07-30 08:07:09',NULL,NULL,NULL,0,0,''),
	(163,270,270,'2018-07-30 08:07:54',NULL,NULL,NULL,0,0,''),
	(164,270,270,'2018-07-30 08:08:41',NULL,NULL,NULL,0,0,''),
	(165,270,270,'2018-07-30 08:10:31',NULL,NULL,NULL,0,0,''),
	(166,270,270,'2018-07-30 08:11:55',NULL,NULL,NULL,0,0,''),
	(167,270,270,'2018-07-31 08:48:19',NULL,NULL,NULL,0,0,''),
	(168,270,270,'2018-07-31 08:48:29',NULL,NULL,NULL,0,0,''),
	(169,200,180,'2018-07-31 08:48:46',NULL,NULL,NULL,0,0,''),
	(170,200,180,'2018-07-31 08:48:49',NULL,NULL,NULL,0,0,''),
	(171,201,201,'2018-07-31 10:31:04',NULL,NULL,NULL,0,0,''),
	(172,201,201,'2018-07-31 10:31:04',NULL,NULL,NULL,0,0,''),
	(173,239,239,'2018-07-31 10:31:04',NULL,NULL,NULL,0,0,''),
	(174,201,201,'2018-07-31 10:31:05',NULL,NULL,NULL,0,0,''),
	(175,300,300,'2018-07-31 10:36:11',NULL,NULL,NULL,0,0,''),
	(176,50,50,'2018-08-01 11:07:33',NULL,NULL,NULL,0,0,''),
	(177,50,50,'2018-08-01 11:08:19',NULL,NULL,NULL,0,0,''),
	(178,230,230,'2018-08-01 11:16:11',NULL,NULL,NULL,0,0,''),
	(179,230,230,'2018-08-01 11:16:11',NULL,NULL,NULL,0,0,''),
	(180,230,230,'2018-08-01 11:16:11',NULL,NULL,NULL,0,0,''),
	(181,230,230,'2018-08-01 11:16:12',NULL,NULL,NULL,0,0,''),
	(183,1310,2623,'2018-08-02 08:45:39',NULL,NULL,NULL,0,0,''),
	(184,1241,1754,'2018-08-02 08:47:59',NULL,NULL,NULL,0,0,''),
	(185,1181,1181,'2018-08-02 09:03:28',NULL,NULL,NULL,0,0,''),
	(187,1181,1181,'2018-08-02 09:06:31',NULL,NULL,NULL,0,0,''),
	(188,476,750,'2018-08-08 18:12:17',NULL,NULL,NULL,0,0,''),
	(189,270,270,'2018-08-09 12:48:41',NULL,NULL,NULL,0,0,''),
	(190,50,50,'2018-08-14 16:45:24',NULL,NULL,NULL,0,0,''),
	(191,51,51,'2018-08-14 16:45:44',NULL,NULL,NULL,0,0,''),
	(192,300,300,'2018-08-14 16:51:55',NULL,NULL,NULL,0,0,''),
	(193,231,300,'2018-08-14 16:51:55',NULL,NULL,NULL,0,0,''),
	(195,300,300,'2018-08-14 16:51:55',NULL,NULL,NULL,0,0,''),
	(196,222,300,'2018-08-14 16:51:56',NULL,NULL,NULL,0,0,''),
	(197,300,300,'2018-08-14 16:52:35',NULL,NULL,NULL,0,0,''),
	(199,38,180,'2018-09-12 07:30:22',NULL,NULL,NULL,0,0,''),
	(200,270,270,'2018-09-12 08:36:14',NULL,NULL,NULL,0,0,''),
	(202,476,750,'2018-09-17 11:37:04',NULL,NULL,NULL,0,0,''),
	(203,1241,1754,'2018-09-17 11:37:35',NULL,NULL,NULL,0,0,''),
	(204,476,750,'2018-09-17 11:39:14',NULL,NULL,NULL,0,0,''),
	(205,1241,1754,'2018-09-17 11:39:36',NULL,NULL,NULL,0,0,''),
	(206,270,270,'2018-12-27 10:48:01',NULL,NULL,NULL,0,0,''),
	(207,270,270,'2018-12-27 10:50:50',NULL,NULL,NULL,0,0,''),
	(208,270,270,'2018-12-27 10:51:53',NULL,NULL,NULL,0,0,''),
	(209,270,270,'2019-01-07 15:33:19',NULL,NULL,NULL,0,0,''),
	(210,270,270,'2019-01-07 15:40:26',NULL,NULL,NULL,0,0,''),
	(211,270,270,'2019-02-08 15:55:28',NULL,NULL,NULL,0,0,''),
	(212,270,270,'2019-05-06 17:15:08',NULL,NULL,NULL,0,0,''),
	(213,124,144,'2019-06-26 13:49:11',NULL,NULL,NULL,0,0,'');

/*!40000 ALTER TABLE `filer_image` ENABLE KEYS */;
UNLOCK TABLES;


# Dump of table filer_thumbnailoption
# ------------------------------------------------------------

DROP TABLE IF EXISTS `filer_thumbnailoption`;

CREATE TABLE `filer_thumbnailoption` (
  `id` int(11) NOT NULL AUTO_INCREMENT,
  `name` varchar(100) NOT NULL,
  `width` int(11) NOT NULL,
  `height` int(11) NOT NULL,
  `crop` tinyint(1) NOT NULL,
  `upscale` tinyint(1) NOT NULL,
  PRIMARY KEY (`id`)
) ENGINE=InnoDB DEFAULT CHARSET=utf8;



# Dump of table menus_cachekey
# ------------------------------------------------------------

DROP TABLE IF EXISTS `menus_cachekey`;

CREATE TABLE `menus_cachekey` (
  `id` int(11) NOT NULL AUTO_INCREMENT,
  `language` varchar(255) NOT NULL,
  `site` int(10) unsigned NOT NULL,
  `key` varchar(255) NOT NULL,
  PRIMARY KEY (`id`)
) ENGINE=InnoDB DEFAULT CHARSET=utf8;

LOCK TABLES `menus_cachekey` WRITE;
/*!40000 ALTER TABLE `menus_cachekey` DISABLE KEYS */;

INSERT INTO `menus_cachekey` (`id`, `language`, `site`, `key`)
VALUES
	(988,'cs',1,'cms_3.5.2_menu_nodes_cs_1_91_user:public'),
	(989,'cs',1,'cms_3.5.2_menu_nodes_cs_1:public'),
	(990,'ru',1,'cms_3.5.2_menu_nodes_ru_1:public'),
	(991,'en',1,'cms_3.5.2_menu_nodes_en_1:public'),
	(992,'cs',1,'cms_3.5.2_menu_nodes_cs_1_90_user:draft');

/*!40000 ALTER TABLE `menus_cachekey` ENABLE KEYS */;
UNLOCK TABLES;



/*!40111 SET SQL_NOTES=@OLD_SQL_NOTES */;
/*!40101 SET SQL_MODE=@OLD_SQL_MODE */;
/*!40014 SET FOREIGN_KEY_CHECKS=@OLD_FOREIGN_KEY_CHECKS */;
/*!40101 SET CHARACTER_SET_CLIENT=@OLD_CHARACTER_SET_CLIENT */;
/*!40101 SET CHARACTER_SET_RESULTS=@OLD_CHARACTER_SET_RESULTS */;
/*!40101 SET COLLATION_CONNECTION=@OLD_COLLATION_CONNECTION */;
